Date,Stock Index,Open Price,Close Price,Daily High,Daily Low,Trading Volume,GDP Growth (%),Inflation Rate (%),Unemployment Rate (%),Interest Rate (%),Consumer Confidence Index,Government Debt (Billion USD),Corporate Profits (Billion USD),Forex USD/EUR,Forex USD/JPY,Crude Oil Price (USD per Barrel),Gold Price (USD per Ounce),Real Estate Index,Retail Sales (Billion USD),Bankruptcy Rate (%),Mergers & Acquisitions Deals,Venture Capital Funding (Billion USD),Consumer Spending (Billion USD)
2000-01-01,Dow Jones,2128.75,2138.48,2143.7,2100.55,2670411,-0.37,6.06,6.1,6.06,114,27271,1645,1.04,119.87,47.2,1052.34,390.23,2229,2.12,3,76.64,4589
2000-01-02,Dow Jones,2128.75,2138.48,2143.7,2100.55,2670411,-0.37,6.06,6.1,6.06,114,27271,1645,1.04,119.87,47.2,1052.34,390.23,2229,2.12,3,76.64,4589
2000-01-03,Dow Jones,1987.92,1985.26,2022.28,1978.37,315284661,5.54,9.13,2.6,0.82,92,29962,4562,0.83,80.13,78.8,2339.49,439.46,340,0.79,48,39.43,13665
2000-01-04,Dow Jones,4625.02,4660.47,4665.26,4595.46,13098297,10.0,3.77,2.2,3.71,112,12745,4183,0.95,149.15,28.18,1308.54,213.07,8456,4.22,16,12.83,5192
2000-01-05,Dow Jones,4625.02,4660.47,4665.26,4595.46,13098297,10.0,3.77,2.2,3.71,112,12745,4183,0.95,149.15,28.18,1308.54,213.07,8456,4.22,16,12.83,5192
2000-01-06,Dow Jones,4625.02,4660.47,4665.26,4595.46,13098297,10.0,3.77,2.2,3.71,112,12745,4183,0.95,149.15,28.18,1308.54,213.07,8456,4.22,16,12.83,5192
2000-01-07,Dow Jones,4037.59,3996.4,4055.78,3948.97,653722138,7.64,6.24,4.52,8.24,91,17830,3318,0.92,138.8,29.3,1309.15,319.6,4874,9.55,31,32.63,1303
2000-01-08,Dow Jones,4037.59,3996.4,4055.78,3948.97,653722138,7.64,6.24,4.52,8.24,91,17830,3318,0.92,138.8,29.3,1309.15,319.6,4874,9.55,31,32.63,1303
2000-01-09,Dow Jones,4106.84,4141.59,4154.46,4062.99,867172199,5.97,4.87,9.42,9.18,92,27069,1113,1.02,112.13,104.95,2358.55,479.46,5193,5.18,30,75.26,13164
2000-01-10,Dow Jones,1261.46,1229.64,1296.14,1195.84,174582201,1.95,9.6,10.24,1.97,98,3940,3306,0.9,142.71,123.15,1361.82,167.59,6147,7.43,24,0.22,13774
2000-01-11,Dow Jones,2950.28,2943.3100000000004,2952.27,2925.4600000000005,320527008,-0.14,7.33,4.44,1.04,54,2045,1972,1.24,105.71,142.1,823.35,114.51,2861,6.11,9,48.58,7649
2000-01-12,Dow Jones,1134.45,1101.0,1176.42,1075.37,715127821,4.13,1.11,12.77,5.08,50,13344,305,1.19,108.59,96.15,1607.36,171.66,705,1.78,48,83.43,7071
2000-01-13,Dow Jones,1134.45,1101.0,1176.42,1075.37,715127821,4.13,1.11,12.77,5.08,50,13344,305,1.19,108.59,96.15,1607.36,171.66,705,1.78,48,83.43,7071
2000-01-14,Dow Jones,4625.75,4629.28,4661.11,4577.74,595281205,8.26,9.76,8.8,9.41,73,529,165,1.4,111.37,45.89,2332.89,415.58,506,6.81,26,55.04,225
2000-01-15,Dow Jones,4625.75,4629.28,4661.11,4577.74,595281205,8.26,9.76,8.8,9.41,73,529,165,1.4,111.37,45.89,2332.89,415.58,506,6.81,26,55.04,225
2000-01-16,Dow Jones,4625.75,4629.28,4661.11,4577.74,595281205,8.26,9.76,8.8,9.41,73,529,165,1.4,111.37,45.89,2332.89,415.58,506,6.81,26,55.04,225
2000-01-17,Dow Jones,4625.75,4629.28,4661.11,4577.74,595281205,8.26,9.76,8.8,9.41,73,529,165,1.4,111.37,45.89,2332.89,415.58,506,6.81,26,55.04,225
2000-01-18,Dow Jones,4625.75,4629.28,4661.11,4577.74,595281205,8.26,9.76,8.8,9.41,73,529,165,1.4,111.37,45.89,2332.89,415.58,506,6.81,26,55.04,225
2000-01-19,Dow Jones,4625.75,4629.28,4661.11,4577.74,595281205,8.26,9.76,8.8,9.41,73,529,165,1.4,111.37,45.89,2332.89,415.58,506,6.81,26,55.04,225
2000-01-20,Dow Jones,4625.75,4629.28,4661.11,4577.74,595281205,8.26,9.76,8.8,9.41,73,529,165,1.4,111.37,45.89,2332.89,415.58,506,6.81,26,55.04,225
2000-01-21,Dow Jones,4625.75,4629.28,4661.11,4577.74,595281205,8.26,9.76,8.8,9.41,73,529,165,1.4,111.37,45.89,2332.89,415.58,506,6.81,26,55.04,225
2000-01-22,Dow Jones,4625.75,4629.28,4661.11,4577.74,595281205,8.26,9.76,8.8,9.41,73,529,165,1.4,111.37,45.89,2332.89,415.58,506,6.81,26,55.04,225
2000-01-23,Dow Jones,4625.75,4629.28,4661.11,4577.74,595281205,8.26,9.76,8.8,9.41,73,529,165,1.4,111.37,45.89,2332.89,415.58,506,6.81,26,55.04,225
2000-01-24,Dow Jones,4625.75,4629.28,4661.11,4577.74,595281205,8.26,9.76,8.8,9.41,73,529,165,1.4,111.37,45.89,2332.89,415.58,506,6.81,26,55.04,225
2000-01-25,Dow Jones,4625.75,4629.28,4661.11,4577.74,595281205,8.26,9.76,8.8,9.41,73,529,165,1.4,111.37,45.89,2332.89,415.58,506,6.81,26,55.04,225
2000-01-26,Dow Jones,4625.75,4629.28,4661.11,4577.74,595281205,8.26,9.76,8.8,9.41,73,529,165,1.4,111.37,45.89,2332.89,415.58,506,6.81,26,55.04,225
2000-01-27,Dow Jones,4625.75,4629.28,4661.11,4577.74,595281205,8.26,9.76,8.8,9.41,73,529,165,1.4,111.37,45.89,2332.89,415.58,506,6.81,26,55.04,225
2000-01-28,Dow Jones,3923.28,3899.17,3964.59,3891.7,374017896,8.46,4.88,5.08,3.12,100,29309,2827,1.01,138.06,120.59,984.48,352.21,2889,6.36,7,14.28,4485
2000-01-29,Dow Jones,4925.19,4880.469999999999,4936.57,4857.009999999999,67457001,-0.67,3.81,8.46,6.15,99,25025,2658,0.92,112.65,27.2,2314.38,284.35,300,7.73,4,8.77,11190
2000-01-30,Dow Jones,2026.12,2048.73,2074.95,1984.56,447750702,-1.26,8.31,4.85,3.93,56,14148,3489,1.16,98.43,75.93,2176.25,341.55,7925,8.69,19,79.9,3724
2000-01-31,Dow Jones,2026.12,2048.73,2074.95,1984.56,447750702,-1.26,8.31,4.85,3.93,56,14148,3489,1.16,98.43,75.93,2176.25,341.55,7925,8.69,19,79.9,3724
2000-02-01,Dow Jones,1792.39,1772.67,1810.06,1759.02,317635926,7.14,2.46,13.01,7.31,102,19145,2354,0.96,124.81,92.54,1686.71,252.28,9074,6.44,24,62.15,1710
2000-02-02,Dow Jones,1792.39,1772.67,1810.06,1759.02,317635926,7.14,2.46,13.01,7.31,102,19145,2354,0.96,124.81,92.54,1686.71,252.28,9074,6.44,24,62.15,1710
2000-02-03,Dow Jones,1792.39,1772.67,1810.06,1759.02,317635926,7.14,2.46,13.01,7.31,102,19145,2354,0.96,124.81,92.54,1686.71,252.28,9074,6.44,24,62.15,1710
2000-02-04,Dow Jones,4888.02,4898.080000000001,4903.540000000001,4851.6,83911814,-2.85,6.92,11.37,1.57,104,11683,3916,1.43,133.95,118.52,1034.84,375.02,5021,5.21,22,17.11,8509
2000-02-05,Dow Jones,4888.02,4898.080000000001,4903.540000000001,4851.6,83911814,-2.85,6.92,11.37,1.57,104,11683,3916,1.43,133.95,118.52,1034.84,375.02,5021,5.21,22,17.11,8509
2000-02-06,Dow Jones,2398.03,2386.0,2402.98,2338.74,926087447,-1.44,2.61,10.72,2.19,114,11269,4982,1.48,113.06,97.41,939.75,289.69,5752,6.01,9,42.39,13292
2000-02-07,Dow Jones,1456.38,1468.1,1481.67,1425.95,828085337,6.61,9.57,10.41,2.14,108,11431,1807,0.97,126.85,142.28,1399.36,330.87,9230,7.59,9,87.43,2963
2000-02-08,Dow Jones,1456.38,1468.1,1481.67,1425.95,828085337,6.61,9.57,10.41,2.14,108,11431,1807,0.97,126.85,142.28,1399.36,330.87,9230,7.59,9,87.43,2963
2000-02-09,Dow Jones,1901.27,1924.03,1941.35,1855.06,820512481,5.94,7.87,11.86,5.85,98,6387,3915,1.05,116.41,76.52,2092.49,403.43,3717,9.7,8,59.1,4132
2000-02-10,Dow Jones,1901.27,1924.03,1941.35,1855.06,820512481,5.94,7.87,11.86,5.85,98,6387,3915,1.05,116.41,76.52,2092.49,403.43,3717,9.7,8,59.1,4132
2000-02-11,Dow Jones,4402.46,4428.68,4477.67,4373.74,322996389,0.93,8.39,8.36,9.91,52,26395,614,0.92,102.76,47.72,996.15,159.94,9055,9.85,2,89.79,3953
2000-02-12,Dow Jones,3244.89,3254.06,3267.47,3210.11,112336516,9.75,7.59,2.13,4.51,67,3321,3139,1.33,116.85,81.83,968.31,265.33,2994,7.43,32,62.46,10659
2000-02-13,Dow Jones,3244.89,3254.06,3267.47,3210.11,112336516,9.75,7.59,2.13,4.51,67,3321,3139,1.33,116.85,81.83,968.31,265.33,2994,7.43,32,62.46,10659
2000-02-14,Dow Jones,3244.89,3254.06,3267.47,3210.11,112336516,9.75,7.59,2.13,4.51,67,3321,3139,1.33,116.85,81.83,968.31,265.33,2994,7.43,32,62.46,10659
2000-02-15,Dow Jones,4440.56,4452.900000000001,4475.450000000001,4422.14,396413202,-0.48,1.92,4.07,6.05,67,16525,424,1.23,117.54,136.08,1188.08,264.56,7390,7.36,34,77.01,12442
2000-02-16,Dow Jones,4440.56,4452.900000000001,4475.450000000001,4422.14,396413202,-0.48,1.92,4.07,6.05,67,16525,424,1.23,117.54,136.08,1188.08,264.56,7390,7.36,34,77.01,12442
2000-02-17,Dow Jones,4440.56,4452.900000000001,4475.450000000001,4422.14,396413202,-0.48,1.92,4.07,6.05,67,16525,424,1.23,117.54,136.08,1188.08,264.56,7390,7.36,34,77.01,12442
2000-02-18,Dow Jones,4440.56,4452.900000000001,4475.450000000001,4422.14,396413202,-0.48,1.92,4.07,6.05,67,16525,424,1.23,117.54,136.08,1188.08,264.56,7390,7.36,34,77.01,12442
2000-02-19,Dow Jones,4440.56,4452.900000000001,4475.450000000001,4422.14,396413202,-0.48,1.92,4.07,6.05,67,16525,424,1.23,117.54,136.08,1188.08,264.56,7390,7.36,34,77.01,12442
2000-02-20,Dow Jones,4440.56,4452.900000000001,4475.450000000001,4422.14,396413202,-0.48,1.92,4.07,6.05,67,16525,424,1.23,117.54,136.08,1188.08,264.56,7390,7.36,34,77.01,12442
2000-02-21,Dow Jones,4440.56,4452.900000000001,4475.450000000001,4422.14,396413202,-0.48,1.92,4.07,6.05,67,16525,424,1.23,117.54,136.08,1188.08,264.56,7390,7.36,34,77.01,12442
2000-02-22,Dow Jones,4440.56,4452.900000000001,4475.450000000001,4422.14,396413202,-0.48,1.92,4.07,6.05,67,16525,424,1.23,117.54,136.08,1188.08,264.56,7390,7.36,34,77.01,12442
2000-02-23,Dow Jones,4440.56,4452.900000000001,4475.450000000001,4422.14,396413202,-0.48,1.92,4.07,6.05,67,16525,424,1.23,117.54,136.08,1188.08,264.56,7390,7.36,34,77.01,12442
2000-02-24,Dow Jones,4440.56,4452.900000000001,4475.450000000001,4422.14,396413202,-0.48,1.92,4.07,6.05,67,16525,424,1.23,117.54,136.08,1188.08,264.56,7390,7.36,34,77.01,12442
2000-02-25,Dow Jones,4399.9,4393.52,4439.969999999999,4344.11,277488002,4.25,3.48,8.2,0.78,77,18428,4733,1.2,141.07,107.95,1581.68,461.37,9233,7.86,2,94.86,6117
2000-02-26,Dow Jones,3676.09,3691.92,3711.8,3658.77,454777371,5.28,9.91,9.86,4.68,81,5725,1849,1.26,121.29,127.88,1789.14,126.08,1042,3.21,47,24.71,9643
2000-02-27,Dow Jones,3676.09,3691.92,3711.8,3658.77,454777371,5.28,9.91,9.86,4.68,81,5725,1849,1.26,121.29,127.88,1789.14,126.08,1042,3.21,47,24.71,9643
2000-02-28,Dow Jones,2647.06,2624.74,2658.78,2577.88,726822338,7.29,8.52,9.2,6.27,90,15202,940,1.39,147.16,107.67,1842.32,283.14,3843,7.18,2,3.37,9226
2000-02-29,Dow Jones,3603.89,3609.71,3633.74,3595.54,279297464,8.67,2.16,6.57,3.12,103,13189,2365,0.99,106.82,44.87,1860.49,343.89,6383,0.11,24,19.35,13915
2000-03-01,Dow Jones,3603.89,3609.71,3633.74,3595.54,279297464,8.67,2.16,6.57,3.12,103,13189,2365,0.99,106.82,44.87,1860.49,343.89,6383,0.11,24,19.35,13915
2000-03-02,Dow Jones,3603.89,3609.71,3633.74,3595.54,279297464,8.67,2.16,6.57,3.12,103,13189,2365,0.99,106.82,44.87,1860.49,343.89,6383,0.11,24,19.35,13915
2000-03-03,Dow Jones,3603.89,3609.71,3633.74,3595.54,279297464,8.67,2.16,6.57,3.12,103,13189,2365,0.99,106.82,44.87,1860.49,343.89,6383,0.11,24,19.35,13915
2000-03-04,Dow Jones,3603.89,3609.71,3633.74,3595.54,279297464,8.67,2.16,6.57,3.12,103,13189,2365,0.99,106.82,44.87,1860.49,343.89,6383,0.11,24,19.35,13915
2000-03-05,Dow Jones,3603.89,3609.71,3633.74,3595.54,279297464,8.67,2.16,6.57,3.12,103,13189,2365,0.99,106.82,44.87,1860.49,343.89,6383,0.11,24,19.35,13915
2000-03-06,Dow Jones,3603.89,3609.71,3633.74,3595.54,279297464,8.67,2.16,6.57,3.12,103,13189,2365,0.99,106.82,44.87,1860.49,343.89,6383,0.11,24,19.35,13915
2000-03-07,Dow Jones,3603.89,3609.71,3633.74,3595.54,279297464,8.67,2.16,6.57,3.12,103,13189,2365,0.99,106.82,44.87,1860.49,343.89,6383,0.11,24,19.35,13915
2000-03-08,Dow Jones,3603.89,3609.71,3633.74,3595.54,279297464,8.67,2.16,6.57,3.12,103,13189,2365,0.99,106.82,44.87,1860.49,343.89,6383,0.11,24,19.35,13915
2000-03-09,Dow Jones,3603.89,3609.71,3633.74,3595.54,279297464,8.67,2.16,6.57,3.12,103,13189,2365,0.99,106.82,44.87,1860.49,343.89,6383,0.11,24,19.35,13915
2000-03-10,Dow Jones,3603.89,3609.71,3633.74,3595.54,279297464,8.67,2.16,6.57,3.12,103,13189,2365,0.99,106.82,44.87,1860.49,343.89,6383,0.11,24,19.35,13915
2000-03-11,Dow Jones,2320.86,2272.06,2349.3900000000003,2245.44,683933050,6.83,1.08,6.45,3.48,52,14080,4952,1.46,124.34,120.99,1219.02,426.05,5933,3.19,7,29.65,3009
2000-03-12,Dow Jones,2320.86,2272.06,2349.3900000000003,2245.44,683933050,6.83,1.08,6.45,3.48,52,14080,4952,1.46,124.34,120.99,1219.02,426.05,5933,3.19,7,29.65,3009
2000-03-13,Dow Jones,2320.86,2272.06,2349.3900000000003,2245.44,683933050,6.83,1.08,6.45,3.48,52,14080,4952,1.46,124.34,120.99,1219.02,426.05,5933,3.19,7,29.65,3009
2000-03-14,Dow Jones,2320.86,2272.06,2349.3900000000003,2245.44,683933050,6.83,1.08,6.45,3.48,52,14080,4952,1.46,124.34,120.99,1219.02,426.05,5933,3.19,7,29.65,3009
2000-03-15,Dow Jones,2320.86,2272.06,2349.3900000000003,2245.44,683933050,6.83,1.08,6.45,3.48,52,14080,4952,1.46,124.34,120.99,1219.02,426.05,5933,3.19,7,29.65,3009
2000-03-16,Dow Jones,2320.86,2272.06,2349.3900000000003,2245.44,683933050,6.83,1.08,6.45,3.48,52,14080,4952,1.46,124.34,120.99,1219.02,426.05,5933,3.19,7,29.65,3009
2000-03-17,Dow Jones,2320.86,2272.06,2349.3900000000003,2245.44,683933050,6.83,1.08,6.45,3.48,52,14080,4952,1.46,124.34,120.99,1219.02,426.05,5933,3.19,7,29.65,3009
2000-03-18,Dow Jones,1955.18,1966.6,1997.08,1934.77,783125993,2.96,6.85,5.7,3.19,50,24203,1220,0.95,120.87,139.07,1644.1,229.59,725,6.25,43,46.69,327
2000-03-19,Dow Jones,2804.96,2778.62,2834.2200000000003,2764.93,657295964,-3.75,5.16,6.93,1.54,53,4083,1671,1.31,95.42,89.68,872.41,105.06,785,7.72,2,62.56,10686
2000-03-20,Dow Jones,2804.96,2778.62,2834.2200000000003,2764.93,657295964,-3.75,5.16,6.93,1.54,53,4083,1671,1.31,95.42,89.68,872.41,105.06,785,7.72,2,62.56,10686
2000-03-21,Dow Jones,4088.05,4080.96,4112.35,4040.0,545832152,2.81,3.98,14.62,1.86,83,11831,828,1.03,134.11,112.04,2188.26,316.5,5309,7.5,32,23.37,907
2000-03-22,Dow Jones,4088.05,4080.96,4112.35,4040.0,545832152,2.81,3.98,14.62,1.86,83,11831,828,1.03,134.11,112.04,2188.26,316.5,5309,7.5,32,23.37,907
2000-03-23,Dow Jones,4088.05,4080.96,4112.35,4040.0,545832152,2.81,3.98,14.62,1.86,83,11831,828,1.03,134.11,112.04,2188.26,316.5,5309,7.5,32,23.37,907
2000-03-24,Dow Jones,4088.05,4080.96,4112.35,4040.0,545832152,2.81,3.98,14.62,1.86,83,11831,828,1.03,134.11,112.04,2188.26,316.5,5309,7.5,32,23.37,907
2000-03-25,Dow Jones,4088.05,4080.96,4112.35,4040.0,545832152,2.81,3.98,14.62,1.86,83,11831,828,1.03,134.11,112.04,2188.26,316.5,5309,7.5,32,23.37,907
2000-03-26,Dow Jones,4088.05,4080.96,4112.35,4040.0,545832152,2.81,3.98,14.62,1.86,83,11831,828,1.03,134.11,112.04,2188.26,316.5,5309,7.5,32,23.37,907
2000-03-27,Dow Jones,2991.25,2991.74,3024.78,2971.65,378329550,-3.21,8.47,14.77,9.99,112,25063,4956,1.13,131.18,59.93,2171.81,211.35,2811,2.45,40,44.32,823
2000-03-28,Dow Jones,2991.25,2991.74,3024.78,2971.65,378329550,-3.21,8.47,14.77,9.99,112,25063,4956,1.13,131.18,59.93,2171.81,211.35,2811,2.45,40,44.32,823
2000-03-29,Dow Jones,2991.25,2991.74,3024.78,2971.65,378329550,-3.21,8.47,14.77,9.99,112,25063,4956,1.13,131.18,59.93,2171.81,211.35,2811,2.45,40,44.32,823
2000-03-30,Dow Jones,2991.25,2991.74,3024.78,2971.65,378329550,-3.21,8.47,14.77,9.99,112,25063,4956,1.13,131.18,59.93,2171.81,211.35,2811,2.45,40,44.32,823
2000-03-31,Dow Jones,2991.25,2991.74,3024.78,2971.65,378329550,-3.21,8.47,14.77,9.99,112,25063,4956,1.13,131.18,59.93,2171.81,211.35,2811,2.45,40,44.32,823
2000-04-01,Dow Jones,2991.25,2991.74,3024.78,2971.65,378329550,-3.21,8.47,14.77,9.99,112,25063,4956,1.13,131.18,59.93,2171.81,211.35,2811,2.45,40,44.32,823
2000-04-02,Dow Jones,2991.25,2991.74,3024.78,2971.65,378329550,-3.21,8.47,14.77,9.99,112,25063,4956,1.13,131.18,59.93,2171.81,211.35,2811,2.45,40,44.32,823
2000-04-03,Dow Jones,1815.07,1848.49,1877.78,1813.07,741479396,3.84,9.67,8.05,6.5,75,4068,2646,0.93,85.59,103.31,1915.33,263.45,878,5.98,26,59.18,14246
2000-04-04,Dow Jones,1815.07,1848.49,1877.78,1813.07,741479396,3.84,9.67,8.05,6.5,75,4068,2646,0.93,85.59,103.31,1915.33,263.45,878,5.98,26,59.18,14246
2000-04-05,Dow Jones,1815.07,1848.49,1877.78,1813.07,741479396,3.84,9.67,8.05,6.5,75,4068,2646,0.93,85.59,103.31,1915.33,263.45,878,5.98,26,59.18,14246
2000-04-06,Dow Jones,1815.07,1848.49,1877.78,1813.07,741479396,3.84,9.67,8.05,6.5,75,4068,2646,0.93,85.59,103.31,1915.33,263.45,878,5.98,26,59.18,14246
2000-04-07,Dow Jones,3310.37,3344.77,3348.92,3275.36,66932792,-3.51,9.67,12.99,5.81,115,25090,2059,0.95,133.0,66.92,1293.28,304.81,9706,5.17,19,98.81,10034
2000-04-08,Dow Jones,3310.37,3344.77,3348.92,3275.36,66932792,-3.51,9.67,12.99,5.81,115,25090,2059,0.95,133.0,66.92,1293.28,304.81,9706,5.17,19,98.81,10034
2000-04-09,Dow Jones,3310.37,3344.77,3348.92,3275.36,66932792,-3.51,9.67,12.99,5.81,115,25090,2059,0.95,133.0,66.92,1293.28,304.81,9706,5.17,19,98.81,10034
2000-04-10,Dow Jones,2583.88,2537.87,2613.12,2488.4,742520684,8.23,7.13,4.69,0.67,74,20677,673,1.42,149.26,73.82,1009.7,233.52,4836,1.66,40,78.37,11841
2000-04-11,Dow Jones,4660.36,4655.27,4701.17,4641.639999999999,210065568,-4.7,5.35,5.72,4.14,94,29640,2943,1.5,90.5,125.43,2258.67,235.77,8100,3.73,31,31.52,13282
2000-04-12,Dow Jones,3132.12,3139.88,3189.29,3088.37,381928032,6.37,0.16,8.41,8.18,73,701,607,1.46,89.94,54.07,1616.22,306.03,6690,9.88,38,21.51,4261
2000-04-13,Dow Jones,3132.12,3139.88,3189.29,3088.37,381928032,6.37,0.16,8.41,8.18,73,701,607,1.46,89.94,54.07,1616.22,306.03,6690,9.88,38,21.51,4261
2000-04-14,Dow Jones,3783.6,3766.84,3785.97,3748.73,960919870,6.07,9.22,8.77,0.59,111,7885,4887,1.1,124.99,98.47,1891.69,354.09,4832,7.11,45,76.46,8569
2000-04-15,Dow Jones,4173.05,4154.6,4213.110000000001,4117.89,88232789,1.03,9.26,9.08,4.96,116,6507,1394,0.84,81.86,90.3,1284.66,328.35,621,8.88,22,84.06,13012
2000-04-16,Dow Jones,4173.05,4154.6,4213.110000000001,4117.89,88232789,1.03,9.26,9.08,4.96,116,6507,1394,0.84,81.86,90.3,1284.66,328.35,621,8.88,22,84.06,13012
2000-04-17,Dow Jones,4428.72,4415.400000000001,4438.650000000001,4375.93,267908397,6.51,9.82,4.28,5.04,59,1908,887,0.95,85.82,116.46,1699.89,435.62,2947,2.76,14,44.18,775
2000-04-18,Dow Jones,4428.72,4415.400000000001,4438.650000000001,4375.93,267908397,6.51,9.82,4.28,5.04,59,1908,887,0.95,85.82,116.46,1699.89,435.62,2947,2.76,14,44.18,775
2000-04-19,Dow Jones,4428.72,4415.400000000001,4438.650000000001,4375.93,267908397,6.51,9.82,4.28,5.04,59,1908,887,0.95,85.82,116.46,1699.89,435.62,2947,2.76,14,44.18,775
2000-04-20,Dow Jones,4934.09,4980.72,5019.240000000001,4901.3,674155416,-4.24,2.88,8.58,0.89,63,8278,2333,1.31,131.72,63.12,1961.12,362.05,8522,3.77,14,91.46,13579
2000-04-21,Dow Jones,4934.09,4980.72,5019.240000000001,4901.3,674155416,-4.24,2.88,8.58,0.89,63,8278,2333,1.31,131.72,63.12,1961.12,362.05,8522,3.77,14,91.46,13579
2000-04-22,Dow Jones,4934.09,4980.72,5019.240000000001,4901.3,674155416,-4.24,2.88,8.58,0.89,63,8278,2333,1.31,131.72,63.12,1961.12,362.05,8522,3.77,14,91.46,13579
2000-04-23,Dow Jones,1736.9,1746.98,1795.67,1735.38,391519430,0.9,2.19,11.2,9.61,64,6846,3750,1.33,135.07,56.39,1022.06,469.91,6849,0.04,30,32.86,1936
2000-04-24,Dow Jones,1736.9,1746.98,1795.67,1735.38,391519430,0.9,2.19,11.2,9.61,64,6846,3750,1.33,135.07,56.39,1022.06,469.91,6849,0.04,30,32.86,1936
2000-04-25,Dow Jones,1736.9,1746.98,1795.67,1735.38,391519430,0.9,2.19,11.2,9.61,64,6846,3750,1.33,135.07,56.39,1022.06,469.91,6849,0.04,30,32.86,1936
2000-04-26,Dow Jones,1736.9,1746.98,1795.67,1735.38,391519430,0.9,2.19,11.2,9.61,64,6846,3750,1.33,135.07,56.39,1022.06,469.91,6849,0.04,30,32.86,1936
2000-04-27,Dow Jones,2761.29,2756.85,2797.85,2710.44,608066171,8.84,6.16,8.14,5.24,91,16948,4136,1.05,139.99,66.5,2304.48,204.86,6955,0.65,15,42.29,4466
2000-04-28,Dow Jones,3461.19,3459.39,3473.3,3432.95,62531772,0.64,9.28,14.6,1.69,68,21532,655,1.46,127.6,39.45,1008.5,451.02,5104,2.5,35,24.31,2447
2000-04-29,Dow Jones,3461.19,3459.39,3473.3,3432.95,62531772,0.64,9.28,14.6,1.69,68,21532,655,1.46,127.6,39.45,1008.5,451.02,5104,2.5,35,24.31,2447
2000-04-30,Dow Jones,3461.19,3459.39,3473.3,3432.95,62531772,0.64,9.28,14.6,1.69,68,21532,655,1.46,127.6,39.45,1008.5,451.02,5104,2.5,35,24.31,2447
2000-05-01,Dow Jones,4214.41,4196.21,4228.91,4158.91,214911942,-1.14,4.54,6.31,5.38,76,15215,4490,1.4,136.38,43.17,2214.01,315.88,9057,5.86,19,1.24,9912
2000-05-02,Dow Jones,4214.41,4196.21,4228.91,4158.91,214911942,-1.14,4.54,6.31,5.38,76,15215,4490,1.4,136.38,43.17,2214.01,315.88,9057,5.86,19,1.24,9912
2000-05-03,Dow Jones,4868.51,4824.13,4874.41,4805.58,630562028,0.09,9.16,4.99,9.73,101,2515,1610,1.48,113.52,25.65,2091.55,131.64,6152,4.72,48,17.22,13738
2000-05-04,Dow Jones,2671.04,2669.6,2703.79,2637.89,560596730,1.42,3.88,3.36,6.72,95,26397,2686,1.5,82.96,58.5,1511.19,214.52,6858,2.66,25,25.87,12672
2000-05-05,Dow Jones,2671.04,2669.6,2703.79,2637.89,560596730,1.42,3.88,3.36,6.72,95,26397,2686,1.5,82.96,58.5,1511.19,214.52,6858,2.66,25,25.87,12672
2000-05-06,Dow Jones,3671.68,3682.72,3682.73,3635.56,920749207,5.69,3.29,5.8,2.79,113,4524,4176,1.35,136.27,143.42,961.06,432.19,8307,5.99,46,34.22,6505
2000-05-07,Dow Jones,3671.68,3682.72,3682.73,3635.56,920749207,5.69,3.29,5.8,2.79,113,4524,4176,1.35,136.27,143.42,961.06,432.19,8307,5.99,46,34.22,6505
2000-05-08,Dow Jones,1663.82,1638.79,1710.5,1618.83,321197992,5.0,9.95,9.18,7.69,107,9304,4443,0.81,96.94,21.58,2490.84,237.47,7192,1.82,44,94.46,5940
2000-05-09,Dow Jones,1663.82,1638.79,1710.5,1618.83,321197992,5.0,9.95,9.18,7.69,107,9304,4443,0.81,96.94,21.58,2490.84,237.47,7192,1.82,44,94.46,5940
2000-05-10,Dow Jones,2709.96,2745.16,2756.84,2667.4,210184575,6.69,9.0,14.79,6.29,78,13505,2506,1.24,108.16,21.35,939.76,251.85,4527,0.49,7,3.2,3426
2000-05-11,Dow Jones,2709.96,2745.16,2756.84,2667.4,210184575,6.69,9.0,14.79,6.29,78,13505,2506,1.24,108.16,21.35,939.76,251.85,4527,0.49,7,3.2,3426
2000-05-12,Dow Jones,2709.96,2745.16,2756.84,2667.4,210184575,6.69,9.0,14.79,6.29,78,13505,2506,1.24,108.16,21.35,939.76,251.85,4527,0.49,7,3.2,3426
2000-05-13,Dow Jones,2709.96,2745.16,2756.84,2667.4,210184575,6.69,9.0,14.79,6.29,78,13505,2506,1.24,108.16,21.35,939.76,251.85,4527,0.49,7,3.2,3426
2000-05-14,Dow Jones,3109.6,3061.2,3128.28,3027.26,109481716,-4.43,7.57,5.39,9.66,116,22063,383,1.43,107.92,52.57,2050.84,490.26,9903,1.78,15,29.24,9021
2000-05-15,Dow Jones,3877.41,3923.78,3957.85,3849.25,773441899,1.85,0.51,2.63,6.08,84,23482,340,1.16,96.07,73.33,800.16,248.4,531,5.79,8,91.91,4951
2000-05-16,Dow Jones,3877.41,3923.78,3957.85,3849.25,773441899,1.85,0.51,2.63,6.08,84,23482,340,1.16,96.07,73.33,800.16,248.4,531,5.79,8,91.91,4951
2000-05-17,Dow Jones,1317.63,1327.95,1347.76,1302.13,419318465,-0.3,2.95,11.76,4.12,110,5263,4756,1.23,97.39,118.62,1180.09,146.2,4450,4.73,20,97.03,7370
2000-05-18,Dow Jones,3925.99,3883.96,3974.18,3838.96,461955598,0.76,1.34,4.54,2.17,119,28271,2295,1.16,83.83,37.24,2442.04,242.99,8563,4.13,45,83.28,5763
2000-05-19,Dow Jones,3925.99,3883.96,3974.18,3838.96,461955598,0.76,1.34,4.54,2.17,119,28271,2295,1.16,83.83,37.24,2442.04,242.99,8563,4.13,45,83.28,5763
2000-05-20,Dow Jones,4432.71,4475.97,4490.360000000001,4383.41,2033687,7.55,2.17,2.22,7.22,82,6035,2770,0.93,102.21,90.68,1124.12,492.43,9049,8.26,11,59.87,3002
2000-05-21,Dow Jones,4276.25,4283.82,4289.83,4237.9,628454769,4.98,2.24,12.91,2.41,91,12520,2019,1.08,129.87,33.27,1881.77,428.8,4403,7.8,39,22.56,150
2000-05-22,Dow Jones,4276.25,4283.82,4289.83,4237.9,628454769,4.98,2.24,12.91,2.41,91,12520,2019,1.08,129.87,33.27,1881.77,428.8,4403,7.8,39,22.56,150
2000-05-23,Dow Jones,4276.25,4283.82,4289.83,4237.9,628454769,4.98,2.24,12.91,2.41,91,12520,2019,1.08,129.87,33.27,1881.77,428.8,4403,7.8,39,22.56,150
2000-05-24,Dow Jones,4276.25,4283.82,4289.83,4237.9,628454769,4.98,2.24,12.91,2.41,91,12520,2019,1.08,129.87,33.27,1881.77,428.8,4403,7.8,39,22.56,150
2000-05-25,Dow Jones,2884.67,2875.31,2932.2200000000003,2874.3,400235571,-3.39,0.18,14.42,2.71,81,11797,2896,1.23,104.99,44.14,1107.41,429.3,2062,7.69,42,10.5,9060
2000-05-26,Dow Jones,4286.55,4324.53,4325.639999999999,4253.01,302541000,-0.61,2.42,7.1,3.77,71,17421,2306,0.97,113.67,25.88,1515.64,303.9,3165,6.92,25,29.69,3068
2000-05-27,Dow Jones,2837.06,2851.93,2867.12,2813.6,519567266,3.28,4.31,8.84,3.16,107,24813,4694,0.86,142.31,103.44,2371.12,227.25,4048,0.9,28,52.96,6466
2000-05-28,Dow Jones,2837.06,2851.93,2867.12,2813.6,519567266,3.28,4.31,8.84,3.16,107,24813,4694,0.86,142.31,103.44,2371.12,227.25,4048,0.9,28,52.96,6466
2000-05-29,Dow Jones,2837.06,2851.93,2867.12,2813.6,519567266,3.28,4.31,8.84,3.16,107,24813,4694,0.86,142.31,103.44,2371.12,227.25,4048,0.9,28,52.96,6466
2000-05-30,Dow Jones,2837.06,2851.93,2867.12,2813.6,519567266,3.28,4.31,8.84,3.16,107,24813,4694,0.86,142.31,103.44,2371.12,227.25,4048,0.9,28,52.96,6466
2000-05-31,Dow Jones,2837.06,2851.93,2867.12,2813.6,519567266,3.28,4.31,8.84,3.16,107,24813,4694,0.86,142.31,103.44,2371.12,227.25,4048,0.9,28,52.96,6466
2000-06-01,Dow Jones,1695.05,1665.23,1736.24,1634.75,825894493,4.24,3.38,12.07,7.02,112,6498,765,1.09,129.15,46.36,2206.12,482.82,5522,1.83,11,45.99,2119
2000-06-02,Dow Jones,3848.06,3888.94,3894.1,3829.67,804925991,3.26,7.01,7.26,3.85,52,14523,1589,1.37,120.03,39.42,1521.04,294.49,3015,1.22,0,50.67,6515
2000-06-03,Dow Jones,3848.06,3888.94,3894.1,3829.67,804925991,3.26,7.01,7.26,3.85,52,14523,1589,1.37,120.03,39.42,1521.04,294.49,3015,1.22,0,50.67,6515
2000-06-04,Dow Jones,1402.55,1420.19,1459.94,1360.95,218426967,0.57,5.95,6.64,3.34,104,24563,2900,0.86,133.59,90.11,2347.75,235.94,5487,8.39,0,84.18,7673
2000-06-05,Dow Jones,1959.5,1939.6,1968.56,1924.11,631418391,-3.55,7.84,14.81,0.57,75,11014,3398,1.03,106.46,44.7,2306.65,104.7,9489,1.77,5,52.73,14581
2000-06-06,Dow Jones,1959.5,1939.6,1968.56,1924.11,631418391,-3.55,7.84,14.81,0.57,75,11014,3398,1.03,106.46,44.7,2306.65,104.7,9489,1.77,5,52.73,14581
2000-06-07,Dow Jones,1959.5,1939.6,1968.56,1924.11,631418391,-3.55,7.84,14.81,0.57,75,11014,3398,1.03,106.46,44.7,2306.65,104.7,9489,1.77,5,52.73,14581
2000-06-08,Dow Jones,2801.4,2798.82,2821.51,2765.6800000000003,923384605,9.7,3.12,2.16,0.92,83,9654,4029,1.0,129.52,106.82,1943.78,197.3,4497,3.56,44,25.33,10221
2000-06-09,Dow Jones,3995.31,3967.89,4034.47,3934.28,987151513,4.71,7.46,8.77,7.13,71,1743,4457,1.44,141.78,147.6,2192.48,125.86,4600,7.14,15,69.34,4424
2000-06-10,Dow Jones,3604.59,3616.25,3664.39,3591.98,803780777,8.75,2.07,14.79,7.46,72,24001,3973,1.04,107.52,48.58,1663.15,232.45,6965,4.05,10,17.66,13130
2000-06-11,Dow Jones,3604.59,3616.25,3664.39,3591.98,803780777,8.75,2.07,14.79,7.46,72,24001,3973,1.04,107.52,48.58,1663.15,232.45,6965,4.05,10,17.66,13130
2000-06-12,Dow Jones,3604.59,3616.25,3664.39,3591.98,803780777,8.75,2.07,14.79,7.46,72,24001,3973,1.04,107.52,48.58,1663.15,232.45,6965,4.05,10,17.66,13130
2000-06-13,Dow Jones,3604.59,3616.25,3664.39,3591.98,803780777,8.75,2.07,14.79,7.46,72,24001,3973,1.04,107.52,48.58,1663.15,232.45,6965,4.05,10,17.66,13130
2000-06-14,Dow Jones,3604.59,3616.25,3664.39,3591.98,803780777,8.75,2.07,14.79,7.46,72,24001,3973,1.04,107.52,48.58,1663.15,232.45,6965,4.05,10,17.66,13130
2000-06-15,Dow Jones,3604.59,3616.25,3664.39,3591.98,803780777,8.75,2.07,14.79,7.46,72,24001,3973,1.04,107.52,48.58,1663.15,232.45,6965,4.05,10,17.66,13130
2000-06-16,Dow Jones,3604.59,3616.25,3664.39,3591.98,803780777,8.75,2.07,14.79,7.46,72,24001,3973,1.04,107.52,48.58,1663.15,232.45,6965,4.05,10,17.66,13130
2000-06-17,Dow Jones,3604.59,3616.25,3664.39,3591.98,803780777,8.75,2.07,14.79,7.46,72,24001,3973,1.04,107.52,48.58,1663.15,232.45,6965,4.05,10,17.66,13130
2000-06-18,Dow Jones,3604.59,3616.25,3664.39,3591.98,803780777,8.75,2.07,14.79,7.46,72,24001,3973,1.04,107.52,48.58,1663.15,232.45,6965,4.05,10,17.66,13130
2000-06-19,Dow Jones,3604.59,3616.25,3664.39,3591.98,803780777,8.75,2.07,14.79,7.46,72,24001,3973,1.04,107.52,48.58,1663.15,232.45,6965,4.05,10,17.66,13130
2000-06-20,Dow Jones,3604.59,3616.25,3664.39,3591.98,803780777,8.75,2.07,14.79,7.46,72,24001,3973,1.04,107.52,48.58,1663.15,232.45,6965,4.05,10,17.66,13130
2000-06-21,Dow Jones,1278.56,1285.1,1325.23,1242.66,888342683,0.02,9.35,9.01,7.86,79,23804,250,1.45,103.74,99.38,2469.85,275.23,7469,5.97,38,87.5,13439
2000-06-22,Dow Jones,1278.56,1285.1,1325.23,1242.66,888342683,0.02,9.35,9.01,7.86,79,23804,250,1.45,103.74,99.38,2469.85,275.23,7469,5.97,38,87.5,13439
2000-06-23,Dow Jones,4422.95,4376.389999999999,4437.87,4341.719999999999,607779479,9.39,4.33,7.45,2.04,54,12838,3121,1.03,82.68,43.61,1763.53,349.75,8433,5.05,16,19.0,12991
2000-06-24,Dow Jones,4422.95,4376.389999999999,4437.87,4341.719999999999,607779479,9.39,4.33,7.45,2.04,54,12838,3121,1.03,82.68,43.61,1763.53,349.75,8433,5.05,16,19.0,12991
2000-06-25,Dow Jones,4348.16,4379.83,4394.24,4320.43,731722353,1.88,7.77,3.58,2.54,92,4314,3917,1.34,87.41,118.2,1231.2,276.88,1338,3.34,12,97.83,8604
2000-06-26,Dow Jones,4348.16,4379.83,4394.24,4320.43,731722353,1.88,7.77,3.58,2.54,92,4314,3917,1.34,87.41,118.2,1231.2,276.88,1338,3.34,12,97.83,8604
2000-06-27,Dow Jones,4348.16,4379.83,4394.24,4320.43,731722353,1.88,7.77,3.58,2.54,92,4314,3917,1.34,87.41,118.2,1231.2,276.88,1338,3.34,12,97.83,8604
2000-06-28,Dow Jones,4348.16,4379.83,4394.24,4320.43,731722353,1.88,7.77,3.58,2.54,92,4314,3917,1.34,87.41,118.2,1231.2,276.88,1338,3.34,12,97.83,8604
2000-06-29,Dow Jones,4348.16,4379.83,4394.24,4320.43,731722353,1.88,7.77,3.58,2.54,92,4314,3917,1.34,87.41,118.2,1231.2,276.88,1338,3.34,12,97.83,8604
2000-06-30,Dow Jones,2221.24,2210.04,2221.58,2173.85,942336242,0.49,6.92,2.41,8.95,61,13009,4551,1.39,92.98,52.17,1444.59,267.84,8215,2.86,32,91.34,14492
2000-07-01,Dow Jones,2221.24,2210.04,2221.58,2173.85,942336242,0.49,6.92,2.41,8.95,61,13009,4551,1.39,92.98,52.17,1444.59,267.84,8215,2.86,32,91.34,14492
2000-07-02,Dow Jones,2221.24,2210.04,2221.58,2173.85,942336242,0.49,6.92,2.41,8.95,61,13009,4551,1.39,92.98,52.17,1444.59,267.84,8215,2.86,32,91.34,14492
2000-07-03,Dow Jones,2221.24,2210.04,2221.58,2173.85,942336242,0.49,6.92,2.41,8.95,61,13009,4551,1.39,92.98,52.17,1444.59,267.84,8215,2.86,32,91.34,14492
2000-07-04,Dow Jones,2221.24,2210.04,2221.58,2173.85,942336242,0.49,6.92,2.41,8.95,61,13009,4551,1.39,92.98,52.17,1444.59,267.84,8215,2.86,32,91.34,14492
2000-07-05,Dow Jones,4753.22,4797.35,4804.81,4703.71,945623111,-0.85,8.31,7.59,9.38,78,2458,4043,1.01,112.54,119.52,1219.88,324.96,5740,8.83,32,74.79,3147
2000-07-06,Dow Jones,4484.82,4502.48,4514.53,4480.29,812175360,3.53,4.27,8.05,8.4,95,18180,3560,0.98,87.51,136.16,2315.59,225.71,1862,7.51,14,34.37,2294
2000-07-07,Dow Jones,4484.82,4502.48,4514.53,4480.29,812175360,3.53,4.27,8.05,8.4,95,18180,3560,0.98,87.51,136.16,2315.59,225.71,1862,7.51,14,34.37,2294
2000-07-08,Dow Jones,4153.79,4197.61,4223.62,4139.62,623910939,1.52,2.53,4.09,6.42,74,22607,3721,0.96,88.99,47.25,1765.35,423.91,1528,7.21,34,11.52,4095
2000-07-09,Dow Jones,4153.79,4197.61,4223.62,4139.62,623910939,1.52,2.53,4.09,6.42,74,22607,3721,0.96,88.99,47.25,1765.35,423.91,1528,7.21,34,11.52,4095
2000-07-10,Dow Jones,4153.79,4197.61,4223.62,4139.62,623910939,1.52,2.53,4.09,6.42,74,22607,3721,0.96,88.99,47.25,1765.35,423.91,1528,7.21,34,11.52,4095
2000-07-11,Dow Jones,4153.79,4197.61,4223.62,4139.62,623910939,1.52,2.53,4.09,6.42,74,22607,3721,0.96,88.99,47.25,1765.35,423.91,1528,7.21,34,11.52,4095
2000-07-12,Dow Jones,4153.79,4197.61,4223.62,4139.62,623910939,1.52,2.53,4.09,6.42,74,22607,3721,0.96,88.99,47.25,1765.35,423.91,1528,7.21,34,11.52,4095
2000-07-13,Dow Jones,3241.76,3284.7000000000003,3295.0600000000004,3210.6800000000003,174563587,-1.48,8.16,4.86,8.99,52,7801,4941,0.83,103.31,30.09,1397.27,405.14,5904,7.55,41,49.57,5668
2000-07-14,Dow Jones,3241.76,3284.7000000000003,3295.0600000000004,3210.6800000000003,174563587,-1.48,8.16,4.86,8.99,52,7801,4941,0.83,103.31,30.09,1397.27,405.14,5904,7.55,41,49.57,5668
2000-07-15,Dow Jones,2788.22,2818.02,2833.85,2774.96,230689263,-4.2,9.6,4.95,6.12,104,15875,187,1.18,85.67,128.25,1961.72,174.3,3327,6.42,39,31.58,11807
2000-07-16,Dow Jones,2841.43,2865.28,2899.15,2799.67,403923337,4.12,2.52,6.33,4.04,96,28259,662,1.38,134.77,110.14,2250.94,401.97,2019,2.14,16,34.87,541
2000-07-17,Dow Jones,2841.43,2865.28,2899.15,2799.67,403923337,4.12,2.52,6.33,4.04,96,28259,662,1.38,134.77,110.14,2250.94,401.97,2019,2.14,16,34.87,541
2000-07-18,Dow Jones,2841.43,2865.28,2899.15,2799.67,403923337,4.12,2.52,6.33,4.04,96,28259,662,1.38,134.77,110.14,2250.94,401.97,2019,2.14,16,34.87,541
2000-07-19,Dow Jones,2841.43,2865.28,2899.15,2799.67,403923337,4.12,2.52,6.33,4.04,96,28259,662,1.38,134.77,110.14,2250.94,401.97,2019,2.14,16,34.87,541
2000-07-20,Dow Jones,2841.43,2865.28,2899.15,2799.67,403923337,4.12,2.52,6.33,4.04,96,28259,662,1.38,134.77,110.14,2250.94,401.97,2019,2.14,16,34.87,541
2000-07-21,Dow Jones,2841.43,2865.28,2899.15,2799.67,403923337,4.12,2.52,6.33,4.04,96,28259,662,1.38,134.77,110.14,2250.94,401.97,2019,2.14,16,34.87,541
2000-07-22,Dow Jones,2841.43,2865.28,2899.15,2799.67,403923337,4.12,2.52,6.33,4.04,96,28259,662,1.38,134.77,110.14,2250.94,401.97,2019,2.14,16,34.87,541
2000-07-23,Dow Jones,2841.43,2865.28,2899.15,2799.67,403923337,4.12,2.52,6.33,4.04,96,28259,662,1.38,134.77,110.14,2250.94,401.97,2019,2.14,16,34.87,541
2000-07-24,Dow Jones,3959.62,4007.28,4040.48,3914.54,288691434,-3.97,9.54,2.03,3.86,69,13745,2900,1.44,118.5,120.52,2280.43,426.85,9693,5.58,0,67.22,13892
2000-07-25,Dow Jones,3959.62,4007.28,4040.48,3914.54,288691434,-3.97,9.54,2.03,3.86,69,13745,2900,1.44,118.5,120.52,2280.43,426.85,9693,5.58,0,67.22,13892
2000-07-26,Dow Jones,2120.15,2150.33,2156.68,2081.32,475599693,6.89,4.44,6.6,5.66,78,28025,1357,1.01,147.02,119.15,2294.66,165.6,678,0.49,20,80.92,14856
2000-07-27,Dow Jones,2120.15,2150.33,2156.68,2081.32,475599693,6.89,4.44,6.6,5.66,78,28025,1357,1.01,147.02,119.15,2294.66,165.6,678,0.49,20,80.92,14856
2000-07-28,Dow Jones,2120.15,2150.33,2156.68,2081.32,475599693,6.89,4.44,6.6,5.66,78,28025,1357,1.01,147.02,119.15,2294.66,165.6,678,0.49,20,80.92,14856
2000-07-29,Dow Jones,2120.15,2150.33,2156.68,2081.32,475599693,6.89,4.44,6.6,5.66,78,28025,1357,1.01,147.02,119.15,2294.66,165.6,678,0.49,20,80.92,14856
2000-07-30,Dow Jones,2120.15,2150.33,2156.68,2081.32,475599693,6.89,4.44,6.6,5.66,78,28025,1357,1.01,147.02,119.15,2294.66,165.6,678,0.49,20,80.92,14856
2000-07-31,Dow Jones,4219.63,4191.51,4257.67,4155.99,803770339,3.41,8.29,10.59,1.0,75,21221,2519,1.08,138.13,142.02,2043.71,372.55,4370,8.51,1,66.48,8178
2000-08-01,Dow Jones,4219.63,4191.51,4257.67,4155.99,803770339,3.41,8.29,10.59,1.0,75,21221,2519,1.08,138.13,142.02,2043.71,372.55,4370,8.51,1,66.48,8178
2000-08-02,Dow Jones,4219.63,4191.51,4257.67,4155.99,803770339,3.41,8.29,10.59,1.0,75,21221,2519,1.08,138.13,142.02,2043.71,372.55,4370,8.51,1,66.48,8178
2000-08-03,Dow Jones,4219.63,4191.51,4257.67,4155.99,803770339,3.41,8.29,10.59,1.0,75,21221,2519,1.08,138.13,142.02,2043.71,372.55,4370,8.51,1,66.48,8178
2000-08-04,Dow Jones,4219.63,4191.51,4257.67,4155.99,803770339,3.41,8.29,10.59,1.0,75,21221,2519,1.08,138.13,142.02,2043.71,372.55,4370,8.51,1,66.48,8178
2000-08-05,Dow Jones,4317.58,4312.04,4345.72,4290.43,191235797,1.79,2.77,6.72,8.77,61,10506,2714,0.86,110.4,75.98,1294.0,486.47,2328,6.07,18,31.76,3265
2000-08-06,Dow Jones,4317.58,4312.04,4345.72,4290.43,191235797,1.79,2.77,6.72,8.77,61,10506,2714,0.86,110.4,75.98,1294.0,486.47,2328,6.07,18,31.76,3265
2000-08-07,Dow Jones,4317.58,4312.04,4345.72,4290.43,191235797,1.79,2.77,6.72,8.77,61,10506,2714,0.86,110.4,75.98,1294.0,486.47,2328,6.07,18,31.76,3265
2000-08-08,Dow Jones,4317.58,4312.04,4345.72,4290.43,191235797,1.79,2.77,6.72,8.77,61,10506,2714,0.86,110.4,75.98,1294.0,486.47,2328,6.07,18,31.76,3265
2000-08-09,Dow Jones,3814.74,3794.73,3858.3,3791.45,272954108,8.52,0.4,11.01,6.75,75,28231,3588,1.49,89.67,142.97,2372.94,291.59,5123,5.03,37,32.2,4239
2000-08-10,Dow Jones,3814.74,3794.73,3858.3,3791.45,272954108,8.52,0.4,11.01,6.75,75,28231,3588,1.49,89.67,142.97,2372.94,291.59,5123,5.03,37,32.2,4239
2000-08-11,Dow Jones,3814.74,3794.73,3858.3,3791.45,272954108,8.52,0.4,11.01,6.75,75,28231,3588,1.49,89.67,142.97,2372.94,291.59,5123,5.03,37,32.2,4239
2000-08-12,Dow Jones,3814.74,3794.73,3858.3,3791.45,272954108,8.52,0.4,11.01,6.75,75,28231,3588,1.49,89.67,142.97,2372.94,291.59,5123,5.03,37,32.2,4239
2000-08-13,Dow Jones,3814.74,3794.73,3858.3,3791.45,272954108,8.52,0.4,11.01,6.75,75,28231,3588,1.49,89.67,142.97,2372.94,291.59,5123,5.03,37,32.2,4239
2000-08-14,Dow Jones,3814.74,3794.73,3858.3,3791.45,272954108,8.52,0.4,11.01,6.75,75,28231,3588,1.49,89.67,142.97,2372.94,291.59,5123,5.03,37,32.2,4239
2000-08-15,Dow Jones,2205.06,2213.39,2231.37,2169.93,541727710,-0.15,8.82,8.05,8.76,67,9856,2868,0.88,82.62,134.6,955.25,120.0,5183,6.64,31,38.21,7030
2000-08-16,Dow Jones,3393.43,3431.86,3438.15,3346.29,521668783,0.48,5.64,5.84,6.44,54,8592,4159,1.1,113.06,114.98,2287.46,181.41,7030,1.92,0,79.56,9761
2000-08-17,Dow Jones,2188.95,2154.12,2218.42,2140.77,871961954,-4.32,6.47,12.07,0.51,57,22513,1908,1.1,106.77,143.8,1956.95,348.48,8938,4.57,6,12.56,12122
2000-08-18,Dow Jones,2199.68,2209.46,2235.7200000000003,2177.67,628109412,3.84,8.7,13.11,3.85,106,3744,509,1.48,138.51,135.21,2376.02,290.99,6709,5.49,42,8.14,13844
2000-08-19,Dow Jones,2199.68,2209.46,2235.7200000000003,2177.67,628109412,3.84,8.7,13.11,3.85,106,3744,509,1.48,138.51,135.21,2376.02,290.99,6709,5.49,42,8.14,13844
2000-08-20,Dow Jones,1192.57,1184.5,1215.16,1154.02,457332782,6.6,6.3,10.68,0.76,62,4525,4020,1.27,90.1,70.9,1446.45,135.59,807,3.98,23,69.84,4318
2000-08-21,Dow Jones,1192.57,1184.5,1215.16,1154.02,457332782,6.6,6.3,10.68,0.76,62,4525,4020,1.27,90.1,70.9,1446.45,135.59,807,3.98,23,69.84,4318
2000-08-22,Dow Jones,1192.57,1184.5,1215.16,1154.02,457332782,6.6,6.3,10.68,0.76,62,4525,4020,1.27,90.1,70.9,1446.45,135.59,807,3.98,23,69.84,4318
2000-08-23,Dow Jones,1192.57,1184.5,1215.16,1154.02,457332782,6.6,6.3,10.68,0.76,62,4525,4020,1.27,90.1,70.9,1446.45,135.59,807,3.98,23,69.84,4318
2000-08-24,Dow Jones,1192.57,1184.5,1215.16,1154.02,457332782,6.6,6.3,10.68,0.76,62,4525,4020,1.27,90.1,70.9,1446.45,135.59,807,3.98,23,69.84,4318
2000-08-25,Dow Jones,1192.57,1184.5,1215.16,1154.02,457332782,6.6,6.3,10.68,0.76,62,4525,4020,1.27,90.1,70.9,1446.45,135.59,807,3.98,23,69.84,4318
2000-08-26,Dow Jones,1741.32,1757.45,1797.09,1697.51,819417369,8.56,4.51,5.94,5.76,97,29914,4443,0.87,113.17,78.51,943.73,206.14,1198,5.67,27,83.95,9167
2000-08-27,Dow Jones,1315.88,1269.72,1347.34,1246.6,897966744,-1.54,3.85,11.65,3.65,51,26419,1827,0.95,100.84,55.09,2381.94,309.01,2050,3.48,34,81.12,14453
2000-08-28,Dow Jones,1315.88,1269.72,1347.34,1246.6,897966744,-1.54,3.85,11.65,3.65,51,26419,1827,0.95,100.84,55.09,2381.94,309.01,2050,3.48,34,81.12,14453
2000-08-29,Dow Jones,1315.88,1269.72,1347.34,1246.6,897966744,-1.54,3.85,11.65,3.65,51,26419,1827,0.95,100.84,55.09,2381.94,309.01,2050,3.48,34,81.12,14453
2000-08-30,Dow Jones,1138.68,1130.75,1172.55,1087.04,674851300,1.88,9.76,11.42,1.51,84,9502,3066,1.24,143.53,119.87,1721.05,152.7,2982,5.13,5,1.87,14946
2000-08-31,Dow Jones,1138.68,1130.75,1172.55,1087.04,674851300,1.88,9.76,11.42,1.51,84,9502,3066,1.24,143.53,119.87,1721.05,152.7,2982,5.13,5,1.87,14946
2000-09-01,Dow Jones,1138.68,1130.75,1172.55,1087.04,674851300,1.88,9.76,11.42,1.51,84,9502,3066,1.24,143.53,119.87,1721.05,152.7,2982,5.13,5,1.87,14946
2000-09-02,Dow Jones,4422.78,4444.509999999999,4461.159999999999,4413.42,124700944,-3.73,2.75,10.47,1.48,87,727,3684,1.38,93.35,39.38,2002.32,155.56,593,9.91,39,5.21,14679
2000-09-03,Dow Jones,3085.78,3093.99,3127.46,3047.11,91632469,9.78,5.79,9.92,5.44,66,5447,1833,1.34,114.76,63.69,2295.29,498.0,8213,7.99,9,77.63,12396
2000-09-04,Dow Jones,1254.56,1284.34,1295.15,1230.84,708942352,3.82,0.59,8.7,5.99,94,7977,3730,1.14,90.44,47.82,2278.59,429.25,1951,4.73,33,13.22,11709
2000-09-05,Dow Jones,1254.56,1284.34,1295.15,1230.84,708942352,3.82,0.59,8.7,5.99,94,7977,3730,1.14,90.44,47.82,2278.59,429.25,1951,4.73,33,13.22,11709
2000-09-06,Dow Jones,3395.91,3391.6,3441.57,3373.55,789311629,3.46,7.46,8.77,2.73,52,17262,2591,0.86,113.79,116.09,1526.12,373.96,6747,3.2,46,97.75,4317
2000-09-07,Dow Jones,1459.73,1457.24,1499.62,1414.63,933755783,-3.85,1.87,14.88,3.29,119,14394,2139,1.33,81.48,75.69,988.98,386.63,7595,8.3,32,40.97,12867
2000-09-08,Dow Jones,1375.43,1364.04,1421.5,1336.35,39372961,7.0,2.36,8.62,5.91,101,28887,4987,1.16,133.6,55.96,1811.67,360.46,5043,7.47,10,14.24,13709
2000-09-09,Dow Jones,4638.51,4685.18,4734.110000000001,4602.62,880713113,8.88,7.93,3.51,9.84,102,10717,1407,1.2,93.78,59.98,2423.04,272.99,4736,7.71,23,69.01,7632
2000-09-10,Dow Jones,4638.51,4685.18,4734.110000000001,4602.62,880713113,8.88,7.93,3.51,9.84,102,10717,1407,1.2,93.78,59.98,2423.04,272.99,4736,7.71,23,69.01,7632
2000-09-11,Dow Jones,4638.51,4685.18,4734.110000000001,4602.62,880713113,8.88,7.93,3.51,9.84,102,10717,1407,1.2,93.78,59.98,2423.04,272.99,4736,7.71,23,69.01,7632
2000-09-12,Dow Jones,4515.92,4552.22,4572.860000000001,4499.49,516252181,-0.11,0.23,9.76,7.29,55,12056,4790,1.17,117.25,38.71,2421.85,316.81,4941,5.37,47,80.95,9424
2000-09-13,Dow Jones,4515.92,4552.22,4572.860000000001,4499.49,516252181,-0.11,0.23,9.76,7.29,55,12056,4790,1.17,117.25,38.71,2421.85,316.81,4941,5.37,47,80.95,9424
2000-09-14,Dow Jones,4515.92,4552.22,4572.860000000001,4499.49,516252181,-0.11,0.23,9.76,7.29,55,12056,4790,1.17,117.25,38.71,2421.85,316.81,4941,5.37,47,80.95,9424
2000-09-15,Dow Jones,2721.71,2726.68,2775.73,2702.87,261069967,3.02,0.9,3.27,3.35,92,26204,2136,1.33,129.53,76.73,1528.31,303.53,8532,0.87,31,12.57,1245
2000-09-16,Dow Jones,2721.71,2726.68,2775.73,2702.87,261069967,3.02,0.9,3.27,3.35,92,26204,2136,1.33,129.53,76.73,1528.31,303.53,8532,0.87,31,12.57,1245
2000-09-17,Dow Jones,2721.71,2726.68,2775.73,2702.87,261069967,3.02,0.9,3.27,3.35,92,26204,2136,1.33,129.53,76.73,1528.31,303.53,8532,0.87,31,12.57,1245
2000-09-18,Dow Jones,2721.71,2726.68,2775.73,2702.87,261069967,3.02,0.9,3.27,3.35,92,26204,2136,1.33,129.53,76.73,1528.31,303.53,8532,0.87,31,12.57,1245
2000-09-19,Dow Jones,3407.69,3440.34,3449.51,3392.56,292310819,-4.86,9.91,12.27,1.5,96,8188,4467,1.47,134.95,25.02,1991.66,119.16,3498,2.05,39,65.04,7560
2000-09-20,Dow Jones,4570.09,4575.860000000001,4613.780000000001,4539.47,588433442,-3.9,2.98,14.51,5.84,103,27800,1384,0.98,123.99,35.06,1928.68,338.91,4110,3.34,1,85.35,11838
2000-09-21,Dow Jones,4570.09,4575.860000000001,4613.780000000001,4539.47,588433442,-3.9,2.98,14.51,5.84,103,27800,1384,0.98,123.99,35.06,1928.68,338.91,4110,3.34,1,85.35,11838
2000-09-22,Dow Jones,4570.09,4575.860000000001,4613.780000000001,4539.47,588433442,-3.9,2.98,14.51,5.84,103,27800,1384,0.98,123.99,35.06,1928.68,338.91,4110,3.34,1,85.35,11838
2000-09-23,Dow Jones,3525.23,3526.49,3527.19,3480.48,882279953,2.54,4.09,9.38,2.37,80,29277,4349,1.25,97.12,70.63,2004.31,406.58,9760,8.21,31,12.86,3190
2000-09-24,Dow Jones,3366.79,3345.88,3399.65,3312.17,262680517,-0.29,6.3,13.99,1.73,113,19554,1190,1.42,96.27,41.63,2386.66,421.5,2777,0.19,40,47.86,10044
2000-09-25,Dow Jones,3366.79,3345.88,3399.65,3312.17,262680517,-0.29,6.3,13.99,1.73,113,19554,1190,1.42,96.27,41.63,2386.66,421.5,2777,0.19,40,47.86,10044
2000-09-26,Dow Jones,3366.79,3345.88,3399.65,3312.17,262680517,-0.29,6.3,13.99,1.73,113,19554,1190,1.42,96.27,41.63,2386.66,421.5,2777,0.19,40,47.86,10044
2000-09-27,Dow Jones,3366.79,3345.88,3399.65,3312.17,262680517,-0.29,6.3,13.99,1.73,113,19554,1190,1.42,96.27,41.63,2386.66,421.5,2777,0.19,40,47.86,10044
2000-09-28,Dow Jones,3366.79,3345.88,3399.65,3312.17,262680517,-0.29,6.3,13.99,1.73,113,19554,1190,1.42,96.27,41.63,2386.66,421.5,2777,0.19,40,47.86,10044
2000-09-29,Dow Jones,3366.79,3345.88,3399.65,3312.17,262680517,-0.29,6.3,13.99,1.73,113,19554,1190,1.42,96.27,41.63,2386.66,421.5,2777,0.19,40,47.86,10044
2000-09-30,Dow Jones,3366.79,3345.88,3399.65,3312.17,262680517,-0.29,6.3,13.99,1.73,113,19554,1190,1.42,96.27,41.63,2386.66,421.5,2777,0.19,40,47.86,10044
2000-10-01,Dow Jones,3366.79,3345.88,3399.65,3312.17,262680517,-0.29,6.3,13.99,1.73,113,19554,1190,1.42,96.27,41.63,2386.66,421.5,2777,0.19,40,47.86,10044
2000-10-02,Dow Jones,3366.79,3345.88,3399.65,3312.17,262680517,-0.29,6.3,13.99,1.73,113,19554,1190,1.42,96.27,41.63,2386.66,421.5,2777,0.19,40,47.86,10044
2000-10-03,Dow Jones,3402.6,3375.35,3439.71,3360.35,688205970,2.5,4.63,2.77,6.69,80,21986,4472,0.9,139.61,141.36,2058.68,403.95,6397,1.06,32,19.37,3586
2000-10-04,Dow Jones,3974.38,3941.0,3999.87,3926.92,259063786,7.82,4.98,14.79,1.87,51,24402,320,1.38,111.15,107.18,1998.1,146.86,7714,3.48,28,42.21,9863
2000-10-05,Dow Jones,3974.38,3941.0,3999.87,3926.92,259063786,7.82,4.98,14.79,1.87,51,24402,320,1.38,111.15,107.18,1998.1,146.86,7714,3.48,28,42.21,9863
2000-10-06,Dow Jones,3974.38,3941.0,3999.87,3926.92,259063786,7.82,4.98,14.79,1.87,51,24402,320,1.38,111.15,107.18,1998.1,146.86,7714,3.48,28,42.21,9863
2000-10-07,Dow Jones,1283.73,1268.03,1285.05,1229.96,605488153,0.97,6.67,11.55,4.31,110,17085,3356,1.37,118.12,42.92,1721.36,220.09,4636,3.3,44,94.02,4874
2000-10-08,Dow Jones,2017.57,2066.38,2083.1600000000003,2004.45,926303351,5.2,6.45,2.94,5.91,105,7587,2030,0.95,147.26,110.9,1063.42,325.34,5373,7.69,39,44.88,13654
2000-10-09,Dow Jones,2447.41,2445.93,2496.21,2433.66,673738664,8.36,5.78,2.54,5.81,86,13834,2222,0.9,126.64,96.64,2497.21,371.09,3956,1.72,8,21.0,3983
2000-10-10,Dow Jones,2447.41,2445.93,2496.21,2433.66,673738664,8.36,5.78,2.54,5.81,86,13834,2222,0.9,126.64,96.64,2497.21,371.09,3956,1.72,8,21.0,3983
2000-10-11,Dow Jones,2447.41,2445.93,2496.21,2433.66,673738664,8.36,5.78,2.54,5.81,86,13834,2222,0.9,126.64,96.64,2497.21,371.09,3956,1.72,8,21.0,3983
2000-10-12,Dow Jones,1560.1,1556.14,1589.49,1512.15,43125522,-0.12,3.56,9.12,8.08,87,8443,1968,0.86,136.01,137.94,1701.55,498.18,6398,4.91,36,39.84,8156
2000-10-13,Dow Jones,1560.1,1556.14,1589.49,1512.15,43125522,-0.12,3.56,9.12,8.08,87,8443,1968,0.86,136.01,137.94,1701.55,498.18,6398,4.91,36,39.84,8156
2000-10-14,Dow Jones,1560.1,1556.14,1589.49,1512.15,43125522,-0.12,3.56,9.12,8.08,87,8443,1968,0.86,136.01,137.94,1701.55,498.18,6398,4.91,36,39.84,8156
2000-10-15,Dow Jones,1560.1,1556.14,1589.49,1512.15,43125522,-0.12,3.56,9.12,8.08,87,8443,1968,0.86,136.01,137.94,1701.55,498.18,6398,4.91,36,39.84,8156
2000-10-16,Dow Jones,2928.16,2887.83,2931.89,2865.81,729083528,-2.06,0.14,11.04,8.98,55,11048,1965,1.32,114.0,55.79,1193.66,103.79,7952,2.89,17,52.11,6084
2000-10-17,Dow Jones,2928.16,2887.83,2931.89,2865.81,729083528,-2.06,0.14,11.04,8.98,55,11048,1965,1.32,114.0,55.79,1193.66,103.79,7952,2.89,17,52.11,6084
2000-10-18,Dow Jones,2928.16,2887.83,2931.89,2865.81,729083528,-2.06,0.14,11.04,8.98,55,11048,1965,1.32,114.0,55.79,1193.66,103.79,7952,2.89,17,52.11,6084
2000-10-19,Dow Jones,2122.73,2091.16,2157.39,2075.26,302184777,-2.84,7.8,5.16,2.91,113,11275,1836,1.35,140.8,46.52,2479.63,488.95,1718,9.87,36,0.43,2852
2000-10-20,Dow Jones,2122.73,2091.16,2157.39,2075.26,302184777,-2.84,7.8,5.16,2.91,113,11275,1836,1.35,140.8,46.52,2479.63,488.95,1718,9.87,36,0.43,2852
2000-10-21,Dow Jones,2122.73,2091.16,2157.39,2075.26,302184777,-2.84,7.8,5.16,2.91,113,11275,1836,1.35,140.8,46.52,2479.63,488.95,1718,9.87,36,0.43,2852
2000-10-22,Dow Jones,2122.73,2091.16,2157.39,2075.26,302184777,-2.84,7.8,5.16,2.91,113,11275,1836,1.35,140.8,46.52,2479.63,488.95,1718,9.87,36,0.43,2852
2000-10-23,Dow Jones,2122.73,2091.16,2157.39,2075.26,302184777,-2.84,7.8,5.16,2.91,113,11275,1836,1.35,140.8,46.52,2479.63,488.95,1718,9.87,36,0.43,2852
2000-10-24,Dow Jones,2122.73,2091.16,2157.39,2075.26,302184777,-2.84,7.8,5.16,2.91,113,11275,1836,1.35,140.8,46.52,2479.63,488.95,1718,9.87,36,0.43,2852
2000-10-25,Dow Jones,2122.73,2091.16,2157.39,2075.26,302184777,-2.84,7.8,5.16,2.91,113,11275,1836,1.35,140.8,46.52,2479.63,488.95,1718,9.87,36,0.43,2852
2000-10-26,Dow Jones,2122.73,2091.16,2157.39,2075.26,302184777,-2.84,7.8,5.16,2.91,113,11275,1836,1.35,140.8,46.52,2479.63,488.95,1718,9.87,36,0.43,2852
2000-10-27,Dow Jones,2355.44,2308.15,2396.87,2297.4500000000003,713027454,1.12,4.91,7.71,5.19,93,19191,3681,1.46,141.92,143.95,1947.56,153.51,7125,9.74,42,47.36,7754
2000-10-28,Dow Jones,2355.44,2308.15,2396.87,2297.4500000000003,713027454,1.12,4.91,7.71,5.19,93,19191,3681,1.46,141.92,143.95,1947.56,153.51,7125,9.74,42,47.36,7754
2000-10-29,Dow Jones,2355.44,2308.15,2396.87,2297.4500000000003,713027454,1.12,4.91,7.71,5.19,93,19191,3681,1.46,141.92,143.95,1947.56,153.51,7125,9.74,42,47.36,7754
2000-10-30,Dow Jones,2355.44,2308.15,2396.87,2297.4500000000003,713027454,1.12,4.91,7.71,5.19,93,19191,3681,1.46,141.92,143.95,1947.56,153.51,7125,9.74,42,47.36,7754
2000-10-31,Dow Jones,2355.44,2308.15,2396.87,2297.4500000000003,713027454,1.12,4.91,7.71,5.19,93,19191,3681,1.46,141.92,143.95,1947.56,153.51,7125,9.74,42,47.36,7754
2000-11-01,Dow Jones,2355.44,2308.15,2396.87,2297.4500000000003,713027454,1.12,4.91,7.71,5.19,93,19191,3681,1.46,141.92,143.95,1947.56,153.51,7125,9.74,42,47.36,7754
2000-11-02,Dow Jones,2355.44,2308.15,2396.87,2297.4500000000003,713027454,1.12,4.91,7.71,5.19,93,19191,3681,1.46,141.92,143.95,1947.56,153.51,7125,9.74,42,47.36,7754
2000-11-03,Dow Jones,1348.37,1346.07,1357.3,1298.36,914130145,-1.43,6.83,7.99,1.57,92,2101,3364,1.38,146.58,76.01,835.11,396.92,9364,8.1,37,26.09,7043
2000-11-04,Dow Jones,3468.27,3457.19,3485.16,3450.08,786238770,1.36,0.47,2.98,9.93,57,12288,883,0.86,98.73,103.85,873.41,459.69,3832,8.95,15,76.78,4498
2000-11-05,Dow Jones,3468.27,3457.19,3485.16,3450.08,786238770,1.36,0.47,2.98,9.93,57,12288,883,0.86,98.73,103.85,873.41,459.69,3832,8.95,15,76.78,4498
2000-11-06,Dow Jones,3468.27,3457.19,3485.16,3450.08,786238770,1.36,0.47,2.98,9.93,57,12288,883,0.86,98.73,103.85,873.41,459.69,3832,8.95,15,76.78,4498
2000-11-07,Dow Jones,3029.65,3013.23,3053.49,3007.82,355650433,-2.68,7.39,2.64,3.44,77,27629,491,0.89,120.5,140.97,1322.89,204.56,6979,7.71,11,86.84,14525
2000-11-08,Dow Jones,4496.89,4508.400000000001,4521.93,4471.450000000001,957518834,7.92,4.94,13.74,5.28,88,13212,3845,0.86,85.8,96.55,1858.38,495.64,7273,2.39,35,14.65,10901
2000-11-09,Dow Jones,4496.89,4508.400000000001,4521.93,4471.450000000001,957518834,7.92,4.94,13.74,5.28,88,13212,3845,0.86,85.8,96.55,1858.38,495.64,7273,2.39,35,14.65,10901
2000-11-10,Dow Jones,3809.04,3855.25,3885.51,3761.46,261719658,0.52,6.17,5.65,2.78,75,14247,3076,0.97,87.55,121.04,1750.1,127.25,7282,0.18,1,59.33,12589
2000-11-11,Dow Jones,3809.04,3855.25,3885.51,3761.46,261719658,0.52,6.17,5.65,2.78,75,14247,3076,0.97,87.55,121.04,1750.1,127.25,7282,0.18,1,59.33,12589
2000-11-12,Dow Jones,3809.04,3855.25,3885.51,3761.46,261719658,0.52,6.17,5.65,2.78,75,14247,3076,0.97,87.55,121.04,1750.1,127.25,7282,0.18,1,59.33,12589
2000-11-13,Dow Jones,3809.04,3855.25,3885.51,3761.46,261719658,0.52,6.17,5.65,2.78,75,14247,3076,0.97,87.55,121.04,1750.1,127.25,7282,0.18,1,59.33,12589
2000-11-14,Dow Jones,3809.04,3855.25,3885.51,3761.46,261719658,0.52,6.17,5.65,2.78,75,14247,3076,0.97,87.55,121.04,1750.1,127.25,7282,0.18,1,59.33,12589
2000-11-15,Dow Jones,3809.04,3855.25,3885.51,3761.46,261719658,0.52,6.17,5.65,2.78,75,14247,3076,0.97,87.55,121.04,1750.1,127.25,7282,0.18,1,59.33,12589
2000-11-16,Dow Jones,3809.04,3855.25,3885.51,3761.46,261719658,0.52,6.17,5.65,2.78,75,14247,3076,0.97,87.55,121.04,1750.1,127.25,7282,0.18,1,59.33,12589
2000-11-17,Dow Jones,4630.44,4608.7,4636.99,4578.55,544828023,0.56,7.21,8.37,7.39,71,17063,776,1.04,147.47,133.53,1923.0,303.77,187,7.01,15,88.61,13579
2000-11-18,Dow Jones,4630.44,4608.7,4636.99,4578.55,544828023,0.56,7.21,8.37,7.39,71,17063,776,1.04,147.47,133.53,1923.0,303.77,187,7.01,15,88.61,13579
2000-11-19,Dow Jones,3431.62,3422.12,3441.92,3410.52,282017547,-1.22,0.34,11.71,2.12,52,13791,3984,0.84,130.64,81.84,1859.86,456.85,4551,9.83,42,49.32,12061
2000-11-20,Dow Jones,2237.49,2287.37,2309.43,2235.16,131662819,8.16,4.48,13.02,1.2,95,26788,3251,1.43,116.24,61.15,2170.53,348.45,1188,1.82,39,56.53,12384
2000-11-21,Dow Jones,2237.49,2287.37,2309.43,2235.16,131662819,8.16,4.48,13.02,1.2,95,26788,3251,1.43,116.24,61.15,2170.53,348.45,1188,1.82,39,56.53,12384
2000-11-22,Dow Jones,2237.49,2287.37,2309.43,2235.16,131662819,8.16,4.48,13.02,1.2,95,26788,3251,1.43,116.24,61.15,2170.53,348.45,1188,1.82,39,56.53,12384
2000-11-23,Dow Jones,2237.49,2287.37,2309.43,2235.16,131662819,8.16,4.48,13.02,1.2,95,26788,3251,1.43,116.24,61.15,2170.53,348.45,1188,1.82,39,56.53,12384
2000-11-24,Dow Jones,2237.49,2287.37,2309.43,2235.16,131662819,8.16,4.48,13.02,1.2,95,26788,3251,1.43,116.24,61.15,2170.53,348.45,1188,1.82,39,56.53,12384
2000-11-25,Dow Jones,3545.61,3539.57,3588.82,3497.7200000000003,974307080,-1.11,4.36,10.97,3.89,93,27109,2463,1.14,133.53,135.27,1261.86,224.64,2527,4.34,9,6.85,1481
2000-11-26,Dow Jones,3545.61,3539.57,3588.82,3497.7200000000003,974307080,-1.11,4.36,10.97,3.89,93,27109,2463,1.14,133.53,135.27,1261.86,224.64,2527,4.34,9,6.85,1481
2000-11-27,Dow Jones,3545.61,3539.57,3588.82,3497.7200000000003,974307080,-1.11,4.36,10.97,3.89,93,27109,2463,1.14,133.53,135.27,1261.86,224.64,2527,4.34,9,6.85,1481
2000-11-28,Dow Jones,3545.61,3539.57,3588.82,3497.7200000000003,974307080,-1.11,4.36,10.97,3.89,93,27109,2463,1.14,133.53,135.27,1261.86,224.64,2527,4.34,9,6.85,1481
2000-11-29,Dow Jones,3415.18,3373.88,3455.33,3329.55,605731023,2.37,5.81,10.06,2.22,83,16938,4787,1.24,108.43,147.63,890.0,266.16,4529,8.71,30,69.89,14207
2000-11-30,Dow Jones,3746.36,3726.68,3767.95,3690.190000000001,299002508,6.58,5.01,10.64,9.17,75,11617,2987,0.8,93.77,27.68,2407.59,420.34,2566,2.2,2,59.18,14549
2000-12-01,Dow Jones,3746.36,3726.68,3767.95,3690.190000000001,299002508,6.58,5.01,10.64,9.17,75,11617,2987,0.8,93.77,27.68,2407.59,420.34,2566,2.2,2,59.18,14549
2000-12-02,Dow Jones,3746.36,3726.68,3767.95,3690.190000000001,299002508,6.58,5.01,10.64,9.17,75,11617,2987,0.8,93.77,27.68,2407.59,420.34,2566,2.2,2,59.18,14549
2000-12-03,Dow Jones,3746.36,3726.68,3767.95,3690.190000000001,299002508,6.58,5.01,10.64,9.17,75,11617,2987,0.8,93.77,27.68,2407.59,420.34,2566,2.2,2,59.18,14549
2000-12-04,Dow Jones,3746.36,3726.68,3767.95,3690.190000000001,299002508,6.58,5.01,10.64,9.17,75,11617,2987,0.8,93.77,27.68,2407.59,420.34,2566,2.2,2,59.18,14549
2000-12-05,Dow Jones,3746.36,3726.68,3767.95,3690.190000000001,299002508,6.58,5.01,10.64,9.17,75,11617,2987,0.8,93.77,27.68,2407.59,420.34,2566,2.2,2,59.18,14549
2000-12-06,Dow Jones,3746.36,3726.68,3767.95,3690.190000000001,299002508,6.58,5.01,10.64,9.17,75,11617,2987,0.8,93.77,27.68,2407.59,420.34,2566,2.2,2,59.18,14549
2000-12-07,Dow Jones,3746.36,3726.68,3767.95,3690.190000000001,299002508,6.58,5.01,10.64,9.17,75,11617,2987,0.8,93.77,27.68,2407.59,420.34,2566,2.2,2,59.18,14549
2000-12-08,Dow Jones,1284.03,1328.87,1356.59,1275.54,440142915,2.27,8.14,10.86,9.76,62,4355,105,1.41,92.04,137.35,1055.89,497.2,2146,9.37,19,77.33,5993
2000-12-09,Dow Jones,1284.03,1328.87,1356.59,1275.54,440142915,2.27,8.14,10.86,9.76,62,4355,105,1.41,92.04,137.35,1055.89,497.2,2146,9.37,19,77.33,5993
2000-12-10,Dow Jones,1284.03,1328.87,1356.59,1275.54,440142915,2.27,8.14,10.86,9.76,62,4355,105,1.41,92.04,137.35,1055.89,497.2,2146,9.37,19,77.33,5993
2000-12-11,Dow Jones,1284.03,1328.87,1356.59,1275.54,440142915,2.27,8.14,10.86,9.76,62,4355,105,1.41,92.04,137.35,1055.89,497.2,2146,9.37,19,77.33,5993
2000-12-12,Dow Jones,1284.03,1328.87,1356.59,1275.54,440142915,2.27,8.14,10.86,9.76,62,4355,105,1.41,92.04,137.35,1055.89,497.2,2146,9.37,19,77.33,5993
2000-12-13,Dow Jones,1284.03,1328.87,1356.59,1275.54,440142915,2.27,8.14,10.86,9.76,62,4355,105,1.41,92.04,137.35,1055.89,497.2,2146,9.37,19,77.33,5993
2000-12-14,Dow Jones,1284.03,1328.87,1356.59,1275.54,440142915,2.27,8.14,10.86,9.76,62,4355,105,1.41,92.04,137.35,1055.89,497.2,2146,9.37,19,77.33,5993
2000-12-15,Dow Jones,3374.64,3369.63,3398.03,3360.76,266850333,5.01,4.12,12.49,4.19,92,9988,2372,1.36,99.62,46.34,1519.71,265.77,759,0.64,43,22.35,11026
2000-12-16,Dow Jones,1040.52,1059.81,1092.14,997.39,11142310,0.42,1.7,14.56,6.95,101,8549,266,1.16,121.68,79.66,1527.91,370.22,223,1.58,38,42.5,1078
2000-12-17,Dow Jones,1040.52,1059.81,1092.14,997.39,11142310,0.42,1.7,14.56,6.95,101,8549,266,1.16,121.68,79.66,1527.91,370.22,223,1.58,38,42.5,1078
2000-12-18,Dow Jones,4653.15,4702.69,4705.15,4652.929999999999,184397027,2.31,2.12,12.22,2.96,57,16733,2044,1.17,144.65,129.49,1647.21,168.31,9777,5.58,37,11.03,6253
2000-12-19,Dow Jones,4653.15,4702.69,4705.15,4652.929999999999,184397027,2.31,2.12,12.22,2.96,57,16733,2044,1.17,144.65,129.49,1647.21,168.31,9777,5.58,37,11.03,6253
2000-12-20,Dow Jones,4653.15,4702.69,4705.15,4652.929999999999,184397027,2.31,2.12,12.22,2.96,57,16733,2044,1.17,144.65,129.49,1647.21,168.31,9777,5.58,37,11.03,6253
2000-12-21,Dow Jones,3895.89,3899.22,3909.09,3855.93,773239779,8.26,5.01,5.16,2.91,104,1829,3928,1.39,139.91,134.77,1253.0,387.5,1229,8.85,40,99.72,2720
2000-12-22,Dow Jones,3895.89,3899.22,3909.09,3855.93,773239779,8.26,5.01,5.16,2.91,104,1829,3928,1.39,139.91,134.77,1253.0,387.5,1229,8.85,40,99.72,2720
2000-12-23,Dow Jones,4609.81,4576.7300000000005,4623.910000000001,4571.200000000001,505328467,9.0,6.85,14.61,8.45,98,22001,339,0.94,128.46,109.35,1864.93,176.1,9765,6.31,33,69.82,2405
2000-12-24,Dow Jones,4609.81,4576.7300000000005,4623.910000000001,4571.200000000001,505328467,9.0,6.85,14.61,8.45,98,22001,339,0.94,128.46,109.35,1864.93,176.1,9765,6.31,33,69.82,2405
2000-12-25,Dow Jones,4609.81,4576.7300000000005,4623.910000000001,4571.200000000001,505328467,9.0,6.85,14.61,8.45,98,22001,339,0.94,128.46,109.35,1864.93,176.1,9765,6.31,33,69.82,2405
2000-12-26,Dow Jones,4609.81,4576.7300000000005,4623.910000000001,4571.200000000001,505328467,9.0,6.85,14.61,8.45,98,22001,339,0.94,128.46,109.35,1864.93,176.1,9765,6.31,33,69.82,2405
2000-12-27,Dow Jones,1046.83,1057.15,1097.78,1008.37,553195814,2.01,6.44,4.6,1.12,90,14553,955,0.82,118.32,42.04,2259.2,140.93,568,3.57,8,24.4,8055
2000-12-28,Dow Jones,1046.83,1057.15,1097.78,1008.37,553195814,2.01,6.44,4.6,1.12,90,14553,955,0.82,118.32,42.04,2259.2,140.93,568,3.57,8,24.4,8055
2000-12-29,Dow Jones,1046.83,1057.15,1097.78,1008.37,553195814,2.01,6.44,4.6,1.12,90,14553,955,0.82,118.32,42.04,2259.2,140.93,568,3.57,8,24.4,8055
2000-12-30,Dow Jones,2944.0,2963.5,2986.17,2925.41,273057514,-2.61,0.01,3.76,5.17,87,9861,653,1.37,132.57,102.46,1681.27,152.0,5121,9.79,18,45.19,5210
2000-12-31,Dow Jones,2944.0,2963.5,2986.17,2925.41,273057514,-2.61,0.01,3.76,5.17,87,9861,653,1.37,132.57,102.46,1681.27,152.0,5121,9.79,18,45.19,5210
2001-01-01,Dow Jones,2944.0,2963.5,2986.17,2925.41,273057514,-2.61,0.01,3.76,5.17,87,9861,653,1.37,132.57,102.46,1681.27,152.0,5121,9.79,18,45.19,5210
2001-01-02,Dow Jones,1492.01,1503.14,1525.51,1471.03,386307434,8.39,1.23,9.66,6.8,99,24749,3045,1.24,97.71,52.38,1063.14,102.21,7563,9.17,22,23.99,7243
2001-01-03,Dow Jones,1492.01,1503.14,1525.51,1471.03,386307434,8.39,1.23,9.66,6.8,99,24749,3045,1.24,97.71,52.38,1063.14,102.21,7563,9.17,22,23.99,7243
2001-01-04,Dow Jones,2372.67,2399.89,2430.81,2355.2000000000003,623148811,2.88,6.61,5.8,3.68,114,4794,294,1.17,130.53,41.08,1733.85,131.18,3933,8.1,44,79.03,7475
2001-01-05,Dow Jones,2372.67,2399.89,2430.81,2355.2000000000003,623148811,2.88,6.61,5.8,3.68,114,4794,294,1.17,130.53,41.08,1733.85,131.18,3933,8.1,44,79.03,7475
2001-01-06,Dow Jones,3609.17,3597.62,3616.99,3550.97,500805027,9.7,8.6,13.9,7.41,89,27268,1525,1.28,95.57,121.12,2066.84,372.61,5287,3.76,39,21.08,4823
2001-01-07,Dow Jones,4382.42,4367.12,4404.27,4355.03,62848013,-0.2,1.4,7.1,4.24,88,13870,3919,1.48,95.02,48.03,1792.07,119.89,6392,4.34,40,47.45,6444
2001-01-08,Dow Jones,4382.42,4367.12,4404.27,4355.03,62848013,-0.2,1.4,7.1,4.24,88,13870,3919,1.48,95.02,48.03,1792.07,119.89,6392,4.34,40,47.45,6444
2001-01-09,Dow Jones,4382.42,4367.12,4404.27,4355.03,62848013,-0.2,1.4,7.1,4.24,88,13870,3919,1.48,95.02,48.03,1792.07,119.89,6392,4.34,40,47.45,6444
2001-01-10,Dow Jones,4382.42,4367.12,4404.27,4355.03,62848013,-0.2,1.4,7.1,4.24,88,13870,3919,1.48,95.02,48.03,1792.07,119.89,6392,4.34,40,47.45,6444
2001-01-11,Dow Jones,4382.42,4367.12,4404.27,4355.03,62848013,-0.2,1.4,7.1,4.24,88,13870,3919,1.48,95.02,48.03,1792.07,119.89,6392,4.34,40,47.45,6444
2001-01-12,Dow Jones,4382.42,4367.12,4404.27,4355.03,62848013,-0.2,1.4,7.1,4.24,88,13870,3919,1.48,95.02,48.03,1792.07,119.89,6392,4.34,40,47.45,6444
2001-01-13,Dow Jones,4382.42,4367.12,4404.27,4355.03,62848013,-0.2,1.4,7.1,4.24,88,13870,3919,1.48,95.02,48.03,1792.07,119.89,6392,4.34,40,47.45,6444
2001-01-14,Dow Jones,2785.68,2816.68,2845.46,2774.29,595104848,9.07,8.5,5.06,0.96,96,21505,3747,0.81,108.25,44.08,1441.51,283.67,5403,8.12,20,15.01,13054
2001-01-15,Dow Jones,2785.68,2816.68,2845.46,2774.29,595104848,9.07,8.5,5.06,0.96,96,21505,3747,0.81,108.25,44.08,1441.51,283.67,5403,8.12,20,15.01,13054
2001-01-16,Dow Jones,4289.69,4262.129999999999,4315.44,4240.859999999999,72716605,3.59,2.27,10.92,7.41,81,17148,786,1.23,115.06,111.47,2245.79,470.14,6939,7.01,37,32.19,1238
2001-01-17,Dow Jones,4289.69,4262.129999999999,4315.44,4240.859999999999,72716605,3.59,2.27,10.92,7.41,81,17148,786,1.23,115.06,111.47,2245.79,470.14,6939,7.01,37,32.19,1238
2001-01-18,Dow Jones,4289.69,4262.129999999999,4315.44,4240.859999999999,72716605,3.59,2.27,10.92,7.41,81,17148,786,1.23,115.06,111.47,2245.79,470.14,6939,7.01,37,32.19,1238
2001-01-19,Dow Jones,2723.94,2674.85,2766.57,2640.42,272709529,8.57,8.03,6.87,9.54,105,7374,547,1.08,127.85,110.16,1643.54,429.42,434,7.32,11,47.25,14202
2001-01-20,Dow Jones,2723.94,2674.85,2766.57,2640.42,272709529,8.57,8.03,6.87,9.54,105,7374,547,1.08,127.85,110.16,1643.54,429.42,434,7.32,11,47.25,14202
2001-01-21,Dow Jones,3328.79,3329.9,3354.48,3304.72,613965515,-5.0,2.05,2.08,1.08,73,4266,1224,1.0,84.01,128.88,1583.22,130.32,4367,7.3,32,41.07,5367
2001-01-22,Dow Jones,3328.79,3329.9,3354.48,3304.72,613965515,-5.0,2.05,2.08,1.08,73,4266,1224,1.0,84.01,128.88,1583.22,130.32,4367,7.3,32,41.07,5367
2001-01-23,Dow Jones,3328.79,3329.9,3354.48,3304.72,613965515,-5.0,2.05,2.08,1.08,73,4266,1224,1.0,84.01,128.88,1583.22,130.32,4367,7.3,32,41.07,5367
2001-01-24,Dow Jones,3328.79,3329.9,3354.48,3304.72,613965515,-5.0,2.05,2.08,1.08,73,4266,1224,1.0,84.01,128.88,1583.22,130.32,4367,7.3,32,41.07,5367
2001-01-25,Dow Jones,3328.79,3329.9,3354.48,3304.72,613965515,-5.0,2.05,2.08,1.08,73,4266,1224,1.0,84.01,128.88,1583.22,130.32,4367,7.3,32,41.07,5367
2001-01-26,Dow Jones,2498.21,2462.16,2528.51,2461.61,663250162,2.09,7.26,10.38,2.6,82,4063,3875,1.03,93.94,127.37,1708.37,258.33,8191,7.41,30,11.53,6503
2001-01-27,Dow Jones,2498.21,2462.16,2528.51,2461.61,663250162,2.09,7.26,10.38,2.6,82,4063,3875,1.03,93.94,127.37,1708.37,258.33,8191,7.41,30,11.53,6503
2001-01-28,Dow Jones,2498.21,2462.16,2528.51,2461.61,663250162,2.09,7.26,10.38,2.6,82,4063,3875,1.03,93.94,127.37,1708.37,258.33,8191,7.41,30,11.53,6503
2001-01-29,Dow Jones,2498.21,2462.16,2528.51,2461.61,663250162,2.09,7.26,10.38,2.6,82,4063,3875,1.03,93.94,127.37,1708.37,258.33,8191,7.41,30,11.53,6503
2001-01-30,Dow Jones,2498.21,2462.16,2528.51,2461.61,663250162,2.09,7.26,10.38,2.6,82,4063,3875,1.03,93.94,127.37,1708.37,258.33,8191,7.41,30,11.53,6503
2001-01-31,Dow Jones,2498.21,2462.16,2528.51,2461.61,663250162,2.09,7.26,10.38,2.6,82,4063,3875,1.03,93.94,127.37,1708.37,258.33,8191,7.41,30,11.53,6503
2001-02-01,Dow Jones,1617.84,1577.08,1647.33,1538.9,890591633,0.87,3.78,9.45,6.87,78,6535,4278,1.12,84.66,143.71,1253.86,287.13,4695,1.21,14,89.71,14519
2001-02-02,Dow Jones,1101.79,1097.58,1124.29,1063.1799999999998,897545642,9.85,0.77,2.49,1.14,111,15604,3634,1.08,89.24,30.01,1237.32,278.69,667,5.97,37,56.99,13407
2001-02-03,Dow Jones,3583.29,3572.74,3626.21,3556.6,199770587,-1.88,0.12,6.87,1.01,79,28514,2153,0.85,110.37,63.21,1751.45,371.57,9989,0.71,27,50.84,7283
2001-02-04,Dow Jones,3583.29,3572.74,3626.21,3556.6,199770587,-1.88,0.12,6.87,1.01,79,28514,2153,0.85,110.37,63.21,1751.45,371.57,9989,0.71,27,50.84,7283
2001-02-05,Dow Jones,3583.29,3572.74,3626.21,3556.6,199770587,-1.88,0.12,6.87,1.01,79,28514,2153,0.85,110.37,63.21,1751.45,371.57,9989,0.71,27,50.84,7283
2001-02-06,Dow Jones,1286.85,1333.52,1380.1,1264.2199999999998,530867691,6.88,2.3,7.7,5.52,64,18069,2618,1.06,95.1,116.32,1631.19,296.61,5907,3.1,43,24.45,6339
2001-02-07,Dow Jones,2638.52,2684.33,2713.5,2594.46,621099218,9.9,4.2,14.48,8.84,59,4631,1837,1.28,113.19,109.52,1233.66,343.33,9392,3.38,26,69.53,12509
2001-02-08,Dow Jones,2638.52,2684.33,2713.5,2594.46,621099218,9.9,4.2,14.48,8.84,59,4631,1837,1.28,113.19,109.52,1233.66,343.33,9392,3.38,26,69.53,12509
2001-02-09,Dow Jones,3708.48,3693.29,3731.2,3651.31,106180270,2.34,1.04,11.68,1.22,72,912,469,0.85,119.09,94.03,2374.62,180.52,2906,9.42,46,9.31,12416
2001-02-10,Dow Jones,3708.48,3693.29,3731.2,3651.31,106180270,2.34,1.04,11.68,1.22,72,912,469,0.85,119.09,94.03,2374.62,180.52,2906,9.42,46,9.31,12416
2001-02-11,Dow Jones,3708.48,3693.29,3731.2,3651.31,106180270,2.34,1.04,11.68,1.22,72,912,469,0.85,119.09,94.03,2374.62,180.52,2906,9.42,46,9.31,12416
2001-02-12,Dow Jones,1871.57,1865.91,1883.65,1836.85,346500909,1.62,9.34,12.43,4.71,98,11651,439,1.25,115.7,130.28,1093.16,109.24,7226,1.06,13,68.65,7386
2001-02-13,Dow Jones,1871.57,1865.91,1883.65,1836.85,346500909,1.62,9.34,12.43,4.71,98,11651,439,1.25,115.7,130.28,1093.16,109.24,7226,1.06,13,68.65,7386
2001-02-14,Dow Jones,1871.57,1865.91,1883.65,1836.85,346500909,1.62,9.34,12.43,4.71,98,11651,439,1.25,115.7,130.28,1093.16,109.24,7226,1.06,13,68.65,7386
2001-02-15,Dow Jones,1871.57,1865.91,1883.65,1836.85,346500909,1.62,9.34,12.43,4.71,98,11651,439,1.25,115.7,130.28,1093.16,109.24,7226,1.06,13,68.65,7386
2001-02-16,Dow Jones,1871.57,1865.91,1883.65,1836.85,346500909,1.62,9.34,12.43,4.71,98,11651,439,1.25,115.7,130.28,1093.16,109.24,7226,1.06,13,68.65,7386
2001-02-17,Dow Jones,1871.57,1865.91,1883.65,1836.85,346500909,1.62,9.34,12.43,4.71,98,11651,439,1.25,115.7,130.28,1093.16,109.24,7226,1.06,13,68.65,7386
2001-02-18,Dow Jones,1871.57,1865.91,1883.65,1836.85,346500909,1.62,9.34,12.43,4.71,98,11651,439,1.25,115.7,130.28,1093.16,109.24,7226,1.06,13,68.65,7386
2001-02-19,Dow Jones,1871.57,1865.91,1883.65,1836.85,346500909,1.62,9.34,12.43,4.71,98,11651,439,1.25,115.7,130.28,1093.16,109.24,7226,1.06,13,68.65,7386
2001-02-20,Dow Jones,1871.57,1865.91,1883.65,1836.85,346500909,1.62,9.34,12.43,4.71,98,11651,439,1.25,115.7,130.28,1093.16,109.24,7226,1.06,13,68.65,7386
2001-02-21,Dow Jones,1871.57,1865.91,1883.65,1836.85,346500909,1.62,9.34,12.43,4.71,98,11651,439,1.25,115.7,130.28,1093.16,109.24,7226,1.06,13,68.65,7386
2001-02-22,Dow Jones,1155.98,1137.54,1184.51,1118.75,992930422,1.27,3.34,14.82,9.45,88,19510,3895,1.14,83.66,133.99,2284.48,291.31,9322,9.68,36,81.02,627
2001-02-23,Dow Jones,1155.98,1137.54,1184.51,1118.75,992930422,1.27,3.34,14.82,9.45,88,19510,3895,1.14,83.66,133.99,2284.48,291.31,9322,9.68,36,81.02,627
2001-02-24,Dow Jones,2551.95,2534.02,2559.44,2507.51,624213517,3.22,4.01,11.26,5.79,117,18025,639,0.94,147.41,116.44,1385.66,104.12,1078,5.5,2,3.55,6427
2001-02-25,Dow Jones,2551.95,2534.02,2559.44,2507.51,624213517,3.22,4.01,11.26,5.79,117,18025,639,0.94,147.41,116.44,1385.66,104.12,1078,5.5,2,3.55,6427
2001-02-26,Dow Jones,2551.95,2534.02,2559.44,2507.51,624213517,3.22,4.01,11.26,5.79,117,18025,639,0.94,147.41,116.44,1385.66,104.12,1078,5.5,2,3.55,6427
2001-02-27,Dow Jones,2551.95,2534.02,2559.44,2507.51,624213517,3.22,4.01,11.26,5.79,117,18025,639,0.94,147.41,116.44,1385.66,104.12,1078,5.5,2,3.55,6427
2001-02-28,Dow Jones,2551.95,2534.02,2559.44,2507.51,624213517,3.22,4.01,11.26,5.79,117,18025,639,0.94,147.41,116.44,1385.66,104.12,1078,5.5,2,3.55,6427
2001-03-01,Dow Jones,2156.98,2151.45,2163.5,2109.88,77195522,-3.36,7.08,11.43,9.62,101,5027,3151,1.26,130.2,49.56,1522.48,322.53,6367,3.29,11,99.67,5613
2001-03-02,Dow Jones,2156.98,2151.45,2163.5,2109.88,77195522,-3.36,7.08,11.43,9.62,101,5027,3151,1.26,130.2,49.56,1522.48,322.53,6367,3.29,11,99.67,5613
2001-03-03,Dow Jones,2156.98,2151.45,2163.5,2109.88,77195522,-3.36,7.08,11.43,9.62,101,5027,3151,1.26,130.2,49.56,1522.48,322.53,6367,3.29,11,99.67,5613
2001-03-04,Dow Jones,2156.98,2151.45,2163.5,2109.88,77195522,-3.36,7.08,11.43,9.62,101,5027,3151,1.26,130.2,49.56,1522.48,322.53,6367,3.29,11,99.67,5613
2001-03-05,Dow Jones,2255.87,2274.0,2289.43,2255.48,8408040,0.4,5.05,11.46,1.18,81,7193,341,1.14,134.25,83.45,2248.72,260.22,6851,8.04,33,92.69,703
2001-03-06,Dow Jones,4553.61,4575.21,4581.7300000000005,4529.849999999999,880553429,4.59,1.37,3.87,1.98,68,5403,564,1.26,98.75,44.0,1108.39,400.39,8848,7.59,21,77.0,9094
2001-03-07,Dow Jones,3411.77,3422.5,3432.45,3402.13,420473637,8.83,2.02,4.11,1.02,53,555,2350,0.87,112.58,98.78,1266.67,447.09,9414,0.22,38,16.88,1185
2001-03-08,Dow Jones,3411.77,3422.5,3432.45,3402.13,420473637,8.83,2.02,4.11,1.02,53,555,2350,0.87,112.58,98.78,1266.67,447.09,9414,0.22,38,16.88,1185
2001-03-09,Dow Jones,3411.77,3422.5,3432.45,3402.13,420473637,8.83,2.02,4.11,1.02,53,555,2350,0.87,112.58,98.78,1266.67,447.09,9414,0.22,38,16.88,1185
2001-03-10,Dow Jones,3411.77,3422.5,3432.45,3402.13,420473637,8.83,2.02,4.11,1.02,53,555,2350,0.87,112.58,98.78,1266.67,447.09,9414,0.22,38,16.88,1185
2001-03-11,Dow Jones,3411.77,3422.5,3432.45,3402.13,420473637,8.83,2.02,4.11,1.02,53,555,2350,0.87,112.58,98.78,1266.67,447.09,9414,0.22,38,16.88,1185
2001-03-12,Dow Jones,2557.93,2581.89,2594.23,2532.54,405309278,2.88,0.04,5.04,6.16,81,28774,2634,1.43,84.47,73.04,1547.05,127.63,8366,8.52,12,71.73,9677
2001-03-13,Dow Jones,2557.93,2581.89,2594.23,2532.54,405309278,2.88,0.04,5.04,6.16,81,28774,2634,1.43,84.47,73.04,1547.05,127.63,8366,8.52,12,71.73,9677
2001-03-14,Dow Jones,2361.55,2395.71,2396.82,2315.03,280480484,6.36,9.43,13.91,3.14,75,8982,3909,1.35,137.14,126.77,1786.68,181.99,8805,0.27,35,7.71,9813
2001-03-15,Dow Jones,3165.63,3118.67,3197.67,3074.17,622542337,7.62,4.84,9.62,9.55,110,15550,671,1.13,92.97,105.2,2421.78,273.63,6118,9.14,21,86.63,5334
2001-03-16,Dow Jones,3165.63,3118.67,3197.67,3074.17,622542337,7.62,4.84,9.62,9.55,110,15550,671,1.13,92.97,105.2,2421.78,273.63,6118,9.14,21,86.63,5334
2001-03-17,Dow Jones,3214.85,3210.88,3228.35,3196.07,768108334,0.31,6.74,5.69,9.42,108,17718,3741,1.41,90.25,144.03,2240.47,416.83,5981,4.56,29,52.37,5576
2001-03-18,Dow Jones,3214.85,3210.88,3228.35,3196.07,768108334,0.31,6.74,5.69,9.42,108,17718,3741,1.41,90.25,144.03,2240.47,416.83,5981,4.56,29,52.37,5576
2001-03-19,Dow Jones,3214.85,3210.88,3228.35,3196.07,768108334,0.31,6.74,5.69,9.42,108,17718,3741,1.41,90.25,144.03,2240.47,416.83,5981,4.56,29,52.37,5576
2001-03-20,Dow Jones,3214.85,3210.88,3228.35,3196.07,768108334,0.31,6.74,5.69,9.42,108,17718,3741,1.41,90.25,144.03,2240.47,416.83,5981,4.56,29,52.37,5576
2001-03-21,Dow Jones,3214.85,3210.88,3228.35,3196.07,768108334,0.31,6.74,5.69,9.42,108,17718,3741,1.41,90.25,144.03,2240.47,416.83,5981,4.56,29,52.37,5576
2001-03-22,Dow Jones,3214.85,3210.88,3228.35,3196.07,768108334,0.31,6.74,5.69,9.42,108,17718,3741,1.41,90.25,144.03,2240.47,416.83,5981,4.56,29,52.37,5576
2001-03-23,Dow Jones,2037.34,2022.12,2065.59,1977.32,95009609,-3.18,8.98,4.9,7.55,94,21193,4210,1.05,110.24,140.89,923.67,276.12,3506,0.71,43,95.08,14800
2001-03-24,Dow Jones,1778.5,1790.52,1833.45,1757.77,377398010,-0.78,4.48,10.92,3.06,80,10606,3122,1.13,144.76,21.32,1609.58,397.02,4090,7.05,11,83.8,7874
2001-03-25,Dow Jones,1778.5,1790.52,1833.45,1757.77,377398010,-0.78,4.48,10.92,3.06,80,10606,3122,1.13,144.76,21.32,1609.58,397.02,4090,7.05,11,83.8,7874
2001-03-26,Dow Jones,1778.5,1790.52,1833.45,1757.77,377398010,-0.78,4.48,10.92,3.06,80,10606,3122,1.13,144.76,21.32,1609.58,397.02,4090,7.05,11,83.8,7874
2001-03-27,Dow Jones,1778.5,1790.52,1833.45,1757.77,377398010,-0.78,4.48,10.92,3.06,80,10606,3122,1.13,144.76,21.32,1609.58,397.02,4090,7.05,11,83.8,7874
2001-03-28,Dow Jones,1778.5,1790.52,1833.45,1757.77,377398010,-0.78,4.48,10.92,3.06,80,10606,3122,1.13,144.76,21.32,1609.58,397.02,4090,7.05,11,83.8,7874
2001-03-29,Dow Jones,1778.5,1790.52,1833.45,1757.77,377398010,-0.78,4.48,10.92,3.06,80,10606,3122,1.13,144.76,21.32,1609.58,397.02,4090,7.05,11,83.8,7874
2001-03-30,Dow Jones,1778.5,1790.52,1833.45,1757.77,377398010,-0.78,4.48,10.92,3.06,80,10606,3122,1.13,144.76,21.32,1609.58,397.02,4090,7.05,11,83.8,7874
2001-03-31,Dow Jones,3321.87,3342.27,3389.52,3272.57,595559630,-0.98,1.67,5.95,2.76,101,4636,310,1.3,109.84,145.72,842.58,491.0,8358,5.87,38,75.2,1694
2001-04-01,Dow Jones,3321.87,3342.27,3389.52,3272.57,595559630,-0.98,1.67,5.95,2.76,101,4636,310,1.3,109.84,145.72,842.58,491.0,8358,5.87,38,75.2,1694
2001-04-02,Dow Jones,3321.87,3342.27,3389.52,3272.57,595559630,-0.98,1.67,5.95,2.76,101,4636,310,1.3,109.84,145.72,842.58,491.0,8358,5.87,38,75.2,1694
2001-04-03,Dow Jones,3321.87,3342.27,3389.52,3272.57,595559630,-0.98,1.67,5.95,2.76,101,4636,310,1.3,109.84,145.72,842.58,491.0,8358,5.87,38,75.2,1694
2001-04-04,Dow Jones,3321.87,3342.27,3389.52,3272.57,595559630,-0.98,1.67,5.95,2.76,101,4636,310,1.3,109.84,145.72,842.58,491.0,8358,5.87,38,75.2,1694
2001-04-05,Dow Jones,3321.87,3342.27,3389.52,3272.57,595559630,-0.98,1.67,5.95,2.76,101,4636,310,1.3,109.84,145.72,842.58,491.0,8358,5.87,38,75.2,1694
2001-04-06,Dow Jones,3321.87,3342.27,3389.52,3272.57,595559630,-0.98,1.67,5.95,2.76,101,4636,310,1.3,109.84,145.72,842.58,491.0,8358,5.87,38,75.2,1694
2001-04-07,Dow Jones,3321.87,3342.27,3389.52,3272.57,595559630,-0.98,1.67,5.95,2.76,101,4636,310,1.3,109.84,145.72,842.58,491.0,8358,5.87,38,75.2,1694
2001-04-08,Dow Jones,3321.87,3342.27,3389.52,3272.57,595559630,-0.98,1.67,5.95,2.76,101,4636,310,1.3,109.84,145.72,842.58,491.0,8358,5.87,38,75.2,1694
2001-04-09,Dow Jones,3277.51,3259.2000000000003,3317.69,3242.38,173849977,-3.95,8.53,6.39,6.56,71,14853,4644,1.23,131.68,112.62,1533.21,257.87,8766,2.26,2,19.5,3035
2001-04-10,Dow Jones,3482.64,3459.32,3532.42,3425.72,758619276,3.35,5.06,13.6,9.63,51,1247,3248,1.25,114.51,127.71,1168.95,447.27,2401,0.98,43,39.26,3609
2001-04-11,Dow Jones,3482.64,3459.32,3532.42,3425.72,758619276,3.35,5.06,13.6,9.63,51,1247,3248,1.25,114.51,127.71,1168.95,447.27,2401,0.98,43,39.26,3609
2001-04-12,Dow Jones,3482.64,3459.32,3532.42,3425.72,758619276,3.35,5.06,13.6,9.63,51,1247,3248,1.25,114.51,127.71,1168.95,447.27,2401,0.98,43,39.26,3609
2001-04-13,Dow Jones,3482.64,3459.32,3532.42,3425.72,758619276,3.35,5.06,13.6,9.63,51,1247,3248,1.25,114.51,127.71,1168.95,447.27,2401,0.98,43,39.26,3609
2001-04-14,Dow Jones,2902.18,2936.67,2951.42,2891.56,57747913,6.35,9.24,5.17,5.85,114,7504,2245,1.42,95.11,148.13,1069.4,441.5,2949,7.74,6,70.52,12528
2001-04-15,Dow Jones,3172.1,3158.07,3172.86,3115.19,754403819,7.55,6.35,10.11,7.68,118,17851,3801,0.92,116.51,20.87,2118.6,385.51,7993,4.67,39,9.6,12881
2001-04-16,Dow Jones,3172.1,3158.07,3172.86,3115.19,754403819,7.55,6.35,10.11,7.68,118,17851,3801,0.92,116.51,20.87,2118.6,385.51,7993,4.67,39,9.6,12881
2001-04-17,Dow Jones,4856.12,4837.4,4870.22,4826.629999999999,604662562,8.07,8.95,13.84,5.12,79,4047,599,0.9,130.63,54.28,1847.26,161.98,6673,5.39,41,28.14,7258
2001-04-18,Dow Jones,4856.12,4837.4,4870.22,4826.629999999999,604662562,8.07,8.95,13.84,5.12,79,4047,599,0.9,130.63,54.28,1847.26,161.98,6673,5.39,41,28.14,7258
2001-04-19,Dow Jones,4856.12,4837.4,4870.22,4826.629999999999,604662562,8.07,8.95,13.84,5.12,79,4047,599,0.9,130.63,54.28,1847.26,161.98,6673,5.39,41,28.14,7258
2001-04-20,Dow Jones,4856.12,4837.4,4870.22,4826.629999999999,604662562,8.07,8.95,13.84,5.12,79,4047,599,0.9,130.63,54.28,1847.26,161.98,6673,5.39,41,28.14,7258
2001-04-21,Dow Jones,4856.12,4837.4,4870.22,4826.629999999999,604662562,8.07,8.95,13.84,5.12,79,4047,599,0.9,130.63,54.28,1847.26,161.98,6673,5.39,41,28.14,7258
2001-04-22,Dow Jones,4856.12,4837.4,4870.22,4826.629999999999,604662562,8.07,8.95,13.84,5.12,79,4047,599,0.9,130.63,54.28,1847.26,161.98,6673,5.39,41,28.14,7258
2001-04-23,Dow Jones,4856.12,4837.4,4870.22,4826.629999999999,604662562,8.07,8.95,13.84,5.12,79,4047,599,0.9,130.63,54.28,1847.26,161.98,6673,5.39,41,28.14,7258
2001-04-24,Dow Jones,1499.28,1525.9,1558.58,1483.56,289309490,8.2,5.77,13.21,4.83,71,27754,2624,0.97,139.04,25.53,2182.33,370.46,658,6.41,42,72.56,4167
2001-04-25,Dow Jones,1499.28,1525.9,1558.58,1483.56,289309490,8.2,5.77,13.21,4.83,71,27754,2624,0.97,139.04,25.53,2182.33,370.46,658,6.41,42,72.56,4167
2001-04-26,Dow Jones,1499.28,1525.9,1558.58,1483.56,289309490,8.2,5.77,13.21,4.83,71,27754,2624,0.97,139.04,25.53,2182.33,370.46,658,6.41,42,72.56,4167
2001-04-27,Dow Jones,1499.28,1525.9,1558.58,1483.56,289309490,8.2,5.77,13.21,4.83,71,27754,2624,0.97,139.04,25.53,2182.33,370.46,658,6.41,42,72.56,4167
2001-04-28,Dow Jones,1499.28,1525.9,1558.58,1483.56,289309490,8.2,5.77,13.21,4.83,71,27754,2624,0.97,139.04,25.53,2182.33,370.46,658,6.41,42,72.56,4167
2001-04-29,Dow Jones,1499.28,1525.9,1558.58,1483.56,289309490,8.2,5.77,13.21,4.83,71,27754,2624,0.97,139.04,25.53,2182.33,370.46,658,6.41,42,72.56,4167
2001-04-30,Dow Jones,1499.28,1525.9,1558.58,1483.56,289309490,8.2,5.77,13.21,4.83,71,27754,2624,0.97,139.04,25.53,2182.33,370.46,658,6.41,42,72.56,4167
2001-05-01,Dow Jones,1499.28,1525.9,1558.58,1483.56,289309490,8.2,5.77,13.21,4.83,71,27754,2624,0.97,139.04,25.53,2182.33,370.46,658,6.41,42,72.56,4167
2001-05-02,Dow Jones,1499.28,1525.9,1558.58,1483.56,289309490,8.2,5.77,13.21,4.83,71,27754,2624,0.97,139.04,25.53,2182.33,370.46,658,6.41,42,72.56,4167
2001-05-03,Dow Jones,4454.19,4470.419999999999,4496.109999999999,4434.139999999999,352611255,-4.74,3.42,11.38,0.8,84,24047,1129,1.45,125.41,122.81,1711.26,443.17,2892,3.48,29,18.4,3179
2001-05-04,Dow Jones,4454.19,4470.419999999999,4496.109999999999,4434.139999999999,352611255,-4.74,3.42,11.38,0.8,84,24047,1129,1.45,125.41,122.81,1711.26,443.17,2892,3.48,29,18.4,3179
2001-05-05,Dow Jones,4454.19,4470.419999999999,4496.109999999999,4434.139999999999,352611255,-4.74,3.42,11.38,0.8,84,24047,1129,1.45,125.41,122.81,1711.26,443.17,2892,3.48,29,18.4,3179
2001-05-06,Dow Jones,4454.19,4470.419999999999,4496.109999999999,4434.139999999999,352611255,-4.74,3.42,11.38,0.8,84,24047,1129,1.45,125.41,122.81,1711.26,443.17,2892,3.48,29,18.4,3179
2001-05-07,Dow Jones,4454.19,4470.419999999999,4496.109999999999,4434.139999999999,352611255,-4.74,3.42,11.38,0.8,84,24047,1129,1.45,125.41,122.81,1711.26,443.17,2892,3.48,29,18.4,3179
2001-05-08,Dow Jones,4047.19,4054.02,4077.45,4026.4,337394582,-4.3,9.82,10.49,9.2,67,23845,2730,0.88,91.45,143.23,2204.28,476.23,3050,7.53,14,95.12,6039
2001-05-09,Dow Jones,4047.19,4054.02,4077.45,4026.4,337394582,-4.3,9.82,10.49,9.2,67,23845,2730,0.88,91.45,143.23,2204.28,476.23,3050,7.53,14,95.12,6039
2001-05-10,Dow Jones,4047.19,4054.02,4077.45,4026.4,337394582,-4.3,9.82,10.49,9.2,67,23845,2730,0.88,91.45,143.23,2204.28,476.23,3050,7.53,14,95.12,6039
2001-05-11,Dow Jones,4047.19,4054.02,4077.45,4026.4,337394582,-4.3,9.82,10.49,9.2,67,23845,2730,0.88,91.45,143.23,2204.28,476.23,3050,7.53,14,95.12,6039
2001-05-12,Dow Jones,4047.19,4054.02,4077.45,4026.4,337394582,-4.3,9.82,10.49,9.2,67,23845,2730,0.88,91.45,143.23,2204.28,476.23,3050,7.53,14,95.12,6039
2001-05-13,Dow Jones,4047.19,4054.02,4077.45,4026.4,337394582,-4.3,9.82,10.49,9.2,67,23845,2730,0.88,91.45,143.23,2204.28,476.23,3050,7.53,14,95.12,6039
2001-05-14,Dow Jones,4922.96,4929.89,4938.400000000001,4909.42,987497327,7.38,3.6,14.05,1.0,108,5675,2284,0.88,141.55,132.4,973.31,331.95,4607,6.04,25,49.92,8795
2001-05-15,Dow Jones,4922.96,4929.89,4938.400000000001,4909.42,987497327,7.38,3.6,14.05,1.0,108,5675,2284,0.88,141.55,132.4,973.31,331.95,4607,6.04,25,49.92,8795
2001-05-16,Dow Jones,4922.96,4929.89,4938.400000000001,4909.42,987497327,7.38,3.6,14.05,1.0,108,5675,2284,0.88,141.55,132.4,973.31,331.95,4607,6.04,25,49.92,8795
2001-05-17,Dow Jones,4058.11,4013.23,4073.58,3969.01,715142970,0.11,1.8,6.13,3.42,55,9513,911,1.05,148.93,137.48,2178.35,476.22,9409,5.62,47,6.38,10267
2001-05-18,Dow Jones,4058.11,4013.23,4073.58,3969.01,715142970,0.11,1.8,6.13,3.42,55,9513,911,1.05,148.93,137.48,2178.35,476.22,9409,5.62,47,6.38,10267
2001-05-19,Dow Jones,4058.11,4013.23,4073.58,3969.01,715142970,0.11,1.8,6.13,3.42,55,9513,911,1.05,148.93,137.48,2178.35,476.22,9409,5.62,47,6.38,10267
2001-05-20,Dow Jones,4058.11,4013.23,4073.58,3969.01,715142970,0.11,1.8,6.13,3.42,55,9513,911,1.05,148.93,137.48,2178.35,476.22,9409,5.62,47,6.38,10267
2001-05-21,Dow Jones,4058.11,4013.23,4073.58,3969.01,715142970,0.11,1.8,6.13,3.42,55,9513,911,1.05,148.93,137.48,2178.35,476.22,9409,5.62,47,6.38,10267
2001-05-22,Dow Jones,4415.85,4416.26,4416.280000000001,4371.68,637856498,-1.46,2.47,14.41,9.38,96,11804,1833,1.12,124.46,121.06,907.98,296.23,8827,7.02,19,12.64,14888
2001-05-23,Dow Jones,4415.85,4416.26,4416.280000000001,4371.68,637856498,-1.46,2.47,14.41,9.38,96,11804,1833,1.12,124.46,121.06,907.98,296.23,8827,7.02,19,12.64,14888
2001-05-24,Dow Jones,4415.85,4416.26,4416.280000000001,4371.68,637856498,-1.46,2.47,14.41,9.38,96,11804,1833,1.12,124.46,121.06,907.98,296.23,8827,7.02,19,12.64,14888
2001-05-25,Dow Jones,4572.36,4568.759999999999,4586.759999999999,4551.999999999999,121138393,2.92,5.96,3.06,8.9,93,8118,172,0.87,90.21,110.44,816.2,441.37,3748,8.4,44,62.75,7581
2001-05-26,Dow Jones,4572.36,4568.759999999999,4586.759999999999,4551.999999999999,121138393,2.92,5.96,3.06,8.9,93,8118,172,0.87,90.21,110.44,816.2,441.37,3748,8.4,44,62.75,7581
2001-05-27,Dow Jones,4533.86,4576.63,4609.21,4503.95,584603323,0.71,4.45,14.51,4.39,82,3050,4161,0.9,108.94,56.32,2301.96,248.71,9415,1.15,33,1.94,776
2001-05-28,Dow Jones,4533.86,4576.63,4609.21,4503.95,584603323,0.71,4.45,14.51,4.39,82,3050,4161,0.9,108.94,56.32,2301.96,248.71,9415,1.15,33,1.94,776
2001-05-29,Dow Jones,4533.86,4576.63,4609.21,4503.95,584603323,0.71,4.45,14.51,4.39,82,3050,4161,0.9,108.94,56.32,2301.96,248.71,9415,1.15,33,1.94,776
2001-05-30,Dow Jones,4533.86,4576.63,4609.21,4503.95,584603323,0.71,4.45,14.51,4.39,82,3050,4161,0.9,108.94,56.32,2301.96,248.71,9415,1.15,33,1.94,776
2001-05-31,Dow Jones,4705.53,4733.12,4745.73,4674.139999999999,307124555,8.95,6.38,3.14,9.49,92,27632,856,0.9,122.26,99.74,862.65,194.96,414,7.34,22,38.57,6830
2001-06-01,Dow Jones,1076.46,1107.26,1155.06,1057.68,465487238,8.61,3.78,7.42,5.83,103,9345,2765,1.48,132.93,116.78,1703.49,114.32,6333,3.44,40,78.84,6189
2001-06-02,Dow Jones,1076.46,1107.26,1155.06,1057.68,465487238,8.61,3.78,7.42,5.83,103,9345,2765,1.48,132.93,116.78,1703.49,114.32,6333,3.44,40,78.84,6189
2001-06-03,Dow Jones,3750.89,3712.29,3773.76,3676.82,829647072,-1.91,3.05,6.55,1.57,102,24284,1550,1.05,93.01,31.68,2250.11,130.47,5470,4.82,26,36.33,5441
2001-06-04,Dow Jones,3750.89,3712.29,3773.76,3676.82,829647072,-1.91,3.05,6.55,1.57,102,24284,1550,1.05,93.01,31.68,2250.11,130.47,5470,4.82,26,36.33,5441
2001-06-05,Dow Jones,3750.89,3712.29,3773.76,3676.82,829647072,-1.91,3.05,6.55,1.57,102,24284,1550,1.05,93.01,31.68,2250.11,130.47,5470,4.82,26,36.33,5441
2001-06-06,Dow Jones,3750.89,3712.29,3773.76,3676.82,829647072,-1.91,3.05,6.55,1.57,102,24284,1550,1.05,93.01,31.68,2250.11,130.47,5470,4.82,26,36.33,5441
2001-06-07,Dow Jones,2197.58,2212.22,2220.06,2186.77,804403002,9.17,9.12,10.33,3.93,59,3892,1822,1.37,109.37,48.8,1264.53,115.7,199,8.26,16,54.38,3405
2001-06-08,Dow Jones,2197.58,2212.22,2220.06,2186.77,804403002,9.17,9.12,10.33,3.93,59,3892,1822,1.37,109.37,48.8,1264.53,115.7,199,8.26,16,54.38,3405
2001-06-09,Dow Jones,2197.58,2212.22,2220.06,2186.77,804403002,9.17,9.12,10.33,3.93,59,3892,1822,1.37,109.37,48.8,1264.53,115.7,199,8.26,16,54.38,3405
2001-06-10,Dow Jones,2115.04,2068.48,2116.17,2030.66,297224040,-2.11,7.17,5.87,6.36,59,9754,679,0.96,114.72,132.07,2295.41,429.35,9713,0.68,14,7.31,13445
2001-06-11,Dow Jones,2115.04,2068.48,2116.17,2030.66,297224040,-2.11,7.17,5.87,6.36,59,9754,679,0.96,114.72,132.07,2295.41,429.35,9713,0.68,14,7.31,13445
2001-06-12,Dow Jones,2115.04,2068.48,2116.17,2030.66,297224040,-2.11,7.17,5.87,6.36,59,9754,679,0.96,114.72,132.07,2295.41,429.35,9713,0.68,14,7.31,13445
2001-06-13,Dow Jones,2115.04,2068.48,2116.17,2030.66,297224040,-2.11,7.17,5.87,6.36,59,9754,679,0.96,114.72,132.07,2295.41,429.35,9713,0.68,14,7.31,13445
2001-06-14,Dow Jones,4991.28,4970.55,5023.04,4936.05,587454130,-3.44,1.89,6.54,2.3,106,10300,2731,0.92,109.45,66.4,1667.63,288.8,6405,9.73,8,33.25,11498
2001-06-15,Dow Jones,4991.28,4970.55,5023.04,4936.05,587454130,-3.44,1.89,6.54,2.3,106,10300,2731,0.92,109.45,66.4,1667.63,288.8,6405,9.73,8,33.25,11498
2001-06-16,Dow Jones,4313.88,4277.22,4314.78,4273.04,814209600,5.46,8.9,9.82,9.52,72,7139,407,0.9,140.24,132.65,1420.46,372.68,4489,2.54,7,74.96,6411
2001-06-17,Dow Jones,2178.48,2197.64,2225.49,2133.42,599999592,0.32,1.73,12.08,1.96,53,23902,333,0.92,101.49,61.35,1606.15,185.63,345,0.72,42,63.73,14641
2001-06-18,Dow Jones,2178.48,2197.64,2225.49,2133.42,599999592,0.32,1.73,12.08,1.96,53,23902,333,0.92,101.49,61.35,1606.15,185.63,345,0.72,42,63.73,14641
2001-06-19,Dow Jones,2178.48,2197.64,2225.49,2133.42,599999592,0.32,1.73,12.08,1.96,53,23902,333,0.92,101.49,61.35,1606.15,185.63,345,0.72,42,63.73,14641
2001-06-20,Dow Jones,2178.48,2197.64,2225.49,2133.42,599999592,0.32,1.73,12.08,1.96,53,23902,333,0.92,101.49,61.35,1606.15,185.63,345,0.72,42,63.73,14641
2001-06-21,Dow Jones,2178.48,2197.64,2225.49,2133.42,599999592,0.32,1.73,12.08,1.96,53,23902,333,0.92,101.49,61.35,1606.15,185.63,345,0.72,42,63.73,14641
2001-06-22,Dow Jones,2178.48,2197.64,2225.49,2133.42,599999592,0.32,1.73,12.08,1.96,53,23902,333,0.92,101.49,61.35,1606.15,185.63,345,0.72,42,63.73,14641
2001-06-23,Dow Jones,2178.48,2197.64,2225.49,2133.42,599999592,0.32,1.73,12.08,1.96,53,23902,333,0.92,101.49,61.35,1606.15,185.63,345,0.72,42,63.73,14641
2001-06-24,Dow Jones,2178.48,2197.64,2225.49,2133.42,599999592,0.32,1.73,12.08,1.96,53,23902,333,0.92,101.49,61.35,1606.15,185.63,345,0.72,42,63.73,14641
2001-06-25,Dow Jones,2178.48,2197.64,2225.49,2133.42,599999592,0.32,1.73,12.08,1.96,53,23902,333,0.92,101.49,61.35,1606.15,185.63,345,0.72,42,63.73,14641
2001-06-26,Dow Jones,4064.46,4079.42,4113.13,4058.38,980149964,-3.99,1.98,9.44,3.01,114,3569,2786,1.49,146.93,35.58,1216.48,172.3,1139,2.84,45,32.49,7539
2001-06-27,Dow Jones,4064.46,4079.42,4113.13,4058.38,980149964,-3.99,1.98,9.44,3.01,114,3569,2786,1.49,146.93,35.58,1216.48,172.3,1139,2.84,45,32.49,7539
2001-06-28,Dow Jones,3454.42,3487.24,3520.2000000000003,3430.36,876540616,-2.03,2.33,11.07,6.84,92,21478,3727,1.26,113.04,123.65,1925.41,450.16,8187,4.63,2,34.42,4332
2001-06-29,Dow Jones,3454.42,3487.24,3520.2000000000003,3430.36,876540616,-2.03,2.33,11.07,6.84,92,21478,3727,1.26,113.04,123.65,1925.41,450.16,8187,4.63,2,34.42,4332
2001-06-30,Dow Jones,3454.42,3487.24,3520.2000000000003,3430.36,876540616,-2.03,2.33,11.07,6.84,92,21478,3727,1.26,113.04,123.65,1925.41,450.16,8187,4.63,2,34.42,4332
2001-07-01,Dow Jones,3454.42,3487.24,3520.2000000000003,3430.36,876540616,-2.03,2.33,11.07,6.84,92,21478,3727,1.26,113.04,123.65,1925.41,450.16,8187,4.63,2,34.42,4332
2001-07-02,Dow Jones,3454.42,3487.24,3520.2000000000003,3430.36,876540616,-2.03,2.33,11.07,6.84,92,21478,3727,1.26,113.04,123.65,1925.41,450.16,8187,4.63,2,34.42,4332
2001-07-03,Dow Jones,2628.43,2604.18,2647.84,2576.77,934066918,1.32,8.02,4.62,7.33,87,6642,4481,1.02,102.32,101.0,1961.58,243.75,5634,1.85,37,78.34,6853
2001-07-04,Dow Jones,2628.43,2604.18,2647.84,2576.77,934066918,1.32,8.02,4.62,7.33,87,6642,4481,1.02,102.32,101.0,1961.58,243.75,5634,1.85,37,78.34,6853
2001-07-05,Dow Jones,2628.43,2604.18,2647.84,2576.77,934066918,1.32,8.02,4.62,7.33,87,6642,4481,1.02,102.32,101.0,1961.58,243.75,5634,1.85,37,78.34,6853
2001-07-06,Dow Jones,2628.43,2604.18,2647.84,2576.77,934066918,1.32,8.02,4.62,7.33,87,6642,4481,1.02,102.32,101.0,1961.58,243.75,5634,1.85,37,78.34,6853
2001-07-07,Dow Jones,2628.43,2604.18,2647.84,2576.77,934066918,1.32,8.02,4.62,7.33,87,6642,4481,1.02,102.32,101.0,1961.58,243.75,5634,1.85,37,78.34,6853
2001-07-08,Dow Jones,2628.43,2604.18,2647.84,2576.77,934066918,1.32,8.02,4.62,7.33,87,6642,4481,1.02,102.32,101.0,1961.58,243.75,5634,1.85,37,78.34,6853
2001-07-09,Dow Jones,2628.43,2604.18,2647.84,2576.77,934066918,1.32,8.02,4.62,7.33,87,6642,4481,1.02,102.32,101.0,1961.58,243.75,5634,1.85,37,78.34,6853
2001-07-10,Dow Jones,2628.43,2604.18,2647.84,2576.77,934066918,1.32,8.02,4.62,7.33,87,6642,4481,1.02,102.32,101.0,1961.58,243.75,5634,1.85,37,78.34,6853
2001-07-11,Dow Jones,2628.43,2604.18,2647.84,2576.77,934066918,1.32,8.02,4.62,7.33,87,6642,4481,1.02,102.32,101.0,1961.58,243.75,5634,1.85,37,78.34,6853
2001-07-12,Dow Jones,2198.26,2221.8500000000004,2251.5400000000004,2157.1800000000003,145463936,9.14,4.56,2.7,4.35,51,28804,1000,1.06,108.49,69.25,2493.08,161.46,1252,9.83,0,95.92,4426
2001-07-13,Dow Jones,2198.26,2221.8500000000004,2251.5400000000004,2157.1800000000003,145463936,9.14,4.56,2.7,4.35,51,28804,1000,1.06,108.49,69.25,2493.08,161.46,1252,9.83,0,95.92,4426
2001-07-14,Dow Jones,3002.5,3016.41,3057.82,2960.07,841719426,-0.77,3.71,10.33,8.88,75,22958,4246,0.85,104.04,62.72,959.94,420.71,475,1.28,25,26.04,482
2001-07-15,Dow Jones,3002.5,3016.41,3057.82,2960.07,841719426,-0.77,3.71,10.33,8.88,75,22958,4246,0.85,104.04,62.72,959.94,420.71,475,1.28,25,26.04,482
2001-07-16,Dow Jones,3002.5,3016.41,3057.82,2960.07,841719426,-0.77,3.71,10.33,8.88,75,22958,4246,0.85,104.04,62.72,959.94,420.71,475,1.28,25,26.04,482
2001-07-17,Dow Jones,1200.9,1177.26,1233.71,1133.77,880764793,3.46,7.15,13.25,4.95,99,11436,1877,0.87,93.54,86.6,1793.68,325.71,5159,1.53,43,2.33,5256
2001-07-18,Dow Jones,1291.61,1269.52,1335.6999999999998,1247.92,185409396,-2.64,5.43,4.21,7.38,59,24563,333,0.98,127.51,123.13,2148.25,113.45,6459,7.91,23,55.85,12045
2001-07-19,Dow Jones,1291.61,1269.52,1335.6999999999998,1247.92,185409396,-2.64,5.43,4.21,7.38,59,24563,333,0.98,127.51,123.13,2148.25,113.45,6459,7.91,23,55.85,12045
2001-07-20,Dow Jones,1291.61,1269.52,1335.6999999999998,1247.92,185409396,-2.64,5.43,4.21,7.38,59,24563,333,0.98,127.51,123.13,2148.25,113.45,6459,7.91,23,55.85,12045
2001-07-21,Dow Jones,1291.61,1269.52,1335.6999999999998,1247.92,185409396,-2.64,5.43,4.21,7.38,59,24563,333,0.98,127.51,123.13,2148.25,113.45,6459,7.91,23,55.85,12045
2001-07-22,Dow Jones,2124.02,2146.55,2191.55,2099.25,525894776,-0.79,9.99,11.64,5.09,105,13749,602,1.38,101.13,23.61,1745.81,287.64,9599,3.2,36,57.81,7492
2001-07-23,Dow Jones,2124.02,2146.55,2191.55,2099.25,525894776,-0.79,9.99,11.64,5.09,105,13749,602,1.38,101.13,23.61,1745.81,287.64,9599,3.2,36,57.81,7492
2001-07-24,Dow Jones,4716.91,4764.349999999999,4778.07,4679.19,779249745,5.26,7.78,6.82,5.5,86,19875,1255,1.01,129.24,75.51,2407.53,466.27,9339,7.34,25,96.37,618
2001-07-25,Dow Jones,4716.91,4764.349999999999,4778.07,4679.19,779249745,5.26,7.78,6.82,5.5,86,19875,1255,1.01,129.24,75.51,2407.53,466.27,9339,7.34,25,96.37,618
2001-07-26,Dow Jones,4624.44,4580.969999999999,4643.83,4558.789999999999,791170241,8.64,5.74,7.63,7.41,97,26654,1035,1.26,136.66,24.55,816.14,127.81,9210,0.7,49,74.04,335
2001-07-27,Dow Jones,4624.44,4580.969999999999,4643.83,4558.789999999999,791170241,8.64,5.74,7.63,7.41,97,26654,1035,1.26,136.66,24.55,816.14,127.81,9210,0.7,49,74.04,335
2001-07-28,Dow Jones,4624.44,4580.969999999999,4643.83,4558.789999999999,791170241,8.64,5.74,7.63,7.41,97,26654,1035,1.26,136.66,24.55,816.14,127.81,9210,0.7,49,74.04,335
2001-07-29,Dow Jones,4624.44,4580.969999999999,4643.83,4558.789999999999,791170241,8.64,5.74,7.63,7.41,97,26654,1035,1.26,136.66,24.55,816.14,127.81,9210,0.7,49,74.04,335
2001-07-30,Dow Jones,4624.44,4580.969999999999,4643.83,4558.789999999999,791170241,8.64,5.74,7.63,7.41,97,26654,1035,1.26,136.66,24.55,816.14,127.81,9210,0.7,49,74.04,335
2001-07-31,Dow Jones,4624.44,4580.969999999999,4643.83,4558.789999999999,791170241,8.64,5.74,7.63,7.41,97,26654,1035,1.26,136.66,24.55,816.14,127.81,9210,0.7,49,74.04,335
2001-08-01,Dow Jones,4624.44,4580.969999999999,4643.83,4558.789999999999,791170241,8.64,5.74,7.63,7.41,97,26654,1035,1.26,136.66,24.55,816.14,127.81,9210,0.7,49,74.04,335
2001-08-02,Dow Jones,4624.44,4580.969999999999,4643.83,4558.789999999999,791170241,8.64,5.74,7.63,7.41,97,26654,1035,1.26,136.66,24.55,816.14,127.81,9210,0.7,49,74.04,335
2001-08-03,Dow Jones,4624.44,4580.969999999999,4643.83,4558.789999999999,791170241,8.64,5.74,7.63,7.41,97,26654,1035,1.26,136.66,24.55,816.14,127.81,9210,0.7,49,74.04,335
2001-08-04,Dow Jones,1491.68,1445.67,1505.18,1440.22,582570038,5.65,1.77,3.51,0.73,66,20115,2246,1.34,122.27,76.1,813.75,213.57,1636,9.07,8,63.12,10269
2001-08-05,Dow Jones,4554.64,4540.87,4593.06,4528.33,767516894,-4.16,3.26,7.04,3.8,111,4196,1310,1.01,97.96,28.89,2388.71,342.01,9841,6.97,7,10.48,7118
2001-08-06,Dow Jones,4554.64,4540.87,4593.06,4528.33,767516894,-4.16,3.26,7.04,3.8,111,4196,1310,1.01,97.96,28.89,2388.71,342.01,9841,6.97,7,10.48,7118
2001-08-07,Dow Jones,4554.64,4540.87,4593.06,4528.33,767516894,-4.16,3.26,7.04,3.8,111,4196,1310,1.01,97.96,28.89,2388.71,342.01,9841,6.97,7,10.48,7118
2001-08-08,Dow Jones,4554.64,4540.87,4593.06,4528.33,767516894,-4.16,3.26,7.04,3.8,111,4196,1310,1.01,97.96,28.89,2388.71,342.01,9841,6.97,7,10.48,7118
2001-08-09,Dow Jones,3499.14,3454.65,3522.66,3421.46,274925704,6.55,3.37,3.06,4.99,56,18513,1594,1.43,122.02,44.81,2386.13,267.45,3626,5.89,47,28.5,5445
2001-08-10,Dow Jones,3499.14,3454.65,3522.66,3421.46,274925704,6.55,3.37,3.06,4.99,56,18513,1594,1.43,122.02,44.81,2386.13,267.45,3626,5.89,47,28.5,5445
2001-08-11,Dow Jones,3730.47,3727.37,3768.61,3725.14,109311569,9.63,0.43,12.87,2.58,61,4989,3177,1.34,89.21,139.33,1188.57,127.67,6730,7.52,9,45.94,11468
2001-08-12,Dow Jones,3730.47,3727.37,3768.61,3725.14,109311569,9.63,0.43,12.87,2.58,61,4989,3177,1.34,89.21,139.33,1188.57,127.67,6730,7.52,9,45.94,11468
2001-08-13,Dow Jones,3855.81,3869.92,3903.46,3821.87,963490335,-3.87,7.62,2.84,0.6,89,2516,3154,0.93,139.88,36.28,2281.46,457.85,4314,2.49,21,22.25,6581
2001-08-14,Dow Jones,4290.14,4271.31,4332.51,4247.67,112557095,9.05,9.53,7.08,5.02,50,8858,2915,1.45,96.86,137.66,2478.66,354.78,1873,6.08,11,27.12,10009
2001-08-15,Dow Jones,4290.14,4271.31,4332.51,4247.67,112557095,9.05,9.53,7.08,5.02,50,8858,2915,1.45,96.86,137.66,2478.66,354.78,1873,6.08,11,27.12,10009
2001-08-16,Dow Jones,3210.0,3166.61,3230.14,3149.8,942751050,5.34,4.22,9.51,6.91,52,21431,2135,1.24,141.05,36.97,1064.6,377.81,6146,5.36,28,63.85,7898
2001-08-17,Dow Jones,3210.0,3166.61,3230.14,3149.8,942751050,5.34,4.22,9.51,6.91,52,21431,2135,1.24,141.05,36.97,1064.6,377.81,6146,5.36,28,63.85,7898
2001-08-18,Dow Jones,3210.0,3166.61,3230.14,3149.8,942751050,5.34,4.22,9.51,6.91,52,21431,2135,1.24,141.05,36.97,1064.6,377.81,6146,5.36,28,63.85,7898
2001-08-19,Dow Jones,4101.38,4099.17,4128.52,4059.32,793499730,-3.48,7.46,6.09,0.57,54,20828,2396,1.29,133.41,67.1,1605.18,426.44,9962,7.95,45,9.69,9843
2001-08-20,Dow Jones,4101.38,4099.17,4128.52,4059.32,793499730,-3.48,7.46,6.09,0.57,54,20828,2396,1.29,133.41,67.1,1605.18,426.44,9962,7.95,45,9.69,9843
2001-08-21,Dow Jones,2986.78,3005.03,3022.42,2980.24,919874227,1.42,2.5,11.65,6.52,66,13555,2887,1.15,141.0,55.06,1739.25,263.59,1187,1.96,32,24.49,8835
2001-08-22,Dow Jones,2986.78,3005.03,3022.42,2980.24,919874227,1.42,2.5,11.65,6.52,66,13555,2887,1.15,141.0,55.06,1739.25,263.59,1187,1.96,32,24.49,8835
2001-08-23,Dow Jones,2986.78,3005.03,3022.42,2980.24,919874227,1.42,2.5,11.65,6.52,66,13555,2887,1.15,141.0,55.06,1739.25,263.59,1187,1.96,32,24.49,8835
2001-08-24,Dow Jones,3518.23,3495.04,3539.15,3475.79,343871831,-3.03,8.72,2.76,6.65,96,22781,904,1.42,84.72,30.89,2225.17,497.75,6260,9.64,12,31.73,8246
2001-08-25,Dow Jones,3518.23,3495.04,3539.15,3475.79,343871831,-3.03,8.72,2.76,6.65,96,22781,904,1.42,84.72,30.89,2225.17,497.75,6260,9.64,12,31.73,8246
2001-08-26,Dow Jones,3994.58,3957.11,4037.64,3909.61,638111932,9.71,6.26,11.44,3.55,76,6282,3187,1.12,94.75,134.18,2406.64,197.72,2700,6.76,29,96.81,14297
2001-08-27,Dow Jones,3994.58,3957.11,4037.64,3909.61,638111932,9.71,6.26,11.44,3.55,76,6282,3187,1.12,94.75,134.18,2406.64,197.72,2700,6.76,29,96.81,14297
2001-08-28,Dow Jones,3994.58,3957.11,4037.64,3909.61,638111932,9.71,6.26,11.44,3.55,76,6282,3187,1.12,94.75,134.18,2406.64,197.72,2700,6.76,29,96.81,14297
2001-08-29,Dow Jones,3994.58,3957.11,4037.64,3909.61,638111932,9.71,6.26,11.44,3.55,76,6282,3187,1.12,94.75,134.18,2406.64,197.72,2700,6.76,29,96.81,14297
2001-08-30,Dow Jones,3994.58,3957.11,4037.64,3909.61,638111932,9.71,6.26,11.44,3.55,76,6282,3187,1.12,94.75,134.18,2406.64,197.72,2700,6.76,29,96.81,14297
2001-08-31,Dow Jones,2104.68,2143.76,2156.2499999999995,2096.32,517097692,2.76,9.62,10.21,8.19,88,24160,4241,1.48,113.36,82.0,943.13,241.52,915,0.57,37,88.66,14761
2001-09-01,Dow Jones,2104.68,2143.76,2156.2499999999995,2096.32,517097692,2.76,9.62,10.21,8.19,88,24160,4241,1.48,113.36,82.0,943.13,241.52,915,0.57,37,88.66,14761
2001-09-02,Dow Jones,1250.76,1246.69,1294.63,1227.4,392675462,9.18,1.65,12.0,9.77,96,26911,3941,1.32,145.5,57.32,884.45,353.03,8523,5.86,4,43.2,12678
2001-09-03,Dow Jones,1250.76,1246.69,1294.63,1227.4,392675462,9.18,1.65,12.0,9.77,96,26911,3941,1.32,145.5,57.32,884.45,353.03,8523,5.86,4,43.2,12678
2001-09-04,Dow Jones,1250.76,1246.69,1294.63,1227.4,392675462,9.18,1.65,12.0,9.77,96,26911,3941,1.32,145.5,57.32,884.45,353.03,8523,5.86,4,43.2,12678
2001-09-05,Dow Jones,1987.3,2019.43,2069.09,1976.97,530511056,-3.75,1.75,8.83,7.8,50,20931,2672,0.86,126.52,76.08,914.42,309.25,7417,6.39,27,16.7,1672
2001-09-06,Dow Jones,3963.62,3938.09,3968.92,3889.6,691816175,7.34,7.33,3.53,5.23,63,18739,4004,1.37,124.83,56.05,880.38,418.22,8139,4.53,16,86.18,5753
2001-09-07,Dow Jones,3963.62,3938.09,3968.92,3889.6,691816175,7.34,7.33,3.53,5.23,63,18739,4004,1.37,124.83,56.05,880.38,418.22,8139,4.53,16,86.18,5753
2001-09-08,Dow Jones,1407.57,1441.45,1488.97,1368.28,523207223,-4.43,1.86,6.69,2.98,94,12153,4723,1.44,104.95,86.49,2380.93,402.98,4584,2.58,46,36.71,1011
2001-09-09,Dow Jones,2440.94,2478.65,2526.57,2424.87,319900887,5.79,3.32,4.38,1.66,110,2667,715,1.19,109.94,121.93,2107.32,278.45,1431,2.81,6,29.25,12093
2001-09-10,Dow Jones,2440.94,2478.65,2526.57,2424.87,319900887,5.79,3.32,4.38,1.66,110,2667,715,1.19,109.94,121.93,2107.32,278.45,1431,2.81,6,29.25,12093
2001-09-11,Dow Jones,4370.85,4375.910000000001,4376.660000000001,4324.96,401452982,5.72,7.26,3.93,9.46,105,18517,4396,1.25,133.56,52.6,2119.79,278.48,2521,5.39,11,27.3,4511
2001-09-12,Dow Jones,4370.85,4375.910000000001,4376.660000000001,4324.96,401452982,5.72,7.26,3.93,9.46,105,18517,4396,1.25,133.56,52.6,2119.79,278.48,2521,5.39,11,27.3,4511
2001-09-13,Dow Jones,4370.85,4375.910000000001,4376.660000000001,4324.96,401452982,5.72,7.26,3.93,9.46,105,18517,4396,1.25,133.56,52.6,2119.79,278.48,2521,5.39,11,27.3,4511
2001-09-14,Dow Jones,4370.85,4375.910000000001,4376.660000000001,4324.96,401452982,5.72,7.26,3.93,9.46,105,18517,4396,1.25,133.56,52.6,2119.79,278.48,2521,5.39,11,27.3,4511
2001-09-15,Dow Jones,4370.85,4375.910000000001,4376.660000000001,4324.96,401452982,5.72,7.26,3.93,9.46,105,18517,4396,1.25,133.56,52.6,2119.79,278.48,2521,5.39,11,27.3,4511
2001-09-16,Dow Jones,4370.85,4375.910000000001,4376.660000000001,4324.96,401452982,5.72,7.26,3.93,9.46,105,18517,4396,1.25,133.56,52.6,2119.79,278.48,2521,5.39,11,27.3,4511
2001-09-17,Dow Jones,4370.85,4375.910000000001,4376.660000000001,4324.96,401452982,5.72,7.26,3.93,9.46,105,18517,4396,1.25,133.56,52.6,2119.79,278.48,2521,5.39,11,27.3,4511
2001-09-18,Dow Jones,4856.31,4890.68,4920.900000000001,4852.740000000001,820828094,4.07,0.18,5.6,9.73,88,20295,2045,1.01,111.64,124.26,1542.44,382.15,8842,1.96,15,74.31,7950
2001-09-19,Dow Jones,4856.31,4890.68,4920.900000000001,4852.740000000001,820828094,4.07,0.18,5.6,9.73,88,20295,2045,1.01,111.64,124.26,1542.44,382.15,8842,1.96,15,74.31,7950
2001-09-20,Dow Jones,4856.31,4890.68,4920.900000000001,4852.740000000001,820828094,4.07,0.18,5.6,9.73,88,20295,2045,1.01,111.64,124.26,1542.44,382.15,8842,1.96,15,74.31,7950
2001-09-21,Dow Jones,4856.31,4890.68,4920.900000000001,4852.740000000001,820828094,4.07,0.18,5.6,9.73,88,20295,2045,1.01,111.64,124.26,1542.44,382.15,8842,1.96,15,74.31,7950
2001-09-22,Dow Jones,4856.31,4890.68,4920.900000000001,4852.740000000001,820828094,4.07,0.18,5.6,9.73,88,20295,2045,1.01,111.64,124.26,1542.44,382.15,8842,1.96,15,74.31,7950
2001-09-23,Dow Jones,4856.31,4890.68,4920.900000000001,4852.740000000001,820828094,4.07,0.18,5.6,9.73,88,20295,2045,1.01,111.64,124.26,1542.44,382.15,8842,1.96,15,74.31,7950
2001-09-24,Dow Jones,3815.43,3823.67,3834.74,3769.89,338040054,5.09,0.64,12.67,5.64,54,10052,1719,0.89,125.69,74.82,1874.3,316.83,5753,8.92,4,23.78,6987
2001-09-25,Dow Jones,3815.43,3823.67,3834.74,3769.89,338040054,5.09,0.64,12.67,5.64,54,10052,1719,0.89,125.69,74.82,1874.3,316.83,5753,8.92,4,23.78,6987
2001-09-26,Dow Jones,3815.43,3823.67,3834.74,3769.89,338040054,5.09,0.64,12.67,5.64,54,10052,1719,0.89,125.69,74.82,1874.3,316.83,5753,8.92,4,23.78,6987
2001-09-27,Dow Jones,3815.43,3823.67,3834.74,3769.89,338040054,5.09,0.64,12.67,5.64,54,10052,1719,0.89,125.69,74.82,1874.3,316.83,5753,8.92,4,23.78,6987
2001-09-28,Dow Jones,3815.43,3823.67,3834.74,3769.89,338040054,5.09,0.64,12.67,5.64,54,10052,1719,0.89,125.69,74.82,1874.3,316.83,5753,8.92,4,23.78,6987
2001-09-29,Dow Jones,3815.43,3823.67,3834.74,3769.89,338040054,5.09,0.64,12.67,5.64,54,10052,1719,0.89,125.69,74.82,1874.3,316.83,5753,8.92,4,23.78,6987
2001-09-30,Dow Jones,3815.43,3823.67,3834.74,3769.89,338040054,5.09,0.64,12.67,5.64,54,10052,1719,0.89,125.69,74.82,1874.3,316.83,5753,8.92,4,23.78,6987
2001-10-01,Dow Jones,4803.09,4754.84,4833.42,4730.76,818977199,-4.23,1.47,3.4,2.95,87,8105,239,0.88,97.93,91.36,1451.28,264.38,4540,7.54,44,34.12,6998
2001-10-02,Dow Jones,4803.09,4754.84,4833.42,4730.76,818977199,-4.23,1.47,3.4,2.95,87,8105,239,0.88,97.93,91.36,1451.28,264.38,4540,7.54,44,34.12,6998
2001-10-03,Dow Jones,4803.09,4754.84,4833.42,4730.76,818977199,-4.23,1.47,3.4,2.95,87,8105,239,0.88,97.93,91.36,1451.28,264.38,4540,7.54,44,34.12,6998
2001-10-04,Dow Jones,4803.09,4754.84,4833.42,4730.76,818977199,-4.23,1.47,3.4,2.95,87,8105,239,0.88,97.93,91.36,1451.28,264.38,4540,7.54,44,34.12,6998
2001-10-05,Dow Jones,4803.09,4754.84,4833.42,4730.76,818977199,-4.23,1.47,3.4,2.95,87,8105,239,0.88,97.93,91.36,1451.28,264.38,4540,7.54,44,34.12,6998
2001-10-06,Dow Jones,3576.6,3561.56,3589.85,3525.2,838858770,5.79,1.25,11.91,6.19,66,12597,4765,0.98,126.62,36.43,846.45,421.86,6983,5.07,39,9.41,5641
2001-10-07,Dow Jones,1192.74,1202.37,1229.18,1179.26,902212087,1.59,4.03,13.04,5.51,111,8837,3269,0.88,91.0,111.02,2435.87,477.58,1877,8.14,22,10.22,2415
2001-10-08,Dow Jones,1192.74,1202.37,1229.18,1179.26,902212087,1.59,4.03,13.04,5.51,111,8837,3269,0.88,91.0,111.02,2435.87,477.58,1877,8.14,22,10.22,2415
2001-10-09,Dow Jones,1192.74,1202.37,1229.18,1179.26,902212087,1.59,4.03,13.04,5.51,111,8837,3269,0.88,91.0,111.02,2435.87,477.58,1877,8.14,22,10.22,2415
2001-10-10,Dow Jones,1192.74,1202.37,1229.18,1179.26,902212087,1.59,4.03,13.04,5.51,111,8837,3269,0.88,91.0,111.02,2435.87,477.58,1877,8.14,22,10.22,2415
2001-10-11,Dow Jones,2730.92,2743.48,2779.41,2730.09,646730611,-2.19,9.15,11.11,7.21,74,5094,1349,1.36,136.39,103.5,906.63,262.69,1054,5.3,3,23.57,1419
2001-10-12,Dow Jones,2830.8,2838.88,2849.57,2790.0600000000004,948771825,6.73,8.82,9.15,0.82,90,17686,2797,1.47,119.05,46.73,847.36,101.87,231,0.31,27,72.03,11302
2001-10-13,Dow Jones,2830.8,2838.88,2849.57,2790.0600000000004,948771825,6.73,8.82,9.15,0.82,90,17686,2797,1.47,119.05,46.73,847.36,101.87,231,0.31,27,72.03,11302
2001-10-14,Dow Jones,2830.8,2838.88,2849.57,2790.0600000000004,948771825,6.73,8.82,9.15,0.82,90,17686,2797,1.47,119.05,46.73,847.36,101.87,231,0.31,27,72.03,11302
2001-10-15,Dow Jones,2479.25,2449.84,2490.64,2446.1400000000003,801296174,5.23,6.55,7.64,1.83,74,18202,3984,1.45,136.21,37.18,1556.37,402.35,7509,3.37,48,36.1,10237
2001-10-16,Dow Jones,1209.42,1194.67,1238.61,1185.92,410259324,0.06,7.68,3.62,6.42,88,16859,194,1.2,124.83,131.69,2235.47,328.61,1500,3.78,7,81.13,11671
2001-10-17,Dow Jones,1209.42,1194.67,1238.61,1185.92,410259324,0.06,7.68,3.62,6.42,88,16859,194,1.2,124.83,131.69,2235.47,328.61,1500,3.78,7,81.13,11671
2001-10-18,Dow Jones,1209.42,1194.67,1238.61,1185.92,410259324,0.06,7.68,3.62,6.42,88,16859,194,1.2,124.83,131.69,2235.47,328.61,1500,3.78,7,81.13,11671
2001-10-19,Dow Jones,4288.72,4306.34,4333.2,4241.21,555464590,8.92,0.44,10.0,3.92,83,12490,4717,1.37,108.33,38.57,932.49,405.94,5859,5.9,1,38.54,10152
2001-10-20,Dow Jones,4401.39,4437.25,4447.43,4351.450000000001,92281425,4.43,2.34,14.13,6.66,59,10950,4948,1.16,84.29,35.41,1879.68,289.78,1985,7.85,17,63.16,14289
2001-10-21,Dow Jones,4401.39,4437.25,4447.43,4351.450000000001,92281425,4.43,2.34,14.13,6.66,59,10950,4948,1.16,84.29,35.41,1879.68,289.78,1985,7.85,17,63.16,14289
2001-10-22,Dow Jones,3629.41,3642.24,3686.26,3614.47,183482094,-2.43,4.5,9.44,9.65,50,24453,112,1.49,95.93,101.89,1270.43,261.99,5903,7.43,1,33.29,2999
2001-10-23,Dow Jones,3629.41,3642.24,3686.26,3614.47,183482094,-2.43,4.5,9.44,9.65,50,24453,112,1.49,95.93,101.89,1270.43,261.99,5903,7.43,1,33.29,2999
2001-10-24,Dow Jones,3629.41,3642.24,3686.26,3614.47,183482094,-2.43,4.5,9.44,9.65,50,24453,112,1.49,95.93,101.89,1270.43,261.99,5903,7.43,1,33.29,2999
2001-10-25,Dow Jones,3629.41,3642.24,3686.26,3614.47,183482094,-2.43,4.5,9.44,9.65,50,24453,112,1.49,95.93,101.89,1270.43,261.99,5903,7.43,1,33.29,2999
2001-10-26,Dow Jones,3629.41,3642.24,3686.26,3614.47,183482094,-2.43,4.5,9.44,9.65,50,24453,112,1.49,95.93,101.89,1270.43,261.99,5903,7.43,1,33.29,2999
2001-10-27,Dow Jones,3629.41,3642.24,3686.26,3614.47,183482094,-2.43,4.5,9.44,9.65,50,24453,112,1.49,95.93,101.89,1270.43,261.99,5903,7.43,1,33.29,2999
2001-10-28,Dow Jones,3629.41,3642.24,3686.26,3614.47,183482094,-2.43,4.5,9.44,9.65,50,24453,112,1.49,95.93,101.89,1270.43,261.99,5903,7.43,1,33.29,2999
2001-10-29,Dow Jones,1546.4,1566.73,1602.08,1517.69,766054144,7.12,5.99,13.55,4.98,64,6805,4969,1.47,122.45,135.87,1144.23,278.3,5600,6.41,33,38.72,1173
2001-10-30,Dow Jones,1546.4,1566.73,1602.08,1517.69,766054144,7.12,5.99,13.55,4.98,64,6805,4969,1.47,122.45,135.87,1144.23,278.3,5600,6.41,33,38.72,1173
2001-10-31,Dow Jones,3954.39,3910.01,3967.0,3875.6,353057649,-2.29,7.13,12.71,0.56,113,1285,3712,1.47,94.2,42.65,2304.3,312.14,996,5.08,15,91.96,12901
2001-11-01,Dow Jones,3954.39,3910.01,3967.0,3875.6,353057649,-2.29,7.13,12.71,0.56,113,1285,3712,1.47,94.2,42.65,2304.3,312.14,996,5.08,15,91.96,12901
2001-11-02,Dow Jones,3579.33,3614.42,3661.78,3562.49,832981771,9.89,6.35,12.72,7.15,69,2135,3039,1.46,124.51,121.59,1206.49,244.27,2858,4.57,33,44.13,3673
2001-11-03,Dow Jones,3579.33,3614.42,3661.78,3562.49,832981771,9.89,6.35,12.72,7.15,69,2135,3039,1.46,124.51,121.59,1206.49,244.27,2858,4.57,33,44.13,3673
2001-11-04,Dow Jones,3579.33,3614.42,3661.78,3562.49,832981771,9.89,6.35,12.72,7.15,69,2135,3039,1.46,124.51,121.59,1206.49,244.27,2858,4.57,33,44.13,3673
2001-11-05,Dow Jones,3579.33,3614.42,3661.78,3562.49,832981771,9.89,6.35,12.72,7.15,69,2135,3039,1.46,124.51,121.59,1206.49,244.27,2858,4.57,33,44.13,3673
2001-11-06,Dow Jones,4560.86,4606.66,4609.66,4559.02,174006674,-0.19,7.42,3.49,0.85,107,10991,3625,1.15,89.77,113.57,1012.98,346.66,1161,0.21,43,17.7,6381
2001-11-07,Dow Jones,4560.86,4606.66,4609.66,4559.02,174006674,-0.19,7.42,3.49,0.85,107,10991,3625,1.15,89.77,113.57,1012.98,346.66,1161,0.21,43,17.7,6381
2001-11-08,Dow Jones,4560.86,4606.66,4609.66,4559.02,174006674,-0.19,7.42,3.49,0.85,107,10991,3625,1.15,89.77,113.57,1012.98,346.66,1161,0.21,43,17.7,6381
2001-11-09,Dow Jones,4560.86,4606.66,4609.66,4559.02,174006674,-0.19,7.42,3.49,0.85,107,10991,3625,1.15,89.77,113.57,1012.98,346.66,1161,0.21,43,17.7,6381
2001-11-10,Dow Jones,4560.86,4606.66,4609.66,4559.02,174006674,-0.19,7.42,3.49,0.85,107,10991,3625,1.15,89.77,113.57,1012.98,346.66,1161,0.21,43,17.7,6381
2001-11-11,Dow Jones,4560.86,4606.66,4609.66,4559.02,174006674,-0.19,7.42,3.49,0.85,107,10991,3625,1.15,89.77,113.57,1012.98,346.66,1161,0.21,43,17.7,6381
2001-11-12,Dow Jones,4560.86,4606.66,4609.66,4559.02,174006674,-0.19,7.42,3.49,0.85,107,10991,3625,1.15,89.77,113.57,1012.98,346.66,1161,0.21,43,17.7,6381
2001-11-13,Dow Jones,4560.86,4606.66,4609.66,4559.02,174006674,-0.19,7.42,3.49,0.85,107,10991,3625,1.15,89.77,113.57,1012.98,346.66,1161,0.21,43,17.7,6381
2001-11-14,Dow Jones,4560.86,4606.66,4609.66,4559.02,174006674,-0.19,7.42,3.49,0.85,107,10991,3625,1.15,89.77,113.57,1012.98,346.66,1161,0.21,43,17.7,6381
2001-11-15,Dow Jones,4560.86,4606.66,4609.66,4559.02,174006674,-0.19,7.42,3.49,0.85,107,10991,3625,1.15,89.77,113.57,1012.98,346.66,1161,0.21,43,17.7,6381
2001-11-16,Dow Jones,4560.86,4606.66,4609.66,4559.02,174006674,-0.19,7.42,3.49,0.85,107,10991,3625,1.15,89.77,113.57,1012.98,346.66,1161,0.21,43,17.7,6381
2001-11-17,Dow Jones,1077.31,1103.21,1132.48,1054.12,915100728,4.47,7.21,12.31,4.88,107,2913,2171,1.08,123.83,39.15,1581.85,336.49,2963,3.43,43,9.39,7776
2001-11-18,Dow Jones,1077.31,1103.21,1132.48,1054.12,915100728,4.47,7.21,12.31,4.88,107,2913,2171,1.08,123.83,39.15,1581.85,336.49,2963,3.43,43,9.39,7776
2001-11-19,Dow Jones,1077.31,1103.21,1132.48,1054.12,915100728,4.47,7.21,12.31,4.88,107,2913,2171,1.08,123.83,39.15,1581.85,336.49,2963,3.43,43,9.39,7776
2001-11-20,Dow Jones,1077.31,1103.21,1132.48,1054.12,915100728,4.47,7.21,12.31,4.88,107,2913,2171,1.08,123.83,39.15,1581.85,336.49,2963,3.43,43,9.39,7776
2001-11-21,Dow Jones,2617.16,2631.75,2641.15,2584.49,109384478,3.87,5.51,6.51,2.01,50,28548,2151,0.83,113.44,99.38,2054.08,154.84,2412,9.41,20,8.44,3102
2001-11-22,Dow Jones,2617.16,2631.75,2641.15,2584.49,109384478,3.87,5.51,6.51,2.01,50,28548,2151,0.83,113.44,99.38,2054.08,154.84,2412,9.41,20,8.44,3102
2001-11-23,Dow Jones,3380.53,3346.21,3413.44,3317.67,666278388,-2.76,1.61,2.46,8.77,51,6835,2931,1.21,145.39,38.32,1898.24,410.15,8596,3.04,11,95.79,3157
2001-11-24,Dow Jones,1039.7,1058.04,1071.23,1001.09,128278582,0.53,8.96,14.67,4.85,53,28854,4427,1.24,130.46,99.76,1705.12,102.18,4979,7.59,48,50.34,8027
2001-11-25,Dow Jones,1039.7,1058.04,1071.23,1001.09,128278582,0.53,8.96,14.67,4.85,53,28854,4427,1.24,130.46,99.76,1705.12,102.18,4979,7.59,48,50.34,8027
2001-11-26,Dow Jones,1039.7,1058.04,1071.23,1001.09,128278582,0.53,8.96,14.67,4.85,53,28854,4427,1.24,130.46,99.76,1705.12,102.18,4979,7.59,48,50.34,8027
2001-11-27,Dow Jones,3076.13,3057.08,3106.42,3040.34,809547236,8.72,5.45,10.16,1.79,99,27854,4267,0.98,89.31,142.49,1363.74,311.41,4496,8.87,18,62.72,3256
2001-11-28,Dow Jones,3076.13,3057.08,3106.42,3040.34,809547236,8.72,5.45,10.16,1.79,99,27854,4267,0.98,89.31,142.49,1363.74,311.41,4496,8.87,18,62.72,3256
2001-11-29,Dow Jones,3076.13,3057.08,3106.42,3040.34,809547236,8.72,5.45,10.16,1.79,99,27854,4267,0.98,89.31,142.49,1363.74,311.41,4496,8.87,18,62.72,3256
2001-11-30,Dow Jones,3076.13,3057.08,3106.42,3040.34,809547236,8.72,5.45,10.16,1.79,99,27854,4267,0.98,89.31,142.49,1363.74,311.41,4496,8.87,18,62.72,3256
2001-12-01,Dow Jones,4091.69,4070.91,4120.36,4066.42,741142692,2.53,9.73,5.06,2.27,88,16466,3895,1.23,80.55,114.26,1805.52,245.01,2951,0.52,45,70.44,4980
2001-12-02,Dow Jones,3085.18,3064.66,3131.58,3058.06,100548774,1.45,0.06,11.39,1.71,119,4437,3255,1.06,103.02,85.88,2255.25,218.96,3132,6.86,25,49.95,12825
2001-12-03,Dow Jones,3085.18,3064.66,3131.58,3058.06,100548774,1.45,0.06,11.39,1.71,119,4437,3255,1.06,103.02,85.88,2255.25,218.96,3132,6.86,25,49.95,12825
2001-12-04,Dow Jones,3085.18,3064.66,3131.58,3058.06,100548774,1.45,0.06,11.39,1.71,119,4437,3255,1.06,103.02,85.88,2255.25,218.96,3132,6.86,25,49.95,12825
2001-12-05,Dow Jones,3085.18,3064.66,3131.58,3058.06,100548774,1.45,0.06,11.39,1.71,119,4437,3255,1.06,103.02,85.88,2255.25,218.96,3132,6.86,25,49.95,12825
2001-12-06,Dow Jones,3085.18,3064.66,3131.58,3058.06,100548774,1.45,0.06,11.39,1.71,119,4437,3255,1.06,103.02,85.88,2255.25,218.96,3132,6.86,25,49.95,12825
2001-12-07,Dow Jones,4228.62,4205.19,4253.84,4173.389999999999,411009068,8.66,9.64,14.74,2.62,119,17909,3071,1.22,116.09,96.58,2234.02,224.76,7986,0.74,28,86.17,11359
2001-12-08,Dow Jones,1480.83,1520.41,1557.61,1433.36,404232833,9.38,3.96,4.54,4.68,75,28906,444,1.41,89.12,105.2,2430.14,282.79,8422,7.11,44,2.91,5396
2001-12-09,Dow Jones,1480.83,1520.41,1557.61,1433.36,404232833,9.38,3.96,4.54,4.68,75,28906,444,1.41,89.12,105.2,2430.14,282.79,8422,7.11,44,2.91,5396
2001-12-10,Dow Jones,1070.21,1085.87,1089.2600000000002,1051.45,744068426,8.59,2.24,9.48,5.87,116,17952,2778,1.1,97.22,117.91,826.11,158.95,387,6.24,35,24.71,4977
2001-12-11,Dow Jones,1070.21,1085.87,1089.2600000000002,1051.45,744068426,8.59,2.24,9.48,5.87,116,17952,2778,1.1,97.22,117.91,826.11,158.95,387,6.24,35,24.71,4977
2001-12-12,Dow Jones,1070.21,1085.87,1089.2600000000002,1051.45,744068426,8.59,2.24,9.48,5.87,116,17952,2778,1.1,97.22,117.91,826.11,158.95,387,6.24,35,24.71,4977
2001-12-13,Dow Jones,1070.21,1085.87,1089.2600000000002,1051.45,744068426,8.59,2.24,9.48,5.87,116,17952,2778,1.1,97.22,117.91,826.11,158.95,387,6.24,35,24.71,4977
2001-12-14,Dow Jones,1070.21,1085.87,1089.2600000000002,1051.45,744068426,8.59,2.24,9.48,5.87,116,17952,2778,1.1,97.22,117.91,826.11,158.95,387,6.24,35,24.71,4977
2001-12-15,Dow Jones,1070.21,1085.87,1089.2600000000002,1051.45,744068426,8.59,2.24,9.48,5.87,116,17952,2778,1.1,97.22,117.91,826.11,158.95,387,6.24,35,24.71,4977
2001-12-16,Dow Jones,1070.21,1085.87,1089.2600000000002,1051.45,744068426,8.59,2.24,9.48,5.87,116,17952,2778,1.1,97.22,117.91,826.11,158.95,387,6.24,35,24.71,4977
2001-12-17,Dow Jones,1070.21,1085.87,1089.2600000000002,1051.45,744068426,8.59,2.24,9.48,5.87,116,17952,2778,1.1,97.22,117.91,826.11,158.95,387,6.24,35,24.71,4977
2001-12-18,Dow Jones,1070.21,1085.87,1089.2600000000002,1051.45,744068426,8.59,2.24,9.48,5.87,116,17952,2778,1.1,97.22,117.91,826.11,158.95,387,6.24,35,24.71,4977
2001-12-19,Dow Jones,1070.21,1085.87,1089.2600000000002,1051.45,744068426,8.59,2.24,9.48,5.87,116,17952,2778,1.1,97.22,117.91,826.11,158.95,387,6.24,35,24.71,4977
2001-12-20,Dow Jones,4388.24,4347.54,4432.41,4334.9,888653508,4.7,6.88,14.74,5.12,118,8595,4253,1.14,110.92,108.04,1688.92,291.46,5613,3.9,18,77.73,5753
2001-12-21,Dow Jones,4388.24,4347.54,4432.41,4334.9,888653508,4.7,6.88,14.74,5.12,118,8595,4253,1.14,110.92,108.04,1688.92,291.46,5613,3.9,18,77.73,5753
2001-12-22,Dow Jones,4594.24,4554.71,4609.9,4548.66,388970857,0.17,5.1,13.69,7.92,109,18027,2868,0.97,85.64,122.93,2237.64,208.68,5383,5.52,32,17.48,14343
2001-12-23,Dow Jones,4594.24,4554.71,4609.9,4548.66,388970857,0.17,5.1,13.69,7.92,109,18027,2868,0.97,85.64,122.93,2237.64,208.68,5383,5.52,32,17.48,14343
2001-12-24,Dow Jones,4594.24,4554.71,4609.9,4548.66,388970857,0.17,5.1,13.69,7.92,109,18027,2868,0.97,85.64,122.93,2237.64,208.68,5383,5.52,32,17.48,14343
2001-12-25,Dow Jones,4594.24,4554.71,4609.9,4548.66,388970857,0.17,5.1,13.69,7.92,109,18027,2868,0.97,85.64,122.93,2237.64,208.68,5383,5.52,32,17.48,14343
2001-12-26,Dow Jones,4594.24,4554.71,4609.9,4548.66,388970857,0.17,5.1,13.69,7.92,109,18027,2868,0.97,85.64,122.93,2237.64,208.68,5383,5.52,32,17.48,14343
2001-12-27,Dow Jones,4594.24,4554.71,4609.9,4548.66,388970857,0.17,5.1,13.69,7.92,109,18027,2868,0.97,85.64,122.93,2237.64,208.68,5383,5.52,32,17.48,14343
2001-12-28,Dow Jones,4594.24,4554.71,4609.9,4548.66,388970857,0.17,5.1,13.69,7.92,109,18027,2868,0.97,85.64,122.93,2237.64,208.68,5383,5.52,32,17.48,14343
2001-12-29,Dow Jones,4594.24,4554.71,4609.9,4548.66,388970857,0.17,5.1,13.69,7.92,109,18027,2868,0.97,85.64,122.93,2237.64,208.68,5383,5.52,32,17.48,14343
2001-12-30,Dow Jones,4594.24,4554.71,4609.9,4548.66,388970857,0.17,5.1,13.69,7.92,109,18027,2868,0.97,85.64,122.93,2237.64,208.68,5383,5.52,32,17.48,14343
2001-12-31,Dow Jones,2936.31,2978.68,2992.89,2931.12,499282280,2.83,6.5,2.3,3.25,102,16614,4280,1.24,138.8,21.61,1361.44,444.19,8951,2.87,37,37.99,13096
2002-01-01,Dow Jones,2936.31,2978.68,2992.89,2931.12,499282280,2.83,6.5,2.3,3.25,102,16614,4280,1.24,138.8,21.61,1361.44,444.19,8951,2.87,37,37.99,13096
2002-01-02,Dow Jones,2936.31,2978.68,2992.89,2931.12,499282280,2.83,6.5,2.3,3.25,102,16614,4280,1.24,138.8,21.61,1361.44,444.19,8951,2.87,37,37.99,13096
2002-01-03,Dow Jones,2936.31,2978.68,2992.89,2931.12,499282280,2.83,6.5,2.3,3.25,102,16614,4280,1.24,138.8,21.61,1361.44,444.19,8951,2.87,37,37.99,13096
2002-01-04,Dow Jones,4831.16,4834.889999999999,4857.599999999999,4807.4,253643283,-3.14,9.97,11.94,3.4,82,10376,2486,1.23,98.95,73.79,806.84,312.9,7466,6.97,24,22.13,13190
2002-01-05,Dow Jones,4831.16,4834.889999999999,4857.599999999999,4807.4,253643283,-3.14,9.97,11.94,3.4,82,10376,2486,1.23,98.95,73.79,806.84,312.9,7466,6.97,24,22.13,13190
2002-01-06,Dow Jones,4140.76,4159.030000000001,4208.130000000001,4105.33,304921711,6.33,0.91,13.93,8.95,86,6919,1302,1.35,110.15,142.93,1054.4,278.88,7321,3.37,29,80.26,14592
2002-01-07,Dow Jones,4140.76,4159.030000000001,4208.130000000001,4105.33,304921711,6.33,0.91,13.93,8.95,86,6919,1302,1.35,110.15,142.93,1054.4,278.88,7321,3.37,29,80.26,14592
2002-01-08,Dow Jones,4140.76,4159.030000000001,4208.130000000001,4105.33,304921711,6.33,0.91,13.93,8.95,86,6919,1302,1.35,110.15,142.93,1054.4,278.88,7321,3.37,29,80.26,14592
2002-01-09,Dow Jones,4140.76,4159.030000000001,4208.130000000001,4105.33,304921711,6.33,0.91,13.93,8.95,86,6919,1302,1.35,110.15,142.93,1054.4,278.88,7321,3.37,29,80.26,14592
2002-01-10,Dow Jones,4140.76,4159.030000000001,4208.130000000001,4105.33,304921711,6.33,0.91,13.93,8.95,86,6919,1302,1.35,110.15,142.93,1054.4,278.88,7321,3.37,29,80.26,14592
2002-01-11,Dow Jones,4140.76,4159.030000000001,4208.130000000001,4105.33,304921711,6.33,0.91,13.93,8.95,86,6919,1302,1.35,110.15,142.93,1054.4,278.88,7321,3.37,29,80.26,14592
2002-01-12,Dow Jones,1901.53,1908.48,1929.42,1879.63,458832556,3.75,8.97,3.71,5.77,54,12007,303,0.81,133.66,53.74,900.37,445.38,1118,5.69,48,48.08,9630
2002-01-13,Dow Jones,1901.53,1908.48,1929.42,1879.63,458832556,3.75,8.97,3.71,5.77,54,12007,303,0.81,133.66,53.74,900.37,445.38,1118,5.69,48,48.08,9630
2002-01-14,Dow Jones,1901.53,1908.48,1929.42,1879.63,458832556,3.75,8.97,3.71,5.77,54,12007,303,0.81,133.66,53.74,900.37,445.38,1118,5.69,48,48.08,9630
2002-01-15,Dow Jones,3489.65,3456.01,3515.48,3415.3100000000004,759975895,0.42,0.58,9.61,4.93,96,23379,3044,1.14,112.59,100.75,1295.57,440.53,2979,4.49,38,6.08,9609
2002-01-16,Dow Jones,3489.65,3456.01,3515.48,3415.3100000000004,759975895,0.42,0.58,9.61,4.93,96,23379,3044,1.14,112.59,100.75,1295.57,440.53,2979,4.49,38,6.08,9609
2002-01-17,Dow Jones,3489.65,3456.01,3515.48,3415.3100000000004,759975895,0.42,0.58,9.61,4.93,96,23379,3044,1.14,112.59,100.75,1295.57,440.53,2979,4.49,38,6.08,9609
2002-01-18,Dow Jones,3489.65,3456.01,3515.48,3415.3100000000004,759975895,0.42,0.58,9.61,4.93,96,23379,3044,1.14,112.59,100.75,1295.57,440.53,2979,4.49,38,6.08,9609
2002-01-19,Dow Jones,3489.65,3456.01,3515.48,3415.3100000000004,759975895,0.42,0.58,9.61,4.93,96,23379,3044,1.14,112.59,100.75,1295.57,440.53,2979,4.49,38,6.08,9609
2002-01-20,Dow Jones,3543.82,3562.49,3567.5400000000004,3538.11,627252988,0.85,3.8,8.06,7.48,115,11197,2863,0.95,95.52,148.0,1029.97,180.6,1711,7.6,25,38.11,6751
2002-01-21,Dow Jones,3543.82,3562.49,3567.5400000000004,3538.11,627252988,0.85,3.8,8.06,7.48,115,11197,2863,0.95,95.52,148.0,1029.97,180.6,1711,7.6,25,38.11,6751
2002-01-22,Dow Jones,3696.52,3726.38,3736.2,3653.62,231440656,-1.18,0.64,3.22,3.3,115,4384,3262,1.43,96.97,68.63,2204.89,433.0,5207,3.4,40,8.63,4495
2002-01-23,Dow Jones,3696.52,3726.38,3736.2,3653.62,231440656,-1.18,0.64,3.22,3.3,115,4384,3262,1.43,96.97,68.63,2204.89,433.0,5207,3.4,40,8.63,4495
2002-01-24,Dow Jones,3696.52,3726.38,3736.2,3653.62,231440656,-1.18,0.64,3.22,3.3,115,4384,3262,1.43,96.97,68.63,2204.89,433.0,5207,3.4,40,8.63,4495
2002-01-25,Dow Jones,4669.94,4710.96,4758.85,4649.98,271905808,3.82,0.39,2.52,6.01,87,18465,2618,1.36,126.72,124.78,1155.69,489.87,7762,2.2,7,63.48,3885
2002-01-26,Dow Jones,4669.94,4710.96,4758.85,4649.98,271905808,3.82,0.39,2.52,6.01,87,18465,2618,1.36,126.72,124.78,1155.69,489.87,7762,2.2,7,63.48,3885
2002-01-27,Dow Jones,4669.94,4710.96,4758.85,4649.98,271905808,3.82,0.39,2.52,6.01,87,18465,2618,1.36,126.72,124.78,1155.69,489.87,7762,2.2,7,63.48,3885
2002-01-28,Dow Jones,4560.56,4553.570000000001,4576.9400000000005,4511.610000000001,892108331,1.3,7.22,13.29,6.11,64,19311,3999,1.41,147.78,133.38,1575.7,243.92,8497,0.98,9,52.35,12200
2002-01-29,Dow Jones,3830.89,3824.67,3841.38,3779.18,127972537,-3.68,7.08,13.14,1.03,61,17207,3265,0.81,103.58,72.45,1426.27,245.92,9293,4.2,17,78.12,12575
2002-01-30,Dow Jones,3830.89,3824.67,3841.38,3779.18,127972537,-3.68,7.08,13.14,1.03,61,17207,3265,0.81,103.58,72.45,1426.27,245.92,9293,4.2,17,78.12,12575
2002-01-31,Dow Jones,3830.89,3824.67,3841.38,3779.18,127972537,-3.68,7.08,13.14,1.03,61,17207,3265,0.81,103.58,72.45,1426.27,245.92,9293,4.2,17,78.12,12575
2002-02-01,Dow Jones,3830.89,3824.67,3841.38,3779.18,127972537,-3.68,7.08,13.14,1.03,61,17207,3265,0.81,103.58,72.45,1426.27,245.92,9293,4.2,17,78.12,12575
2002-02-02,Dow Jones,3830.89,3824.67,3841.38,3779.18,127972537,-3.68,7.08,13.14,1.03,61,17207,3265,0.81,103.58,72.45,1426.27,245.92,9293,4.2,17,78.12,12575
2002-02-03,Dow Jones,3830.89,3824.67,3841.38,3779.18,127972537,-3.68,7.08,13.14,1.03,61,17207,3265,0.81,103.58,72.45,1426.27,245.92,9293,4.2,17,78.12,12575
2002-02-04,Dow Jones,1537.1,1574.57,1582.79,1515.51,484907672,-3.9,5.89,7.95,0.79,101,18984,3357,1.45,108.87,103.09,990.54,284.43,5590,7.18,43,56.18,117
2002-02-05,Dow Jones,4831.74,4855.48,4895.69,4800.04,339157222,4.0,0.13,7.72,8.71,111,29573,3306,0.88,122.5,35.13,1956.86,191.4,6471,6.68,7,16.59,14278
2002-02-06,Dow Jones,4831.74,4855.48,4895.69,4800.04,339157222,4.0,0.13,7.72,8.71,111,29573,3306,0.88,122.5,35.13,1956.86,191.4,6471,6.68,7,16.59,14278
2002-02-07,Dow Jones,4831.74,4855.48,4895.69,4800.04,339157222,4.0,0.13,7.72,8.71,111,29573,3306,0.88,122.5,35.13,1956.86,191.4,6471,6.68,7,16.59,14278
2002-02-08,Dow Jones,3002.41,2979.21,3022.34,2978.7,807592847,8.1,8.69,4.77,5.84,82,13780,3413,0.82,97.7,61.81,967.24,482.41,5803,9.14,4,83.82,3007
2002-02-09,Dow Jones,3002.41,2979.21,3022.34,2978.7,807592847,8.1,8.69,4.77,5.84,82,13780,3413,0.82,97.7,61.81,967.24,482.41,5803,9.14,4,83.82,3007
2002-02-10,Dow Jones,3002.41,2979.21,3022.34,2978.7,807592847,8.1,8.69,4.77,5.84,82,13780,3413,0.82,97.7,61.81,967.24,482.41,5803,9.14,4,83.82,3007
2002-02-11,Dow Jones,3002.41,2979.21,3022.34,2978.7,807592847,8.1,8.69,4.77,5.84,82,13780,3413,0.82,97.7,61.81,967.24,482.41,5803,9.14,4,83.82,3007
2002-02-12,Dow Jones,4227.86,4203.58,4255.67,4191.61,215015883,0.18,4.16,14.2,7.12,72,11118,3065,1.07,134.7,98.74,2070.12,408.08,3100,6.66,44,8.54,5871
2002-02-13,Dow Jones,4227.86,4203.58,4255.67,4191.61,215015883,0.18,4.16,14.2,7.12,72,11118,3065,1.07,134.7,98.74,2070.12,408.08,3100,6.66,44,8.54,5871
2002-02-14,Dow Jones,4227.86,4203.58,4255.67,4191.61,215015883,0.18,4.16,14.2,7.12,72,11118,3065,1.07,134.7,98.74,2070.12,408.08,3100,6.66,44,8.54,5871
2002-02-15,Dow Jones,2731.26,2718.7900000000004,2737.5800000000004,2703.49,472868956,-0.36,7.88,8.56,3.63,105,27103,3143,1.24,123.2,38.1,996.61,373.92,2325,7.33,43,77.34,1641
2002-02-16,Dow Jones,2731.26,2718.7900000000004,2737.5800000000004,2703.49,472868956,-0.36,7.88,8.56,3.63,105,27103,3143,1.24,123.2,38.1,996.61,373.92,2325,7.33,43,77.34,1641
2002-02-17,Dow Jones,1663.0,1627.61,1674.53,1600.33,831246356,-2.41,6.1,4.12,9.64,89,23541,1899,0.87,118.03,82.13,844.0,192.23,6087,6.32,39,34.9,13889
2002-02-18,Dow Jones,1663.0,1627.61,1674.53,1600.33,831246356,-2.41,6.1,4.12,9.64,89,23541,1899,0.87,118.03,82.13,844.0,192.23,6087,6.32,39,34.9,13889
2002-02-19,Dow Jones,1663.0,1627.61,1674.53,1600.33,831246356,-2.41,6.1,4.12,9.64,89,23541,1899,0.87,118.03,82.13,844.0,192.23,6087,6.32,39,34.9,13889
2002-02-20,Dow Jones,1663.0,1627.61,1674.53,1600.33,831246356,-2.41,6.1,4.12,9.64,89,23541,1899,0.87,118.03,82.13,844.0,192.23,6087,6.32,39,34.9,13889
2002-02-21,Dow Jones,1663.0,1627.61,1674.53,1600.33,831246356,-2.41,6.1,4.12,9.64,89,23541,1899,0.87,118.03,82.13,844.0,192.23,6087,6.32,39,34.9,13889
2002-02-22,Dow Jones,1663.0,1627.61,1674.53,1600.33,831246356,-2.41,6.1,4.12,9.64,89,23541,1899,0.87,118.03,82.13,844.0,192.23,6087,6.32,39,34.9,13889
2002-02-23,Dow Jones,4172.57,4133.32,4205.509999999999,4096.91,520150681,9.26,3.72,10.12,9.0,87,12431,4292,1.32,108.37,42.6,1483.14,419.36,9033,7.82,30,12.99,4672
2002-02-24,Dow Jones,4172.57,4133.32,4205.509999999999,4096.91,520150681,9.26,3.72,10.12,9.0,87,12431,4292,1.32,108.37,42.6,1483.14,419.36,9033,7.82,30,12.99,4672
2002-02-25,Dow Jones,4172.57,4133.32,4205.509999999999,4096.91,520150681,9.26,3.72,10.12,9.0,87,12431,4292,1.32,108.37,42.6,1483.14,419.36,9033,7.82,30,12.99,4672
2002-02-26,Dow Jones,4172.57,4133.32,4205.509999999999,4096.91,520150681,9.26,3.72,10.12,9.0,87,12431,4292,1.32,108.37,42.6,1483.14,419.36,9033,7.82,30,12.99,4672
2002-02-27,Dow Jones,4172.57,4133.32,4205.509999999999,4096.91,520150681,9.26,3.72,10.12,9.0,87,12431,4292,1.32,108.37,42.6,1483.14,419.36,9033,7.82,30,12.99,4672
2002-02-28,Dow Jones,4172.57,4133.32,4205.509999999999,4096.91,520150681,9.26,3.72,10.12,9.0,87,12431,4292,1.32,108.37,42.6,1483.14,419.36,9033,7.82,30,12.99,4672
2002-03-01,Dow Jones,4172.57,4133.32,4205.509999999999,4096.91,520150681,9.26,3.72,10.12,9.0,87,12431,4292,1.32,108.37,42.6,1483.14,419.36,9033,7.82,30,12.99,4672
2002-03-02,Dow Jones,3846.89,3823.41,3891.68,3782.5,574245016,-1.42,1.47,10.45,2.59,72,18118,1616,1.11,109.5,108.71,1485.98,470.51,9462,8.61,49,11.93,10615
2002-03-03,Dow Jones,3846.89,3823.41,3891.68,3782.5,574245016,-1.42,1.47,10.45,2.59,72,18118,1616,1.11,109.5,108.71,1485.98,470.51,9462,8.61,49,11.93,10615
2002-03-04,Dow Jones,3846.89,3823.41,3891.68,3782.5,574245016,-1.42,1.47,10.45,2.59,72,18118,1616,1.11,109.5,108.71,1485.98,470.51,9462,8.61,49,11.93,10615
2002-03-05,Dow Jones,3846.89,3823.41,3891.68,3782.5,574245016,-1.42,1.47,10.45,2.59,72,18118,1616,1.11,109.5,108.71,1485.98,470.51,9462,8.61,49,11.93,10615
2002-03-06,Dow Jones,3846.89,3823.41,3891.68,3782.5,574245016,-1.42,1.47,10.45,2.59,72,18118,1616,1.11,109.5,108.71,1485.98,470.51,9462,8.61,49,11.93,10615
2002-03-07,Dow Jones,3846.89,3823.41,3891.68,3782.5,574245016,-1.42,1.47,10.45,2.59,72,18118,1616,1.11,109.5,108.71,1485.98,470.51,9462,8.61,49,11.93,10615
2002-03-08,Dow Jones,3846.89,3823.41,3891.68,3782.5,574245016,-1.42,1.47,10.45,2.59,72,18118,1616,1.11,109.5,108.71,1485.98,470.51,9462,8.61,49,11.93,10615
2002-03-09,Dow Jones,3489.37,3537.11,3562.45,3465.53,787969942,6.68,3.68,9.52,4.18,113,4191,3907,1.29,109.4,111.47,1761.61,100.51,5433,5.53,41,74.87,10832
2002-03-10,Dow Jones,4924.71,4971.15,4977.48,4918.08,84232828,3.46,5.35,14.36,6.23,90,12177,2846,1.25,134.02,58.63,807.51,195.94,6233,5.97,18,35.86,3651
2002-03-11,Dow Jones,4924.71,4971.15,4977.48,4918.08,84232828,3.46,5.35,14.36,6.23,90,12177,2846,1.25,134.02,58.63,807.51,195.94,6233,5.97,18,35.86,3651
2002-03-12,Dow Jones,4924.71,4971.15,4977.48,4918.08,84232828,3.46,5.35,14.36,6.23,90,12177,2846,1.25,134.02,58.63,807.51,195.94,6233,5.97,18,35.86,3651
2002-03-13,Dow Jones,4924.71,4971.15,4977.48,4918.08,84232828,3.46,5.35,14.36,6.23,90,12177,2846,1.25,134.02,58.63,807.51,195.94,6233,5.97,18,35.86,3651
2002-03-14,Dow Jones,4924.71,4971.15,4977.48,4918.08,84232828,3.46,5.35,14.36,6.23,90,12177,2846,1.25,134.02,58.63,807.51,195.94,6233,5.97,18,35.86,3651
2002-03-15,Dow Jones,4924.71,4971.15,4977.48,4918.08,84232828,3.46,5.35,14.36,6.23,90,12177,2846,1.25,134.02,58.63,807.51,195.94,6233,5.97,18,35.86,3651
2002-03-16,Dow Jones,3085.84,3073.67,3120.17,3023.9300000000003,793135895,5.05,9.25,2.31,9.07,117,22035,4388,0.88,100.91,41.55,1766.53,160.48,9496,2.83,39,55.58,2454
2002-03-17,Dow Jones,4909.23,4868.07,4951.299999999999,4862.33,380151948,-1.13,5.39,14.22,9.47,91,28381,3942,1.17,92.41,97.76,1258.54,213.17,8456,5.52,40,85.16,6630
2002-03-18,Dow Jones,4909.23,4868.07,4951.299999999999,4862.33,380151948,-1.13,5.39,14.22,9.47,91,28381,3942,1.17,92.41,97.76,1258.54,213.17,8456,5.52,40,85.16,6630
2002-03-19,Dow Jones,4909.23,4868.07,4951.299999999999,4862.33,380151948,-1.13,5.39,14.22,9.47,91,28381,3942,1.17,92.41,97.76,1258.54,213.17,8456,5.52,40,85.16,6630
2002-03-20,Dow Jones,4909.23,4868.07,4951.299999999999,4862.33,380151948,-1.13,5.39,14.22,9.47,91,28381,3942,1.17,92.41,97.76,1258.54,213.17,8456,5.52,40,85.16,6630
2002-03-21,Dow Jones,4909.23,4868.07,4951.299999999999,4862.33,380151948,-1.13,5.39,14.22,9.47,91,28381,3942,1.17,92.41,97.76,1258.54,213.17,8456,5.52,40,85.16,6630
2002-03-22,Dow Jones,4909.23,4868.07,4951.299999999999,4862.33,380151948,-1.13,5.39,14.22,9.47,91,28381,3942,1.17,92.41,97.76,1258.54,213.17,8456,5.52,40,85.16,6630
2002-03-23,Dow Jones,4909.23,4868.07,4951.299999999999,4862.33,380151948,-1.13,5.39,14.22,9.47,91,28381,3942,1.17,92.41,97.76,1258.54,213.17,8456,5.52,40,85.16,6630
2002-03-24,Dow Jones,3666.4,3698.48,3740.77,3656.7,552765197,1.66,3.69,8.5,3.81,73,28561,4878,1.33,86.24,91.99,1978.37,453.9,6996,2.24,43,6.58,4715
2002-03-25,Dow Jones,3666.4,3698.48,3740.77,3656.7,552765197,1.66,3.69,8.5,3.81,73,28561,4878,1.33,86.24,91.99,1978.37,453.9,6996,2.24,43,6.58,4715
2002-03-26,Dow Jones,3666.4,3698.48,3740.77,3656.7,552765197,1.66,3.69,8.5,3.81,73,28561,4878,1.33,86.24,91.99,1978.37,453.9,6996,2.24,43,6.58,4715
2002-03-27,Dow Jones,4086.51,4042.17,4121.9800000000005,4016.39,445736241,5.73,0.86,8.71,0.74,86,15075,3255,0.81,107.78,62.78,1270.02,436.69,8223,7.0,44,29.8,11673
2002-03-28,Dow Jones,2995.58,2957.62,3024.89,2929.13,735032618,7.09,3.27,2.25,5.03,94,28433,3231,0.82,111.9,75.7,953.79,245.68,5928,1.69,8,82.0,4654
2002-03-29,Dow Jones,1048.41,1056.49,1074.35,1037.3300000000002,943752431,-1.1,4.44,5.67,4.7,64,14186,387,1.03,108.84,50.62,1415.34,264.89,1310,9.49,8,33.39,9171
2002-03-30,Dow Jones,1036.15,1079.0300000000002,1107.88,998.32,785909010,-0.49,4.55,2.69,7.69,106,14851,3805,1.13,96.48,86.56,832.83,227.69,6946,2.16,20,81.22,7653
2002-03-31,Dow Jones,1036.15,1079.0300000000002,1107.88,998.32,785909010,-0.49,4.55,2.69,7.69,106,14851,3805,1.13,96.48,86.56,832.83,227.69,6946,2.16,20,81.22,7653
2002-04-01,Dow Jones,1036.15,1079.0300000000002,1107.88,998.32,785909010,-0.49,4.55,2.69,7.69,106,14851,3805,1.13,96.48,86.56,832.83,227.69,6946,2.16,20,81.22,7653
2002-04-02,Dow Jones,1036.15,1079.0300000000002,1107.88,998.32,785909010,-0.49,4.55,2.69,7.69,106,14851,3805,1.13,96.48,86.56,832.83,227.69,6946,2.16,20,81.22,7653
2002-04-03,Dow Jones,1036.15,1079.0300000000002,1107.88,998.32,785909010,-0.49,4.55,2.69,7.69,106,14851,3805,1.13,96.48,86.56,832.83,227.69,6946,2.16,20,81.22,7653
2002-04-04,Dow Jones,1888.3,1911.49,1915.11,1848.8,388910296,0.89,8.85,13.42,6.19,66,23388,3758,1.32,120.09,33.66,1639.89,115.41,7552,0.58,45,11.68,3093
2002-04-05,Dow Jones,2286.68,2254.08,2330.61,2213.18,231900419,0.92,5.14,9.84,4.98,90,22402,4386,1.18,122.97,38.53,1586.05,258.56,6537,0.25,30,71.72,13496
2002-04-06,Dow Jones,4392.17,4378.29,4407.26,4363.77,312639537,-1.18,5.81,7.89,3.7,53,23487,3423,1.35,119.9,72.54,1326.45,463.91,7013,5.33,28,84.87,3193
2002-04-07,Dow Jones,4392.17,4378.29,4407.26,4363.77,312639537,-1.18,5.81,7.89,3.7,53,23487,3423,1.35,119.9,72.54,1326.45,463.91,7013,5.33,28,84.87,3193
2002-04-08,Dow Jones,4392.17,4378.29,4407.26,4363.77,312639537,-1.18,5.81,7.89,3.7,53,23487,3423,1.35,119.9,72.54,1326.45,463.91,7013,5.33,28,84.87,3193
2002-04-09,Dow Jones,4392.17,4378.29,4407.26,4363.77,312639537,-1.18,5.81,7.89,3.7,53,23487,3423,1.35,119.9,72.54,1326.45,463.91,7013,5.33,28,84.87,3193
2002-04-10,Dow Jones,4392.17,4378.29,4407.26,4363.77,312639537,-1.18,5.81,7.89,3.7,53,23487,3423,1.35,119.9,72.54,1326.45,463.91,7013,5.33,28,84.87,3193
2002-04-11,Dow Jones,4392.17,4378.29,4407.26,4363.77,312639537,-1.18,5.81,7.89,3.7,53,23487,3423,1.35,119.9,72.54,1326.45,463.91,7013,5.33,28,84.87,3193
2002-04-12,Dow Jones,4392.17,4378.29,4407.26,4363.77,312639537,-1.18,5.81,7.89,3.7,53,23487,3423,1.35,119.9,72.54,1326.45,463.91,7013,5.33,28,84.87,3193
2002-04-13,Dow Jones,4392.17,4378.29,4407.26,4363.77,312639537,-1.18,5.81,7.89,3.7,53,23487,3423,1.35,119.9,72.54,1326.45,463.91,7013,5.33,28,84.87,3193
2002-04-14,Dow Jones,2155.54,2148.75,2181.12,2102.77,103308789,1.13,2.66,11.75,9.94,85,4405,4107,1.13,129.18,43.93,1092.99,105.54,1867,1.32,0,75.39,2688
2002-04-15,Dow Jones,2591.35,2620.99,2668.17,2564.69,645887396,7.7,3.84,5.7,7.69,69,15590,2721,1.07,108.04,47.65,2104.01,349.84,1420,6.48,36,15.48,6049
2002-04-16,Dow Jones,4678.12,4687.66,4689.75,4673.12,619709839,-2.63,6.23,7.46,6.98,78,2842,2278,1.36,100.16,31.29,2049.3,362.9,4044,7.69,24,90.97,2176
2002-04-17,Dow Jones,4973.02,5011.68,5036.83,4943.59,322271257,-4.68,4.4,7.0,4.35,117,8591,938,1.37,111.3,67.38,2232.08,378.58,5511,1.9,29,0.98,10472
2002-04-18,Dow Jones,4973.02,5011.68,5036.83,4943.59,322271257,-4.68,4.4,7.0,4.35,117,8591,938,1.37,111.3,67.38,2232.08,378.58,5511,1.9,29,0.98,10472
2002-04-19,Dow Jones,4973.02,5011.68,5036.83,4943.59,322271257,-4.68,4.4,7.0,4.35,117,8591,938,1.37,111.3,67.38,2232.08,378.58,5511,1.9,29,0.98,10472
2002-04-20,Dow Jones,4973.02,5011.68,5036.83,4943.59,322271257,-4.68,4.4,7.0,4.35,117,8591,938,1.37,111.3,67.38,2232.08,378.58,5511,1.9,29,0.98,10472
2002-04-21,Dow Jones,4973.02,5011.68,5036.83,4943.59,322271257,-4.68,4.4,7.0,4.35,117,8591,938,1.37,111.3,67.38,2232.08,378.58,5511,1.9,29,0.98,10472
2002-04-22,Dow Jones,4017.06,3981.49,4059.74,3951.81,588235359,6.3,0.24,14.19,9.02,67,17211,1268,1.04,92.24,149.15,1151.74,344.94,6462,2.38,4,62.34,14294
2002-04-23,Dow Jones,4017.06,3981.49,4059.74,3951.81,588235359,6.3,0.24,14.19,9.02,67,17211,1268,1.04,92.24,149.15,1151.74,344.94,6462,2.38,4,62.34,14294
2002-04-24,Dow Jones,4803.71,4755.38,4847.52,4721.85,728853972,5.11,0.92,14.62,7.98,71,27887,260,1.16,115.03,133.45,1523.68,377.57,6104,3.9,41,76.88,11215
2002-04-25,Dow Jones,4803.71,4755.38,4847.52,4721.85,728853972,5.11,0.92,14.62,7.98,71,27887,260,1.16,115.03,133.45,1523.68,377.57,6104,3.9,41,76.88,11215
2002-04-26,Dow Jones,2428.48,2402.13,2465.1,2398.98,959701253,7.57,7.73,12.68,2.19,84,18249,3231,1.19,147.88,86.88,1518.38,377.4,6201,0.93,45,10.28,9895
2002-04-27,Dow Jones,2428.48,2402.13,2465.1,2398.98,959701253,7.57,7.73,12.68,2.19,84,18249,3231,1.19,147.88,86.88,1518.38,377.4,6201,0.93,45,10.28,9895
2002-04-28,Dow Jones,2428.48,2402.13,2465.1,2398.98,959701253,7.57,7.73,12.68,2.19,84,18249,3231,1.19,147.88,86.88,1518.38,377.4,6201,0.93,45,10.28,9895
2002-04-29,Dow Jones,2428.48,2402.13,2465.1,2398.98,959701253,7.57,7.73,12.68,2.19,84,18249,3231,1.19,147.88,86.88,1518.38,377.4,6201,0.93,45,10.28,9895
2002-04-30,Dow Jones,2428.48,2402.13,2465.1,2398.98,959701253,7.57,7.73,12.68,2.19,84,18249,3231,1.19,147.88,86.88,1518.38,377.4,6201,0.93,45,10.28,9895
2002-05-01,Dow Jones,2428.48,2402.13,2465.1,2398.98,959701253,7.57,7.73,12.68,2.19,84,18249,3231,1.19,147.88,86.88,1518.38,377.4,6201,0.93,45,10.28,9895
2002-05-02,Dow Jones,2428.48,2402.13,2465.1,2398.98,959701253,7.57,7.73,12.68,2.19,84,18249,3231,1.19,147.88,86.88,1518.38,377.4,6201,0.93,45,10.28,9895
2002-05-03,Dow Jones,2428.48,2402.13,2465.1,2398.98,959701253,7.57,7.73,12.68,2.19,84,18249,3231,1.19,147.88,86.88,1518.38,377.4,6201,0.93,45,10.28,9895
2002-05-04,Dow Jones,2428.48,2402.13,2465.1,2398.98,959701253,7.57,7.73,12.68,2.19,84,18249,3231,1.19,147.88,86.88,1518.38,377.4,6201,0.93,45,10.28,9895
2002-05-05,Dow Jones,2428.48,2402.13,2465.1,2398.98,959701253,7.57,7.73,12.68,2.19,84,18249,3231,1.19,147.88,86.88,1518.38,377.4,6201,0.93,45,10.28,9895
2002-05-06,Dow Jones,2428.48,2402.13,2465.1,2398.98,959701253,7.57,7.73,12.68,2.19,84,18249,3231,1.19,147.88,86.88,1518.38,377.4,6201,0.93,45,10.28,9895
2002-05-07,Dow Jones,2428.48,2402.13,2465.1,2398.98,959701253,7.57,7.73,12.68,2.19,84,18249,3231,1.19,147.88,86.88,1518.38,377.4,6201,0.93,45,10.28,9895
2002-05-08,Dow Jones,2428.48,2402.13,2465.1,2398.98,959701253,7.57,7.73,12.68,2.19,84,18249,3231,1.19,147.88,86.88,1518.38,377.4,6201,0.93,45,10.28,9895
2002-05-09,Dow Jones,2428.48,2402.13,2465.1,2398.98,959701253,7.57,7.73,12.68,2.19,84,18249,3231,1.19,147.88,86.88,1518.38,377.4,6201,0.93,45,10.28,9895
2002-05-10,Dow Jones,2428.48,2402.13,2465.1,2398.98,959701253,7.57,7.73,12.68,2.19,84,18249,3231,1.19,147.88,86.88,1518.38,377.4,6201,0.93,45,10.28,9895
2002-05-11,Dow Jones,4467.08,4462.62,4492.37,4417.09,490280839,-3.77,1.52,4.97,1.35,94,18153,4106,0.9,112.78,113.05,2498.55,385.76,3634,9.84,7,96.72,3898
2002-05-12,Dow Jones,2129.91,2131.71,2172.57,2129.17,101580449,-0.07,0.45,7.6,8.67,99,8042,284,1.18,139.37,30.78,1661.91,242.84,7968,9.09,18,87.55,14882
2002-05-13,Dow Jones,4801.84,4752.59,4844.89,4712.13,265323656,1.37,2.92,10.81,3.46,71,13067,1996,1.41,107.77,120.39,1944.32,246.82,2127,5.93,6,87.53,1997
2002-05-14,Dow Jones,3326.49,3318.76,3357.27,3271.84,440474717,3.14,8.67,4.43,0.51,101,20701,3395,1.12,115.15,83.75,919.63,130.72,3792,8.94,0,70.37,12526
2002-05-15,Dow Jones,2746.46,2768.27,2768.91,2706.99,173299388,0.59,3.39,10.84,2.72,102,24073,2504,1.22,83.06,35.62,2182.44,320.78,6126,1.53,15,1.86,5450
2002-05-16,Dow Jones,2746.46,2768.27,2768.91,2706.99,173299388,0.59,3.39,10.84,2.72,102,24073,2504,1.22,83.06,35.62,2182.44,320.78,6126,1.53,15,1.86,5450
2002-05-17,Dow Jones,3066.79,3090.01,3110.91,3062.73,389482772,-4.41,6.46,12.34,1.38,97,567,832,1.18,138.31,46.11,1754.11,424.92,6389,5.33,39,51.16,10575
2002-05-18,Dow Jones,4035.11,4008.41,4063.39,4007.37,438581956,1.48,9.97,2.48,7.08,80,10363,1721,1.31,113.49,107.46,2004.97,275.71,2352,9.74,30,84.26,1592
2002-05-19,Dow Jones,2129.98,2161.29,2193.74,2098.54,267165750,0.73,2.32,10.68,2.53,53,25818,677,1.04,96.17,112.12,1752.87,488.32,2126,7.1,38,92.29,14009
2002-05-20,Dow Jones,2412.2,2421.04,2438.55,2380.72,541887196,4.71,2.8,10.45,9.38,84,24109,2261,1.31,105.82,118.91,2102.97,168.71,1354,3.05,26,45.21,6591
2002-05-21,Dow Jones,2412.2,2421.04,2438.55,2380.72,541887196,4.71,2.8,10.45,9.38,84,24109,2261,1.31,105.82,118.91,2102.97,168.71,1354,3.05,26,45.21,6591
2002-05-22,Dow Jones,2412.2,2421.04,2438.55,2380.72,541887196,4.71,2.8,10.45,9.38,84,24109,2261,1.31,105.82,118.91,2102.97,168.71,1354,3.05,26,45.21,6591
2002-05-23,Dow Jones,4570.23,4583.03,4616.61,4553.629999999999,366501290,9.8,5.11,12.35,4.63,58,26781,1408,1.25,83.6,83.93,1029.53,168.17,7625,4.71,46,57.91,14497
2002-05-24,Dow Jones,2677.79,2710.78,2710.9999999999995,2646.57,154495933,-0.47,2.4,13.76,7.08,95,26522,4292,1.11,95.75,131.05,1602.11,488.93,8780,2.37,13,27.57,9703
2002-05-25,Dow Jones,4121.46,4113.02,4167.69,4071.74,923864661,-4.54,9.32,10.78,4.8,105,19953,941,1.38,104.85,136.98,1715.0,356.38,6867,0.49,1,91.08,3205
2002-05-26,Dow Jones,4121.46,4113.02,4167.69,4071.74,923864661,-4.54,9.32,10.78,4.8,105,19953,941,1.38,104.85,136.98,1715.0,356.38,6867,0.49,1,91.08,3205
2002-05-27,Dow Jones,4121.46,4113.02,4167.69,4071.74,923864661,-4.54,9.32,10.78,4.8,105,19953,941,1.38,104.85,136.98,1715.0,356.38,6867,0.49,1,91.08,3205
2002-05-28,Dow Jones,4121.46,4113.02,4167.69,4071.74,923864661,-4.54,9.32,10.78,4.8,105,19953,941,1.38,104.85,136.98,1715.0,356.38,6867,0.49,1,91.08,3205
2002-05-29,Dow Jones,4121.46,4113.02,4167.69,4071.74,923864661,-4.54,9.32,10.78,4.8,105,19953,941,1.38,104.85,136.98,1715.0,356.38,6867,0.49,1,91.08,3205
2002-05-30,Dow Jones,1744.54,1743.33,1755.26,1700.52,373281577,1.49,2.42,11.24,5.53,107,4179,2735,1.09,119.05,43.88,2025.68,331.17,6398,4.1,4,51.21,6654
2002-05-31,Dow Jones,2326.26,2296.69,2355.5200000000004,2272.16,189865083,0.07,8.91,13.28,6.65,112,20794,3485,0.96,145.03,78.32,1924.46,249.72,2839,7.52,37,86.84,1336
2002-06-01,Dow Jones,2326.26,2296.69,2355.5200000000004,2272.16,189865083,0.07,8.91,13.28,6.65,112,20794,3485,0.96,145.03,78.32,1924.46,249.72,2839,7.52,37,86.84,1336
2002-06-02,Dow Jones,2326.26,2296.69,2355.5200000000004,2272.16,189865083,0.07,8.91,13.28,6.65,112,20794,3485,0.96,145.03,78.32,1924.46,249.72,2839,7.52,37,86.84,1336
2002-06-03,Dow Jones,2326.26,2296.69,2355.5200000000004,2272.16,189865083,0.07,8.91,13.28,6.65,112,20794,3485,0.96,145.03,78.32,1924.46,249.72,2839,7.52,37,86.84,1336
2002-06-04,Dow Jones,2326.26,2296.69,2355.5200000000004,2272.16,189865083,0.07,8.91,13.28,6.65,112,20794,3485,0.96,145.03,78.32,1924.46,249.72,2839,7.52,37,86.84,1336
2002-06-05,Dow Jones,2326.26,2296.69,2355.5200000000004,2272.16,189865083,0.07,8.91,13.28,6.65,112,20794,3485,0.96,145.03,78.32,1924.46,249.72,2839,7.52,37,86.84,1336
2002-06-06,Dow Jones,2326.26,2296.69,2355.5200000000004,2272.16,189865083,0.07,8.91,13.28,6.65,112,20794,3485,0.96,145.03,78.32,1924.46,249.72,2839,7.52,37,86.84,1336
2002-06-07,Dow Jones,2326.26,2296.69,2355.5200000000004,2272.16,189865083,0.07,8.91,13.28,6.65,112,20794,3485,0.96,145.03,78.32,1924.46,249.72,2839,7.52,37,86.84,1336
2002-06-08,Dow Jones,2326.26,2296.69,2355.5200000000004,2272.16,189865083,0.07,8.91,13.28,6.65,112,20794,3485,0.96,145.03,78.32,1924.46,249.72,2839,7.52,37,86.84,1336
2002-06-09,Dow Jones,2326.26,2296.69,2355.5200000000004,2272.16,189865083,0.07,8.91,13.28,6.65,112,20794,3485,0.96,145.03,78.32,1924.46,249.72,2839,7.52,37,86.84,1336
2002-06-10,Dow Jones,2326.26,2296.69,2355.5200000000004,2272.16,189865083,0.07,8.91,13.28,6.65,112,20794,3485,0.96,145.03,78.32,1924.46,249.72,2839,7.52,37,86.84,1336
2002-06-11,Dow Jones,2326.26,2296.69,2355.5200000000004,2272.16,189865083,0.07,8.91,13.28,6.65,112,20794,3485,0.96,145.03,78.32,1924.46,249.72,2839,7.52,37,86.84,1336
2002-06-12,Dow Jones,2326.26,2296.69,2355.5200000000004,2272.16,189865083,0.07,8.91,13.28,6.65,112,20794,3485,0.96,145.03,78.32,1924.46,249.72,2839,7.52,37,86.84,1336
2002-06-13,Dow Jones,2326.26,2296.69,2355.5200000000004,2272.16,189865083,0.07,8.91,13.28,6.65,112,20794,3485,0.96,145.03,78.32,1924.46,249.72,2839,7.52,37,86.84,1336
2002-06-14,Dow Jones,2326.26,2296.69,2355.5200000000004,2272.16,189865083,0.07,8.91,13.28,6.65,112,20794,3485,0.96,145.03,78.32,1924.46,249.72,2839,7.52,37,86.84,1336
2002-06-15,Dow Jones,2326.26,2296.69,2355.5200000000004,2272.16,189865083,0.07,8.91,13.28,6.65,112,20794,3485,0.96,145.03,78.32,1924.46,249.72,2839,7.52,37,86.84,1336
2002-06-16,Dow Jones,2326.26,2296.69,2355.5200000000004,2272.16,189865083,0.07,8.91,13.28,6.65,112,20794,3485,0.96,145.03,78.32,1924.46,249.72,2839,7.52,37,86.84,1336
2002-06-17,Dow Jones,2326.26,2296.69,2355.5200000000004,2272.16,189865083,0.07,8.91,13.28,6.65,112,20794,3485,0.96,145.03,78.32,1924.46,249.72,2839,7.52,37,86.84,1336
2002-06-18,Dow Jones,2326.26,2296.69,2355.5200000000004,2272.16,189865083,0.07,8.91,13.28,6.65,112,20794,3485,0.96,145.03,78.32,1924.46,249.72,2839,7.52,37,86.84,1336
2002-06-19,Dow Jones,1150.28,1153.59,1200.76,1144.2,59430449,3.2,6.82,13.43,2.26,62,2237,572,1.37,84.83,130.53,2377.78,132.49,5363,4.59,43,31.37,8022
2002-06-20,Dow Jones,1150.28,1153.59,1200.76,1144.2,59430449,3.2,6.82,13.43,2.26,62,2237,572,1.37,84.83,130.53,2377.78,132.49,5363,4.59,43,31.37,8022
2002-06-21,Dow Jones,1150.28,1153.59,1200.76,1144.2,59430449,3.2,6.82,13.43,2.26,62,2237,572,1.37,84.83,130.53,2377.78,132.49,5363,4.59,43,31.37,8022
2002-06-22,Dow Jones,1150.28,1153.59,1200.76,1144.2,59430449,3.2,6.82,13.43,2.26,62,2237,572,1.37,84.83,130.53,2377.78,132.49,5363,4.59,43,31.37,8022
2002-06-23,Dow Jones,2666.26,2653.84,2704.03,2632.9700000000003,316181922,-3.33,6.66,12.04,8.11,110,17220,152,1.19,143.27,59.4,1046.07,297.66,8403,0.91,46,63.02,236
2002-06-24,Dow Jones,2666.26,2653.84,2704.03,2632.9700000000003,316181922,-3.33,6.66,12.04,8.11,110,17220,152,1.19,143.27,59.4,1046.07,297.66,8403,0.91,46,63.02,236
2002-06-25,Dow Jones,2666.26,2653.84,2704.03,2632.9700000000003,316181922,-3.33,6.66,12.04,8.11,110,17220,152,1.19,143.27,59.4,1046.07,297.66,8403,0.91,46,63.02,236
2002-06-26,Dow Jones,4892.31,4887.0,4924.21,4848.0,172507428,7.54,4.13,5.55,2.46,111,23882,1497,1.36,104.72,104.73,1206.25,413.78,4556,9.96,47,69.57,14601
2002-06-27,Dow Jones,4892.31,4887.0,4924.21,4848.0,172507428,7.54,4.13,5.55,2.46,111,23882,1497,1.36,104.72,104.73,1206.25,413.78,4556,9.96,47,69.57,14601
2002-06-28,Dow Jones,2216.79,2188.84,2244.48,2167.3500000000004,367005344,3.32,7.38,11.74,8.67,75,9363,927,1.26,91.06,22.98,1344.37,212.11,9172,1.36,10,51.68,9955
2002-06-29,Dow Jones,2215.77,2182.23,2265.09,2181.68,453229400,4.48,7.41,2.95,1.08,59,26379,2183,1.49,118.32,68.04,2021.22,170.27,3202,4.15,2,36.63,7332
2002-06-30,Dow Jones,2215.77,2182.23,2265.09,2181.68,453229400,4.48,7.41,2.95,1.08,59,26379,2183,1.49,118.32,68.04,2021.22,170.27,3202,4.15,2,36.63,7332
2002-07-01,Dow Jones,2215.77,2182.23,2265.09,2181.68,453229400,4.48,7.41,2.95,1.08,59,26379,2183,1.49,118.32,68.04,2021.22,170.27,3202,4.15,2,36.63,7332
2002-07-02,Dow Jones,2215.77,2182.23,2265.09,2181.68,453229400,4.48,7.41,2.95,1.08,59,26379,2183,1.49,118.32,68.04,2021.22,170.27,3202,4.15,2,36.63,7332
2002-07-03,Dow Jones,2215.77,2182.23,2265.09,2181.68,453229400,4.48,7.41,2.95,1.08,59,26379,2183,1.49,118.32,68.04,2021.22,170.27,3202,4.15,2,36.63,7332
2002-07-04,Dow Jones,2215.77,2182.23,2265.09,2181.68,453229400,4.48,7.41,2.95,1.08,59,26379,2183,1.49,118.32,68.04,2021.22,170.27,3202,4.15,2,36.63,7332
2002-07-05,Dow Jones,3652.19,3610.61,3676.33,3561.15,941762599,4.47,2.14,9.63,6.26,88,19479,285,1.26,81.52,41.09,887.61,353.61,8128,1.01,20,22.21,11957
2002-07-06,Dow Jones,3652.19,3610.61,3676.33,3561.15,941762599,4.47,2.14,9.63,6.26,88,19479,285,1.26,81.52,41.09,887.61,353.61,8128,1.01,20,22.21,11957
2002-07-07,Dow Jones,4393.7,4410.34,4451.8,4343.81,502351258,-2.59,8.75,9.94,1.47,94,3769,3293,1.49,109.19,148.94,2240.66,107.0,1835,4.91,46,37.84,9811
2002-07-08,Dow Jones,2690.52,2669.06,2712.71,2656.83,927311816,1.14,0.5,9.95,6.03,91,27677,1512,0.91,88.16,55.25,973.18,310.51,7380,3.68,10,9.01,8887
2002-07-09,Dow Jones,2211.72,2220.3,2248.84,2169.61,296075652,4.92,5.12,11.57,6.99,91,17362,3288,1.19,80.69,79.99,2066.21,206.83,9840,7.03,40,42.41,9817
2002-07-10,Dow Jones,2211.72,2220.3,2248.84,2169.61,296075652,4.92,5.12,11.57,6.99,91,17362,3288,1.19,80.69,79.99,2066.21,206.83,9840,7.03,40,42.41,9817
2002-07-11,Dow Jones,2211.72,2220.3,2248.84,2169.61,296075652,4.92,5.12,11.57,6.99,91,17362,3288,1.19,80.69,79.99,2066.21,206.83,9840,7.03,40,42.41,9817
2002-07-12,Dow Jones,2211.72,2220.3,2248.84,2169.61,296075652,4.92,5.12,11.57,6.99,91,17362,3288,1.19,80.69,79.99,2066.21,206.83,9840,7.03,40,42.41,9817
2002-07-13,Dow Jones,1726.46,1741.26,1782.66,1677.49,850929618,7.21,2.19,2.14,5.43,109,28727,4234,1.45,84.83,93.41,1998.07,488.01,6607,9.01,6,9.47,10367
2002-07-14,Dow Jones,1726.46,1741.26,1782.66,1677.49,850929618,7.21,2.19,2.14,5.43,109,28727,4234,1.45,84.83,93.41,1998.07,488.01,6607,9.01,6,9.47,10367
2002-07-15,Dow Jones,1726.46,1741.26,1782.66,1677.49,850929618,7.21,2.19,2.14,5.43,109,28727,4234,1.45,84.83,93.41,1998.07,488.01,6607,9.01,6,9.47,10367
2002-07-16,Dow Jones,1726.46,1741.26,1782.66,1677.49,850929618,7.21,2.19,2.14,5.43,109,28727,4234,1.45,84.83,93.41,1998.07,488.01,6607,9.01,6,9.47,10367
2002-07-17,Dow Jones,1726.46,1741.26,1782.66,1677.49,850929618,7.21,2.19,2.14,5.43,109,28727,4234,1.45,84.83,93.41,1998.07,488.01,6607,9.01,6,9.47,10367
2002-07-18,Dow Jones,1726.46,1741.26,1782.66,1677.49,850929618,7.21,2.19,2.14,5.43,109,28727,4234,1.45,84.83,93.41,1998.07,488.01,6607,9.01,6,9.47,10367
2002-07-19,Dow Jones,2572.78,2612.03,2661.03,2560.84,7787839,2.75,1.96,13.6,2.5,106,3980,1458,1.31,121.77,108.07,1731.86,479.5,3280,7.37,6,22.64,13228
2002-07-20,Dow Jones,3362.55,3320.4100000000003,3382.24,3285.9200000000005,347615825,9.88,6.1,14.23,2.97,77,9042,1869,1.09,142.74,88.1,947.42,185.16,5120,7.87,12,25.47,9439
2002-07-21,Dow Jones,3644.06,3627.15,3655.43,3598.87,654781175,-4.18,4.2,7.81,9.24,72,26633,2861,0.8,92.56,33.6,1324.17,216.78,3043,0.9,17,59.81,9866
2002-07-22,Dow Jones,1313.82,1288.65,1322.39,1284.78,65244116,2.37,8.86,10.53,7.71,91,16360,2982,0.99,113.35,93.51,1041.99,486.76,6279,1.83,41,8.25,14338
2002-07-23,Dow Jones,3177.99,3226.79,3260.17,3169.86,214748510,-3.63,7.55,7.08,5.75,61,3542,1289,1.46,124.23,112.15,957.56,362.96,6967,4.63,33,5.97,10596
2002-07-24,Dow Jones,3837.28,3826.22,3867.75,3806.82,237429184,-2.6,5.97,6.56,2.89,113,19720,1292,1.33,116.38,97.77,1307.91,295.25,4036,6.37,12,62.79,4208
2002-07-25,Dow Jones,3837.28,3826.22,3867.75,3806.82,237429184,-2.6,5.97,6.56,2.89,113,19720,1292,1.33,116.38,97.77,1307.91,295.25,4036,6.37,12,62.79,4208
2002-07-26,Dow Jones,4122.53,4141.0,4145.4,4082.92,138697758,-2.67,8.8,11.66,9.04,100,24758,3721,0.85,148.14,131.09,1242.32,119.43,5710,6.68,28,48.39,11557
2002-07-27,Dow Jones,3335.09,3306.3,3379.77,3285.5,142027096,9.46,4.45,8.52,8.98,78,7064,4956,1.05,145.94,25.33,1739.62,435.58,3842,7.14,46,41.39,2701
2002-07-28,Dow Jones,3335.09,3306.3,3379.77,3285.5,142027096,9.46,4.45,8.52,8.98,78,7064,4956,1.05,145.94,25.33,1739.62,435.58,3842,7.14,46,41.39,2701
2002-07-29,Dow Jones,3335.09,3306.3,3379.77,3285.5,142027096,9.46,4.45,8.52,8.98,78,7064,4956,1.05,145.94,25.33,1739.62,435.58,3842,7.14,46,41.39,2701
2002-07-30,Dow Jones,3335.09,3306.3,3379.77,3285.5,142027096,9.46,4.45,8.52,8.98,78,7064,4956,1.05,145.94,25.33,1739.62,435.58,3842,7.14,46,41.39,2701
2002-07-31,Dow Jones,3335.09,3306.3,3379.77,3285.5,142027096,9.46,4.45,8.52,8.98,78,7064,4956,1.05,145.94,25.33,1739.62,435.58,3842,7.14,46,41.39,2701
2002-08-01,Dow Jones,2186.24,2138.21,2229.42,2126.23,897781702,7.23,7.45,7.68,7.52,62,29380,3931,1.31,149.69,86.55,1083.79,194.58,5182,4.99,46,64.73,349
2002-08-02,Dow Jones,3857.7,3895.64,3942.1,3814.72,480276550,4.41,3.38,7.94,6.34,114,26841,2744,0.8,128.02,113.92,877.76,344.49,8635,7.46,3,5.47,14050
2002-08-03,Dow Jones,4036.02,4082.58,4097.75,3989.79,112019143,-5.0,3.51,12.64,7.91,61,24490,1983,0.99,84.77,73.4,1216.2,295.17,7579,8.09,6,67.43,8229
2002-08-04,Dow Jones,4036.02,4082.58,4097.75,3989.79,112019143,-5.0,3.51,12.64,7.91,61,24490,1983,0.99,84.77,73.4,1216.2,295.17,7579,8.09,6,67.43,8229
2002-08-05,Dow Jones,3055.42,3039.27,3094.5,3022.57,561959114,6.2,1.47,13.51,3.53,91,11670,745,1.18,131.12,131.89,812.28,114.42,8926,4.86,30,27.47,5882
2002-08-06,Dow Jones,3055.42,3039.27,3094.5,3022.57,561959114,6.2,1.47,13.51,3.53,91,11670,745,1.18,131.12,131.89,812.28,114.42,8926,4.86,30,27.47,5882
2002-08-07,Dow Jones,3055.42,3039.27,3094.5,3022.57,561959114,6.2,1.47,13.51,3.53,91,11670,745,1.18,131.12,131.89,812.28,114.42,8926,4.86,30,27.47,5882
2002-08-08,Dow Jones,4731.7,4764.24,4793.09,4695.61,400243952,8.63,8.92,11.81,5.27,114,11067,4386,1.17,148.41,98.7,1204.8,106.03,4477,0.09,21,63.37,11529
2002-08-09,Dow Jones,4731.7,4764.24,4793.09,4695.61,400243952,8.63,8.92,11.81,5.27,114,11067,4386,1.17,148.41,98.7,1204.8,106.03,4477,0.09,21,63.37,11529
2002-08-10,Dow Jones,4731.7,4764.24,4793.09,4695.61,400243952,8.63,8.92,11.81,5.27,114,11067,4386,1.17,148.41,98.7,1204.8,106.03,4477,0.09,21,63.37,11529
2002-08-11,Dow Jones,3857.31,3886.32,3886.59,3854.85,445250664,9.95,0.83,3.08,3.99,77,16111,504,0.89,125.66,135.74,1473.46,383.71,3023,1.45,16,67.8,11712
2002-08-12,Dow Jones,3857.31,3886.32,3886.59,3854.85,445250664,9.95,0.83,3.08,3.99,77,16111,504,0.89,125.66,135.74,1473.46,383.71,3023,1.45,16,67.8,11712
2002-08-13,Dow Jones,3857.31,3886.32,3886.59,3854.85,445250664,9.95,0.83,3.08,3.99,77,16111,504,0.89,125.66,135.74,1473.46,383.71,3023,1.45,16,67.8,11712
2002-08-14,Dow Jones,3857.31,3886.32,3886.59,3854.85,445250664,9.95,0.83,3.08,3.99,77,16111,504,0.89,125.66,135.74,1473.46,383.71,3023,1.45,16,67.8,11712
2002-08-15,Dow Jones,3857.31,3886.32,3886.59,3854.85,445250664,9.95,0.83,3.08,3.99,77,16111,504,0.89,125.66,135.74,1473.46,383.71,3023,1.45,16,67.8,11712
2002-08-16,Dow Jones,3857.31,3886.32,3886.59,3854.85,445250664,9.95,0.83,3.08,3.99,77,16111,504,0.89,125.66,135.74,1473.46,383.71,3023,1.45,16,67.8,11712
2002-08-17,Dow Jones,3857.31,3886.32,3886.59,3854.85,445250664,9.95,0.83,3.08,3.99,77,16111,504,0.89,125.66,135.74,1473.46,383.71,3023,1.45,16,67.8,11712
2002-08-18,Dow Jones,3857.31,3886.32,3886.59,3854.85,445250664,9.95,0.83,3.08,3.99,77,16111,504,0.89,125.66,135.74,1473.46,383.71,3023,1.45,16,67.8,11712
2002-08-19,Dow Jones,3857.31,3886.32,3886.59,3854.85,445250664,9.95,0.83,3.08,3.99,77,16111,504,0.89,125.66,135.74,1473.46,383.71,3023,1.45,16,67.8,11712
2002-08-20,Dow Jones,2381.37,2426.09,2452.07,2339.01,951768962,7.76,0.75,11.08,1.12,53,789,3935,0.84,127.57,142.44,1717.16,393.41,6961,2.9,21,67.22,9548
2002-08-21,Dow Jones,2381.37,2426.09,2452.07,2339.01,951768962,7.76,0.75,11.08,1.12,53,789,3935,0.84,127.57,142.44,1717.16,393.41,6961,2.9,21,67.22,9548
2002-08-22,Dow Jones,2381.37,2426.09,2452.07,2339.01,951768962,7.76,0.75,11.08,1.12,53,789,3935,0.84,127.57,142.44,1717.16,393.41,6961,2.9,21,67.22,9548
2002-08-23,Dow Jones,2381.37,2426.09,2452.07,2339.01,951768962,7.76,0.75,11.08,1.12,53,789,3935,0.84,127.57,142.44,1717.16,393.41,6961,2.9,21,67.22,9548
2002-08-24,Dow Jones,3804.68,3844.43,3877.51,3782.03,790105267,3.14,4.9,11.99,8.3,58,13936,4814,1.37,138.04,58.8,1120.16,139.78,2028,1.09,25,39.61,5225
2002-08-25,Dow Jones,3908.23,3949.01,3978.61,3864.34,54894100,5.0,7.51,3.17,1.63,92,8105,3332,1.24,125.56,68.37,896.07,209.09,9330,4.03,38,46.17,8131
2002-08-26,Dow Jones,3908.23,3949.01,3978.61,3864.34,54894100,5.0,7.51,3.17,1.63,92,8105,3332,1.24,125.56,68.37,896.07,209.09,9330,4.03,38,46.17,8131
2002-08-27,Dow Jones,3908.23,3949.01,3978.61,3864.34,54894100,5.0,7.51,3.17,1.63,92,8105,3332,1.24,125.56,68.37,896.07,209.09,9330,4.03,38,46.17,8131
2002-08-28,Dow Jones,2985.04,3017.59,3020.9300000000003,2947.45,825249508,7.73,7.35,10.7,9.08,90,19577,457,1.47,83.58,133.08,2217.09,111.4,1967,6.9,16,77.24,1631
2002-08-29,Dow Jones,2985.04,3017.59,3020.9300000000003,2947.45,825249508,7.73,7.35,10.7,9.08,90,19577,457,1.47,83.58,133.08,2217.09,111.4,1967,6.9,16,77.24,1631
2002-08-30,Dow Jones,1652.14,1622.23,1681.96,1606.19,546412874,-0.94,9.04,7.32,3.5,53,29836,1694,1.06,103.69,78.98,1064.93,286.49,9734,9.23,39,41.04,4352
2002-08-31,Dow Jones,1652.14,1622.23,1681.96,1606.19,546412874,-0.94,9.04,7.32,3.5,53,29836,1694,1.06,103.69,78.98,1064.93,286.49,9734,9.23,39,41.04,4352
2002-09-01,Dow Jones,1652.14,1622.23,1681.96,1606.19,546412874,-0.94,9.04,7.32,3.5,53,29836,1694,1.06,103.69,78.98,1064.93,286.49,9734,9.23,39,41.04,4352
2002-09-02,Dow Jones,1652.14,1622.23,1681.96,1606.19,546412874,-0.94,9.04,7.32,3.5,53,29836,1694,1.06,103.69,78.98,1064.93,286.49,9734,9.23,39,41.04,4352
2002-09-03,Dow Jones,1652.14,1622.23,1681.96,1606.19,546412874,-0.94,9.04,7.32,3.5,53,29836,1694,1.06,103.69,78.98,1064.93,286.49,9734,9.23,39,41.04,4352
2002-09-04,Dow Jones,1652.14,1622.23,1681.96,1606.19,546412874,-0.94,9.04,7.32,3.5,53,29836,1694,1.06,103.69,78.98,1064.93,286.49,9734,9.23,39,41.04,4352
2002-09-05,Dow Jones,1652.14,1622.23,1681.96,1606.19,546412874,-0.94,9.04,7.32,3.5,53,29836,1694,1.06,103.69,78.98,1064.93,286.49,9734,9.23,39,41.04,4352
2002-09-06,Dow Jones,3814.8,3818.56,3850.750000000001,3791.41,644638204,4.78,3.2,8.6,8.89,70,22799,1758,1.26,125.85,25.75,2076.65,368.05,8728,3.58,34,62.42,3897
2002-09-07,Dow Jones,4881.03,4888.61,4905.25,4867.28,354740866,-4.21,4.74,2.51,4.77,74,26477,674,1.06,98.84,54.59,1767.96,206.5,8265,2.98,15,96.25,6391
2002-09-08,Dow Jones,4881.03,4888.61,4905.25,4867.28,354740866,-4.21,4.74,2.51,4.77,74,26477,674,1.06,98.84,54.59,1767.96,206.5,8265,2.98,15,96.25,6391
2002-09-09,Dow Jones,4881.03,4888.61,4905.25,4867.28,354740866,-4.21,4.74,2.51,4.77,74,26477,674,1.06,98.84,54.59,1767.96,206.5,8265,2.98,15,96.25,6391
2002-09-10,Dow Jones,4881.03,4888.61,4905.25,4867.28,354740866,-4.21,4.74,2.51,4.77,74,26477,674,1.06,98.84,54.59,1767.96,206.5,8265,2.98,15,96.25,6391
2002-09-11,Dow Jones,4881.03,4888.61,4905.25,4867.28,354740866,-4.21,4.74,2.51,4.77,74,26477,674,1.06,98.84,54.59,1767.96,206.5,8265,2.98,15,96.25,6391
2002-09-12,Dow Jones,4881.03,4888.61,4905.25,4867.28,354740866,-4.21,4.74,2.51,4.77,74,26477,674,1.06,98.84,54.59,1767.96,206.5,8265,2.98,15,96.25,6391
2002-09-13,Dow Jones,4881.03,4888.61,4905.25,4867.28,354740866,-4.21,4.74,2.51,4.77,74,26477,674,1.06,98.84,54.59,1767.96,206.5,8265,2.98,15,96.25,6391
2002-09-14,Dow Jones,4881.03,4888.61,4905.25,4867.28,354740866,-4.21,4.74,2.51,4.77,74,26477,674,1.06,98.84,54.59,1767.96,206.5,8265,2.98,15,96.25,6391
2002-09-15,Dow Jones,4881.03,4888.61,4905.25,4867.28,354740866,-4.21,4.74,2.51,4.77,74,26477,674,1.06,98.84,54.59,1767.96,206.5,8265,2.98,15,96.25,6391
2002-09-16,Dow Jones,4881.03,4888.61,4905.25,4867.28,354740866,-4.21,4.74,2.51,4.77,74,26477,674,1.06,98.84,54.59,1767.96,206.5,8265,2.98,15,96.25,6391
2002-09-17,Dow Jones,4881.03,4888.61,4905.25,4867.28,354740866,-4.21,4.74,2.51,4.77,74,26477,674,1.06,98.84,54.59,1767.96,206.5,8265,2.98,15,96.25,6391
2002-09-18,Dow Jones,1717.02,1668.35,1729.63,1663.33,258609007,4.03,8.96,12.76,9.24,52,20811,934,1.33,124.97,73.69,2315.12,416.13,4109,9.28,11,57.01,2852
2002-09-19,Dow Jones,1717.02,1668.35,1729.63,1663.33,258609007,4.03,8.96,12.76,9.24,52,20811,934,1.33,124.97,73.69,2315.12,416.13,4109,9.28,11,57.01,2852
2002-09-20,Dow Jones,3210.83,3206.79,3227.85,3158.79,99598335,-1.98,6.89,9.65,7.9,62,28505,1803,0.84,138.68,121.16,1198.8,325.1,4842,5.02,20,92.41,4092
2002-09-21,Dow Jones,3210.83,3206.79,3227.85,3158.79,99598335,-1.98,6.89,9.65,7.9,62,28505,1803,0.84,138.68,121.16,1198.8,325.1,4842,5.02,20,92.41,4092
2002-09-22,Dow Jones,3210.83,3206.79,3227.85,3158.79,99598335,-1.98,6.89,9.65,7.9,62,28505,1803,0.84,138.68,121.16,1198.8,325.1,4842,5.02,20,92.41,4092
2002-09-23,Dow Jones,3210.83,3206.79,3227.85,3158.79,99598335,-1.98,6.89,9.65,7.9,62,28505,1803,0.84,138.68,121.16,1198.8,325.1,4842,5.02,20,92.41,4092
2002-09-24,Dow Jones,1629.09,1629.41,1637.6799999999998,1585.41,379192320,-1.52,0.21,12.07,5.05,112,15439,3509,1.3,145.61,137.37,2044.82,478.89,2100,5.88,34,3.35,13847
2002-09-25,Dow Jones,2239.15,2265.6600000000003,2314.55,2223.78,480024545,-4.29,3.71,2.01,0.68,105,23476,4246,1.09,112.95,109.12,1640.4,382.74,7858,4.47,21,49.84,2401
2002-09-26,Dow Jones,2239.15,2265.6600000000003,2314.55,2223.78,480024545,-4.29,3.71,2.01,0.68,105,23476,4246,1.09,112.95,109.12,1640.4,382.74,7858,4.47,21,49.84,2401
2002-09-27,Dow Jones,4485.66,4450.599999999999,4532.26,4434.749999999999,624358847,0.04,1.73,5.06,5.0,109,3988,2220,1.01,132.33,135.38,2496.39,206.54,3625,8.27,35,37.51,4971
2002-09-28,Dow Jones,3690.81,3705.64,3751.32,3658.09,505246820,-2.27,6.06,13.37,1.53,73,2395,3965,1.02,94.74,31.26,1559.97,402.94,9402,4.14,7,81.55,12703
2002-09-29,Dow Jones,4186.73,4153.969999999999,4213.0,4149.969999999999,365454685,-0.14,2.89,3.99,1.7,99,3408,151,1.43,148.54,67.89,1434.97,429.17,6242,2.3,26,18.27,9613
2002-09-30,Dow Jones,2001.87,2039.11,2075.36,1989.75,332140520,-4.26,7.97,10.66,4.9,82,1911,361,1.49,134.66,93.27,1831.96,243.01,5428,5.7,26,17.71,5875
2002-10-01,Dow Jones,2001.87,2039.11,2075.36,1989.75,332140520,-4.26,7.97,10.66,4.9,82,1911,361,1.49,134.66,93.27,1831.96,243.01,5428,5.7,26,17.71,5875
2002-10-02,Dow Jones,3286.98,3252.7,3318.48,3226.27,340572196,3.72,7.75,6.64,8.42,95,12074,2008,1.1,87.77,105.14,1997.56,296.9,7427,6.93,6,68.75,9482
2002-10-03,Dow Jones,3286.98,3252.7,3318.48,3226.27,340572196,3.72,7.75,6.64,8.42,95,12074,2008,1.1,87.77,105.14,1997.56,296.9,7427,6.93,6,68.75,9482
2002-10-04,Dow Jones,3286.98,3252.7,3318.48,3226.27,340572196,3.72,7.75,6.64,8.42,95,12074,2008,1.1,87.77,105.14,1997.56,296.9,7427,6.93,6,68.75,9482
2002-10-05,Dow Jones,1048.63,1005.92,1077.5400000000002,962.43,122030790,8.55,8.09,3.24,4.15,114,5948,3494,1.04,82.7,72.71,2197.27,489.27,6387,3.43,23,29.94,10381
2002-10-06,Dow Jones,3696.08,3708.76,3733.67,3673.63,789396685,2.25,1.86,2.9,2.33,94,28194,4436,0.88,89.94,36.29,2429.04,312.51,4325,9.83,7,75.71,12789
2002-10-07,Dow Jones,3696.08,3708.76,3733.67,3673.63,789396685,2.25,1.86,2.9,2.33,94,28194,4436,0.88,89.94,36.29,2429.04,312.51,4325,9.83,7,75.71,12789
2002-10-08,Dow Jones,3696.08,3708.76,3733.67,3673.63,789396685,2.25,1.86,2.9,2.33,94,28194,4436,0.88,89.94,36.29,2429.04,312.51,4325,9.83,7,75.71,12789
2002-10-09,Dow Jones,3696.08,3708.76,3733.67,3673.63,789396685,2.25,1.86,2.9,2.33,94,28194,4436,0.88,89.94,36.29,2429.04,312.51,4325,9.83,7,75.71,12789
2002-10-10,Dow Jones,3696.08,3708.76,3733.67,3673.63,789396685,2.25,1.86,2.9,2.33,94,28194,4436,0.88,89.94,36.29,2429.04,312.51,4325,9.83,7,75.71,12789
2002-10-11,Dow Jones,3696.08,3708.76,3733.67,3673.63,789396685,2.25,1.86,2.9,2.33,94,28194,4436,0.88,89.94,36.29,2429.04,312.51,4325,9.83,7,75.71,12789
2002-10-12,Dow Jones,3485.17,3480.67,3497.84,3470.14,446121231,-2.82,4.16,13.15,2.34,103,29074,1016,0.92,115.32,128.1,1707.65,237.73,5741,6.8,4,82.84,14613
2002-10-13,Dow Jones,3485.17,3480.67,3497.84,3470.14,446121231,-2.82,4.16,13.15,2.34,103,29074,1016,0.92,115.32,128.1,1707.65,237.73,5741,6.8,4,82.84,14613
2002-10-14,Dow Jones,3485.17,3480.67,3497.84,3470.14,446121231,-2.82,4.16,13.15,2.34,103,29074,1016,0.92,115.32,128.1,1707.65,237.73,5741,6.8,4,82.84,14613
2002-10-15,Dow Jones,3485.17,3480.67,3497.84,3470.14,446121231,-2.82,4.16,13.15,2.34,103,29074,1016,0.92,115.32,128.1,1707.65,237.73,5741,6.8,4,82.84,14613
2002-10-16,Dow Jones,1273.41,1278.03,1279.97,1264.68,428951149,0.93,4.07,6.63,5.65,86,13200,2316,0.8,149.0,45.89,924.57,178.97,6245,3.58,0,76.54,7554
2002-10-17,Dow Jones,4135.04,4093.99,4167.99,4090.45,20453370,2.72,5.89,7.19,9.83,61,24490,1420,1.1,91.6,81.42,2225.44,245.28,8703,6.42,41,36.22,10818
2002-10-18,Dow Jones,4135.04,4093.99,4167.99,4090.45,20453370,2.72,5.89,7.19,9.83,61,24490,1420,1.1,91.6,81.42,2225.44,245.28,8703,6.42,41,36.22,10818
2002-10-19,Dow Jones,2731.07,2766.4,2809.98,2702.2200000000003,747861191,-3.86,1.33,3.74,9.09,69,19118,4545,1.11,103.63,129.11,1789.75,418.53,1580,1.95,16,85.9,2585
2002-10-20,Dow Jones,2731.07,2766.4,2809.98,2702.2200000000003,747861191,-3.86,1.33,3.74,9.09,69,19118,4545,1.11,103.63,129.11,1789.75,418.53,1580,1.95,16,85.9,2585
2002-10-21,Dow Jones,2731.07,2766.4,2809.98,2702.2200000000003,747861191,-3.86,1.33,3.74,9.09,69,19118,4545,1.11,103.63,129.11,1789.75,418.53,1580,1.95,16,85.9,2585
2002-10-22,Dow Jones,2731.07,2766.4,2809.98,2702.2200000000003,747861191,-3.86,1.33,3.74,9.09,69,19118,4545,1.11,103.63,129.11,1789.75,418.53,1580,1.95,16,85.9,2585
2002-10-23,Dow Jones,2731.07,2766.4,2809.98,2702.2200000000003,747861191,-3.86,1.33,3.74,9.09,69,19118,4545,1.11,103.63,129.11,1789.75,418.53,1580,1.95,16,85.9,2585
2002-10-24,Dow Jones,2731.07,2766.4,2809.98,2702.2200000000003,747861191,-3.86,1.33,3.74,9.09,69,19118,4545,1.11,103.63,129.11,1789.75,418.53,1580,1.95,16,85.9,2585
2002-10-25,Dow Jones,3566.94,3529.83,3572.67,3501.57,938848097,2.4,4.83,2.35,6.6,117,2462,3785,1.26,127.35,43.26,2151.29,469.6,7152,9.26,13,55.49,3322
2002-10-26,Dow Jones,3566.94,3529.83,3572.67,3501.57,938848097,2.4,4.83,2.35,6.6,117,2462,3785,1.26,127.35,43.26,2151.29,469.6,7152,9.26,13,55.49,3322
2002-10-27,Dow Jones,3566.94,3529.83,3572.67,3501.57,938848097,2.4,4.83,2.35,6.6,117,2462,3785,1.26,127.35,43.26,2151.29,469.6,7152,9.26,13,55.49,3322
2002-10-28,Dow Jones,1795.97,1808.28,1825.69,1770.85,433848446,9.21,1.12,14.65,9.43,95,28272,3871,1.16,137.99,30.32,1766.89,324.19,4596,5.06,21,60.92,11154
2002-10-29,Dow Jones,1795.97,1808.28,1825.69,1770.85,433848446,9.21,1.12,14.65,9.43,95,28272,3871,1.16,137.99,30.32,1766.89,324.19,4596,5.06,21,60.92,11154
2002-10-30,Dow Jones,1795.97,1808.28,1825.69,1770.85,433848446,9.21,1.12,14.65,9.43,95,28272,3871,1.16,137.99,30.32,1766.89,324.19,4596,5.06,21,60.92,11154
2002-10-31,Dow Jones,1795.97,1808.28,1825.69,1770.85,433848446,9.21,1.12,14.65,9.43,95,28272,3871,1.16,137.99,30.32,1766.89,324.19,4596,5.06,21,60.92,11154
2002-11-01,Dow Jones,1795.97,1808.28,1825.69,1770.85,433848446,9.21,1.12,14.65,9.43,95,28272,3871,1.16,137.99,30.32,1766.89,324.19,4596,5.06,21,60.92,11154
2002-11-02,Dow Jones,1795.97,1808.28,1825.69,1770.85,433848446,9.21,1.12,14.65,9.43,95,28272,3871,1.16,137.99,30.32,1766.89,324.19,4596,5.06,21,60.92,11154
2002-11-03,Dow Jones,1795.97,1808.28,1825.69,1770.85,433848446,9.21,1.12,14.65,9.43,95,28272,3871,1.16,137.99,30.32,1766.89,324.19,4596,5.06,21,60.92,11154
2002-11-04,Dow Jones,4921.47,4958.84,5001.150000000001,4878.92,497980950,9.12,2.43,13.11,8.88,57,11204,3269,1.1,126.26,25.4,2290.05,178.54,2414,2.08,1,3.63,3243
2002-11-05,Dow Jones,1270.01,1232.69,1306.8,1204.8300000000002,686005061,8.07,5.35,11.52,6.87,75,29171,1123,1.04,146.2,84.32,2445.75,145.66,7980,7.4,46,42.63,748
2002-11-06,Dow Jones,1270.01,1232.69,1306.8,1204.8300000000002,686005061,8.07,5.35,11.52,6.87,75,29171,1123,1.04,146.2,84.32,2445.75,145.66,7980,7.4,46,42.63,748
2002-11-07,Dow Jones,1717.46,1726.82,1734.08,1686.28,179684536,3.48,4.49,4.72,9.95,78,16891,2138,1.36,142.71,51.17,2171.98,433.1,4634,8.3,6,25.21,11211
2002-11-08,Dow Jones,4882.71,4845.42,4898.52,4827.53,896092887,-4.91,8.63,6.05,5.42,63,22699,1493,0.96,87.34,92.63,1840.18,132.84,3779,4.03,28,10.59,957
2002-11-09,Dow Jones,4882.71,4845.42,4898.52,4827.53,896092887,-4.91,8.63,6.05,5.42,63,22699,1493,0.96,87.34,92.63,1840.18,132.84,3779,4.03,28,10.59,957
2002-11-10,Dow Jones,4882.71,4845.42,4898.52,4827.53,896092887,-4.91,8.63,6.05,5.42,63,22699,1493,0.96,87.34,92.63,1840.18,132.84,3779,4.03,28,10.59,957
2002-11-11,Dow Jones,4882.71,4845.42,4898.52,4827.53,896092887,-4.91,8.63,6.05,5.42,63,22699,1493,0.96,87.34,92.63,1840.18,132.84,3779,4.03,28,10.59,957
2002-11-12,Dow Jones,4882.71,4845.42,4898.52,4827.53,896092887,-4.91,8.63,6.05,5.42,63,22699,1493,0.96,87.34,92.63,1840.18,132.84,3779,4.03,28,10.59,957
2002-11-13,Dow Jones,4882.71,4845.42,4898.52,4827.53,896092887,-4.91,8.63,6.05,5.42,63,22699,1493,0.96,87.34,92.63,1840.18,132.84,3779,4.03,28,10.59,957
2002-11-14,Dow Jones,2386.1,2386.71,2415.28,2336.94,436623865,4.65,3.81,10.88,3.32,79,10820,4138,1.03,84.53,46.37,2378.87,437.01,6215,5.41,44,70.21,1365
2002-11-15,Dow Jones,2386.1,2386.71,2415.28,2336.94,436623865,4.65,3.81,10.88,3.32,79,10820,4138,1.03,84.53,46.37,2378.87,437.01,6215,5.41,44,70.21,1365
2002-11-16,Dow Jones,2386.1,2386.71,2415.28,2336.94,436623865,4.65,3.81,10.88,3.32,79,10820,4138,1.03,84.53,46.37,2378.87,437.01,6215,5.41,44,70.21,1365
2002-11-17,Dow Jones,2386.1,2386.71,2415.28,2336.94,436623865,4.65,3.81,10.88,3.32,79,10820,4138,1.03,84.53,46.37,2378.87,437.01,6215,5.41,44,70.21,1365
2002-11-18,Dow Jones,2386.1,2386.71,2415.28,2336.94,436623865,4.65,3.81,10.88,3.32,79,10820,4138,1.03,84.53,46.37,2378.87,437.01,6215,5.41,44,70.21,1365
2002-11-19,Dow Jones,2386.1,2386.71,2415.28,2336.94,436623865,4.65,3.81,10.88,3.32,79,10820,4138,1.03,84.53,46.37,2378.87,437.01,6215,5.41,44,70.21,1365
2002-11-20,Dow Jones,2149.85,2139.27,2165.6,2101.42,420897553,0.23,8.52,6.51,5.18,55,20495,833,1.01,95.92,134.26,2472.55,323.7,2937,8.87,8,57.07,10319
2002-11-21,Dow Jones,2149.85,2139.27,2165.6,2101.42,420897553,0.23,8.52,6.51,5.18,55,20495,833,1.01,95.92,134.26,2472.55,323.7,2937,8.87,8,57.07,10319
2002-11-22,Dow Jones,2149.85,2139.27,2165.6,2101.42,420897553,0.23,8.52,6.51,5.18,55,20495,833,1.01,95.92,134.26,2472.55,323.7,2937,8.87,8,57.07,10319
2002-11-23,Dow Jones,2149.85,2139.27,2165.6,2101.42,420897553,0.23,8.52,6.51,5.18,55,20495,833,1.01,95.92,134.26,2472.55,323.7,2937,8.87,8,57.07,10319
2002-11-24,Dow Jones,2149.85,2139.27,2165.6,2101.42,420897553,0.23,8.52,6.51,5.18,55,20495,833,1.01,95.92,134.26,2472.55,323.7,2937,8.87,8,57.07,10319
2002-11-25,Dow Jones,1302.33,1337.01,1348.02,1296.14,760722584,4.22,2.03,7.26,8.01,79,19949,1806,1.46,138.57,80.42,2330.51,356.84,8861,1.73,40,93.64,13655
2002-11-26,Dow Jones,4805.69,4838.879999999999,4848.94,4777.469999999999,694687045,1.35,4.28,8.37,8.25,89,9794,3598,0.87,117.72,67.64,930.73,380.75,297,4.4,28,36.69,12165
2002-11-27,Dow Jones,4805.69,4838.879999999999,4848.94,4777.469999999999,694687045,1.35,4.28,8.37,8.25,89,9794,3598,0.87,117.72,67.64,930.73,380.75,297,4.4,28,36.69,12165
2002-11-28,Dow Jones,1368.27,1351.6,1410.9,1311.9499999999998,790611373,0.12,5.37,5.63,0.96,112,7690,4817,1.41,131.51,77.4,1243.45,310.01,5662,3.07,31,34.39,2786
2002-11-29,Dow Jones,3396.18,3395.37,3434.92,3366.43,67958799,-4.57,0.19,10.77,7.18,97,5847,4954,0.82,100.81,124.78,1996.25,369.07,6603,2.7,30,32.07,1031
2002-11-30,Dow Jones,3396.18,3395.37,3434.92,3366.43,67958799,-4.57,0.19,10.77,7.18,97,5847,4954,0.82,100.81,124.78,1996.25,369.07,6603,2.7,30,32.07,1031
2002-12-01,Dow Jones,3594.02,3567.85,3619.24,3521.32,575611055,8.96,8.45,13.36,4.74,56,12061,2391,1.47,107.1,144.54,1174.14,205.41,7365,9.7,0,58.02,1442
2002-12-02,Dow Jones,3594.02,3567.85,3619.24,3521.32,575611055,8.96,8.45,13.36,4.74,56,12061,2391,1.47,107.1,144.54,1174.14,205.41,7365,9.7,0,58.02,1442
2002-12-03,Dow Jones,3594.02,3567.85,3619.24,3521.32,575611055,8.96,8.45,13.36,4.74,56,12061,2391,1.47,107.1,144.54,1174.14,205.41,7365,9.7,0,58.02,1442
2002-12-04,Dow Jones,3594.02,3567.85,3619.24,3521.32,575611055,8.96,8.45,13.36,4.74,56,12061,2391,1.47,107.1,144.54,1174.14,205.41,7365,9.7,0,58.02,1442
2002-12-05,Dow Jones,3594.02,3567.85,3619.24,3521.32,575611055,8.96,8.45,13.36,4.74,56,12061,2391,1.47,107.1,144.54,1174.14,205.41,7365,9.7,0,58.02,1442
2002-12-06,Dow Jones,3594.02,3567.85,3619.24,3521.32,575611055,8.96,8.45,13.36,4.74,56,12061,2391,1.47,107.1,144.54,1174.14,205.41,7365,9.7,0,58.02,1442
2002-12-07,Dow Jones,3594.02,3567.85,3619.24,3521.32,575611055,8.96,8.45,13.36,4.74,56,12061,2391,1.47,107.1,144.54,1174.14,205.41,7365,9.7,0,58.02,1442
2002-12-08,Dow Jones,3440.03,3420.5400000000004,3477.61,3399.7900000000004,367310549,3.66,4.1,4.56,3.1,94,15703,2114,1.13,149.56,148.17,1678.63,298.74,2875,9.56,20,70.75,5171
2002-12-09,Dow Jones,3440.03,3420.5400000000004,3477.61,3399.7900000000004,367310549,3.66,4.1,4.56,3.1,94,15703,2114,1.13,149.56,148.17,1678.63,298.74,2875,9.56,20,70.75,5171
2002-12-10,Dow Jones,3440.03,3420.5400000000004,3477.61,3399.7900000000004,367310549,3.66,4.1,4.56,3.1,94,15703,2114,1.13,149.56,148.17,1678.63,298.74,2875,9.56,20,70.75,5171
2002-12-11,Dow Jones,3390.67,3371.38,3409.17,3351.1600000000003,94772255,5.76,0.64,11.91,8.63,99,29023,2047,0.93,132.47,81.47,1226.46,155.41,3526,5.32,2,0.13,6320
2002-12-12,Dow Jones,4464.38,4417.900000000001,4501.42,4374.13,706631200,-0.25,0.66,14.96,5.23,116,5821,1243,0.8,137.53,54.33,1390.66,249.44,8416,6.58,22,7.74,12258
2002-12-13,Dow Jones,4464.38,4417.900000000001,4501.42,4374.13,706631200,-0.25,0.66,14.96,5.23,116,5821,1243,0.8,137.53,54.33,1390.66,249.44,8416,6.58,22,7.74,12258
2002-12-14,Dow Jones,4464.38,4417.900000000001,4501.42,4374.13,706631200,-0.25,0.66,14.96,5.23,116,5821,1243,0.8,137.53,54.33,1390.66,249.44,8416,6.58,22,7.74,12258
2002-12-15,Dow Jones,4464.38,4417.900000000001,4501.42,4374.13,706631200,-0.25,0.66,14.96,5.23,116,5821,1243,0.8,137.53,54.33,1390.66,249.44,8416,6.58,22,7.74,12258
2002-12-16,Dow Jones,4778.95,4764.61,4789.179999999999,4726.4,772295505,4.96,2.04,13.64,2.34,71,16579,1035,0.83,108.5,51.86,1922.99,339.88,4654,3.61,48,59.52,328
2002-12-17,Dow Jones,4778.95,4764.61,4789.179999999999,4726.4,772295505,4.96,2.04,13.64,2.34,71,16579,1035,0.83,108.5,51.86,1922.99,339.88,4654,3.61,48,59.52,328
2002-12-18,Dow Jones,4778.95,4764.61,4789.179999999999,4726.4,772295505,4.96,2.04,13.64,2.34,71,16579,1035,0.83,108.5,51.86,1922.99,339.88,4654,3.61,48,59.52,328
2002-12-19,Dow Jones,4778.95,4764.61,4789.179999999999,4726.4,772295505,4.96,2.04,13.64,2.34,71,16579,1035,0.83,108.5,51.86,1922.99,339.88,4654,3.61,48,59.52,328
2002-12-20,Dow Jones,4778.95,4764.61,4789.179999999999,4726.4,772295505,4.96,2.04,13.64,2.34,71,16579,1035,0.83,108.5,51.86,1922.99,339.88,4654,3.61,48,59.52,328
2002-12-21,Dow Jones,3804.56,3778.91,3821.03,3775.19,913826506,7.77,6.85,2.98,7.4,66,543,2295,1.13,124.62,39.69,1378.09,415.45,9652,9.16,4,98.74,1834
2002-12-22,Dow Jones,3804.56,3778.91,3821.03,3775.19,913826506,7.77,6.85,2.98,7.4,66,543,2295,1.13,124.62,39.69,1378.09,415.45,9652,9.16,4,98.74,1834
2002-12-23,Dow Jones,3804.56,3778.91,3821.03,3775.19,913826506,7.77,6.85,2.98,7.4,66,543,2295,1.13,124.62,39.69,1378.09,415.45,9652,9.16,4,98.74,1834
2002-12-24,Dow Jones,3804.56,3778.91,3821.03,3775.19,913826506,7.77,6.85,2.98,7.4,66,543,2295,1.13,124.62,39.69,1378.09,415.45,9652,9.16,4,98.74,1834
2002-12-25,Dow Jones,3331.7,3352.63,3363.92,3301.09,555852835,6.09,9.78,12.0,4.22,102,28685,4717,0.97,95.19,106.1,835.4,475.65,8611,8.77,42,56.05,9353
2002-12-26,Dow Jones,2012.41,1964.52,2043.02,1937.06,451722320,-3.86,4.27,6.97,5.61,54,10586,3942,1.36,120.7,102.44,926.39,221.41,7296,9.42,49,62.31,6239
2002-12-27,Dow Jones,2012.41,1964.52,2043.02,1937.06,451722320,-3.86,4.27,6.97,5.61,54,10586,3942,1.36,120.7,102.44,926.39,221.41,7296,9.42,49,62.31,6239
2002-12-28,Dow Jones,2012.41,1964.52,2043.02,1937.06,451722320,-3.86,4.27,6.97,5.61,54,10586,3942,1.36,120.7,102.44,926.39,221.41,7296,9.42,49,62.31,6239
2002-12-29,Dow Jones,2012.41,1964.52,2043.02,1937.06,451722320,-3.86,4.27,6.97,5.61,54,10586,3942,1.36,120.7,102.44,926.39,221.41,7296,9.42,49,62.31,6239
2002-12-30,Dow Jones,2012.41,1964.52,2043.02,1937.06,451722320,-3.86,4.27,6.97,5.61,54,10586,3942,1.36,120.7,102.44,926.39,221.41,7296,9.42,49,62.31,6239
2002-12-31,Dow Jones,2012.41,1964.52,2043.02,1937.06,451722320,-3.86,4.27,6.97,5.61,54,10586,3942,1.36,120.7,102.44,926.39,221.41,7296,9.42,49,62.31,6239
2003-01-01,Dow Jones,2012.41,1964.52,2043.02,1937.06,451722320,-3.86,4.27,6.97,5.61,54,10586,3942,1.36,120.7,102.44,926.39,221.41,7296,9.42,49,62.31,6239
2003-01-02,Dow Jones,2012.41,1964.52,2043.02,1937.06,451722320,-3.86,4.27,6.97,5.61,54,10586,3942,1.36,120.7,102.44,926.39,221.41,7296,9.42,49,62.31,6239
2003-01-03,Dow Jones,2012.41,1964.52,2043.02,1937.06,451722320,-3.86,4.27,6.97,5.61,54,10586,3942,1.36,120.7,102.44,926.39,221.41,7296,9.42,49,62.31,6239
2003-01-04,Dow Jones,1033.28,1003.1,1080.11,965.96,420382712,9.33,4.02,2.71,4.05,54,6132,2183,1.47,126.23,73.2,1691.04,474.61,4000,4.16,17,31.69,2221
2003-01-05,Dow Jones,1033.28,1003.1,1080.11,965.96,420382712,9.33,4.02,2.71,4.05,54,6132,2183,1.47,126.23,73.2,1691.04,474.61,4000,4.16,17,31.69,2221
2003-01-06,Dow Jones,1370.5,1355.75,1399.32,1335.41,779671335,-1.06,0.24,5.19,2.46,105,2362,3788,1.13,144.36,56.21,1973.26,127.17,399,1.04,34,32.0,12298
2003-01-07,Dow Jones,1370.5,1355.75,1399.32,1335.41,779671335,-1.06,0.24,5.19,2.46,105,2362,3788,1.13,144.36,56.21,1973.26,127.17,399,1.04,34,32.0,12298
2003-01-08,Dow Jones,1370.5,1355.75,1399.32,1335.41,779671335,-1.06,0.24,5.19,2.46,105,2362,3788,1.13,144.36,56.21,1973.26,127.17,399,1.04,34,32.0,12298
2003-01-09,Dow Jones,1370.5,1355.75,1399.32,1335.41,779671335,-1.06,0.24,5.19,2.46,105,2362,3788,1.13,144.36,56.21,1973.26,127.17,399,1.04,34,32.0,12298
2003-01-10,Dow Jones,2034.85,1997.51,2041.62,1982.42,761356618,-0.29,5.39,9.64,0.98,113,2957,4233,1.1,109.95,130.47,1664.29,386.07,2325,6.16,25,81.75,7629
2003-01-11,Dow Jones,2737.61,2705.46,2752.17,2663.08,678843150,0.61,2.78,9.52,2.37,60,25085,2239,1.39,90.88,45.11,2027.99,125.18,173,4.34,5,90.62,10306
2003-01-12,Dow Jones,3893.79,3893.09,3901.03,3855.14,366200903,4.31,4.94,9.06,2.5,111,11696,2778,1.4,148.58,125.22,933.19,113.12,7555,6.67,49,46.82,9239
2003-01-13,Dow Jones,3893.79,3893.09,3901.03,3855.14,366200903,4.31,4.94,9.06,2.5,111,11696,2778,1.4,148.58,125.22,933.19,113.12,7555,6.67,49,46.82,9239
2003-01-14,Dow Jones,3893.79,3893.09,3901.03,3855.14,366200903,4.31,4.94,9.06,2.5,111,11696,2778,1.4,148.58,125.22,933.19,113.12,7555,6.67,49,46.82,9239
2003-01-15,Dow Jones,3893.79,3893.09,3901.03,3855.14,366200903,4.31,4.94,9.06,2.5,111,11696,2778,1.4,148.58,125.22,933.19,113.12,7555,6.67,49,46.82,9239
2003-01-16,Dow Jones,3893.79,3893.09,3901.03,3855.14,366200903,4.31,4.94,9.06,2.5,111,11696,2778,1.4,148.58,125.22,933.19,113.12,7555,6.67,49,46.82,9239
2003-01-17,Dow Jones,1968.09,1955.72,1994.48,1919.58,630381212,-4.28,0.53,3.11,2.09,65,7657,2431,1.31,145.29,138.57,2126.34,211.54,7809,8.97,25,56.72,2875
2003-01-18,Dow Jones,3856.21,3898.54,3925.54,3842.83,802355159,6.84,7.68,5.85,1.68,61,12553,4123,1.19,117.21,122.71,2020.65,119.44,6863,7.98,20,35.7,12888
2003-01-19,Dow Jones,3856.21,3898.54,3925.54,3842.83,802355159,6.84,7.68,5.85,1.68,61,12553,4123,1.19,117.21,122.71,2020.65,119.44,6863,7.98,20,35.7,12888
2003-01-20,Dow Jones,3856.21,3898.54,3925.54,3842.83,802355159,6.84,7.68,5.85,1.68,61,12553,4123,1.19,117.21,122.71,2020.65,119.44,6863,7.98,20,35.7,12888
2003-01-21,Dow Jones,3856.21,3898.54,3925.54,3842.83,802355159,6.84,7.68,5.85,1.68,61,12553,4123,1.19,117.21,122.71,2020.65,119.44,6863,7.98,20,35.7,12888
2003-01-22,Dow Jones,3954.89,3970.78,4000.92,3931.24,16246163,-1.17,4.97,8.02,3.65,119,7864,587,1.03,149.07,66.19,1617.73,235.37,7565,0.14,40,5.93,6790
2003-01-23,Dow Jones,1054.98,1103.89,1153.19,1014.88,475550712,4.58,4.37,4.87,5.76,111,15756,378,1.08,97.63,21.3,812.69,351.59,7306,5.7,18,23.57,6272
2003-01-24,Dow Jones,1993.51,1970.01,2040.4,1930.56,383321359,7.89,3.93,11.6,2.95,111,24103,2691,1.34,130.54,91.83,2440.62,478.27,5536,8.13,1,56.74,1479
2003-01-25,Dow Jones,1993.51,1970.01,2040.4,1930.56,383321359,7.89,3.93,11.6,2.95,111,24103,2691,1.34,130.54,91.83,2440.62,478.27,5536,8.13,1,56.74,1479
2003-01-26,Dow Jones,1993.51,1970.01,2040.4,1930.56,383321359,7.89,3.93,11.6,2.95,111,24103,2691,1.34,130.54,91.83,2440.62,478.27,5536,8.13,1,56.74,1479
2003-01-27,Dow Jones,1990.24,1951.6,2013.63,1928.91,184127440,3.18,6.92,4.2,1.93,103,10083,454,0.93,147.5,96.77,1401.76,379.31,915,4.22,15,67.99,6123
2003-01-28,Dow Jones,1250.11,1200.5,1282.9799999999998,1170.75,78041210,7.5,7.11,2.01,6.36,77,24425,2342,1.23,99.33,115.13,975.04,236.93,1875,5.14,32,57.45,4133
2003-01-29,Dow Jones,2835.76,2885.71,2930.46,2787.0600000000004,748548446,3.06,3.78,13.3,8.6,100,9774,4999,0.81,131.8,37.51,841.85,447.54,7428,8.84,49,63.18,11623
2003-01-30,Dow Jones,2835.76,2885.71,2930.46,2787.0600000000004,748548446,3.06,3.78,13.3,8.6,100,9774,4999,0.81,131.8,37.51,841.85,447.54,7428,8.84,49,63.18,11623
2003-01-31,Dow Jones,3426.93,3455.6,3503.69,3380.77,46396735,8.58,3.74,3.29,9.03,50,12771,657,1.43,125.68,31.54,981.36,369.71,5376,0.07,30,59.56,10176
2003-02-01,Dow Jones,3691.49,3692.46,3713.25,3678.02,125092975,6.85,5.37,10.63,1.25,118,3335,3586,1.15,108.47,92.56,2398.56,314.77,3893,8.0,41,49.43,7608
2003-02-02,Dow Jones,3691.49,3692.46,3713.25,3678.02,125092975,6.85,5.37,10.63,1.25,118,3335,3586,1.15,108.47,92.56,2398.56,314.77,3893,8.0,41,49.43,7608
2003-02-03,Dow Jones,3691.49,3692.46,3713.25,3678.02,125092975,6.85,5.37,10.63,1.25,118,3335,3586,1.15,108.47,92.56,2398.56,314.77,3893,8.0,41,49.43,7608
2003-02-04,Dow Jones,3691.49,3692.46,3713.25,3678.02,125092975,6.85,5.37,10.63,1.25,118,3335,3586,1.15,108.47,92.56,2398.56,314.77,3893,8.0,41,49.43,7608
2003-02-05,Dow Jones,4220.36,4207.96,4232.589999999999,4177.29,60985718,7.64,8.99,13.53,1.42,89,4705,3644,0.92,129.62,69.63,1504.23,450.73,4672,2.86,36,7.77,3161
2003-02-06,Dow Jones,4291.94,4317.57,4354.88,4278.31,339757126,-3.33,7.09,5.19,8.09,110,14353,3877,1.16,82.99,110.98,2234.23,322.0,1267,5.03,35,98.57,8916
2003-02-07,Dow Jones,4291.94,4317.57,4354.88,4278.31,339757126,-3.33,7.09,5.19,8.09,110,14353,3877,1.16,82.99,110.98,2234.23,322.0,1267,5.03,35,98.57,8916
2003-02-08,Dow Jones,4291.94,4317.57,4354.88,4278.31,339757126,-3.33,7.09,5.19,8.09,110,14353,3877,1.16,82.99,110.98,2234.23,322.0,1267,5.03,35,98.57,8916
2003-02-09,Dow Jones,4291.94,4317.57,4354.88,4278.31,339757126,-3.33,7.09,5.19,8.09,110,14353,3877,1.16,82.99,110.98,2234.23,322.0,1267,5.03,35,98.57,8916
2003-02-10,Dow Jones,4291.94,4317.57,4354.88,4278.31,339757126,-3.33,7.09,5.19,8.09,110,14353,3877,1.16,82.99,110.98,2234.23,322.0,1267,5.03,35,98.57,8916
2003-02-11,Dow Jones,4291.94,4317.57,4354.88,4278.31,339757126,-3.33,7.09,5.19,8.09,110,14353,3877,1.16,82.99,110.98,2234.23,322.0,1267,5.03,35,98.57,8916
2003-02-12,Dow Jones,4291.94,4317.57,4354.88,4278.31,339757126,-3.33,7.09,5.19,8.09,110,14353,3877,1.16,82.99,110.98,2234.23,322.0,1267,5.03,35,98.57,8916
2003-02-13,Dow Jones,3085.8,3099.54,3123.6,3080.67,377542475,5.23,9.83,14.83,8.02,88,7762,4874,1.1,131.34,120.46,1663.92,372.49,2551,2.58,25,87.33,492
2003-02-14,Dow Jones,1273.83,1304.01,1334.88,1231.22,850564731,4.51,4.18,11.06,1.07,52,4368,885,1.28,125.23,133.33,1304.57,221.65,4514,7.46,40,83.25,2115
2003-02-15,Dow Jones,1273.83,1304.01,1334.88,1231.22,850564731,4.51,4.18,11.06,1.07,52,4368,885,1.28,125.23,133.33,1304.57,221.65,4514,7.46,40,83.25,2115
2003-02-16,Dow Jones,1273.83,1304.01,1334.88,1231.22,850564731,4.51,4.18,11.06,1.07,52,4368,885,1.28,125.23,133.33,1304.57,221.65,4514,7.46,40,83.25,2115
2003-02-17,Dow Jones,1273.83,1304.01,1334.88,1231.22,850564731,4.51,4.18,11.06,1.07,52,4368,885,1.28,125.23,133.33,1304.57,221.65,4514,7.46,40,83.25,2115
2003-02-18,Dow Jones,1273.83,1304.01,1334.88,1231.22,850564731,4.51,4.18,11.06,1.07,52,4368,885,1.28,125.23,133.33,1304.57,221.65,4514,7.46,40,83.25,2115
2003-02-19,Dow Jones,1273.83,1304.01,1334.88,1231.22,850564731,4.51,4.18,11.06,1.07,52,4368,885,1.28,125.23,133.33,1304.57,221.65,4514,7.46,40,83.25,2115
2003-02-20,Dow Jones,1273.83,1304.01,1334.88,1231.22,850564731,4.51,4.18,11.06,1.07,52,4368,885,1.28,125.23,133.33,1304.57,221.65,4514,7.46,40,83.25,2115
2003-02-21,Dow Jones,4581.38,4582.61,4600.37,4579.97,975646265,-2.34,8.97,13.49,3.92,69,23757,1768,1.1,122.55,66.8,2276.51,165.69,8443,5.33,5,38.7,7964
2003-02-22,Dow Jones,4581.38,4582.61,4600.37,4579.97,975646265,-2.34,8.97,13.49,3.92,69,23757,1768,1.1,122.55,66.8,2276.51,165.69,8443,5.33,5,38.7,7964
2003-02-23,Dow Jones,4581.38,4582.61,4600.37,4579.97,975646265,-2.34,8.97,13.49,3.92,69,23757,1768,1.1,122.55,66.8,2276.51,165.69,8443,5.33,5,38.7,7964
2003-02-24,Dow Jones,4581.38,4582.61,4600.37,4579.97,975646265,-2.34,8.97,13.49,3.92,69,23757,1768,1.1,122.55,66.8,2276.51,165.69,8443,5.33,5,38.7,7964
2003-02-25,Dow Jones,4581.38,4582.61,4600.37,4579.97,975646265,-2.34,8.97,13.49,3.92,69,23757,1768,1.1,122.55,66.8,2276.51,165.69,8443,5.33,5,38.7,7964
2003-02-26,Dow Jones,4581.38,4582.61,4600.37,4579.97,975646265,-2.34,8.97,13.49,3.92,69,23757,1768,1.1,122.55,66.8,2276.51,165.69,8443,5.33,5,38.7,7964
2003-02-27,Dow Jones,3821.84,3776.87,3828.58,3769.97,598919644,6.4,7.62,9.08,4.18,64,13828,2320,0.92,117.68,65.81,1790.62,125.54,1497,8.64,32,26.0,9437
2003-02-28,Dow Jones,2710.41,2666.7,2735.21,2633.03,377051874,3.47,3.65,7.66,3.81,96,15203,407,1.18,130.1,49.11,2365.68,390.56,2912,1.94,11,41.4,13030
2003-03-01,Dow Jones,2710.41,2666.7,2735.21,2633.03,377051874,3.47,3.65,7.66,3.81,96,15203,407,1.18,130.1,49.11,2365.68,390.56,2912,1.94,11,41.4,13030
2003-03-02,Dow Jones,3597.29,3550.54,3603.6,3535.82,771154396,8.42,9.27,7.21,9.03,65,9904,161,1.45,104.97,20.07,1935.98,221.38,6723,6.03,36,54.75,5344
2003-03-03,Dow Jones,3597.29,3550.54,3603.6,3535.82,771154396,8.42,9.27,7.21,9.03,65,9904,161,1.45,104.97,20.07,1935.98,221.38,6723,6.03,36,54.75,5344
2003-03-04,Dow Jones,3597.29,3550.54,3603.6,3535.82,771154396,8.42,9.27,7.21,9.03,65,9904,161,1.45,104.97,20.07,1935.98,221.38,6723,6.03,36,54.75,5344
2003-03-05,Dow Jones,3597.29,3550.54,3603.6,3535.82,771154396,8.42,9.27,7.21,9.03,65,9904,161,1.45,104.97,20.07,1935.98,221.38,6723,6.03,36,54.75,5344
2003-03-06,Dow Jones,2169.53,2203.1400000000003,2223.2300000000005,2161.8300000000004,833190194,0.77,5.2,13.74,0.83,115,29885,2059,1.2,109.55,29.66,1095.6,478.67,7724,3.51,41,56.09,2333
2003-03-07,Dow Jones,2169.53,2203.1400000000003,2223.2300000000005,2161.8300000000004,833190194,0.77,5.2,13.74,0.83,115,29885,2059,1.2,109.55,29.66,1095.6,478.67,7724,3.51,41,56.09,2333
2003-03-08,Dow Jones,2169.53,2203.1400000000003,2223.2300000000005,2161.8300000000004,833190194,0.77,5.2,13.74,0.83,115,29885,2059,1.2,109.55,29.66,1095.6,478.67,7724,3.51,41,56.09,2333
2003-03-09,Dow Jones,2204.18,2179.08,2242.64,2151.72,70254560,1.25,3.25,11.89,6.75,115,15865,2886,1.14,125.57,86.71,2041.31,311.45,1826,7.64,10,62.11,3059
2003-03-10,Dow Jones,3010.52,2997.75,3028.95,2986.19,244105735,-0.28,6.23,11.2,4.04,103,15696,1642,1.29,110.11,122.46,1522.14,315.8,4299,2.86,25,42.04,3917
2003-03-11,Dow Jones,1224.7,1200.17,1272.7,1182.98,356467453,0.83,0.93,6.27,7.11,51,18494,1775,1.11,106.38,110.4,2032.2,390.7,9398,2.36,39,42.93,2241
2003-03-12,Dow Jones,2964.38,2963.28,3005.4,2932.5800000000004,358314024,1.53,6.21,3.33,2.92,110,10110,4721,1.13,94.66,50.82,1413.28,460.88,5328,8.02,44,23.48,3914
2003-03-13,Dow Jones,2964.38,2963.28,3005.4,2932.5800000000004,358314024,1.53,6.21,3.33,2.92,110,10110,4721,1.13,94.66,50.82,1413.28,460.88,5328,8.02,44,23.48,3914
2003-03-14,Dow Jones,1421.57,1470.23,1478.84,1383.91,194994042,2.48,0.18,3.7,9.5,109,21283,4061,0.95,116.14,121.2,2021.37,387.16,9767,2.03,34,78.77,14309
2003-03-15,Dow Jones,4057.76,4013.35,4071.31,3985.68,670794599,2.41,5.53,5.83,0.66,92,14369,2899,0.95,106.42,36.87,1864.3,318.37,5097,8.69,23,47.99,8419
2003-03-16,Dow Jones,4057.76,4013.35,4071.31,3985.68,670794599,2.41,5.53,5.83,0.66,92,14369,2899,0.95,106.42,36.87,1864.3,318.37,5097,8.69,23,47.99,8419
2003-03-17,Dow Jones,3620.69,3575.9700000000003,3634.24,3557.7200000000003,515711728,0.44,4.27,10.29,2.11,79,23430,3780,1.26,93.72,142.54,2371.42,261.21,9208,1.09,33,4.68,8281
2003-03-18,Dow Jones,3620.69,3575.9700000000003,3634.24,3557.7200000000003,515711728,0.44,4.27,10.29,2.11,79,23430,3780,1.26,93.72,142.54,2371.42,261.21,9208,1.09,33,4.68,8281
2003-03-19,Dow Jones,3620.69,3575.9700000000003,3634.24,3557.7200000000003,515711728,0.44,4.27,10.29,2.11,79,23430,3780,1.26,93.72,142.54,2371.42,261.21,9208,1.09,33,4.68,8281
2003-03-20,Dow Jones,3620.69,3575.9700000000003,3634.24,3557.7200000000003,515711728,0.44,4.27,10.29,2.11,79,23430,3780,1.26,93.72,142.54,2371.42,261.21,9208,1.09,33,4.68,8281
2003-03-21,Dow Jones,3620.69,3575.9700000000003,3634.24,3557.7200000000003,515711728,0.44,4.27,10.29,2.11,79,23430,3780,1.26,93.72,142.54,2371.42,261.21,9208,1.09,33,4.68,8281
2003-03-22,Dow Jones,1742.59,1745.29,1755.28,1708.53,718629134,-4.36,5.11,11.46,5.23,77,23479,4488,0.97,81.39,101.02,2439.42,402.68,4021,1.57,8,43.44,10237
2003-03-23,Dow Jones,3656.88,3663.04,3674.63,3654.98,820257558,9.54,4.97,7.38,3.98,63,11992,2727,1.44,106.66,92.54,2307.06,292.8,8952,7.13,18,7.35,1983
2003-03-24,Dow Jones,3656.88,3663.04,3674.63,3654.98,820257558,9.54,4.97,7.38,3.98,63,11992,2727,1.44,106.66,92.54,2307.06,292.8,8952,7.13,18,7.35,1983
2003-03-25,Dow Jones,3656.88,3663.04,3674.63,3654.98,820257558,9.54,4.97,7.38,3.98,63,11992,2727,1.44,106.66,92.54,2307.06,292.8,8952,7.13,18,7.35,1983
2003-03-26,Dow Jones,3740.54,3722.42,3740.83,3717.13,281273492,-2.79,8.08,13.77,3.8,61,14980,3743,0.83,125.99,50.76,1298.22,192.75,2145,7.66,31,65.87,7509
2003-03-27,Dow Jones,3740.54,3722.42,3740.83,3717.13,281273492,-2.79,8.08,13.77,3.8,61,14980,3743,0.83,125.99,50.76,1298.22,192.75,2145,7.66,31,65.87,7509
2003-03-28,Dow Jones,3740.54,3722.42,3740.83,3717.13,281273492,-2.79,8.08,13.77,3.8,61,14980,3743,0.83,125.99,50.76,1298.22,192.75,2145,7.66,31,65.87,7509
2003-03-29,Dow Jones,3740.54,3722.42,3740.83,3717.13,281273492,-2.79,8.08,13.77,3.8,61,14980,3743,0.83,125.99,50.76,1298.22,192.75,2145,7.66,31,65.87,7509
2003-03-30,Dow Jones,3740.54,3722.42,3740.83,3717.13,281273492,-2.79,8.08,13.77,3.8,61,14980,3743,0.83,125.99,50.76,1298.22,192.75,2145,7.66,31,65.87,7509
2003-03-31,Dow Jones,3740.54,3722.42,3740.83,3717.13,281273492,-2.79,8.08,13.77,3.8,61,14980,3743,0.83,125.99,50.76,1298.22,192.75,2145,7.66,31,65.87,7509
2003-04-01,Dow Jones,3740.54,3722.42,3740.83,3717.13,281273492,-2.79,8.08,13.77,3.8,61,14980,3743,0.83,125.99,50.76,1298.22,192.75,2145,7.66,31,65.87,7509
2003-04-02,Dow Jones,2427.54,2456.34,2492.76,2392.4,275099565,7.42,4.86,8.73,5.5,56,24577,4375,0.89,105.21,39.44,1275.47,256.46,7482,4.99,3,55.19,14907
2003-04-03,Dow Jones,2415.16,2394.88,2415.16,2364.18,856741034,6.87,5.97,10.91,7.11,117,28160,1433,1.13,93.56,98.1,2396.41,295.81,5526,0.79,12,15.78,13673
2003-04-04,Dow Jones,2415.16,2394.88,2415.16,2364.18,856741034,6.87,5.97,10.91,7.11,117,28160,1433,1.13,93.56,98.1,2396.41,295.81,5526,0.79,12,15.78,13673
2003-04-05,Dow Jones,2415.16,2394.88,2415.16,2364.18,856741034,6.87,5.97,10.91,7.11,117,28160,1433,1.13,93.56,98.1,2396.41,295.81,5526,0.79,12,15.78,13673
2003-04-06,Dow Jones,2231.18,2250.92,2296.1199999999994,2201.52,139447639,1.59,6.27,8.54,9.95,96,1347,3657,0.92,125.85,130.78,1232.09,347.08,511,4.47,42,51.0,13890
2003-04-07,Dow Jones,2231.18,2250.92,2296.1199999999994,2201.52,139447639,1.59,6.27,8.54,9.95,96,1347,3657,0.92,125.85,130.78,1232.09,347.08,511,4.47,42,51.0,13890
2003-04-08,Dow Jones,2231.18,2250.92,2296.1199999999994,2201.52,139447639,1.59,6.27,8.54,9.95,96,1347,3657,0.92,125.85,130.78,1232.09,347.08,511,4.47,42,51.0,13890
2003-04-09,Dow Jones,2306.97,2350.72,2391.21,2277.53,78359806,-3.94,4.91,12.36,8.92,71,18079,3450,0.85,149.44,46.54,988.66,237.25,3399,5.05,18,75.51,2403
2003-04-10,Dow Jones,2306.97,2350.72,2391.21,2277.53,78359806,-3.94,4.91,12.36,8.92,71,18079,3450,0.85,149.44,46.54,988.66,237.25,3399,5.05,18,75.51,2403
2003-04-11,Dow Jones,2306.97,2350.72,2391.21,2277.53,78359806,-3.94,4.91,12.36,8.92,71,18079,3450,0.85,149.44,46.54,988.66,237.25,3399,5.05,18,75.51,2403
2003-04-12,Dow Jones,2306.97,2350.72,2391.21,2277.53,78359806,-3.94,4.91,12.36,8.92,71,18079,3450,0.85,149.44,46.54,988.66,237.25,3399,5.05,18,75.51,2403
2003-04-13,Dow Jones,4505.28,4539.5,4587.5,4497.2,568957717,0.59,2.93,8.15,3.08,109,6832,2188,0.95,116.14,22.09,1850.72,481.35,6414,6.57,29,38.09,3826
2003-04-14,Dow Jones,4505.28,4539.5,4587.5,4497.2,568957717,0.59,2.93,8.15,3.08,109,6832,2188,0.95,116.14,22.09,1850.72,481.35,6414,6.57,29,38.09,3826
2003-04-15,Dow Jones,4505.28,4539.5,4587.5,4497.2,568957717,0.59,2.93,8.15,3.08,109,6832,2188,0.95,116.14,22.09,1850.72,481.35,6414,6.57,29,38.09,3826
2003-04-16,Dow Jones,4505.28,4539.5,4587.5,4497.2,568957717,0.59,2.93,8.15,3.08,109,6832,2188,0.95,116.14,22.09,1850.72,481.35,6414,6.57,29,38.09,3826
2003-04-17,Dow Jones,4505.28,4539.5,4587.5,4497.2,568957717,0.59,2.93,8.15,3.08,109,6832,2188,0.95,116.14,22.09,1850.72,481.35,6414,6.57,29,38.09,3826
2003-04-18,Dow Jones,1775.45,1817.45,1847.41,1768.93,564712420,2.83,3.59,8.6,7.68,76,28538,1874,1.3,130.51,138.16,1948.36,351.22,5372,3.35,3,4.93,2839
2003-04-19,Dow Jones,4435.27,4450.3,4474.12,4397.14,494535065,7.26,8.06,13.79,5.72,107,3950,673,1.19,115.75,57.4,1189.56,182.16,7558,7.77,11,17.15,12488
2003-04-20,Dow Jones,4435.27,4450.3,4474.12,4397.14,494535065,7.26,8.06,13.79,5.72,107,3950,673,1.19,115.75,57.4,1189.56,182.16,7558,7.77,11,17.15,12488
2003-04-21,Dow Jones,4435.27,4450.3,4474.12,4397.14,494535065,7.26,8.06,13.79,5.72,107,3950,673,1.19,115.75,57.4,1189.56,182.16,7558,7.77,11,17.15,12488
2003-04-22,Dow Jones,4435.27,4450.3,4474.12,4397.14,494535065,7.26,8.06,13.79,5.72,107,3950,673,1.19,115.75,57.4,1189.56,182.16,7558,7.77,11,17.15,12488
2003-04-23,Dow Jones,4435.27,4450.3,4474.12,4397.14,494535065,7.26,8.06,13.79,5.72,107,3950,673,1.19,115.75,57.4,1189.56,182.16,7558,7.77,11,17.15,12488
2003-04-24,Dow Jones,4435.27,4450.3,4474.12,4397.14,494535065,7.26,8.06,13.79,5.72,107,3950,673,1.19,115.75,57.4,1189.56,182.16,7558,7.77,11,17.15,12488
2003-04-25,Dow Jones,4435.27,4450.3,4474.12,4397.14,494535065,7.26,8.06,13.79,5.72,107,3950,673,1.19,115.75,57.4,1189.56,182.16,7558,7.77,11,17.15,12488
2003-04-26,Dow Jones,4435.27,4450.3,4474.12,4397.14,494535065,7.26,8.06,13.79,5.72,107,3950,673,1.19,115.75,57.4,1189.56,182.16,7558,7.77,11,17.15,12488
2003-04-27,Dow Jones,3694.58,3656.91,3741.68,3631.46,183150126,-4.53,3.25,13.01,7.65,92,26951,3763,1.13,80.57,90.83,1463.35,321.69,8099,5.16,33,73.1,7116
2003-04-28,Dow Jones,3694.58,3656.91,3741.68,3631.46,183150126,-4.53,3.25,13.01,7.65,92,26951,3763,1.13,80.57,90.83,1463.35,321.69,8099,5.16,33,73.1,7116
2003-04-29,Dow Jones,3694.58,3656.91,3741.68,3631.46,183150126,-4.53,3.25,13.01,7.65,92,26951,3763,1.13,80.57,90.83,1463.35,321.69,8099,5.16,33,73.1,7116
2003-04-30,Dow Jones,1918.39,1945.67,1946.84,1886.64,415007231,3.87,8.27,12.15,4.98,92,24248,4444,1.08,100.4,141.59,1641.69,151.74,6453,4.94,27,28.9,14695
2003-05-01,Dow Jones,1918.39,1945.67,1946.84,1886.64,415007231,3.87,8.27,12.15,4.98,92,24248,4444,1.08,100.4,141.59,1641.69,151.74,6453,4.94,27,28.9,14695
2003-05-02,Dow Jones,1661.14,1626.48,1687.98,1601.92,641332203,3.6,5.44,6.99,9.32,74,29130,4996,0.92,129.46,20.6,1918.11,310.51,977,7.48,40,74.29,2324
2003-05-03,Dow Jones,1007.97,994.63,1053.51,960.51,970776935,7.58,9.71,10.55,1.84,85,20702,1099,0.89,85.2,123.15,2023.89,491.36,6200,9.12,28,14.62,8018
2003-05-04,Dow Jones,3874.96,3862.3,3917.29,3857.22,959385132,5.83,3.19,3.21,4.27,115,12963,1234,1.47,114.06,109.81,2316.26,355.69,6612,3.0,25,52.11,9018
2003-05-05,Dow Jones,3874.96,3862.3,3917.29,3857.22,959385132,5.83,3.19,3.21,4.27,115,12963,1234,1.47,114.06,109.81,2316.26,355.69,6612,3.0,25,52.11,9018
2003-05-06,Dow Jones,3059.73,3089.58,3094.23,3055.97,125989773,3.89,5.11,2.56,7.71,102,20558,3245,1.15,123.11,80.32,1579.25,426.2,3731,8.94,33,62.83,8491
2003-05-07,Dow Jones,3059.73,3089.58,3094.23,3055.97,125989773,3.89,5.11,2.56,7.71,102,20558,3245,1.15,123.11,80.32,1579.25,426.2,3731,8.94,33,62.83,8491
2003-05-08,Dow Jones,3059.73,3089.58,3094.23,3055.97,125989773,3.89,5.11,2.56,7.71,102,20558,3245,1.15,123.11,80.32,1579.25,426.2,3731,8.94,33,62.83,8491
2003-05-09,Dow Jones,3059.73,3089.58,3094.23,3055.97,125989773,3.89,5.11,2.56,7.71,102,20558,3245,1.15,123.11,80.32,1579.25,426.2,3731,8.94,33,62.83,8491
2003-05-10,Dow Jones,3059.73,3089.58,3094.23,3055.97,125989773,3.89,5.11,2.56,7.71,102,20558,3245,1.15,123.11,80.32,1579.25,426.2,3731,8.94,33,62.83,8491
2003-05-11,Dow Jones,3059.73,3089.58,3094.23,3055.97,125989773,3.89,5.11,2.56,7.71,102,20558,3245,1.15,123.11,80.32,1579.25,426.2,3731,8.94,33,62.83,8491
2003-05-12,Dow Jones,3059.73,3089.58,3094.23,3055.97,125989773,3.89,5.11,2.56,7.71,102,20558,3245,1.15,123.11,80.32,1579.25,426.2,3731,8.94,33,62.83,8491
2003-05-13,Dow Jones,3059.73,3089.58,3094.23,3055.97,125989773,3.89,5.11,2.56,7.71,102,20558,3245,1.15,123.11,80.32,1579.25,426.2,3731,8.94,33,62.83,8491
2003-05-14,Dow Jones,3059.73,3089.58,3094.23,3055.97,125989773,3.89,5.11,2.56,7.71,102,20558,3245,1.15,123.11,80.32,1579.25,426.2,3731,8.94,33,62.83,8491
2003-05-15,Dow Jones,1889.45,1878.47,1926.29,1864.91,168524672,5.18,0.44,5.37,7.78,98,25160,277,1.37,146.63,86.54,2360.71,238.05,3809,3.79,22,13.56,1984
2003-05-16,Dow Jones,3076.9,3084.76,3108.5600000000004,3046.15,345521771,7.1,1.58,13.04,6.2,64,4312,2476,0.87,140.73,113.77,2214.73,240.13,7070,6.17,28,94.34,4313
2003-05-17,Dow Jones,3076.9,3084.76,3108.5600000000004,3046.15,345521771,7.1,1.58,13.04,6.2,64,4312,2476,0.87,140.73,113.77,2214.73,240.13,7070,6.17,28,94.34,4313
2003-05-18,Dow Jones,3076.9,3084.76,3108.5600000000004,3046.15,345521771,7.1,1.58,13.04,6.2,64,4312,2476,0.87,140.73,113.77,2214.73,240.13,7070,6.17,28,94.34,4313
2003-05-19,Dow Jones,1230.93,1198.38,1253.63,1187.7700000000002,589853701,0.64,3.06,9.26,3.33,81,12031,3766,1.5,99.2,30.96,1588.5,331.71,9031,9.73,25,4.28,4517
2003-05-20,Dow Jones,1230.93,1198.38,1253.63,1187.7700000000002,589853701,0.64,3.06,9.26,3.33,81,12031,3766,1.5,99.2,30.96,1588.5,331.71,9031,9.73,25,4.28,4517
2003-05-21,Dow Jones,1230.93,1198.38,1253.63,1187.7700000000002,589853701,0.64,3.06,9.26,3.33,81,12031,3766,1.5,99.2,30.96,1588.5,331.71,9031,9.73,25,4.28,4517
2003-05-22,Dow Jones,1878.22,1892.64,1893.58,1839.63,732215727,5.48,0.65,5.78,5.65,81,13736,2120,1.08,104.52,101.48,2272.14,360.94,8665,0.43,32,14.47,13996
2003-05-23,Dow Jones,1878.22,1892.64,1893.58,1839.63,732215727,5.48,0.65,5.78,5.65,81,13736,2120,1.08,104.52,101.48,2272.14,360.94,8665,0.43,32,14.47,13996
2003-05-24,Dow Jones,3465.2,3501.88,3526.69,3448.51,871241184,5.59,2.73,6.65,4.24,108,4647,3640,1.25,147.55,96.28,1730.07,229.38,4415,9.45,30,41.8,10816
2003-05-25,Dow Jones,3465.2,3501.88,3526.69,3448.51,871241184,5.59,2.73,6.65,4.24,108,4647,3640,1.25,147.55,96.28,1730.07,229.38,4415,9.45,30,41.8,10816
2003-05-26,Dow Jones,2663.1,2705.08,2721.82,2657.96,723854755,5.31,0.08,10.47,5.58,60,28770,1618,1.32,105.68,141.3,2143.7,107.32,619,7.37,20,87.44,4889
2003-05-27,Dow Jones,2663.1,2705.08,2721.82,2657.96,723854755,5.31,0.08,10.47,5.58,60,28770,1618,1.32,105.68,141.3,2143.7,107.32,619,7.37,20,87.44,4889
2003-05-28,Dow Jones,3163.62,3168.03,3202.96,3120.84,466057874,7.41,9.55,3.9,9.19,51,11470,1358,1.07,115.29,120.76,2469.29,254.05,1576,4.07,49,6.91,6862
2003-05-29,Dow Jones,3785.72,3809.77,3844.97,3739.36,603137118,-0.73,7.16,10.18,8.59,83,25816,3210,1.35,108.08,37.24,2177.0,183.89,2112,6.59,18,79.65,11241
2003-05-30,Dow Jones,3808.58,3834.27,3858.9,3804.05,855888769,1.69,7.34,7.86,4.82,90,3376,1342,1.46,130.45,122.78,1260.17,425.18,3424,7.28,5,7.06,9239
2003-05-31,Dow Jones,1686.78,1697.45,1743.19,1681.11,540716841,-0.32,9.34,4.2,0.5,80,13212,2853,1.19,146.78,135.53,2195.47,370.59,5955,9.32,22,31.55,7368
2003-06-01,Dow Jones,1686.78,1697.45,1743.19,1681.11,540716841,-0.32,9.34,4.2,0.5,80,13212,2853,1.19,146.78,135.53,2195.47,370.59,5955,9.32,22,31.55,7368
2003-06-02,Dow Jones,1686.78,1697.45,1743.19,1681.11,540716841,-0.32,9.34,4.2,0.5,80,13212,2853,1.19,146.78,135.53,2195.47,370.59,5955,9.32,22,31.55,7368
2003-06-03,Dow Jones,4482.11,4504.12,4514.09,4471.639999999999,467275139,0.68,7.73,3.41,2.82,110,16939,519,1.37,141.05,85.1,2153.88,491.06,630,3.42,12,56.57,2995
2003-06-04,Dow Jones,4482.11,4504.12,4514.09,4471.639999999999,467275139,0.68,7.73,3.41,2.82,110,16939,519,1.37,141.05,85.1,2153.88,491.06,630,3.42,12,56.57,2995
2003-06-05,Dow Jones,4482.11,4504.12,4514.09,4471.639999999999,467275139,0.68,7.73,3.41,2.82,110,16939,519,1.37,141.05,85.1,2153.88,491.06,630,3.42,12,56.57,2995
2003-06-06,Dow Jones,4482.11,4504.12,4514.09,4471.639999999999,467275139,0.68,7.73,3.41,2.82,110,16939,519,1.37,141.05,85.1,2153.88,491.06,630,3.42,12,56.57,2995
2003-06-07,Dow Jones,4482.11,4504.12,4514.09,4471.639999999999,467275139,0.68,7.73,3.41,2.82,110,16939,519,1.37,141.05,85.1,2153.88,491.06,630,3.42,12,56.57,2995
2003-06-08,Dow Jones,4482.11,4504.12,4514.09,4471.639999999999,467275139,0.68,7.73,3.41,2.82,110,16939,519,1.37,141.05,85.1,2153.88,491.06,630,3.42,12,56.57,2995
2003-06-09,Dow Jones,2348.83,2338.86,2387.37,2298.99,158659599,5.05,7.05,7.66,2.7,83,9698,3087,1.4,116.96,101.17,2158.15,146.7,7945,7.16,16,45.34,8657
2003-06-10,Dow Jones,1571.37,1576.36,1592.7199999999998,1541.58,222192108,8.52,0.82,9.92,5.11,77,5503,273,1.49,88.9,45.89,2389.74,200.2,9187,2.33,44,60.88,5012
2003-06-11,Dow Jones,1571.37,1576.36,1592.7199999999998,1541.58,222192108,8.52,0.82,9.92,5.11,77,5503,273,1.49,88.9,45.89,2389.74,200.2,9187,2.33,44,60.88,5012
2003-06-12,Dow Jones,1571.37,1576.36,1592.7199999999998,1541.58,222192108,8.52,0.82,9.92,5.11,77,5503,273,1.49,88.9,45.89,2389.74,200.2,9187,2.33,44,60.88,5012
2003-06-13,Dow Jones,1571.37,1576.36,1592.7199999999998,1541.58,222192108,8.52,0.82,9.92,5.11,77,5503,273,1.49,88.9,45.89,2389.74,200.2,9187,2.33,44,60.88,5012
2003-06-14,Dow Jones,1571.37,1576.36,1592.7199999999998,1541.58,222192108,8.52,0.82,9.92,5.11,77,5503,273,1.49,88.9,45.89,2389.74,200.2,9187,2.33,44,60.88,5012
2003-06-15,Dow Jones,1571.37,1576.36,1592.7199999999998,1541.58,222192108,8.52,0.82,9.92,5.11,77,5503,273,1.49,88.9,45.89,2389.74,200.2,9187,2.33,44,60.88,5012
2003-06-16,Dow Jones,3031.22,3066.37,3091.72,3010.67,502801344,1.49,3.66,11.04,3.8,73,13912,4723,1.14,136.72,68.64,2156.49,296.61,2297,9.89,48,7.86,12617
2003-06-17,Dow Jones,3031.22,3066.37,3091.72,3010.67,502801344,1.49,3.66,11.04,3.8,73,13912,4723,1.14,136.72,68.64,2156.49,296.61,2297,9.89,48,7.86,12617
2003-06-18,Dow Jones,3031.22,3066.37,3091.72,3010.67,502801344,1.49,3.66,11.04,3.8,73,13912,4723,1.14,136.72,68.64,2156.49,296.61,2297,9.89,48,7.86,12617
2003-06-19,Dow Jones,3031.22,3066.37,3091.72,3010.67,502801344,1.49,3.66,11.04,3.8,73,13912,4723,1.14,136.72,68.64,2156.49,296.61,2297,9.89,48,7.86,12617
2003-06-20,Dow Jones,3031.22,3066.37,3091.72,3010.67,502801344,1.49,3.66,11.04,3.8,73,13912,4723,1.14,136.72,68.64,2156.49,296.61,2297,9.89,48,7.86,12617
2003-06-21,Dow Jones,3031.22,3066.37,3091.72,3010.67,502801344,1.49,3.66,11.04,3.8,73,13912,4723,1.14,136.72,68.64,2156.49,296.61,2297,9.89,48,7.86,12617
2003-06-22,Dow Jones,3242.71,3202.45,3256.7200000000003,3184.29,785916329,3.86,1.73,13.28,1.15,110,20253,2437,1.31,106.4,109.64,2142.32,338.75,8341,2.85,23,13.26,9223
2003-06-23,Dow Jones,3242.71,3202.45,3256.7200000000003,3184.29,785916329,3.86,1.73,13.28,1.15,110,20253,2437,1.31,106.4,109.64,2142.32,338.75,8341,2.85,23,13.26,9223
2003-06-24,Dow Jones,3242.71,3202.45,3256.7200000000003,3184.29,785916329,3.86,1.73,13.28,1.15,110,20253,2437,1.31,106.4,109.64,2142.32,338.75,8341,2.85,23,13.26,9223
2003-06-25,Dow Jones,2013.09,1998.09,2028.58,1951.89,474446743,9.59,9.82,9.96,3.31,109,19261,4826,0.88,134.35,124.32,2489.07,220.16,2772,4.13,19,47.57,13992
2003-06-26,Dow Jones,2013.09,1998.09,2028.58,1951.89,474446743,9.59,9.82,9.96,3.31,109,19261,4826,0.88,134.35,124.32,2489.07,220.16,2772,4.13,19,47.57,13992
2003-06-27,Dow Jones,2013.09,1998.09,2028.58,1951.89,474446743,9.59,9.82,9.96,3.31,109,19261,4826,0.88,134.35,124.32,2489.07,220.16,2772,4.13,19,47.57,13992
2003-06-28,Dow Jones,2013.09,1998.09,2028.58,1951.89,474446743,9.59,9.82,9.96,3.31,109,19261,4826,0.88,134.35,124.32,2489.07,220.16,2772,4.13,19,47.57,13992
2003-06-29,Dow Jones,4344.47,4353.56,4389.530000000001,4327.9800000000005,722994950,4.17,1.55,12.08,9.87,100,13426,4277,1.2,137.44,29.17,1178.77,125.99,3617,4.66,48,88.85,8427
2003-06-30,Dow Jones,4285.55,4300.820000000001,4317.630000000001,4266.01,240908758,2.84,0.15,3.62,3.21,68,19803,149,1.07,112.68,60.79,2212.09,441.71,9385,5.45,25,6.84,1757
2003-07-01,Dow Jones,4373.3,4348.87,4387.81,4311.83,410939114,-4.88,6.9,10.5,5.55,99,15534,3149,0.82,108.13,60.27,1956.62,145.54,9789,5.99,13,69.24,2843
2003-07-02,Dow Jones,2940.38,2926.84,2967.44,2896.77,209853397,7.45,0.98,5.84,7.56,52,12856,2842,1.1,147.46,33.31,2279.11,137.81,6224,4.51,4,56.32,5486
2003-07-03,Dow Jones,2940.38,2926.84,2967.44,2896.77,209853397,7.45,0.98,5.84,7.56,52,12856,2842,1.1,147.46,33.31,2279.11,137.81,6224,4.51,4,56.32,5486
2003-07-04,Dow Jones,2940.38,2926.84,2967.44,2896.77,209853397,7.45,0.98,5.84,7.56,52,12856,2842,1.1,147.46,33.31,2279.11,137.81,6224,4.51,4,56.32,5486
2003-07-05,Dow Jones,2940.38,2926.84,2967.44,2896.77,209853397,7.45,0.98,5.84,7.56,52,12856,2842,1.1,147.46,33.31,2279.11,137.81,6224,4.51,4,56.32,5486
2003-07-06,Dow Jones,2940.38,2926.84,2967.44,2896.77,209853397,7.45,0.98,5.84,7.56,52,12856,2842,1.1,147.46,33.31,2279.11,137.81,6224,4.51,4,56.32,5486
2003-07-07,Dow Jones,2940.38,2926.84,2967.44,2896.77,209853397,7.45,0.98,5.84,7.56,52,12856,2842,1.1,147.46,33.31,2279.11,137.81,6224,4.51,4,56.32,5486
2003-07-08,Dow Jones,2940.38,2926.84,2967.44,2896.77,209853397,7.45,0.98,5.84,7.56,52,12856,2842,1.1,147.46,33.31,2279.11,137.81,6224,4.51,4,56.32,5486
2003-07-09,Dow Jones,2940.38,2926.84,2967.44,2896.77,209853397,7.45,0.98,5.84,7.56,52,12856,2842,1.1,147.46,33.31,2279.11,137.81,6224,4.51,4,56.32,5486
2003-07-10,Dow Jones,1302.8,1309.68,1346.3,1264.54,678749613,-2.64,1.07,10.57,3.78,70,25290,3001,0.86,82.55,137.18,1145.31,141.81,9010,8.54,26,64.21,4043
2003-07-11,Dow Jones,1302.8,1309.68,1346.3,1264.54,678749613,-2.64,1.07,10.57,3.78,70,25290,3001,0.86,82.55,137.18,1145.31,141.81,9010,8.54,26,64.21,4043
2003-07-12,Dow Jones,1302.8,1309.68,1346.3,1264.54,678749613,-2.64,1.07,10.57,3.78,70,25290,3001,0.86,82.55,137.18,1145.31,141.81,9010,8.54,26,64.21,4043
2003-07-13,Dow Jones,1302.8,1309.68,1346.3,1264.54,678749613,-2.64,1.07,10.57,3.78,70,25290,3001,0.86,82.55,137.18,1145.31,141.81,9010,8.54,26,64.21,4043
2003-07-14,Dow Jones,1813.89,1809.11,1824.97,1808.54,405330187,9.5,4.32,12.52,1.75,104,12485,4366,1.23,103.35,88.47,2132.6,284.54,6696,6.23,7,52.18,9067
2003-07-15,Dow Jones,1267.89,1232.17,1293.49,1210.8000000000002,677431810,0.45,3.21,6.6,8.32,77,3370,4113,1.01,98.3,57.19,2019.93,264.34,2348,3.03,20,87.33,4004
2003-07-16,Dow Jones,1267.89,1232.17,1293.49,1210.8000000000002,677431810,0.45,3.21,6.6,8.32,77,3370,4113,1.01,98.3,57.19,2019.93,264.34,2348,3.03,20,87.33,4004
2003-07-17,Dow Jones,1267.89,1232.17,1293.49,1210.8000000000002,677431810,0.45,3.21,6.6,8.32,77,3370,4113,1.01,98.3,57.19,2019.93,264.34,2348,3.03,20,87.33,4004
2003-07-18,Dow Jones,1267.89,1232.17,1293.49,1210.8000000000002,677431810,0.45,3.21,6.6,8.32,77,3370,4113,1.01,98.3,57.19,2019.93,264.34,2348,3.03,20,87.33,4004
2003-07-19,Dow Jones,1267.89,1232.17,1293.49,1210.8000000000002,677431810,0.45,3.21,6.6,8.32,77,3370,4113,1.01,98.3,57.19,2019.93,264.34,2348,3.03,20,87.33,4004
2003-07-20,Dow Jones,1267.89,1232.17,1293.49,1210.8000000000002,677431810,0.45,3.21,6.6,8.32,77,3370,4113,1.01,98.3,57.19,2019.93,264.34,2348,3.03,20,87.33,4004
2003-07-21,Dow Jones,1267.89,1232.17,1293.49,1210.8000000000002,677431810,0.45,3.21,6.6,8.32,77,3370,4113,1.01,98.3,57.19,2019.93,264.34,2348,3.03,20,87.33,4004
2003-07-22,Dow Jones,1267.89,1232.17,1293.49,1210.8000000000002,677431810,0.45,3.21,6.6,8.32,77,3370,4113,1.01,98.3,57.19,2019.93,264.34,2348,3.03,20,87.33,4004
2003-07-23,Dow Jones,2501.88,2524.34,2571.51,2497.1,572088966,-4.39,0.86,10.9,9.92,106,16797,3209,0.89,92.66,30.63,899.33,357.32,7416,5.23,49,33.09,407
2003-07-24,Dow Jones,4215.26,4196.41,4220.18,4177.26,533588806,2.32,8.42,9.83,8.97,113,23316,2637,1.48,121.68,82.76,2106.53,364.64,6997,7.06,4,88.23,4258
2003-07-25,Dow Jones,4215.26,4196.41,4220.18,4177.26,533588806,2.32,8.42,9.83,8.97,113,23316,2637,1.48,121.68,82.76,2106.53,364.64,6997,7.06,4,88.23,4258
2003-07-26,Dow Jones,4215.26,4196.41,4220.18,4177.26,533588806,2.32,8.42,9.83,8.97,113,23316,2637,1.48,121.68,82.76,2106.53,364.64,6997,7.06,4,88.23,4258
2003-07-27,Dow Jones,3236.24,3234.77,3278.57,3217.54,619466527,9.36,8.71,7.56,9.98,103,5034,4540,1.4,116.54,77.79,2170.64,339.09,4587,1.33,7,18.75,12643
2003-07-28,Dow Jones,2284.65,2312.44,2337.7000000000003,2253.37,743735175,7.34,9.02,11.41,5.7,114,10029,2098,0.87,119.37,31.06,2259.11,241.26,2395,2.95,29,1.21,8368
2003-07-29,Dow Jones,1880.45,1868.69,1917.85,1823.17,314045579,4.92,3.39,12.78,4.49,55,22513,3026,1.31,128.59,117.59,1123.1,120.53,9420,9.04,9,42.66,12317
2003-07-30,Dow Jones,1880.45,1868.69,1917.85,1823.17,314045579,4.92,3.39,12.78,4.49,55,22513,3026,1.31,128.59,117.59,1123.1,120.53,9420,9.04,9,42.66,12317
2003-07-31,Dow Jones,1880.45,1868.69,1917.85,1823.17,314045579,4.92,3.39,12.78,4.49,55,22513,3026,1.31,128.59,117.59,1123.1,120.53,9420,9.04,9,42.66,12317
2003-08-01,Dow Jones,1274.85,1261.58,1311.4399999999998,1213.65,176749261,5.91,7.33,5.93,1.43,66,18374,613,1.34,115.71,68.65,1436.41,493.53,5704,2.03,33,44.93,12477
2003-08-02,Dow Jones,1274.85,1261.58,1311.4399999999998,1213.65,176749261,5.91,7.33,5.93,1.43,66,18374,613,1.34,115.71,68.65,1436.41,493.53,5704,2.03,33,44.93,12477
2003-08-03,Dow Jones,1274.85,1261.58,1311.4399999999998,1213.65,176749261,5.91,7.33,5.93,1.43,66,18374,613,1.34,115.71,68.65,1436.41,493.53,5704,2.03,33,44.93,12477
2003-08-04,Dow Jones,1274.85,1261.58,1311.4399999999998,1213.65,176749261,5.91,7.33,5.93,1.43,66,18374,613,1.34,115.71,68.65,1436.41,493.53,5704,2.03,33,44.93,12477
2003-08-05,Dow Jones,3626.92,3629.35,3646.84,3592.94,706271364,-0.99,2.62,8.45,4.52,66,21653,703,1.11,145.37,72.71,893.78,394.95,9879,2.62,21,23.42,14707
2003-08-06,Dow Jones,3835.06,3852.13,3887.55,3817.5,725081728,-4.05,9.09,10.62,5.7,51,6889,3869,1.44,104.4,56.18,1913.9,305.76,6610,5.49,40,91.04,13036
2003-08-07,Dow Jones,3835.06,3852.13,3887.55,3817.5,725081728,-4.05,9.09,10.62,5.7,51,6889,3869,1.44,104.4,56.18,1913.9,305.76,6610,5.49,40,91.04,13036
2003-08-08,Dow Jones,1870.67,1848.42,1898.43,1814.21,594984440,4.33,2.69,10.66,2.6,71,25485,769,0.84,103.0,54.72,952.55,239.82,4545,9.38,22,20.13,2059
2003-08-09,Dow Jones,1870.67,1848.42,1898.43,1814.21,594984440,4.33,2.69,10.66,2.6,71,25485,769,0.84,103.0,54.72,952.55,239.82,4545,9.38,22,20.13,2059
2003-08-10,Dow Jones,1870.67,1848.42,1898.43,1814.21,594984440,4.33,2.69,10.66,2.6,71,25485,769,0.84,103.0,54.72,952.55,239.82,4545,9.38,22,20.13,2059
2003-08-11,Dow Jones,1870.67,1848.42,1898.43,1814.21,594984440,4.33,2.69,10.66,2.6,71,25485,769,0.84,103.0,54.72,952.55,239.82,4545,9.38,22,20.13,2059
2003-08-12,Dow Jones,4217.98,4232.75,4265.18,4217.56,641515786,-2.5,7.97,10.03,7.41,53,27334,2369,1.4,129.34,30.97,1001.16,400.95,3952,1.25,24,59.99,11984
2003-08-13,Dow Jones,4091.24,4044.17,4127.51,3995.67,82193369,1.8,2.47,13.46,5.08,87,25867,574,0.85,87.77,41.14,2491.17,329.5,9087,5.86,23,52.01,8957
2003-08-14,Dow Jones,3193.68,3205.49,3215.97,3172.09,248656747,-1.29,7.16,3.71,2.84,62,22226,1231,0.82,107.05,33.02,1607.0,401.64,3004,6.12,24,77.75,12713
2003-08-15,Dow Jones,1265.85,1266.8,1311.03,1217.38,241643266,-1.12,8.12,12.37,6.4,110,17243,962,0.94,100.25,122.79,1957.34,228.36,1553,2.72,29,70.84,3688
2003-08-16,Dow Jones,4066.06,4070.63,4101.4400000000005,4059.04,930767877,8.13,3.59,3.55,5.62,113,5177,911,1.01,129.59,120.47,2343.97,400.8,9170,0.23,38,57.19,9016
2003-08-17,Dow Jones,4066.06,4070.63,4101.4400000000005,4059.04,930767877,8.13,3.59,3.55,5.62,113,5177,911,1.01,129.59,120.47,2343.97,400.8,9170,0.23,38,57.19,9016
2003-08-18,Dow Jones,4066.06,4070.63,4101.4400000000005,4059.04,930767877,8.13,3.59,3.55,5.62,113,5177,911,1.01,129.59,120.47,2343.97,400.8,9170,0.23,38,57.19,9016
2003-08-19,Dow Jones,4066.06,4070.63,4101.4400000000005,4059.04,930767877,8.13,3.59,3.55,5.62,113,5177,911,1.01,129.59,120.47,2343.97,400.8,9170,0.23,38,57.19,9016
2003-08-20,Dow Jones,4212.01,4257.08,4294.83,4172.820000000001,138873708,0.48,9.78,5.92,9.83,110,19104,3208,1.09,134.8,146.16,897.59,494.2,4619,2.87,30,93.12,3627
2003-08-21,Dow Jones,4212.01,4257.08,4294.83,4172.820000000001,138873708,0.48,9.78,5.92,9.83,110,19104,3208,1.09,134.8,146.16,897.59,494.2,4619,2.87,30,93.12,3627
2003-08-22,Dow Jones,1561.3,1557.97,1578.19,1512.37,141981703,-2.2,4.36,6.78,7.48,60,11657,367,1.11,126.86,130.03,1175.33,373.94,6903,3.98,8,78.82,2106
2003-08-23,Dow Jones,3684.63,3639.9,3725.11,3630.17,247074332,-3.2,5.37,13.19,8.94,67,25146,884,1.07,139.64,48.21,1993.2,399.13,3319,0.65,35,37.29,8380
2003-08-24,Dow Jones,3684.63,3639.9,3725.11,3630.17,247074332,-3.2,5.37,13.19,8.94,67,25146,884,1.07,139.64,48.21,1993.2,399.13,3319,0.65,35,37.29,8380
2003-08-25,Dow Jones,3969.01,3990.73,4029.02,3919.73,145321185,9.09,1.63,4.8,9.08,70,15609,3071,0.95,81.41,125.52,2109.21,398.6,6799,10.0,18,35.8,6065
2003-08-26,Dow Jones,3969.01,3990.73,4029.02,3919.73,145321185,9.09,1.63,4.8,9.08,70,15609,3071,0.95,81.41,125.52,2109.21,398.6,6799,10.0,18,35.8,6065
2003-08-27,Dow Jones,1779.9,1780.77,1816.59,1732.0700000000002,810252860,0.24,4.64,13.02,4.83,69,4192,3441,0.98,84.12,63.91,2262.87,209.87,2142,2.65,11,33.59,1292
2003-08-28,Dow Jones,1779.9,1780.77,1816.59,1732.0700000000002,810252860,0.24,4.64,13.02,4.83,69,4192,3441,0.98,84.12,63.91,2262.87,209.87,2142,2.65,11,33.59,1292
2003-08-29,Dow Jones,1779.9,1780.77,1816.59,1732.0700000000002,810252860,0.24,4.64,13.02,4.83,69,4192,3441,0.98,84.12,63.91,2262.87,209.87,2142,2.65,11,33.59,1292
2003-08-30,Dow Jones,4632.91,4599.73,4664.54,4590.31,621714015,4.65,6.04,10.44,2.16,92,8705,1301,1.07,123.75,76.0,2487.12,329.12,7708,5.75,19,63.03,4630
2003-08-31,Dow Jones,4632.91,4599.73,4664.54,4590.31,621714015,4.65,6.04,10.44,2.16,92,8705,1301,1.07,123.75,76.0,2487.12,329.12,7708,5.75,19,63.03,4630
2003-09-01,Dow Jones,4632.91,4599.73,4664.54,4590.31,621714015,4.65,6.04,10.44,2.16,92,8705,1301,1.07,123.75,76.0,2487.12,329.12,7708,5.75,19,63.03,4630
2003-09-02,Dow Jones,4632.91,4599.73,4664.54,4590.31,621714015,4.65,6.04,10.44,2.16,92,8705,1301,1.07,123.75,76.0,2487.12,329.12,7708,5.75,19,63.03,4630
2003-09-03,Dow Jones,4632.91,4599.73,4664.54,4590.31,621714015,4.65,6.04,10.44,2.16,92,8705,1301,1.07,123.75,76.0,2487.12,329.12,7708,5.75,19,63.03,4630
2003-09-04,Dow Jones,3315.23,3329.75,3356.83,3299.05,637988164,-1.97,8.77,5.69,5.39,108,22776,1237,1.37,99.59,98.83,1659.0,214.43,5649,0.24,40,93.9,3265
2003-09-05,Dow Jones,3529.57,3544.67,3586.84,3512.51,488447742,8.34,4.14,2.81,8.62,52,28200,2281,1.21,126.12,41.17,1094.38,328.9,1446,0.03,45,22.79,7637
2003-09-06,Dow Jones,3529.57,3544.67,3586.84,3512.51,488447742,8.34,4.14,2.81,8.62,52,28200,2281,1.21,126.12,41.17,1094.38,328.9,1446,0.03,45,22.79,7637
2003-09-07,Dow Jones,2895.68,2887.45,2898.59,2864.1,411969135,4.12,5.22,6.17,8.43,100,26659,1148,1.2,105.19,79.57,1636.0,167.26,113,4.9,40,82.7,5060
2003-09-08,Dow Jones,2895.68,2887.45,2898.59,2864.1,411969135,4.12,5.22,6.17,8.43,100,26659,1148,1.2,105.19,79.57,1636.0,167.26,113,4.9,40,82.7,5060
2003-09-09,Dow Jones,2083.77,2061.14,2121.39,2053.34,450115385,6.1,6.89,9.67,4.45,95,17406,3451,1.06,97.93,138.19,1861.98,462.69,1926,2.86,1,63.9,10768
2003-09-10,Dow Jones,2083.77,2061.14,2121.39,2053.34,450115385,6.1,6.89,9.67,4.45,95,17406,3451,1.06,97.93,138.19,1861.98,462.69,1926,2.86,1,63.9,10768
2003-09-11,Dow Jones,2255.31,2264.94,2297.5,2252.1,5777231,7.41,1.64,2.59,1.05,55,5450,1051,1.37,112.41,66.87,992.25,300.05,5607,7.83,27,62.44,11227
2003-09-12,Dow Jones,2255.31,2264.94,2297.5,2252.1,5777231,7.41,1.64,2.59,1.05,55,5450,1051,1.37,112.41,66.87,992.25,300.05,5607,7.83,27,62.44,11227
2003-09-13,Dow Jones,1859.65,1810.39,1865.27,1777.5800000000002,711888932,3.01,7.38,12.59,1.13,90,14833,1324,0.83,125.52,57.95,1593.65,445.36,2661,7.89,12,80.86,7789
2003-09-14,Dow Jones,1859.65,1810.39,1865.27,1777.5800000000002,711888932,3.01,7.38,12.59,1.13,90,14833,1324,0.83,125.52,57.95,1593.65,445.36,2661,7.89,12,80.86,7789
2003-09-15,Dow Jones,4631.35,4585.1,4675.17,4572.47,441279836,6.16,6.24,4.48,4.09,90,7991,196,1.25,94.57,123.41,1916.69,291.38,8696,0.33,42,5.82,12729
2003-09-16,Dow Jones,4631.35,4585.1,4675.17,4572.47,441279836,6.16,6.24,4.48,4.09,90,7991,196,1.25,94.57,123.41,1916.69,291.38,8696,0.33,42,5.82,12729
2003-09-17,Dow Jones,4631.35,4585.1,4675.17,4572.47,441279836,6.16,6.24,4.48,4.09,90,7991,196,1.25,94.57,123.41,1916.69,291.38,8696,0.33,42,5.82,12729
2003-09-18,Dow Jones,4631.35,4585.1,4675.17,4572.47,441279836,6.16,6.24,4.48,4.09,90,7991,196,1.25,94.57,123.41,1916.69,291.38,8696,0.33,42,5.82,12729
2003-09-19,Dow Jones,4631.35,4585.1,4675.17,4572.47,441279836,6.16,6.24,4.48,4.09,90,7991,196,1.25,94.57,123.41,1916.69,291.38,8696,0.33,42,5.82,12729
2003-09-20,Dow Jones,2531.2,2527.02,2539.33,2488.34,464965206,9.06,8.69,9.76,3.34,72,24886,271,1.04,129.95,23.44,1378.64,486.68,2290,1.9,10,4.32,13029
2003-09-21,Dow Jones,2531.2,2527.02,2539.33,2488.34,464965206,9.06,8.69,9.76,3.34,72,24886,271,1.04,129.95,23.44,1378.64,486.68,2290,1.9,10,4.32,13029
2003-09-22,Dow Jones,3638.04,3655.4,3689.74,3614.85,150799874,4.74,8.69,14.71,9.98,110,16520,1000,0.81,116.64,124.58,805.66,455.74,7894,8.65,7,63.3,7514
2003-09-23,Dow Jones,3638.04,3655.4,3689.74,3614.85,150799874,4.74,8.69,14.71,9.98,110,16520,1000,0.81,116.64,124.58,805.66,455.74,7894,8.65,7,63.3,7514
2003-09-24,Dow Jones,2087.78,2084.3500000000004,2129.2900000000004,2067.4800000000005,239343537,8.55,2.44,5.59,9.39,74,9913,841,0.95,115.83,51.12,2220.03,483.45,7841,3.02,6,32.58,5301
2003-09-25,Dow Jones,2087.78,2084.3500000000004,2129.2900000000004,2067.4800000000005,239343537,8.55,2.44,5.59,9.39,74,9913,841,0.95,115.83,51.12,2220.03,483.45,7841,3.02,6,32.58,5301
2003-09-26,Dow Jones,2056.25,2053.23,2065.95,2050.72,459080033,4.84,4.42,11.92,8.06,73,12141,2022,1.01,98.62,126.89,2328.2,230.27,9095,8.13,26,86.65,6034
2003-09-27,Dow Jones,4756.27,4751.820000000001,4770.51,4721.39,539498207,6.87,8.9,11.49,4.64,102,11132,2797,1.38,104.35,79.31,1263.91,445.79,1227,4.04,13,67.89,13844
2003-09-28,Dow Jones,3545.5,3553.71,3578.9700000000003,3537.87,920880052,0.32,4.68,12.66,4.17,99,14879,490,1.28,130.61,80.66,1175.07,398.92,6576,5.72,31,46.4,474
2003-09-29,Dow Jones,3545.5,3553.71,3578.9700000000003,3537.87,920880052,0.32,4.68,12.66,4.17,99,14879,490,1.28,130.61,80.66,1175.07,398.92,6576,5.72,31,46.4,474
2003-09-30,Dow Jones,3545.5,3553.71,3578.9700000000003,3537.87,920880052,0.32,4.68,12.66,4.17,99,14879,490,1.28,130.61,80.66,1175.07,398.92,6576,5.72,31,46.4,474
2003-10-01,Dow Jones,3545.5,3553.71,3578.9700000000003,3537.87,920880052,0.32,4.68,12.66,4.17,99,14879,490,1.28,130.61,80.66,1175.07,398.92,6576,5.72,31,46.4,474
2003-10-02,Dow Jones,3545.5,3553.71,3578.9700000000003,3537.87,920880052,0.32,4.68,12.66,4.17,99,14879,490,1.28,130.61,80.66,1175.07,398.92,6576,5.72,31,46.4,474
2003-10-03,Dow Jones,3545.5,3553.71,3578.9700000000003,3537.87,920880052,0.32,4.68,12.66,4.17,99,14879,490,1.28,130.61,80.66,1175.07,398.92,6576,5.72,31,46.4,474
2003-10-04,Dow Jones,3545.5,3553.71,3578.9700000000003,3537.87,920880052,0.32,4.68,12.66,4.17,99,14879,490,1.28,130.61,80.66,1175.07,398.92,6576,5.72,31,46.4,474
2003-10-05,Dow Jones,3545.5,3553.71,3578.9700000000003,3537.87,920880052,0.32,4.68,12.66,4.17,99,14879,490,1.28,130.61,80.66,1175.07,398.92,6576,5.72,31,46.4,474
2003-10-06,Dow Jones,3647.88,3689.1,3732.78,3633.64,216754308,9.51,9.49,12.66,1.13,99,14174,4392,1.17,129.54,23.52,1574.27,276.65,9521,3.52,0,46.26,2492
2003-10-07,Dow Jones,3647.88,3689.1,3732.78,3633.64,216754308,9.51,9.49,12.66,1.13,99,14174,4392,1.17,129.54,23.52,1574.27,276.65,9521,3.52,0,46.26,2492
2003-10-08,Dow Jones,3647.88,3689.1,3732.78,3633.64,216754308,9.51,9.49,12.66,1.13,99,14174,4392,1.17,129.54,23.52,1574.27,276.65,9521,3.52,0,46.26,2492
2003-10-09,Dow Jones,3647.88,3689.1,3732.78,3633.64,216754308,9.51,9.49,12.66,1.13,99,14174,4392,1.17,129.54,23.52,1574.27,276.65,9521,3.52,0,46.26,2492
2003-10-10,Dow Jones,3647.88,3689.1,3732.78,3633.64,216754308,9.51,9.49,12.66,1.13,99,14174,4392,1.17,129.54,23.52,1574.27,276.65,9521,3.52,0,46.26,2492
2003-10-11,Dow Jones,3647.88,3689.1,3732.78,3633.64,216754308,9.51,9.49,12.66,1.13,99,14174,4392,1.17,129.54,23.52,1574.27,276.65,9521,3.52,0,46.26,2492
2003-10-12,Dow Jones,3795.8,3834.78,3849.68,3750.76,442732965,-0.24,8.77,3.09,3.86,95,7497,2384,1.01,107.27,64.2,1557.23,262.72,9749,7.81,21,17.25,4982
2003-10-13,Dow Jones,3795.8,3834.78,3849.68,3750.76,442732965,-0.24,8.77,3.09,3.86,95,7497,2384,1.01,107.27,64.2,1557.23,262.72,9749,7.81,21,17.25,4982
2003-10-14,Dow Jones,2729.38,2732.3900000000003,2747.4200000000005,2700.67,777420177,4.92,3.04,13.23,7.14,73,11252,199,1.16,120.57,91.43,850.53,421.53,650,4.66,7,50.1,3963
2003-10-15,Dow Jones,2729.38,2732.3900000000003,2747.4200000000005,2700.67,777420177,4.92,3.04,13.23,7.14,73,11252,199,1.16,120.57,91.43,850.53,421.53,650,4.66,7,50.1,3963
2003-10-16,Dow Jones,2729.38,2732.3900000000003,2747.4200000000005,2700.67,777420177,4.92,3.04,13.23,7.14,73,11252,199,1.16,120.57,91.43,850.53,421.53,650,4.66,7,50.1,3963
2003-10-17,Dow Jones,1134.71,1130.67,1161.45,1107.86,403331372,7.19,7.3,8.8,1.08,53,5333,1077,0.98,130.23,112.29,1362.79,472.39,3842,6.6,41,19.17,9408
2003-10-18,Dow Jones,1134.71,1130.67,1161.45,1107.86,403331372,7.19,7.3,8.8,1.08,53,5333,1077,0.98,130.23,112.29,1362.79,472.39,3842,6.6,41,19.17,9408
2003-10-19,Dow Jones,1134.71,1130.67,1161.45,1107.86,403331372,7.19,7.3,8.8,1.08,53,5333,1077,0.98,130.23,112.29,1362.79,472.39,3842,6.6,41,19.17,9408
2003-10-20,Dow Jones,1134.71,1130.67,1161.45,1107.86,403331372,7.19,7.3,8.8,1.08,53,5333,1077,0.98,130.23,112.29,1362.79,472.39,3842,6.6,41,19.17,9408
2003-10-21,Dow Jones,1134.71,1130.67,1161.45,1107.86,403331372,7.19,7.3,8.8,1.08,53,5333,1077,0.98,130.23,112.29,1362.79,472.39,3842,6.6,41,19.17,9408
2003-10-22,Dow Jones,1134.71,1130.67,1161.45,1107.86,403331372,7.19,7.3,8.8,1.08,53,5333,1077,0.98,130.23,112.29,1362.79,472.39,3842,6.6,41,19.17,9408
2003-10-23,Dow Jones,1134.71,1130.67,1161.45,1107.86,403331372,7.19,7.3,8.8,1.08,53,5333,1077,0.98,130.23,112.29,1362.79,472.39,3842,6.6,41,19.17,9408
2003-10-24,Dow Jones,4591.68,4583.05,4641.610000000001,4536.01,790101703,0.72,1.17,14.05,6.77,64,15886,1204,1.5,103.64,100.6,2158.31,332.04,2889,9.87,46,97.83,9232
2003-10-25,Dow Jones,4591.68,4583.05,4641.610000000001,4536.01,790101703,0.72,1.17,14.05,6.77,64,15886,1204,1.5,103.64,100.6,2158.31,332.04,2889,9.87,46,97.83,9232
2003-10-26,Dow Jones,4591.68,4583.05,4641.610000000001,4536.01,790101703,0.72,1.17,14.05,6.77,64,15886,1204,1.5,103.64,100.6,2158.31,332.04,2889,9.87,46,97.83,9232
2003-10-27,Dow Jones,4591.68,4583.05,4641.610000000001,4536.01,790101703,0.72,1.17,14.05,6.77,64,15886,1204,1.5,103.64,100.6,2158.31,332.04,2889,9.87,46,97.83,9232
2003-10-28,Dow Jones,4984.63,4962.42,4985.04,4944.41,219803638,6.95,0.33,8.85,8.49,100,21486,1793,1.26,148.09,139.36,996.17,283.34,9277,4.12,19,2.41,2571
2003-10-29,Dow Jones,4984.63,4962.42,4985.04,4944.41,219803638,6.95,0.33,8.85,8.49,100,21486,1793,1.26,148.09,139.36,996.17,283.34,9277,4.12,19,2.41,2571
2003-10-30,Dow Jones,4984.63,4962.42,4985.04,4944.41,219803638,6.95,0.33,8.85,8.49,100,21486,1793,1.26,148.09,139.36,996.17,283.34,9277,4.12,19,2.41,2571
2003-10-31,Dow Jones,4984.63,4962.42,4985.04,4944.41,219803638,6.95,0.33,8.85,8.49,100,21486,1793,1.26,148.09,139.36,996.17,283.34,9277,4.12,19,2.41,2571
2003-11-01,Dow Jones,4984.63,4962.42,4985.04,4944.41,219803638,6.95,0.33,8.85,8.49,100,21486,1793,1.26,148.09,139.36,996.17,283.34,9277,4.12,19,2.41,2571
2003-11-02,Dow Jones,4984.63,4962.42,4985.04,4944.41,219803638,6.95,0.33,8.85,8.49,100,21486,1793,1.26,148.09,139.36,996.17,283.34,9277,4.12,19,2.41,2571
2003-11-03,Dow Jones,4984.63,4962.42,4985.04,4944.41,219803638,6.95,0.33,8.85,8.49,100,21486,1793,1.26,148.09,139.36,996.17,283.34,9277,4.12,19,2.41,2571
2003-11-04,Dow Jones,4995.57,4965.92,5023.56,4945.36,116117648,5.61,5.99,4.62,5.37,56,17891,640,1.07,116.54,128.19,1488.77,181.19,4741,5.94,2,74.0,5077
2003-11-05,Dow Jones,4995.57,4965.92,5023.56,4945.36,116117648,5.61,5.99,4.62,5.37,56,17891,640,1.07,116.54,128.19,1488.77,181.19,4741,5.94,2,74.0,5077
2003-11-06,Dow Jones,3992.74,3948.72,4001.1,3898.79,160807915,-0.72,3.28,11.53,6.46,97,1167,2796,0.87,137.11,98.78,1084.96,434.46,8757,5.79,13,89.64,3858
2003-11-07,Dow Jones,3992.74,3948.72,4001.1,3898.79,160807915,-0.72,3.28,11.53,6.46,97,1167,2796,0.87,137.11,98.78,1084.96,434.46,8757,5.79,13,89.64,3858
2003-11-08,Dow Jones,3992.74,3948.72,4001.1,3898.79,160807915,-0.72,3.28,11.53,6.46,97,1167,2796,0.87,137.11,98.78,1084.96,434.46,8757,5.79,13,89.64,3858
2003-11-09,Dow Jones,3992.74,3948.72,4001.1,3898.79,160807915,-0.72,3.28,11.53,6.46,97,1167,2796,0.87,137.11,98.78,1084.96,434.46,8757,5.79,13,89.64,3858
2003-11-10,Dow Jones,3992.74,3948.72,4001.1,3898.79,160807915,-0.72,3.28,11.53,6.46,97,1167,2796,0.87,137.11,98.78,1084.96,434.46,8757,5.79,13,89.64,3858
2003-11-11,Dow Jones,3992.74,3948.72,4001.1,3898.79,160807915,-0.72,3.28,11.53,6.46,97,1167,2796,0.87,137.11,98.78,1084.96,434.46,8757,5.79,13,89.64,3858
2003-11-12,Dow Jones,3992.74,3948.72,4001.1,3898.79,160807915,-0.72,3.28,11.53,6.46,97,1167,2796,0.87,137.11,98.78,1084.96,434.46,8757,5.79,13,89.64,3858
2003-11-13,Dow Jones,3992.74,3948.72,4001.1,3898.79,160807915,-0.72,3.28,11.53,6.46,97,1167,2796,0.87,137.11,98.78,1084.96,434.46,8757,5.79,13,89.64,3858
2003-11-14,Dow Jones,3992.74,3948.72,4001.1,3898.79,160807915,-0.72,3.28,11.53,6.46,97,1167,2796,0.87,137.11,98.78,1084.96,434.46,8757,5.79,13,89.64,3858
2003-11-15,Dow Jones,3992.74,3948.72,4001.1,3898.79,160807915,-0.72,3.28,11.53,6.46,97,1167,2796,0.87,137.11,98.78,1084.96,434.46,8757,5.79,13,89.64,3858
2003-11-16,Dow Jones,3992.74,3948.72,4001.1,3898.79,160807915,-0.72,3.28,11.53,6.46,97,1167,2796,0.87,137.11,98.78,1084.96,434.46,8757,5.79,13,89.64,3858
2003-11-17,Dow Jones,3992.74,3948.72,4001.1,3898.79,160807915,-0.72,3.28,11.53,6.46,97,1167,2796,0.87,137.11,98.78,1084.96,434.46,8757,5.79,13,89.64,3858
2003-11-18,Dow Jones,3992.74,3948.72,4001.1,3898.79,160807915,-0.72,3.28,11.53,6.46,97,1167,2796,0.87,137.11,98.78,1084.96,434.46,8757,5.79,13,89.64,3858
2003-11-19,Dow Jones,3617.37,3658.91,3672.13,3588.71,304414446,7.72,3.86,7.33,1.35,93,13525,1137,0.97,144.32,98.71,1250.25,213.46,2313,9.87,42,18.61,14751
2003-11-20,Dow Jones,3617.37,3658.91,3672.13,3588.71,304414446,7.72,3.86,7.33,1.35,93,13525,1137,0.97,144.32,98.71,1250.25,213.46,2313,9.87,42,18.61,14751
2003-11-21,Dow Jones,3617.37,3658.91,3672.13,3588.71,304414446,7.72,3.86,7.33,1.35,93,13525,1137,0.97,144.32,98.71,1250.25,213.46,2313,9.87,42,18.61,14751
2003-11-22,Dow Jones,3617.37,3658.91,3672.13,3588.71,304414446,7.72,3.86,7.33,1.35,93,13525,1137,0.97,144.32,98.71,1250.25,213.46,2313,9.87,42,18.61,14751
2003-11-23,Dow Jones,3617.37,3658.91,3672.13,3588.71,304414446,7.72,3.86,7.33,1.35,93,13525,1137,0.97,144.32,98.71,1250.25,213.46,2313,9.87,42,18.61,14751
2003-11-24,Dow Jones,4049.21,4005.03,4078.36,3997.51,294036250,9.66,8.95,3.17,3.63,74,25201,1183,1.37,145.43,140.32,1754.98,418.24,4849,4.64,9,76.44,12296
2003-11-25,Dow Jones,4049.21,4005.03,4078.36,3997.51,294036250,9.66,8.95,3.17,3.63,74,25201,1183,1.37,145.43,140.32,1754.98,418.24,4849,4.64,9,76.44,12296
2003-11-26,Dow Jones,4348.48,4342.089999999999,4395.929999999999,4308.139999999999,638481237,2.65,2.02,14.55,3.41,99,9527,1283,1.06,97.07,86.06,1771.18,357.3,9804,3.35,30,17.04,13376
2003-11-27,Dow Jones,4348.48,4342.089999999999,4395.929999999999,4308.139999999999,638481237,2.65,2.02,14.55,3.41,99,9527,1283,1.06,97.07,86.06,1771.18,357.3,9804,3.35,30,17.04,13376
2003-11-28,Dow Jones,3253.58,3298.34,3312.61,3230.64,979649682,-1.77,7.09,11.16,2.88,89,4989,2832,0.94,123.46,121.66,2371.36,389.53,1386,3.17,9,57.83,8060
2003-11-29,Dow Jones,3253.58,3298.34,3312.61,3230.64,979649682,-1.77,7.09,11.16,2.88,89,4989,2832,0.94,123.46,121.66,2371.36,389.53,1386,3.17,9,57.83,8060
2003-11-30,Dow Jones,3253.58,3298.34,3312.61,3230.64,979649682,-1.77,7.09,11.16,2.88,89,4989,2832,0.94,123.46,121.66,2371.36,389.53,1386,3.17,9,57.83,8060
2003-12-01,Dow Jones,3253.58,3298.34,3312.61,3230.64,979649682,-1.77,7.09,11.16,2.88,89,4989,2832,0.94,123.46,121.66,2371.36,389.53,1386,3.17,9,57.83,8060
2003-12-02,Dow Jones,3253.58,3298.34,3312.61,3230.64,979649682,-1.77,7.09,11.16,2.88,89,4989,2832,0.94,123.46,121.66,2371.36,389.53,1386,3.17,9,57.83,8060
2003-12-03,Dow Jones,4962.72,5006.85,5016.29,4960.27,995462703,8.71,1.96,8.66,5.72,55,9528,2513,1.21,145.81,88.66,1202.16,293.3,5552,6.83,17,78.28,5387
2003-12-04,Dow Jones,4962.72,5006.85,5016.29,4960.27,995462703,8.71,1.96,8.66,5.72,55,9528,2513,1.21,145.81,88.66,1202.16,293.3,5552,6.83,17,78.28,5387
2003-12-05,Dow Jones,4962.72,5006.85,5016.29,4960.27,995462703,8.71,1.96,8.66,5.72,55,9528,2513,1.21,145.81,88.66,1202.16,293.3,5552,6.83,17,78.28,5387
2003-12-06,Dow Jones,4962.72,5006.85,5016.29,4960.27,995462703,8.71,1.96,8.66,5.72,55,9528,2513,1.21,145.81,88.66,1202.16,293.3,5552,6.83,17,78.28,5387
2003-12-07,Dow Jones,4962.72,5006.85,5016.29,4960.27,995462703,8.71,1.96,8.66,5.72,55,9528,2513,1.21,145.81,88.66,1202.16,293.3,5552,6.83,17,78.28,5387
2003-12-08,Dow Jones,4962.72,5006.85,5016.29,4960.27,995462703,8.71,1.96,8.66,5.72,55,9528,2513,1.21,145.81,88.66,1202.16,293.3,5552,6.83,17,78.28,5387
2003-12-09,Dow Jones,4962.72,5006.85,5016.29,4960.27,995462703,8.71,1.96,8.66,5.72,55,9528,2513,1.21,145.81,88.66,1202.16,293.3,5552,6.83,17,78.28,5387
2003-12-10,Dow Jones,4962.72,5006.85,5016.29,4960.27,995462703,8.71,1.96,8.66,5.72,55,9528,2513,1.21,145.81,88.66,1202.16,293.3,5552,6.83,17,78.28,5387
2003-12-11,Dow Jones,4962.72,5006.85,5016.29,4960.27,995462703,8.71,1.96,8.66,5.72,55,9528,2513,1.21,145.81,88.66,1202.16,293.3,5552,6.83,17,78.28,5387
2003-12-12,Dow Jones,4962.72,5006.85,5016.29,4960.27,995462703,8.71,1.96,8.66,5.72,55,9528,2513,1.21,145.81,88.66,1202.16,293.3,5552,6.83,17,78.28,5387
2003-12-13,Dow Jones,4962.72,5006.85,5016.29,4960.27,995462703,8.71,1.96,8.66,5.72,55,9528,2513,1.21,145.81,88.66,1202.16,293.3,5552,6.83,17,78.28,5387
2003-12-14,Dow Jones,1846.54,1868.82,1880.7,1800.88,62019334,5.8,9.13,4.82,9.8,114,9840,1158,1.03,118.59,142.13,1111.34,394.27,9770,9.54,8,66.48,11744
2003-12-15,Dow Jones,1846.54,1868.82,1880.7,1800.88,62019334,5.8,9.13,4.82,9.8,114,9840,1158,1.03,118.59,142.13,1111.34,394.27,9770,9.54,8,66.48,11744
2003-12-16,Dow Jones,4924.47,4934.0,4957.8,4918.41,369535533,-1.64,4.38,8.74,4.88,105,12013,989,1.46,83.79,33.45,1345.16,378.43,5672,5.23,39,79.92,11583
2003-12-17,Dow Jones,4924.47,4934.0,4957.8,4918.41,369535533,-1.64,4.38,8.74,4.88,105,12013,989,1.46,83.79,33.45,1345.16,378.43,5672,5.23,39,79.92,11583
2003-12-18,Dow Jones,4217.66,4264.54,4313.07,4192.27,344263736,8.42,7.46,6.35,6.66,97,1021,3437,1.03,145.9,74.53,2190.96,184.05,759,4.08,21,16.22,8585
2003-12-19,Dow Jones,4217.66,4264.54,4313.07,4192.27,344263736,8.42,7.46,6.35,6.66,97,1021,3437,1.03,145.9,74.53,2190.96,184.05,759,4.08,21,16.22,8585
2003-12-20,Dow Jones,4217.66,4264.54,4313.07,4192.27,344263736,8.42,7.46,6.35,6.66,97,1021,3437,1.03,145.9,74.53,2190.96,184.05,759,4.08,21,16.22,8585
2003-12-21,Dow Jones,4217.66,4264.54,4313.07,4192.27,344263736,8.42,7.46,6.35,6.66,97,1021,3437,1.03,145.9,74.53,2190.96,184.05,759,4.08,21,16.22,8585
2003-12-22,Dow Jones,2819.06,2853.17,2875.6,2775.22,987554682,3.19,2.93,9.1,9.54,96,26793,1608,1.35,91.32,41.76,1961.68,404.96,846,4.1,5,94.37,11087
2003-12-23,Dow Jones,3699.15,3748.83,3780.14,3660.06,801939443,9.37,6.4,2.8,2.69,56,13293,3437,0.99,135.11,52.82,1523.74,342.56,3934,1.51,9,46.92,10783
2003-12-24,Dow Jones,3699.15,3748.83,3780.14,3660.06,801939443,9.37,6.4,2.8,2.69,56,13293,3437,0.99,135.11,52.82,1523.74,342.56,3934,1.51,9,46.92,10783
2003-12-25,Dow Jones,2492.49,2474.52,2501.94,2433.68,901878412,7.75,5.95,3.85,8.93,82,9344,1867,1.34,144.3,23.16,807.52,392.42,7156,1.94,28,19.16,8272
2003-12-26,Dow Jones,4766.77,4807.4400000000005,4850.410000000001,4751.740000000001,627355153,0.31,4.2,10.76,6.43,89,3801,1232,1.14,93.26,26.0,1061.73,316.77,7359,8.85,15,5.51,9480
2003-12-27,Dow Jones,1669.43,1638.55,1682.24,1631.07,941460930,3.32,1.53,7.09,9.79,54,21043,1301,0.88,88.75,128.63,809.98,426.48,3075,3.74,19,6.96,10610
2003-12-28,Dow Jones,1669.43,1638.55,1682.24,1631.07,941460930,3.32,1.53,7.09,9.79,54,21043,1301,0.88,88.75,128.63,809.98,426.48,3075,3.74,19,6.96,10610
2003-12-29,Dow Jones,1669.43,1638.55,1682.24,1631.07,941460930,3.32,1.53,7.09,9.79,54,21043,1301,0.88,88.75,128.63,809.98,426.48,3075,3.74,19,6.96,10610
2003-12-30,Dow Jones,3788.54,3742.65,3821.7,3721.41,557469856,3.55,7.99,8.49,9.78,57,10314,329,1.16,102.41,106.83,2103.55,488.58,9413,7.71,13,85.18,10103
2003-12-31,Dow Jones,3594.56,3579.29,3611.65,3564.85,579582120,-1.45,4.93,11.43,4.11,99,29490,2775,1.42,99.81,116.93,1117.9,479.93,7522,6.23,40,59.69,8961
2004-01-01,Dow Jones,3594.56,3579.29,3611.65,3564.85,579582120,-1.45,4.93,11.43,4.11,99,29490,2775,1.42,99.81,116.93,1117.9,479.93,7522,6.23,40,59.69,8961
2004-01-02,Dow Jones,3594.56,3579.29,3611.65,3564.85,579582120,-1.45,4.93,11.43,4.11,99,29490,2775,1.42,99.81,116.93,1117.9,479.93,7522,6.23,40,59.69,8961
2004-01-03,Dow Jones,3594.56,3579.29,3611.65,3564.85,579582120,-1.45,4.93,11.43,4.11,99,29490,2775,1.42,99.81,116.93,1117.9,479.93,7522,6.23,40,59.69,8961
2004-01-04,Dow Jones,3594.56,3579.29,3611.65,3564.85,579582120,-1.45,4.93,11.43,4.11,99,29490,2775,1.42,99.81,116.93,1117.9,479.93,7522,6.23,40,59.69,8961
2004-01-05,Dow Jones,3594.56,3579.29,3611.65,3564.85,579582120,-1.45,4.93,11.43,4.11,99,29490,2775,1.42,99.81,116.93,1117.9,479.93,7522,6.23,40,59.69,8961
2004-01-06,Dow Jones,3820.56,3776.1,3868.29,3763.86,829737355,4.64,5.07,12.26,0.7,103,1460,609,0.98,88.54,92.5,1556.2,279.12,7915,0.68,17,79.7,5516
2004-01-07,Dow Jones,2820.69,2824.5,2870.79,2809.81,601423884,-3.45,2.41,14.34,0.77,50,21043,740,1.29,129.62,24.03,1629.65,286.06,2533,6.59,23,59.58,10846
2004-01-08,Dow Jones,3671.04,3628.1,3716.5,3621.27,164824777,8.57,7.96,6.9,8.97,110,1343,4736,1.16,81.59,108.88,2129.95,196.25,7551,1.25,16,60.7,9903
2004-01-09,Dow Jones,4349.47,4392.87,4418.48,4321.900000000001,102617488,3.53,0.84,9.5,7.36,56,17102,3350,0.92,105.79,46.51,831.12,481.95,2023,6.52,35,24.96,8677
2004-01-10,Dow Jones,4349.47,4392.87,4418.48,4321.900000000001,102617488,3.53,0.84,9.5,7.36,56,17102,3350,0.92,105.79,46.51,831.12,481.95,2023,6.52,35,24.96,8677
2004-01-11,Dow Jones,4349.47,4392.87,4418.48,4321.900000000001,102617488,3.53,0.84,9.5,7.36,56,17102,3350,0.92,105.79,46.51,831.12,481.95,2023,6.52,35,24.96,8677
2004-01-12,Dow Jones,4116.41,4148.8,4183.29,4082.4,757263620,-1.15,0.67,7.36,8.15,53,22912,4003,1.3,137.71,120.26,2304.99,339.43,1584,9.49,22,13.03,5838
2004-01-13,Dow Jones,4116.41,4148.8,4183.29,4082.4,757263620,-1.15,0.67,7.36,8.15,53,22912,4003,1.3,137.71,120.26,2304.99,339.43,1584,9.49,22,13.03,5838
2004-01-14,Dow Jones,3798.56,3845.45,3855.8,3782.04,884056186,9.41,5.0,8.67,1.64,119,13751,3436,1.4,118.53,31.6,1184.21,313.32,3892,4.97,10,51.84,6860
2004-01-15,Dow Jones,3798.56,3845.45,3855.8,3782.04,884056186,9.41,5.0,8.67,1.64,119,13751,3436,1.4,118.53,31.6,1184.21,313.32,3892,4.97,10,51.84,6860
2004-01-16,Dow Jones,3798.56,3845.45,3855.8,3782.04,884056186,9.41,5.0,8.67,1.64,119,13751,3436,1.4,118.53,31.6,1184.21,313.32,3892,4.97,10,51.84,6860
2004-01-17,Dow Jones,3798.56,3845.45,3855.8,3782.04,884056186,9.41,5.0,8.67,1.64,119,13751,3436,1.4,118.53,31.6,1184.21,313.32,3892,4.97,10,51.84,6860
2004-01-18,Dow Jones,3798.56,3845.45,3855.8,3782.04,884056186,9.41,5.0,8.67,1.64,119,13751,3436,1.4,118.53,31.6,1184.21,313.32,3892,4.97,10,51.84,6860
2004-01-19,Dow Jones,3798.56,3845.45,3855.8,3782.04,884056186,9.41,5.0,8.67,1.64,119,13751,3436,1.4,118.53,31.6,1184.21,313.32,3892,4.97,10,51.84,6860
2004-01-20,Dow Jones,3798.56,3845.45,3855.8,3782.04,884056186,9.41,5.0,8.67,1.64,119,13751,3436,1.4,118.53,31.6,1184.21,313.32,3892,4.97,10,51.84,6860
2004-01-21,Dow Jones,3798.56,3845.45,3855.8,3782.04,884056186,9.41,5.0,8.67,1.64,119,13751,3436,1.4,118.53,31.6,1184.21,313.32,3892,4.97,10,51.84,6860
2004-01-22,Dow Jones,3798.56,3845.45,3855.8,3782.04,884056186,9.41,5.0,8.67,1.64,119,13751,3436,1.4,118.53,31.6,1184.21,313.32,3892,4.97,10,51.84,6860
2004-01-23,Dow Jones,3798.56,3845.45,3855.8,3782.04,884056186,9.41,5.0,8.67,1.64,119,13751,3436,1.4,118.53,31.6,1184.21,313.32,3892,4.97,10,51.84,6860
2004-01-24,Dow Jones,3798.56,3845.45,3855.8,3782.04,884056186,9.41,5.0,8.67,1.64,119,13751,3436,1.4,118.53,31.6,1184.21,313.32,3892,4.97,10,51.84,6860
2004-01-25,Dow Jones,3798.56,3845.45,3855.8,3782.04,884056186,9.41,5.0,8.67,1.64,119,13751,3436,1.4,118.53,31.6,1184.21,313.32,3892,4.97,10,51.84,6860
2004-01-26,Dow Jones,3371.36,3370.49,3402.55,3359.9100000000003,172528490,7.74,0.53,5.31,8.6,86,4721,2558,1.18,111.91,61.65,1089.41,443.71,8290,8.93,23,98.99,4629
2004-01-27,Dow Jones,3371.36,3370.49,3402.55,3359.9100000000003,172528490,7.74,0.53,5.31,8.6,86,4721,2558,1.18,111.91,61.65,1089.41,443.71,8290,8.93,23,98.99,4629
2004-01-28,Dow Jones,3371.36,3370.49,3402.55,3359.9100000000003,172528490,7.74,0.53,5.31,8.6,86,4721,2558,1.18,111.91,61.65,1089.41,443.71,8290,8.93,23,98.99,4629
2004-01-29,Dow Jones,1126.98,1119.42,1131.97,1108.11,603755343,-3.85,6.26,7.14,5.67,113,15189,3182,1.48,127.6,83.93,1019.0,115.83,2852,9.24,31,30.74,2044
2004-01-30,Dow Jones,2693.34,2714.81,2732.98,2653.69,672732246,6.3,1.31,10.53,1.77,74,20366,1731,0.83,94.67,86.79,2030.68,112.73,9695,6.91,1,98.5,2455
2004-01-31,Dow Jones,1338.26,1348.64,1373.71,1298.04,686755833,5.9,8.82,12.77,0.55,103,14410,2099,1.29,137.4,98.53,1161.42,436.83,6293,6.48,5,22.8,14069
2004-02-01,Dow Jones,1338.26,1348.64,1373.71,1298.04,686755833,5.9,8.82,12.77,0.55,103,14410,2099,1.29,137.4,98.53,1161.42,436.83,6293,6.48,5,22.8,14069
2004-02-02,Dow Jones,1338.26,1348.64,1373.71,1298.04,686755833,5.9,8.82,12.77,0.55,103,14410,2099,1.29,137.4,98.53,1161.42,436.83,6293,6.48,5,22.8,14069
2004-02-03,Dow Jones,4531.66,4503.43,4540.62,4496.72,926385848,7.43,4.58,6.67,7.26,75,18415,906,1.25,128.83,97.95,1299.13,466.85,418,5.31,35,39.91,3328
2004-02-04,Dow Jones,4531.66,4503.43,4540.62,4496.72,926385848,7.43,4.58,6.67,7.26,75,18415,906,1.25,128.83,97.95,1299.13,466.85,418,5.31,35,39.91,3328
2004-02-05,Dow Jones,4531.66,4503.43,4540.62,4496.72,926385848,7.43,4.58,6.67,7.26,75,18415,906,1.25,128.83,97.95,1299.13,466.85,418,5.31,35,39.91,3328
2004-02-06,Dow Jones,4531.66,4503.43,4540.62,4496.72,926385848,7.43,4.58,6.67,7.26,75,18415,906,1.25,128.83,97.95,1299.13,466.85,418,5.31,35,39.91,3328
2004-02-07,Dow Jones,4544.37,4496.95,4565.75,4469.849999999999,818540032,8.53,7.02,13.15,7.53,91,29972,310,1.24,91.47,23.89,1044.31,130.36,6485,3.22,17,48.77,5655
2004-02-08,Dow Jones,4544.37,4496.95,4565.75,4469.849999999999,818540032,8.53,7.02,13.15,7.53,91,29972,310,1.24,91.47,23.89,1044.31,130.36,6485,3.22,17,48.77,5655
2004-02-09,Dow Jones,3949.7,3977.75,3988.49,3907.7,604897327,0.98,5.88,2.99,1.05,102,28526,1877,0.9,120.75,112.2,2487.63,140.75,1607,2.01,47,2.92,11167
2004-02-10,Dow Jones,2146.08,2116.2,2171.91,2075.86,287751643,-3.75,3.31,8.98,1.69,89,7655,3247,1.01,82.35,51.98,917.27,415.91,7189,4.08,32,41.13,11532
2004-02-11,Dow Jones,2146.08,2116.2,2171.91,2075.86,287751643,-3.75,3.31,8.98,1.69,89,7655,3247,1.01,82.35,51.98,917.27,415.91,7189,4.08,32,41.13,11532
2004-02-12,Dow Jones,2146.08,2116.2,2171.91,2075.86,287751643,-3.75,3.31,8.98,1.69,89,7655,3247,1.01,82.35,51.98,917.27,415.91,7189,4.08,32,41.13,11532
2004-02-13,Dow Jones,2146.08,2116.2,2171.91,2075.86,287751643,-3.75,3.31,8.98,1.69,89,7655,3247,1.01,82.35,51.98,917.27,415.91,7189,4.08,32,41.13,11532
2004-02-14,Dow Jones,2146.08,2116.2,2171.91,2075.86,287751643,-3.75,3.31,8.98,1.69,89,7655,3247,1.01,82.35,51.98,917.27,415.91,7189,4.08,32,41.13,11532
2004-02-15,Dow Jones,2146.08,2116.2,2171.91,2075.86,287751643,-3.75,3.31,8.98,1.69,89,7655,3247,1.01,82.35,51.98,917.27,415.91,7189,4.08,32,41.13,11532
2004-02-16,Dow Jones,4893.53,4920.679999999999,4925.11,4860.259999999999,509046598,-2.45,9.63,4.33,5.8,52,11888,1414,1.1,143.53,57.05,1037.8,227.15,7992,1.78,17,58.6,8129
2004-02-17,Dow Jones,4893.53,4920.679999999999,4925.11,4860.259999999999,509046598,-2.45,9.63,4.33,5.8,52,11888,1414,1.1,143.53,57.05,1037.8,227.15,7992,1.78,17,58.6,8129
2004-02-18,Dow Jones,4389.55,4425.0,4439.41,4379.4800000000005,563800607,2.27,6.07,2.16,2.11,61,26957,1873,1.24,123.46,88.65,1976.7,146.81,9976,7.15,32,10.76,2310
2004-02-19,Dow Jones,4389.55,4425.0,4439.41,4379.4800000000005,563800607,2.27,6.07,2.16,2.11,61,26957,1873,1.24,123.46,88.65,1976.7,146.81,9976,7.15,32,10.76,2310
2004-02-20,Dow Jones,2341.12,2296.35,2368.35,2280.28,401189525,-2.79,6.95,3.19,2.74,116,1823,1285,1.01,100.98,91.21,2196.69,296.44,9571,8.51,41,47.13,5494
2004-02-21,Dow Jones,1268.07,1296.35,1322.9699999999998,1218.59,949020239,-0.13,0.71,6.18,1.05,119,12252,2564,1.13,97.44,60.57,2046.18,282.38,2999,8.44,20,29.69,11256
2004-02-22,Dow Jones,1268.07,1296.35,1322.9699999999998,1218.59,949020239,-0.13,0.71,6.18,1.05,119,12252,2564,1.13,97.44,60.57,2046.18,282.38,2999,8.44,20,29.69,11256
2004-02-23,Dow Jones,1268.07,1296.35,1322.9699999999998,1218.59,949020239,-0.13,0.71,6.18,1.05,119,12252,2564,1.13,97.44,60.57,2046.18,282.38,2999,8.44,20,29.69,11256
2004-02-24,Dow Jones,4410.19,4411.04,4442.23,4370.549999999999,422007477,6.55,3.1,12.91,3.73,50,3551,1621,0.91,108.21,25.11,1853.01,368.0,968,5.84,8,7.02,11128
2004-02-25,Dow Jones,4410.19,4411.04,4442.23,4370.549999999999,422007477,6.55,3.1,12.91,3.73,50,3551,1621,0.91,108.21,25.11,1853.01,368.0,968,5.84,8,7.02,11128
2004-02-26,Dow Jones,4410.19,4411.04,4442.23,4370.549999999999,422007477,6.55,3.1,12.91,3.73,50,3551,1621,0.91,108.21,25.11,1853.01,368.0,968,5.84,8,7.02,11128
2004-02-27,Dow Jones,4410.19,4411.04,4442.23,4370.549999999999,422007477,6.55,3.1,12.91,3.73,50,3551,1621,0.91,108.21,25.11,1853.01,368.0,968,5.84,8,7.02,11128
2004-02-28,Dow Jones,4410.19,4411.04,4442.23,4370.549999999999,422007477,6.55,3.1,12.91,3.73,50,3551,1621,0.91,108.21,25.11,1853.01,368.0,968,5.84,8,7.02,11128
2004-02-29,Dow Jones,4410.19,4411.04,4442.23,4370.549999999999,422007477,6.55,3.1,12.91,3.73,50,3551,1621,0.91,108.21,25.11,1853.01,368.0,968,5.84,8,7.02,11128
2004-03-01,Dow Jones,4410.19,4411.04,4442.23,4370.549999999999,422007477,6.55,3.1,12.91,3.73,50,3551,1621,0.91,108.21,25.11,1853.01,368.0,968,5.84,8,7.02,11128
2004-03-02,Dow Jones,2876.43,2847.61,2906.95,2805.4999999999995,670135147,5.48,1.78,12.93,6.2,86,12817,983,0.92,141.57,45.82,1971.25,455.47,2074,8.44,33,72.24,6851
2004-03-03,Dow Jones,2074.25,2103.5,2150.46,2041.84,845912667,7.02,7.74,7.14,7.28,114,12140,2627,1.47,96.37,122.3,899.28,378.86,5727,4.39,43,3.03,11521
2004-03-04,Dow Jones,2074.25,2103.5,2150.46,2041.84,845912667,7.02,7.74,7.14,7.28,114,12140,2627,1.47,96.37,122.3,899.28,378.86,5727,4.39,43,3.03,11521
2004-03-05,Dow Jones,2074.25,2103.5,2150.46,2041.84,845912667,7.02,7.74,7.14,7.28,114,12140,2627,1.47,96.37,122.3,899.28,378.86,5727,4.39,43,3.03,11521
2004-03-06,Dow Jones,2074.25,2103.5,2150.46,2041.84,845912667,7.02,7.74,7.14,7.28,114,12140,2627,1.47,96.37,122.3,899.28,378.86,5727,4.39,43,3.03,11521
2004-03-07,Dow Jones,2074.25,2103.5,2150.46,2041.84,845912667,7.02,7.74,7.14,7.28,114,12140,2627,1.47,96.37,122.3,899.28,378.86,5727,4.39,43,3.03,11521
2004-03-08,Dow Jones,4037.17,4070.69,4075.41,4037.11,941883967,4.54,6.88,13.6,8.79,78,21137,2255,1.26,145.15,56.81,2407.49,127.19,6575,7.97,40,26.25,11724
2004-03-09,Dow Jones,4037.17,4070.69,4075.41,4037.11,941883967,4.54,6.88,13.6,8.79,78,21137,2255,1.26,145.15,56.81,2407.49,127.19,6575,7.97,40,26.25,11724
2004-03-10,Dow Jones,2758.96,2793.12,2840.57,2749.51,367136667,5.05,6.01,9.47,1.4,61,25415,4506,0.85,139.86,112.35,1557.04,443.0,6432,4.18,2,81.86,10207
2004-03-11,Dow Jones,2758.96,2793.12,2840.57,2749.51,367136667,5.05,6.01,9.47,1.4,61,25415,4506,0.85,139.86,112.35,1557.04,443.0,6432,4.18,2,81.86,10207
2004-03-12,Dow Jones,4193.17,4233.33,4280.0,4160.51,6668795,-1.49,2.29,7.24,1.49,97,2268,4235,1.08,145.04,55.49,2345.27,442.43,4339,1.21,39,81.42,7544
2004-03-13,Dow Jones,4193.17,4233.33,4280.0,4160.51,6668795,-1.49,2.29,7.24,1.49,97,2268,4235,1.08,145.04,55.49,2345.27,442.43,4339,1.21,39,81.42,7544
2004-03-14,Dow Jones,4193.17,4233.33,4280.0,4160.51,6668795,-1.49,2.29,7.24,1.49,97,2268,4235,1.08,145.04,55.49,2345.27,442.43,4339,1.21,39,81.42,7544
2004-03-15,Dow Jones,4193.17,4233.33,4280.0,4160.51,6668795,-1.49,2.29,7.24,1.49,97,2268,4235,1.08,145.04,55.49,2345.27,442.43,4339,1.21,39,81.42,7544
2004-03-16,Dow Jones,4193.17,4233.33,4280.0,4160.51,6668795,-1.49,2.29,7.24,1.49,97,2268,4235,1.08,145.04,55.49,2345.27,442.43,4339,1.21,39,81.42,7544
2004-03-17,Dow Jones,2025.85,2042.78,2074.49,1992.76,317686896,9.96,2.33,8.92,2.59,105,3602,4035,1.46,81.85,146.62,2054.14,101.36,9677,6.97,15,38.22,10932
2004-03-18,Dow Jones,2025.85,2042.78,2074.49,1992.76,317686896,9.96,2.33,8.92,2.59,105,3602,4035,1.46,81.85,146.62,2054.14,101.36,9677,6.97,15,38.22,10932
2004-03-19,Dow Jones,3695.98,3691.97,3697.67,3679.21,909266557,6.8,2.6,11.14,2.14,110,15107,2900,1.35,148.03,111.76,1828.96,382.31,7075,3.69,40,46.54,8058
2004-03-20,Dow Jones,3695.98,3691.97,3697.67,3679.21,909266557,6.8,2.6,11.14,2.14,110,15107,2900,1.35,148.03,111.76,1828.96,382.31,7075,3.69,40,46.54,8058
2004-03-21,Dow Jones,1842.03,1810.88,1851.37,1806.95,998361305,7.47,4.59,8.6,7.74,61,26064,303,0.87,113.84,143.72,2258.69,225.53,9237,0.91,22,83.71,3352
2004-03-22,Dow Jones,1842.03,1810.88,1851.37,1806.95,998361305,7.47,4.59,8.6,7.74,61,26064,303,0.87,113.84,143.72,2258.69,225.53,9237,0.91,22,83.71,3352
2004-03-23,Dow Jones,1587.69,1634.42,1651.8200000000002,1540.4,827525017,5.45,2.49,6.42,9.98,107,19082,4313,1.08,92.99,87.62,2410.45,391.92,6682,9.07,14,69.04,12549
2004-03-24,Dow Jones,1587.69,1634.42,1651.8200000000002,1540.4,827525017,5.45,2.49,6.42,9.98,107,19082,4313,1.08,92.99,87.62,2410.45,391.92,6682,9.07,14,69.04,12549
2004-03-25,Dow Jones,4458.64,4458.12,4475.35,4445.28,560142775,3.23,6.14,14.21,5.67,86,25306,3565,1.46,122.1,30.02,1602.37,285.81,6113,7.75,23,5.21,4007
2004-03-26,Dow Jones,1619.7,1578.31,1625.07,1573.27,202398856,4.51,9.46,6.11,3.9,60,6527,4145,1.37,106.75,37.34,1516.58,499.92,1450,6.24,10,33.79,9676
2004-03-27,Dow Jones,1619.7,1578.31,1625.07,1573.27,202398856,4.51,9.46,6.11,3.9,60,6527,4145,1.37,106.75,37.34,1516.58,499.92,1450,6.24,10,33.79,9676
2004-03-28,Dow Jones,1619.7,1578.31,1625.07,1573.27,202398856,4.51,9.46,6.11,3.9,60,6527,4145,1.37,106.75,37.34,1516.58,499.92,1450,6.24,10,33.79,9676
2004-03-29,Dow Jones,2209.68,2174.12,2233.19,2141.97,868618992,8.47,3.67,12.28,3.63,102,27983,4703,1.09,90.5,122.22,2189.65,377.57,9946,4.92,2,3.88,10620
2004-03-30,Dow Jones,2209.68,2174.12,2233.19,2141.97,868618992,8.47,3.67,12.28,3.63,102,27983,4703,1.09,90.5,122.22,2189.65,377.57,9946,4.92,2,3.88,10620
2004-03-31,Dow Jones,4215.22,4198.63,4221.0,4174.31,82998337,5.01,4.54,10.1,9.29,51,15531,2809,1.12,105.16,114.91,1691.14,424.34,5975,3.66,3,45.12,7106
2004-04-01,Dow Jones,1548.59,1550.77,1598.08,1541.87,730229620,9.58,8.07,13.67,3.26,78,3044,1282,1.19,149.07,82.93,2407.69,454.39,7380,0.17,28,6.22,7904
2004-04-02,Dow Jones,1548.59,1550.77,1598.08,1541.87,730229620,9.58,8.07,13.67,3.26,78,3044,1282,1.19,149.07,82.93,2407.69,454.39,7380,0.17,28,6.22,7904
2004-04-03,Dow Jones,3022.04,2972.89,3053.91,2939.77,82102342,-0.94,8.47,10.15,3.83,83,16871,1058,1.04,125.24,29.39,1141.43,172.79,775,1.88,40,24.52,4101
2004-04-04,Dow Jones,3022.04,2972.89,3053.91,2939.77,82102342,-0.94,8.47,10.15,3.83,83,16871,1058,1.04,125.24,29.39,1141.43,172.79,775,1.88,40,24.52,4101
2004-04-05,Dow Jones,3495.99,3517.29,3558.63,3469.44,689475107,-1.42,0.72,5.53,2.27,80,2053,2158,0.87,146.95,20.04,1143.08,413.76,6870,0.32,44,64.11,4034
2004-04-06,Dow Jones,3495.99,3517.29,3558.63,3469.44,689475107,-1.42,0.72,5.53,2.27,80,2053,2158,0.87,146.95,20.04,1143.08,413.76,6870,0.32,44,64.11,4034
2004-04-07,Dow Jones,3495.99,3517.29,3558.63,3469.44,689475107,-1.42,0.72,5.53,2.27,80,2053,2158,0.87,146.95,20.04,1143.08,413.76,6870,0.32,44,64.11,4034
2004-04-08,Dow Jones,1329.09,1354.58,1389.4299999999998,1285.02,793861149,-4.94,3.84,12.81,4.36,103,27741,301,1.47,82.57,85.16,2181.26,385.66,1571,0.45,17,78.84,3963
2004-04-09,Dow Jones,2838.34,2883.86,2913.2000000000003,2809.04,55748573,5.8,1.31,6.07,7.93,102,20624,365,1.48,147.66,146.74,1906.4,169.8,5451,1.37,18,41.84,2620
2004-04-10,Dow Jones,2838.34,2883.86,2913.2000000000003,2809.04,55748573,5.8,1.31,6.07,7.93,102,20624,365,1.48,147.66,146.74,1906.4,169.8,5451,1.37,18,41.84,2620
2004-04-11,Dow Jones,2838.34,2883.86,2913.2000000000003,2809.04,55748573,5.8,1.31,6.07,7.93,102,20624,365,1.48,147.66,146.74,1906.4,169.8,5451,1.37,18,41.84,2620
2004-04-12,Dow Jones,1227.91,1196.2900000000002,1262.45,1162.38,44832825,6.43,3.16,11.61,5.85,80,27043,390,1.49,130.05,107.73,1736.11,493.48,769,5.84,42,23.37,10137
2004-04-13,Dow Jones,1227.91,1196.2900000000002,1262.45,1162.38,44832825,6.43,3.16,11.61,5.85,80,27043,390,1.49,130.05,107.73,1736.11,493.48,769,5.84,42,23.37,10137
2004-04-14,Dow Jones,2833.73,2799.21,2852.69,2779.92,277608449,9.63,9.32,9.77,6.51,74,1574,1908,0.85,145.21,141.43,1638.24,177.05,1354,1.41,48,97.71,14517
2004-04-15,Dow Jones,2833.73,2799.21,2852.69,2779.92,277608449,9.63,9.32,9.77,6.51,74,1574,1908,0.85,145.21,141.43,1638.24,177.05,1354,1.41,48,97.71,14517
2004-04-16,Dow Jones,3297.15,3316.85,3347.89,3260.9100000000003,587992130,1.92,9.12,4.11,7.53,106,14490,1054,1.0,105.77,60.0,2154.89,186.76,926,5.15,30,5.51,11182
2004-04-17,Dow Jones,3668.85,3674.86,3719.41,3665.87,963812599,-0.42,9.72,4.31,1.04,118,17912,4828,1.44,99.89,130.6,885.81,160.9,2411,7.42,26,14.37,11092
2004-04-18,Dow Jones,4108.2,4096.849999999999,4133.01,4067.77,712059278,-1.67,4.97,3.01,7.45,77,17531,2030,0.86,100.08,49.73,2429.21,147.99,8741,6.94,46,44.63,9921
2004-04-19,Dow Jones,4448.81,4440.830000000001,4490.05,4434.320000000001,469623632,-1.81,2.34,10.03,3.09,82,13525,4180,1.42,136.04,69.21,1378.11,486.28,8840,2.85,33,73.28,13262
2004-04-20,Dow Jones,4448.81,4440.830000000001,4490.05,4434.320000000001,469623632,-1.81,2.34,10.03,3.09,82,13525,4180,1.42,136.04,69.21,1378.11,486.28,8840,2.85,33,73.28,13262
2004-04-21,Dow Jones,4448.81,4440.830000000001,4490.05,4434.320000000001,469623632,-1.81,2.34,10.03,3.09,82,13525,4180,1.42,136.04,69.21,1378.11,486.28,8840,2.85,33,73.28,13262
2004-04-22,Dow Jones,4448.81,4440.830000000001,4490.05,4434.320000000001,469623632,-1.81,2.34,10.03,3.09,82,13525,4180,1.42,136.04,69.21,1378.11,486.28,8840,2.85,33,73.28,13262
2004-04-23,Dow Jones,4448.81,4440.830000000001,4490.05,4434.320000000001,469623632,-1.81,2.34,10.03,3.09,82,13525,4180,1.42,136.04,69.21,1378.11,486.28,8840,2.85,33,73.28,13262
2004-04-24,Dow Jones,4448.81,4440.830000000001,4490.05,4434.320000000001,469623632,-1.81,2.34,10.03,3.09,82,13525,4180,1.42,136.04,69.21,1378.11,486.28,8840,2.85,33,73.28,13262
2004-04-25,Dow Jones,4448.81,4440.830000000001,4490.05,4434.320000000001,469623632,-1.81,2.34,10.03,3.09,82,13525,4180,1.42,136.04,69.21,1378.11,486.28,8840,2.85,33,73.28,13262
2004-04-26,Dow Jones,4448.81,4440.830000000001,4490.05,4434.320000000001,469623632,-1.81,2.34,10.03,3.09,82,13525,4180,1.42,136.04,69.21,1378.11,486.28,8840,2.85,33,73.28,13262
2004-04-27,Dow Jones,4448.81,4440.830000000001,4490.05,4434.320000000001,469623632,-1.81,2.34,10.03,3.09,82,13525,4180,1.42,136.04,69.21,1378.11,486.28,8840,2.85,33,73.28,13262
2004-04-28,Dow Jones,4448.81,4440.830000000001,4490.05,4434.320000000001,469623632,-1.81,2.34,10.03,3.09,82,13525,4180,1.42,136.04,69.21,1378.11,486.28,8840,2.85,33,73.28,13262
2004-04-29,Dow Jones,4448.81,4440.830000000001,4490.05,4434.320000000001,469623632,-1.81,2.34,10.03,3.09,82,13525,4180,1.42,136.04,69.21,1378.11,486.28,8840,2.85,33,73.28,13262
2004-04-30,Dow Jones,4448.81,4440.830000000001,4490.05,4434.320000000001,469623632,-1.81,2.34,10.03,3.09,82,13525,4180,1.42,136.04,69.21,1378.11,486.28,8840,2.85,33,73.28,13262
2004-05-01,Dow Jones,4352.92,4397.11,4424.49,4307.17,404101434,3.0,1.05,11.47,6.29,115,29554,1041,0.86,96.21,30.84,2074.31,156.42,7827,2.08,13,62.5,11569
2004-05-02,Dow Jones,2445.62,2469.58,2476.81,2407.79,403421178,-3.53,7.97,9.94,9.25,112,3397,139,1.49,100.15,104.1,2088.04,495.09,7628,9.35,49,98.95,14475
2004-05-03,Dow Jones,2445.62,2469.58,2476.81,2407.79,403421178,-3.53,7.97,9.94,9.25,112,3397,139,1.49,100.15,104.1,2088.04,495.09,7628,9.35,49,98.95,14475
2004-05-04,Dow Jones,2445.62,2469.58,2476.81,2407.79,403421178,-3.53,7.97,9.94,9.25,112,3397,139,1.49,100.15,104.1,2088.04,495.09,7628,9.35,49,98.95,14475
2004-05-05,Dow Jones,2445.62,2469.58,2476.81,2407.79,403421178,-3.53,7.97,9.94,9.25,112,3397,139,1.49,100.15,104.1,2088.04,495.09,7628,9.35,49,98.95,14475
2004-05-06,Dow Jones,2815.96,2813.03,2824.99,2802.6000000000004,922449592,1.28,4.88,14.15,7.63,54,9181,1754,0.83,84.05,122.08,1887.8,442.57,4561,1.04,13,26.5,11411
2004-05-07,Dow Jones,4049.79,4004.7,4070.12,3966.45,988301362,0.72,1.46,5.76,4.75,77,22136,3168,1.49,94.66,32.81,916.91,369.44,3252,7.88,31,4.6,9285
2004-05-08,Dow Jones,4049.79,4004.7,4070.12,3966.45,988301362,0.72,1.46,5.76,4.75,77,22136,3168,1.49,94.66,32.81,916.91,369.44,3252,7.88,31,4.6,9285
2004-05-09,Dow Jones,4049.79,4004.7,4070.12,3966.45,988301362,0.72,1.46,5.76,4.75,77,22136,3168,1.49,94.66,32.81,916.91,369.44,3252,7.88,31,4.6,9285
2004-05-10,Dow Jones,4049.79,4004.7,4070.12,3966.45,988301362,0.72,1.46,5.76,4.75,77,22136,3168,1.49,94.66,32.81,916.91,369.44,3252,7.88,31,4.6,9285
2004-05-11,Dow Jones,1701.97,1682.14,1708.36,1650.21,613795847,2.02,6.71,13.74,8.31,71,7728,3733,1.06,130.86,51.39,1453.19,424.73,9552,3.03,20,46.38,8553
2004-05-12,Dow Jones,3270.91,3259.31,3307.86,3239.93,938695765,6.11,5.98,8.39,2.21,72,14770,2044,1.29,141.9,68.07,2248.11,134.74,4667,3.86,29,61.31,10283
2004-05-13,Dow Jones,3317.26,3352.7000000000003,3372.5400000000004,3295.9700000000003,10367922,7.49,1.92,10.83,7.11,92,22565,843,1.46,83.23,38.6,1636.61,248.87,5634,9.74,47,90.55,11681
2004-05-14,Dow Jones,3317.26,3352.7000000000003,3372.5400000000004,3295.9700000000003,10367922,7.49,1.92,10.83,7.11,92,22565,843,1.46,83.23,38.6,1636.61,248.87,5634,9.74,47,90.55,11681
2004-05-15,Dow Jones,3317.26,3352.7000000000003,3372.5400000000004,3295.9700000000003,10367922,7.49,1.92,10.83,7.11,92,22565,843,1.46,83.23,38.6,1636.61,248.87,5634,9.74,47,90.55,11681
2004-05-16,Dow Jones,3317.26,3352.7000000000003,3372.5400000000004,3295.9700000000003,10367922,7.49,1.92,10.83,7.11,92,22565,843,1.46,83.23,38.6,1636.61,248.87,5634,9.74,47,90.55,11681
2004-05-17,Dow Jones,3317.26,3352.7000000000003,3372.5400000000004,3295.9700000000003,10367922,7.49,1.92,10.83,7.11,92,22565,843,1.46,83.23,38.6,1636.61,248.87,5634,9.74,47,90.55,11681
2004-05-18,Dow Jones,3317.26,3352.7000000000003,3372.5400000000004,3295.9700000000003,10367922,7.49,1.92,10.83,7.11,92,22565,843,1.46,83.23,38.6,1636.61,248.87,5634,9.74,47,90.55,11681
2004-05-19,Dow Jones,3317.26,3352.7000000000003,3372.5400000000004,3295.9700000000003,10367922,7.49,1.92,10.83,7.11,92,22565,843,1.46,83.23,38.6,1636.61,248.87,5634,9.74,47,90.55,11681
2004-05-20,Dow Jones,3317.26,3352.7000000000003,3372.5400000000004,3295.9700000000003,10367922,7.49,1.92,10.83,7.11,92,22565,843,1.46,83.23,38.6,1636.61,248.87,5634,9.74,47,90.55,11681
2004-05-21,Dow Jones,3317.26,3352.7000000000003,3372.5400000000004,3295.9700000000003,10367922,7.49,1.92,10.83,7.11,92,22565,843,1.46,83.23,38.6,1636.61,248.87,5634,9.74,47,90.55,11681
2004-05-22,Dow Jones,1741.08,1727.6799999999998,1749.63,1704.14,397669406,4.21,7.85,2.06,5.24,104,13807,2915,1.47,122.47,74.14,973.32,404.16,2606,9.83,1,37.04,7713
2004-05-23,Dow Jones,1741.08,1727.6799999999998,1749.63,1704.14,397669406,4.21,7.85,2.06,5.24,104,13807,2915,1.47,122.47,74.14,973.32,404.16,2606,9.83,1,37.04,7713
2004-05-24,Dow Jones,1741.08,1727.6799999999998,1749.63,1704.14,397669406,4.21,7.85,2.06,5.24,104,13807,2915,1.47,122.47,74.14,973.32,404.16,2606,9.83,1,37.04,7713
2004-05-25,Dow Jones,1741.08,1727.6799999999998,1749.63,1704.14,397669406,4.21,7.85,2.06,5.24,104,13807,2915,1.47,122.47,74.14,973.32,404.16,2606,9.83,1,37.04,7713
2004-05-26,Dow Jones,1741.08,1727.6799999999998,1749.63,1704.14,397669406,4.21,7.85,2.06,5.24,104,13807,2915,1.47,122.47,74.14,973.32,404.16,2606,9.83,1,37.04,7713
2004-05-27,Dow Jones,2142.83,2146.52,2171.2,2098.05,293386540,3.95,8.17,4.86,7.35,116,4442,4794,1.03,137.36,115.47,1000.8,382.76,9318,2.59,15,75.13,11939
2004-05-28,Dow Jones,4708.5,4752.16,4762.43,4665.19,530288879,9.57,6.52,4.91,3.32,105,2300,3933,1.25,146.95,146.68,2484.28,497.21,4201,2.63,35,17.27,13274
2004-05-29,Dow Jones,4708.5,4752.16,4762.43,4665.19,530288879,9.57,6.52,4.91,3.32,105,2300,3933,1.25,146.95,146.68,2484.28,497.21,4201,2.63,35,17.27,13274
2004-05-30,Dow Jones,4708.5,4752.16,4762.43,4665.19,530288879,9.57,6.52,4.91,3.32,105,2300,3933,1.25,146.95,146.68,2484.28,497.21,4201,2.63,35,17.27,13274
2004-05-31,Dow Jones,4708.5,4752.16,4762.43,4665.19,530288879,9.57,6.52,4.91,3.32,105,2300,3933,1.25,146.95,146.68,2484.28,497.21,4201,2.63,35,17.27,13274
2004-06-01,Dow Jones,4708.5,4752.16,4762.43,4665.19,530288879,9.57,6.52,4.91,3.32,105,2300,3933,1.25,146.95,146.68,2484.28,497.21,4201,2.63,35,17.27,13274
2004-06-02,Dow Jones,4190.93,4144.56,4196.150000000001,4130.620000000001,184984875,-3.63,9.9,3.03,1.06,81,2877,468,1.05,143.51,128.61,1696.93,454.64,8967,4.03,47,38.89,7655
2004-06-03,Dow Jones,4190.93,4144.56,4196.150000000001,4130.620000000001,184984875,-3.63,9.9,3.03,1.06,81,2877,468,1.05,143.51,128.61,1696.93,454.64,8967,4.03,47,38.89,7655
2004-06-04,Dow Jones,4190.93,4144.56,4196.150000000001,4130.620000000001,184984875,-3.63,9.9,3.03,1.06,81,2877,468,1.05,143.51,128.61,1696.93,454.64,8967,4.03,47,38.89,7655
2004-06-05,Dow Jones,4190.93,4144.56,4196.150000000001,4130.620000000001,184984875,-3.63,9.9,3.03,1.06,81,2877,468,1.05,143.51,128.61,1696.93,454.64,8967,4.03,47,38.89,7655
2004-06-06,Dow Jones,4190.93,4144.56,4196.150000000001,4130.620000000001,184984875,-3.63,9.9,3.03,1.06,81,2877,468,1.05,143.51,128.61,1696.93,454.64,8967,4.03,47,38.89,7655
2004-06-07,Dow Jones,4190.93,4144.56,4196.150000000001,4130.620000000001,184984875,-3.63,9.9,3.03,1.06,81,2877,468,1.05,143.51,128.61,1696.93,454.64,8967,4.03,47,38.89,7655
2004-06-08,Dow Jones,4190.93,4144.56,4196.150000000001,4130.620000000001,184984875,-3.63,9.9,3.03,1.06,81,2877,468,1.05,143.51,128.61,1696.93,454.64,8967,4.03,47,38.89,7655
2004-06-09,Dow Jones,4190.93,4144.56,4196.150000000001,4130.620000000001,184984875,-3.63,9.9,3.03,1.06,81,2877,468,1.05,143.51,128.61,1696.93,454.64,8967,4.03,47,38.89,7655
2004-06-10,Dow Jones,4190.93,4144.56,4196.150000000001,4130.620000000001,184984875,-3.63,9.9,3.03,1.06,81,2877,468,1.05,143.51,128.61,1696.93,454.64,8967,4.03,47,38.89,7655
2004-06-11,Dow Jones,4190.93,4144.56,4196.150000000001,4130.620000000001,184984875,-3.63,9.9,3.03,1.06,81,2877,468,1.05,143.51,128.61,1696.93,454.64,8967,4.03,47,38.89,7655
2004-06-12,Dow Jones,4190.93,4144.56,4196.150000000001,4130.620000000001,184984875,-3.63,9.9,3.03,1.06,81,2877,468,1.05,143.51,128.61,1696.93,454.64,8967,4.03,47,38.89,7655
2004-06-13,Dow Jones,4190.93,4144.56,4196.150000000001,4130.620000000001,184984875,-3.63,9.9,3.03,1.06,81,2877,468,1.05,143.51,128.61,1696.93,454.64,8967,4.03,47,38.89,7655
2004-06-14,Dow Jones,2052.99,2020.16,2069.5,2008.14,2436953,3.03,7.93,7.34,6.3,110,15373,2181,1.11,119.05,144.18,2057.43,309.42,5057,9.77,39,92.81,8138
2004-06-15,Dow Jones,2052.99,2020.16,2069.5,2008.14,2436953,3.03,7.93,7.34,6.3,110,15373,2181,1.11,119.05,144.18,2057.43,309.42,5057,9.77,39,92.81,8138
2004-06-16,Dow Jones,4482.68,4501.97,4545.58,4436.950000000001,492009563,-1.62,7.79,14.57,7.83,114,9072,3089,1.46,120.72,111.01,2194.76,458.23,4676,5.91,19,12.19,10833
2004-06-17,Dow Jones,4482.68,4501.97,4545.58,4436.950000000001,492009563,-1.62,7.79,14.57,7.83,114,9072,3089,1.46,120.72,111.01,2194.76,458.23,4676,5.91,19,12.19,10833
2004-06-18,Dow Jones,4482.68,4501.97,4545.58,4436.950000000001,492009563,-1.62,7.79,14.57,7.83,114,9072,3089,1.46,120.72,111.01,2194.76,458.23,4676,5.91,19,12.19,10833
2004-06-19,Dow Jones,4001.06,3992.26,4008.97,3967.75,857161063,-4.85,5.26,4.32,8.27,59,12617,2828,1.29,113.84,94.08,1739.71,329.51,6363,0.13,27,70.09,2939
2004-06-20,Dow Jones,4001.06,3992.26,4008.97,3967.75,857161063,-4.85,5.26,4.32,8.27,59,12617,2828,1.29,113.84,94.08,1739.71,329.51,6363,0.13,27,70.09,2939
2004-06-21,Dow Jones,4001.06,3992.26,4008.97,3967.75,857161063,-4.85,5.26,4.32,8.27,59,12617,2828,1.29,113.84,94.08,1739.71,329.51,6363,0.13,27,70.09,2939
2004-06-22,Dow Jones,4001.06,3992.26,4008.97,3967.75,857161063,-4.85,5.26,4.32,8.27,59,12617,2828,1.29,113.84,94.08,1739.71,329.51,6363,0.13,27,70.09,2939
2004-06-23,Dow Jones,4001.06,3992.26,4008.97,3967.75,857161063,-4.85,5.26,4.32,8.27,59,12617,2828,1.29,113.84,94.08,1739.71,329.51,6363,0.13,27,70.09,2939
2004-06-24,Dow Jones,2944.52,2928.32,2954.47,2917.55,778484798,3.92,3.82,3.26,6.9,115,5986,3438,1.02,144.71,111.39,2140.45,208.21,7347,6.68,5,91.05,6932
2004-06-25,Dow Jones,2944.52,2928.32,2954.47,2917.55,778484798,3.92,3.82,3.26,6.9,115,5986,3438,1.02,144.71,111.39,2140.45,208.21,7347,6.68,5,91.05,6932
2004-06-26,Dow Jones,1160.24,1168.98,1169.91,1119.71,800865853,0.02,3.33,7.79,6.72,91,17430,3223,1.35,107.69,126.42,963.03,243.12,4386,4.19,9,22.66,10833
2004-06-27,Dow Jones,2165.84,2124.38,2187.73,2103.79,999720907,3.48,4.4,2.96,2.63,70,28692,2397,1.01,130.14,99.16,2395.73,176.88,2057,4.98,39,88.0,4571
2004-06-28,Dow Jones,2165.84,2124.38,2187.73,2103.79,999720907,3.48,4.4,2.96,2.63,70,28692,2397,1.01,130.14,99.16,2395.73,176.88,2057,4.98,39,88.0,4571
2004-06-29,Dow Jones,1952.59,1978.23,2002.41,1932.39,414861984,-4.65,0.7,5.28,9.78,87,10443,1609,1.2,130.55,106.64,1406.51,424.39,3188,0.18,8,79.96,10674
2004-06-30,Dow Jones,1952.59,1978.23,2002.41,1932.39,414861984,-4.65,0.7,5.28,9.78,87,10443,1609,1.2,130.55,106.64,1406.51,424.39,3188,0.18,8,79.96,10674
2004-07-01,Dow Jones,1952.59,1978.23,2002.41,1932.39,414861984,-4.65,0.7,5.28,9.78,87,10443,1609,1.2,130.55,106.64,1406.51,424.39,3188,0.18,8,79.96,10674
2004-07-02,Dow Jones,1952.59,1978.23,2002.41,1932.39,414861984,-4.65,0.7,5.28,9.78,87,10443,1609,1.2,130.55,106.64,1406.51,424.39,3188,0.18,8,79.96,10674
2004-07-03,Dow Jones,1952.59,1978.23,2002.41,1932.39,414861984,-4.65,0.7,5.28,9.78,87,10443,1609,1.2,130.55,106.64,1406.51,424.39,3188,0.18,8,79.96,10674
2004-07-04,Dow Jones,1617.97,1609.03,1651.58,1588.48,341252419,0.84,8.66,3.45,8.74,95,13669,3533,0.84,144.87,45.46,1109.67,146.1,1261,0.8,32,6.46,1565
2004-07-05,Dow Jones,2949.06,2988.92,3028.04,2940.78,317501507,6.27,5.22,8.01,3.74,83,16825,4733,1.08,119.22,104.59,1541.48,124.88,6690,4.85,37,20.15,1179
2004-07-06,Dow Jones,2949.06,2988.92,3028.04,2940.78,317501507,6.27,5.22,8.01,3.74,83,16825,4733,1.08,119.22,104.59,1541.48,124.88,6690,4.85,37,20.15,1179
2004-07-07,Dow Jones,3387.64,3406.21,3435.7,3352.97,823166670,8.48,0.65,11.69,5.72,90,13106,3976,1.2,145.13,137.74,1098.57,247.36,8580,6.85,38,90.79,11884
2004-07-08,Dow Jones,3387.64,3406.21,3435.7,3352.97,823166670,8.48,0.65,11.69,5.72,90,13106,3976,1.2,145.13,137.74,1098.57,247.36,8580,6.85,38,90.79,11884
2004-07-09,Dow Jones,3387.64,3406.21,3435.7,3352.97,823166670,8.48,0.65,11.69,5.72,90,13106,3976,1.2,145.13,137.74,1098.57,247.36,8580,6.85,38,90.79,11884
2004-07-10,Dow Jones,2591.46,2627.96,2636.05,2582.4700000000003,368325017,3.27,3.54,4.55,5.62,52,4680,3530,1.03,130.0,74.4,1221.55,494.75,4923,8.96,20,82.39,12988
2004-07-11,Dow Jones,2591.46,2627.96,2636.05,2582.4700000000003,368325017,3.27,3.54,4.55,5.62,52,4680,3530,1.03,130.0,74.4,1221.55,494.75,4923,8.96,20,82.39,12988
2004-07-12,Dow Jones,2591.46,2627.96,2636.05,2582.4700000000003,368325017,3.27,3.54,4.55,5.62,52,4680,3530,1.03,130.0,74.4,1221.55,494.75,4923,8.96,20,82.39,12988
2004-07-13,Dow Jones,2591.46,2627.96,2636.05,2582.4700000000003,368325017,3.27,3.54,4.55,5.62,52,4680,3530,1.03,130.0,74.4,1221.55,494.75,4923,8.96,20,82.39,12988
2004-07-14,Dow Jones,1817.79,1809.59,1845.92,1797.91,124837515,7.85,8.23,2.76,1.4,98,2442,2804,0.82,115.06,141.66,2026.02,380.39,9774,8.73,6,19.83,349
2004-07-15,Dow Jones,1817.79,1809.59,1845.92,1797.91,124837515,7.85,8.23,2.76,1.4,98,2442,2804,0.82,115.06,141.66,2026.02,380.39,9774,8.73,6,19.83,349
2004-07-16,Dow Jones,1817.79,1809.59,1845.92,1797.91,124837515,7.85,8.23,2.76,1.4,98,2442,2804,0.82,115.06,141.66,2026.02,380.39,9774,8.73,6,19.83,349
2004-07-17,Dow Jones,1817.79,1809.59,1845.92,1797.91,124837515,7.85,8.23,2.76,1.4,98,2442,2804,0.82,115.06,141.66,2026.02,380.39,9774,8.73,6,19.83,349
2004-07-18,Dow Jones,1817.79,1809.59,1845.92,1797.91,124837515,7.85,8.23,2.76,1.4,98,2442,2804,0.82,115.06,141.66,2026.02,380.39,9774,8.73,6,19.83,349
2004-07-19,Dow Jones,1817.79,1809.59,1845.92,1797.91,124837515,7.85,8.23,2.76,1.4,98,2442,2804,0.82,115.06,141.66,2026.02,380.39,9774,8.73,6,19.83,349
2004-07-20,Dow Jones,1817.79,1809.59,1845.92,1797.91,124837515,7.85,8.23,2.76,1.4,98,2442,2804,0.82,115.06,141.66,2026.02,380.39,9774,8.73,6,19.83,349
2004-07-21,Dow Jones,1200.97,1185.64,1214.1,1152.19,936841292,-3.18,8.43,9.69,7.66,82,26924,3688,1.48,123.17,90.21,1152.04,267.03,1279,4.96,6,46.22,11453
2004-07-22,Dow Jones,1200.97,1185.64,1214.1,1152.19,936841292,-3.18,8.43,9.69,7.66,82,26924,3688,1.48,123.17,90.21,1152.04,267.03,1279,4.96,6,46.22,11453
2004-07-23,Dow Jones,1200.97,1185.64,1214.1,1152.19,936841292,-3.18,8.43,9.69,7.66,82,26924,3688,1.48,123.17,90.21,1152.04,267.03,1279,4.96,6,46.22,11453
2004-07-24,Dow Jones,1200.97,1185.64,1214.1,1152.19,936841292,-3.18,8.43,9.69,7.66,82,26924,3688,1.48,123.17,90.21,1152.04,267.03,1279,4.96,6,46.22,11453
2004-07-25,Dow Jones,1200.97,1185.64,1214.1,1152.19,936841292,-3.18,8.43,9.69,7.66,82,26924,3688,1.48,123.17,90.21,1152.04,267.03,1279,4.96,6,46.22,11453
2004-07-26,Dow Jones,1642.72,1667.16,1678.12,1604.8,626963359,6.9,2.27,5.13,4.5,60,22237,1517,1.18,117.82,81.62,1586.67,298.83,8957,5.69,32,22.37,3552
2004-07-27,Dow Jones,1099.89,1065.09,1135.2,1049.0300000000002,325175186,-0.14,2.19,13.72,3.17,63,12593,4009,1.5,149.41,120.25,1482.9,449.41,882,3.48,47,71.58,8146
2004-07-28,Dow Jones,1099.89,1065.09,1135.2,1049.0300000000002,325175186,-0.14,2.19,13.72,3.17,63,12593,4009,1.5,149.41,120.25,1482.9,449.41,882,3.48,47,71.58,8146
2004-07-29,Dow Jones,1099.89,1065.09,1135.2,1049.0300000000002,325175186,-0.14,2.19,13.72,3.17,63,12593,4009,1.5,149.41,120.25,1482.9,449.41,882,3.48,47,71.58,8146
2004-07-30,Dow Jones,1198.46,1229.23,1264.13,1193.75,349703115,-1.52,2.56,8.08,6.0,66,12411,2872,1.22,89.22,62.08,1874.33,306.09,6832,0.82,19,41.99,5864
2004-07-31,Dow Jones,1198.46,1229.23,1264.13,1193.75,349703115,-1.52,2.56,8.08,6.0,66,12411,2872,1.22,89.22,62.08,1874.33,306.09,6832,0.82,19,41.99,5864
2004-08-01,Dow Jones,1198.46,1229.23,1264.13,1193.75,349703115,-1.52,2.56,8.08,6.0,66,12411,2872,1.22,89.22,62.08,1874.33,306.09,6832,0.82,19,41.99,5864
2004-08-02,Dow Jones,1198.46,1229.23,1264.13,1193.75,349703115,-1.52,2.56,8.08,6.0,66,12411,2872,1.22,89.22,62.08,1874.33,306.09,6832,0.82,19,41.99,5864
2004-08-03,Dow Jones,2124.2,2160.07,2189.07,2086.54,371315148,7.15,8.14,5.33,3.31,74,13663,3958,1.48,82.27,144.84,894.17,287.21,7636,2.37,20,38.68,8531
2004-08-04,Dow Jones,2124.2,2160.07,2189.07,2086.54,371315148,7.15,8.14,5.33,3.31,74,13663,3958,1.48,82.27,144.84,894.17,287.21,7636,2.37,20,38.68,8531
2004-08-05,Dow Jones,2519.01,2494.3300000000004,2522.4500000000003,2456.1600000000003,727941463,8.25,9.12,12.97,7.19,109,8604,2849,1.34,91.26,130.59,1591.97,449.37,8414,2.95,13,81.03,11401
2004-08-06,Dow Jones,2519.01,2494.3300000000004,2522.4500000000003,2456.1600000000003,727941463,8.25,9.12,12.97,7.19,109,8604,2849,1.34,91.26,130.59,1591.97,449.37,8414,2.95,13,81.03,11401
2004-08-07,Dow Jones,2519.01,2494.3300000000004,2522.4500000000003,2456.1600000000003,727941463,8.25,9.12,12.97,7.19,109,8604,2849,1.34,91.26,130.59,1591.97,449.37,8414,2.95,13,81.03,11401
2004-08-08,Dow Jones,2519.01,2494.3300000000004,2522.4500000000003,2456.1600000000003,727941463,8.25,9.12,12.97,7.19,109,8604,2849,1.34,91.26,130.59,1591.97,449.37,8414,2.95,13,81.03,11401
2004-08-09,Dow Jones,2519.01,2494.3300000000004,2522.4500000000003,2456.1600000000003,727941463,8.25,9.12,12.97,7.19,109,8604,2849,1.34,91.26,130.59,1591.97,449.37,8414,2.95,13,81.03,11401
2004-08-10,Dow Jones,4091.09,4127.53,4143.179999999999,4071.22,690408476,4.02,8.55,5.29,6.87,74,24972,3510,1.19,113.26,37.73,1151.54,175.79,5185,8.95,40,6.62,8979
2004-08-11,Dow Jones,1947.73,1928.67,1988.72,1918.15,421695765,6.3,0.81,5.62,4.96,76,28966,3233,1.47,132.82,69.35,2281.79,485.14,1059,0.64,27,3.77,13801
2004-08-12,Dow Jones,1947.73,1928.67,1988.72,1918.15,421695765,6.3,0.81,5.62,4.96,76,28966,3233,1.47,132.82,69.35,2281.79,485.14,1059,0.64,27,3.77,13801
2004-08-13,Dow Jones,1947.73,1928.67,1988.72,1918.15,421695765,6.3,0.81,5.62,4.96,76,28966,3233,1.47,132.82,69.35,2281.79,485.14,1059,0.64,27,3.77,13801
2004-08-14,Dow Jones,1947.73,1928.67,1988.72,1918.15,421695765,6.3,0.81,5.62,4.96,76,28966,3233,1.47,132.82,69.35,2281.79,485.14,1059,0.64,27,3.77,13801
2004-08-15,Dow Jones,2549.29,2534.46,2564.19,2525.81,652866422,-3.65,0.4,14.59,2.89,79,19112,3958,1.41,85.42,59.92,1591.51,469.69,8855,0.12,12,40.94,11506
2004-08-16,Dow Jones,2549.29,2534.46,2564.19,2525.81,652866422,-3.65,0.4,14.59,2.89,79,19112,3958,1.41,85.42,59.92,1591.51,469.69,8855,0.12,12,40.94,11506
2004-08-17,Dow Jones,2549.29,2534.46,2564.19,2525.81,652866422,-3.65,0.4,14.59,2.89,79,19112,3958,1.41,85.42,59.92,1591.51,469.69,8855,0.12,12,40.94,11506
2004-08-18,Dow Jones,2549.29,2534.46,2564.19,2525.81,652866422,-3.65,0.4,14.59,2.89,79,19112,3958,1.41,85.42,59.92,1591.51,469.69,8855,0.12,12,40.94,11506
2004-08-19,Dow Jones,2549.29,2534.46,2564.19,2525.81,652866422,-3.65,0.4,14.59,2.89,79,19112,3958,1.41,85.42,59.92,1591.51,469.69,8855,0.12,12,40.94,11506
2004-08-20,Dow Jones,2549.29,2534.46,2564.19,2525.81,652866422,-3.65,0.4,14.59,2.89,79,19112,3958,1.41,85.42,59.92,1591.51,469.69,8855,0.12,12,40.94,11506
2004-08-21,Dow Jones,1937.7,1968.02,2010.35,1897.0,195018720,-0.76,8.33,10.41,6.81,114,9271,2423,1.38,111.23,143.26,1662.94,225.36,8696,1.98,4,78.37,3537
2004-08-22,Dow Jones,1937.7,1968.02,2010.35,1897.0,195018720,-0.76,8.33,10.41,6.81,114,9271,2423,1.38,111.23,143.26,1662.94,225.36,8696,1.98,4,78.37,3537
2004-08-23,Dow Jones,1120.42,1144.51,1172.11,1089.67,118399525,3.93,2.52,11.32,6.22,74,13109,1365,0.93,146.57,108.29,1014.72,304.12,2494,4.88,29,3.73,2729
2004-08-24,Dow Jones,4845.97,4862.16,4873.71,4838.43,141252317,6.66,2.79,3.3,9.85,89,13983,131,1.39,127.19,147.4,2234.46,318.7,5058,6.78,31,83.46,6897
2004-08-25,Dow Jones,4845.97,4862.16,4873.71,4838.43,141252317,6.66,2.79,3.3,9.85,89,13983,131,1.39,127.19,147.4,2234.46,318.7,5058,6.78,31,83.46,6897
2004-08-26,Dow Jones,4845.97,4862.16,4873.71,4838.43,141252317,6.66,2.79,3.3,9.85,89,13983,131,1.39,127.19,147.4,2234.46,318.7,5058,6.78,31,83.46,6897
2004-08-27,Dow Jones,2061.99,2041.46,2102.44,2034.61,493685677,5.88,0.04,14.08,9.98,80,27489,859,1.14,134.51,91.95,1797.14,268.0,8924,8.11,43,50.41,8630
2004-08-28,Dow Jones,2061.99,2041.46,2102.44,2034.61,493685677,5.88,0.04,14.08,9.98,80,27489,859,1.14,134.51,91.95,1797.14,268.0,8924,8.11,43,50.41,8630
2004-08-29,Dow Jones,2061.99,2041.46,2102.44,2034.61,493685677,5.88,0.04,14.08,9.98,80,27489,859,1.14,134.51,91.95,1797.14,268.0,8924,8.11,43,50.41,8630
2004-08-30,Dow Jones,2061.99,2041.46,2102.44,2034.61,493685677,5.88,0.04,14.08,9.98,80,27489,859,1.14,134.51,91.95,1797.14,268.0,8924,8.11,43,50.41,8630
2004-08-31,Dow Jones,2061.99,2041.46,2102.44,2034.61,493685677,5.88,0.04,14.08,9.98,80,27489,859,1.14,134.51,91.95,1797.14,268.0,8924,8.11,43,50.41,8630
2004-09-01,Dow Jones,4788.65,4784.58,4805.96,4777.54,744032945,0.78,6.08,10.07,2.13,95,2783,4460,1.04,139.33,84.71,1753.93,469.01,7604,8.06,36,77.92,2487
2004-09-02,Dow Jones,4788.65,4784.58,4805.96,4777.54,744032945,0.78,6.08,10.07,2.13,95,2783,4460,1.04,139.33,84.71,1753.93,469.01,7604,8.06,36,77.92,2487
2004-09-03,Dow Jones,4788.65,4784.58,4805.96,4777.54,744032945,0.78,6.08,10.07,2.13,95,2783,4460,1.04,139.33,84.71,1753.93,469.01,7604,8.06,36,77.92,2487
2004-09-04,Dow Jones,2109.86,2114.3700000000003,2136.9200000000005,2070.0,611434465,-4.55,8.99,10.96,3.19,51,12458,4171,1.31,131.83,30.94,2128.98,482.16,9175,9.14,12,44.53,11810
2004-09-05,Dow Jones,2126.46,2142.61,2160.23,2103.61,137752595,2.56,2.44,3.68,8.68,110,3605,4003,1.27,82.46,141.1,2010.84,143.95,8988,6.42,39,15.06,6915
2004-09-06,Dow Jones,2126.46,2142.61,2160.23,2103.61,137752595,2.56,2.44,3.68,8.68,110,3605,4003,1.27,82.46,141.1,2010.84,143.95,8988,6.42,39,15.06,6915
2004-09-07,Dow Jones,1041.14,1000.99,1050.5400000000002,993.0800000000002,133170036,3.25,1.22,12.63,3.72,79,20359,4155,1.5,122.29,41.09,1642.6,145.79,6390,4.8,39,1.37,3457
2004-09-08,Dow Jones,1041.14,1000.99,1050.5400000000002,993.0800000000002,133170036,3.25,1.22,12.63,3.72,79,20359,4155,1.5,122.29,41.09,1642.6,145.79,6390,4.8,39,1.37,3457
2004-09-09,Dow Jones,3824.98,3845.87,3858.76,3791.89,489707391,6.79,5.96,10.2,2.58,73,25297,4659,1.22,130.24,72.96,889.63,406.11,341,0.84,23,94.09,4334
2004-09-10,Dow Jones,3824.98,3845.87,3858.76,3791.89,489707391,6.79,5.96,10.2,2.58,73,25297,4659,1.22,130.24,72.96,889.63,406.11,341,0.84,23,94.09,4334
2004-09-11,Dow Jones,3824.98,3845.87,3858.76,3791.89,489707391,6.79,5.96,10.2,2.58,73,25297,4659,1.22,130.24,72.96,889.63,406.11,341,0.84,23,94.09,4334
2004-09-12,Dow Jones,3824.98,3845.87,3858.76,3791.89,489707391,6.79,5.96,10.2,2.58,73,25297,4659,1.22,130.24,72.96,889.63,406.11,341,0.84,23,94.09,4334
2004-09-13,Dow Jones,3824.98,3845.87,3858.76,3791.89,489707391,6.79,5.96,10.2,2.58,73,25297,4659,1.22,130.24,72.96,889.63,406.11,341,0.84,23,94.09,4334
2004-09-14,Dow Jones,3824.98,3845.87,3858.76,3791.89,489707391,6.79,5.96,10.2,2.58,73,25297,4659,1.22,130.24,72.96,889.63,406.11,341,0.84,23,94.09,4334
2004-09-15,Dow Jones,3824.98,3845.87,3858.76,3791.89,489707391,6.79,5.96,10.2,2.58,73,25297,4659,1.22,130.24,72.96,889.63,406.11,341,0.84,23,94.09,4334
2004-09-16,Dow Jones,3824.98,3845.87,3858.76,3791.89,489707391,6.79,5.96,10.2,2.58,73,25297,4659,1.22,130.24,72.96,889.63,406.11,341,0.84,23,94.09,4334
2004-09-17,Dow Jones,3824.98,3845.87,3858.76,3791.89,489707391,6.79,5.96,10.2,2.58,73,25297,4659,1.22,130.24,72.96,889.63,406.11,341,0.84,23,94.09,4334
2004-09-18,Dow Jones,3824.98,3845.87,3858.76,3791.89,489707391,6.79,5.96,10.2,2.58,73,25297,4659,1.22,130.24,72.96,889.63,406.11,341,0.84,23,94.09,4334
2004-09-19,Dow Jones,3824.98,3845.87,3858.76,3791.89,489707391,6.79,5.96,10.2,2.58,73,25297,4659,1.22,130.24,72.96,889.63,406.11,341,0.84,23,94.09,4334
2004-09-20,Dow Jones,3824.98,3845.87,3858.76,3791.89,489707391,6.79,5.96,10.2,2.58,73,25297,4659,1.22,130.24,72.96,889.63,406.11,341,0.84,23,94.09,4334
2004-09-21,Dow Jones,3824.98,3845.87,3858.76,3791.89,489707391,6.79,5.96,10.2,2.58,73,25297,4659,1.22,130.24,72.96,889.63,406.11,341,0.84,23,94.09,4334
2004-09-22,Dow Jones,3824.98,3845.87,3858.76,3791.89,489707391,6.79,5.96,10.2,2.58,73,25297,4659,1.22,130.24,72.96,889.63,406.11,341,0.84,23,94.09,4334
2004-09-23,Dow Jones,1247.23,1230.97,1288.28,1190.4,79671804,6.89,4.41,13.71,9.08,59,16223,1965,1.35,134.19,43.48,2206.27,176.46,706,5.24,37,43.99,5098
2004-09-24,Dow Jones,1247.23,1230.97,1288.28,1190.4,79671804,6.89,4.41,13.71,9.08,59,16223,1965,1.35,134.19,43.48,2206.27,176.46,706,5.24,37,43.99,5098
2004-09-25,Dow Jones,1651.16,1697.3100000000002,1706.62,1622.67,3767049,1.67,8.73,12.22,2.96,68,15146,164,1.12,93.09,91.67,903.76,207.11,465,6.18,40,14.85,7559
2004-09-26,Dow Jones,1651.16,1697.3100000000002,1706.62,1622.67,3767049,1.67,8.73,12.22,2.96,68,15146,164,1.12,93.09,91.67,903.76,207.11,465,6.18,40,14.85,7559
2004-09-27,Dow Jones,1601.89,1597.85,1608.8100000000002,1586.96,985343133,1.6,3.85,6.66,2.36,66,20756,2805,1.24,90.5,55.92,1645.6,328.54,4141,9.14,30,42.42,14218
2004-09-28,Dow Jones,1601.89,1597.85,1608.8100000000002,1586.96,985343133,1.6,3.85,6.66,2.36,66,20756,2805,1.24,90.5,55.92,1645.6,328.54,4141,9.14,30,42.42,14218
2004-09-29,Dow Jones,1601.89,1597.85,1608.8100000000002,1586.96,985343133,1.6,3.85,6.66,2.36,66,20756,2805,1.24,90.5,55.92,1645.6,328.54,4141,9.14,30,42.42,14218
2004-09-30,Dow Jones,1601.89,1597.85,1608.8100000000002,1586.96,985343133,1.6,3.85,6.66,2.36,66,20756,2805,1.24,90.5,55.92,1645.6,328.54,4141,9.14,30,42.42,14218
2004-10-01,Dow Jones,1601.89,1597.85,1608.8100000000002,1586.96,985343133,1.6,3.85,6.66,2.36,66,20756,2805,1.24,90.5,55.92,1645.6,328.54,4141,9.14,30,42.42,14218
2004-10-02,Dow Jones,2883.84,2890.1600000000003,2920.3900000000003,2860.44,353017052,5.81,3.5,9.29,5.86,117,23373,1550,0.91,147.71,125.42,1400.9,340.78,3744,8.24,17,15.78,11378
2004-10-03,Dow Jones,2883.84,2890.1600000000003,2920.3900000000003,2860.44,353017052,5.81,3.5,9.29,5.86,117,23373,1550,0.91,147.71,125.42,1400.9,340.78,3744,8.24,17,15.78,11378
2004-10-04,Dow Jones,4004.71,3955.09,4005.63,3925.66,683891193,-2.67,6.02,5.73,6.5,107,4897,541,1.27,140.51,144.97,2173.71,201.53,2126,4.47,34,2.67,8602
2004-10-05,Dow Jones,4015.47,3989.28,4031.06,3943.12,264176333,-0.98,9.3,3.24,9.5,109,22767,1537,1.33,117.16,115.19,2116.83,110.53,120,7.5,10,31.25,10081
2004-10-06,Dow Jones,4015.47,3989.28,4031.06,3943.12,264176333,-0.98,9.3,3.24,9.5,109,22767,1537,1.33,117.16,115.19,2116.83,110.53,120,7.5,10,31.25,10081
2004-10-07,Dow Jones,4015.47,3989.28,4031.06,3943.12,264176333,-0.98,9.3,3.24,9.5,109,22767,1537,1.33,117.16,115.19,2116.83,110.53,120,7.5,10,31.25,10081
2004-10-08,Dow Jones,4269.63,4230.95,4271.28,4201.81,759400693,-1.58,8.26,2.02,0.82,58,8588,4965,1.13,107.27,90.68,1545.95,293.71,7171,1.69,49,31.45,3359
2004-10-09,Dow Jones,4269.63,4230.95,4271.28,4201.81,759400693,-1.58,8.26,2.02,0.82,58,8588,4965,1.13,107.27,90.68,1545.95,293.71,7171,1.69,49,31.45,3359
2004-10-10,Dow Jones,4269.63,4230.95,4271.28,4201.81,759400693,-1.58,8.26,2.02,0.82,58,8588,4965,1.13,107.27,90.68,1545.95,293.71,7171,1.69,49,31.45,3359
2004-10-11,Dow Jones,4269.63,4230.95,4271.28,4201.81,759400693,-1.58,8.26,2.02,0.82,58,8588,4965,1.13,107.27,90.68,1545.95,293.71,7171,1.69,49,31.45,3359
2004-10-12,Dow Jones,4269.63,4230.95,4271.28,4201.81,759400693,-1.58,8.26,2.02,0.82,58,8588,4965,1.13,107.27,90.68,1545.95,293.71,7171,1.69,49,31.45,3359
2004-10-13,Dow Jones,3654.09,3672.01,3711.63,3649.52,101300853,8.77,3.24,4.95,7.7,76,13578,3450,1.45,97.43,52.58,1208.27,193.49,6086,2.77,9,15.1,5612
2004-10-14,Dow Jones,2644.79,2602.2,2660.13,2564.7,359509923,-2.13,9.9,14.63,4.23,52,16604,2929,1.31,126.33,141.17,1023.72,169.21,1575,7.08,33,46.41,13588
2004-10-15,Dow Jones,2644.79,2602.2,2660.13,2564.7,359509923,-2.13,9.9,14.63,4.23,52,16604,2929,1.31,126.33,141.17,1023.72,169.21,1575,7.08,33,46.41,13588
2004-10-16,Dow Jones,4538.35,4529.14,4584.990000000001,4510.55,806660468,9.5,7.61,9.37,8.36,66,10067,2015,1.25,82.59,149.17,1241.57,398.52,8526,9.45,31,98.37,774
2004-10-17,Dow Jones,4538.35,4529.14,4584.990000000001,4510.55,806660468,9.5,7.61,9.37,8.36,66,10067,2015,1.25,82.59,149.17,1241.57,398.52,8526,9.45,31,98.37,774
2004-10-18,Dow Jones,4636.7,4642.49,4647.81,4629.849999999999,456721359,9.89,5.12,2.19,2.71,98,10225,627,1.16,105.33,81.09,2007.45,129.51,8630,8.87,27,13.9,4431
2004-10-19,Dow Jones,4636.7,4642.49,4647.81,4629.849999999999,456721359,9.89,5.12,2.19,2.71,98,10225,627,1.16,105.33,81.09,2007.45,129.51,8630,8.87,27,13.9,4431
2004-10-20,Dow Jones,4636.7,4642.49,4647.81,4629.849999999999,456721359,9.89,5.12,2.19,2.71,98,10225,627,1.16,105.33,81.09,2007.45,129.51,8630,8.87,27,13.9,4431
2004-10-21,Dow Jones,4636.7,4642.49,4647.81,4629.849999999999,456721359,9.89,5.12,2.19,2.71,98,10225,627,1.16,105.33,81.09,2007.45,129.51,8630,8.87,27,13.9,4431
2004-10-22,Dow Jones,1762.44,1757.4,1775.91,1715.5500000000002,869330047,-0.13,4.16,14.92,3.6,70,21574,464,1.36,147.24,38.13,1739.19,306.36,7907,7.82,31,60.26,2216
2004-10-23,Dow Jones,1738.53,1772.22,1784.36,1719.86,535394304,-4.89,7.9,4.38,4.76,74,22570,1308,1.46,137.55,52.85,1866.48,396.82,805,0.06,16,31.0,11312
2004-10-24,Dow Jones,2368.43,2375.66,2425.24,2324.7,896817839,5.23,4.39,11.24,2.28,110,20380,4220,1.41,89.8,36.08,911.6,330.45,4947,8.69,33,60.67,5470
2004-10-25,Dow Jones,2368.43,2375.66,2425.24,2324.7,896817839,5.23,4.39,11.24,2.28,110,20380,4220,1.41,89.8,36.08,911.6,330.45,4947,8.69,33,60.67,5470
2004-10-26,Dow Jones,2368.43,2375.66,2425.24,2324.7,896817839,5.23,4.39,11.24,2.28,110,20380,4220,1.41,89.8,36.08,911.6,330.45,4947,8.69,33,60.67,5470
2004-10-27,Dow Jones,1479.56,1457.61,1525.82,1450.07,591781813,0.39,5.82,3.05,7.67,62,27993,4757,1.06,114.2,104.34,2301.68,489.91,5434,3.47,20,24.28,7597
2004-10-28,Dow Jones,1479.56,1457.61,1525.82,1450.07,591781813,0.39,5.82,3.05,7.67,62,27993,4757,1.06,114.2,104.34,2301.68,489.91,5434,3.47,20,24.28,7597
2004-10-29,Dow Jones,1479.56,1457.61,1525.82,1450.07,591781813,0.39,5.82,3.05,7.67,62,27993,4757,1.06,114.2,104.34,2301.68,489.91,5434,3.47,20,24.28,7597
2004-10-30,Dow Jones,2151.78,2130.3,2199.15,2099.6400000000003,212265104,-1.37,8.22,3.12,1.2,53,5061,2517,1.11,101.9,134.45,924.18,251.59,4630,3.3,33,47.05,12961
2004-10-31,Dow Jones,2971.28,3000.5600000000004,3044.7900000000004,2933.2000000000003,50633476,5.82,5.66,13.03,2.56,93,8114,1716,1.2,117.94,103.94,1129.6,373.57,338,5.35,7,9.66,10234
2004-11-01,Dow Jones,2971.28,3000.5600000000004,3044.7900000000004,2933.2000000000003,50633476,5.82,5.66,13.03,2.56,93,8114,1716,1.2,117.94,103.94,1129.6,373.57,338,5.35,7,9.66,10234
2004-11-02,Dow Jones,2971.28,3000.5600000000004,3044.7900000000004,2933.2000000000003,50633476,5.82,5.66,13.03,2.56,93,8114,1716,1.2,117.94,103.94,1129.6,373.57,338,5.35,7,9.66,10234
2004-11-03,Dow Jones,2971.28,3000.5600000000004,3044.7900000000004,2933.2000000000003,50633476,5.82,5.66,13.03,2.56,93,8114,1716,1.2,117.94,103.94,1129.6,373.57,338,5.35,7,9.66,10234
2004-11-04,Dow Jones,2971.28,3000.5600000000004,3044.7900000000004,2933.2000000000003,50633476,5.82,5.66,13.03,2.56,93,8114,1716,1.2,117.94,103.94,1129.6,373.57,338,5.35,7,9.66,10234
2004-11-05,Dow Jones,2971.28,3000.5600000000004,3044.7900000000004,2933.2000000000003,50633476,5.82,5.66,13.03,2.56,93,8114,1716,1.2,117.94,103.94,1129.6,373.57,338,5.35,7,9.66,10234
2004-11-06,Dow Jones,3186.78,3148.0600000000004,3225.0800000000004,3112.1700000000005,724662315,4.34,9.2,3.57,4.58,114,10767,1471,1.16,145.85,136.68,2099.64,234.5,2262,1.44,28,36.67,6927
2004-11-07,Dow Jones,3186.78,3148.0600000000004,3225.0800000000004,3112.1700000000005,724662315,4.34,9.2,3.57,4.58,114,10767,1471,1.16,145.85,136.68,2099.64,234.5,2262,1.44,28,36.67,6927
2004-11-08,Dow Jones,3186.78,3148.0600000000004,3225.0800000000004,3112.1700000000005,724662315,4.34,9.2,3.57,4.58,114,10767,1471,1.16,145.85,136.68,2099.64,234.5,2262,1.44,28,36.67,6927
2004-11-09,Dow Jones,3186.78,3148.0600000000004,3225.0800000000004,3112.1700000000005,724662315,4.34,9.2,3.57,4.58,114,10767,1471,1.16,145.85,136.68,2099.64,234.5,2262,1.44,28,36.67,6927
2004-11-10,Dow Jones,3634.65,3627.63,3674.34,3604.24,790507139,6.3,3.43,12.01,9.86,100,25134,2612,1.02,103.23,85.07,2148.07,488.85,5468,1.51,35,92.7,9907
2004-11-11,Dow Jones,3634.65,3627.63,3674.34,3604.24,790507139,6.3,3.43,12.01,9.86,100,25134,2612,1.02,103.23,85.07,2148.07,488.85,5468,1.51,35,92.7,9907
2004-11-12,Dow Jones,3634.65,3627.63,3674.34,3604.24,790507139,6.3,3.43,12.01,9.86,100,25134,2612,1.02,103.23,85.07,2148.07,488.85,5468,1.51,35,92.7,9907
2004-11-13,Dow Jones,3634.65,3627.63,3674.34,3604.24,790507139,6.3,3.43,12.01,9.86,100,25134,2612,1.02,103.23,85.07,2148.07,488.85,5468,1.51,35,92.7,9907
2004-11-14,Dow Jones,3628.12,3677.05,3697.01,3590.0,739657791,1.12,0.37,12.2,6.88,52,8876,1241,1.08,149.62,126.07,1860.82,492.36,5440,9.62,0,60.7,14815
2004-11-15,Dow Jones,3628.12,3677.05,3697.01,3590.0,739657791,1.12,0.37,12.2,6.88,52,8876,1241,1.08,149.62,126.07,1860.82,492.36,5440,9.62,0,60.7,14815
2004-11-16,Dow Jones,3628.12,3677.05,3697.01,3590.0,739657791,1.12,0.37,12.2,6.88,52,8876,1241,1.08,149.62,126.07,1860.82,492.36,5440,9.62,0,60.7,14815
2004-11-17,Dow Jones,2307.18,2305.37,2326.82,2260.51,927163479,4.58,4.17,7.37,5.37,94,10372,2334,1.42,87.06,54.89,1683.58,220.03,6009,9.6,25,58.51,13418
2004-11-18,Dow Jones,2307.18,2305.37,2326.82,2260.51,927163479,4.58,4.17,7.37,5.37,94,10372,2334,1.42,87.06,54.89,1683.58,220.03,6009,9.6,25,58.51,13418
2004-11-19,Dow Jones,4306.2,4287.79,4353.09,4275.27,598181364,9.71,6.23,4.18,5.66,74,17461,1502,0.83,133.75,56.2,1220.69,403.09,6729,1.89,4,56.36,8827
2004-11-20,Dow Jones,4306.2,4287.79,4353.09,4275.27,598181364,9.71,6.23,4.18,5.66,74,17461,1502,0.83,133.75,56.2,1220.69,403.09,6729,1.89,4,56.36,8827
2004-11-21,Dow Jones,1417.82,1455.29,1493.71,1377.87,369454226,6.3,3.49,8.64,4.71,50,22127,4607,1.15,144.25,74.68,1242.26,292.05,7800,5.08,41,55.82,10699
2004-11-22,Dow Jones,1417.82,1455.29,1493.71,1377.87,369454226,6.3,3.49,8.64,4.71,50,22127,4607,1.15,144.25,74.68,1242.26,292.05,7800,5.08,41,55.82,10699
2004-11-23,Dow Jones,1417.82,1455.29,1493.71,1377.87,369454226,6.3,3.49,8.64,4.71,50,22127,4607,1.15,144.25,74.68,1242.26,292.05,7800,5.08,41,55.82,10699
2004-11-24,Dow Jones,1417.82,1455.29,1493.71,1377.87,369454226,6.3,3.49,8.64,4.71,50,22127,4607,1.15,144.25,74.68,1242.26,292.05,7800,5.08,41,55.82,10699
2004-11-25,Dow Jones,4922.27,4927.320000000001,4928.320000000001,4904.31,595394189,5.08,4.26,5.0,8.94,70,17735,4480,0.96,112.52,123.42,1092.96,314.07,985,6.57,48,57.27,10502
2004-11-26,Dow Jones,1858.78,1891.37,1904.01,1844.14,14763963,-0.62,9.19,10.62,6.51,90,9910,4965,0.87,99.45,60.28,1796.87,359.95,5638,4.77,21,62.35,6225
2004-11-27,Dow Jones,1858.78,1891.37,1904.01,1844.14,14763963,-0.62,9.19,10.62,6.51,90,9910,4965,0.87,99.45,60.28,1796.87,359.95,5638,4.77,21,62.35,6225
2004-11-28,Dow Jones,1858.78,1891.37,1904.01,1844.14,14763963,-0.62,9.19,10.62,6.51,90,9910,4965,0.87,99.45,60.28,1796.87,359.95,5638,4.77,21,62.35,6225
2004-11-29,Dow Jones,1858.78,1891.37,1904.01,1844.14,14763963,-0.62,9.19,10.62,6.51,90,9910,4965,0.87,99.45,60.28,1796.87,359.95,5638,4.77,21,62.35,6225
2004-11-30,Dow Jones,1858.78,1891.37,1904.01,1844.14,14763963,-0.62,9.19,10.62,6.51,90,9910,4965,0.87,99.45,60.28,1796.87,359.95,5638,4.77,21,62.35,6225
2004-12-01,Dow Jones,1858.78,1891.37,1904.01,1844.14,14763963,-0.62,9.19,10.62,6.51,90,9910,4965,0.87,99.45,60.28,1796.87,359.95,5638,4.77,21,62.35,6225
2004-12-02,Dow Jones,3129.17,3175.33,3221.62,3087.98,446739995,-2.56,6.08,13.82,10.0,60,19249,3678,1.5,86.3,141.44,1716.1,112.28,4253,1.9,6,72.69,6093
2004-12-03,Dow Jones,3129.17,3175.33,3221.62,3087.98,446739995,-2.56,6.08,13.82,10.0,60,19249,3678,1.5,86.3,141.44,1716.1,112.28,4253,1.9,6,72.69,6093
2004-12-04,Dow Jones,3129.17,3175.33,3221.62,3087.98,446739995,-2.56,6.08,13.82,10.0,60,19249,3678,1.5,86.3,141.44,1716.1,112.28,4253,1.9,6,72.69,6093
2004-12-05,Dow Jones,3129.17,3175.33,3221.62,3087.98,446739995,-2.56,6.08,13.82,10.0,60,19249,3678,1.5,86.3,141.44,1716.1,112.28,4253,1.9,6,72.69,6093
2004-12-06,Dow Jones,3129.17,3175.33,3221.62,3087.98,446739995,-2.56,6.08,13.82,10.0,60,19249,3678,1.5,86.3,141.44,1716.1,112.28,4253,1.9,6,72.69,6093
2004-12-07,Dow Jones,3129.17,3175.33,3221.62,3087.98,446739995,-2.56,6.08,13.82,10.0,60,19249,3678,1.5,86.3,141.44,1716.1,112.28,4253,1.9,6,72.69,6093
2004-12-08,Dow Jones,3129.17,3175.33,3221.62,3087.98,446739995,-2.56,6.08,13.82,10.0,60,19249,3678,1.5,86.3,141.44,1716.1,112.28,4253,1.9,6,72.69,6093
2004-12-09,Dow Jones,3129.17,3175.33,3221.62,3087.98,446739995,-2.56,6.08,13.82,10.0,60,19249,3678,1.5,86.3,141.44,1716.1,112.28,4253,1.9,6,72.69,6093
2004-12-10,Dow Jones,3129.17,3175.33,3221.62,3087.98,446739995,-2.56,6.08,13.82,10.0,60,19249,3678,1.5,86.3,141.44,1716.1,112.28,4253,1.9,6,72.69,6093
2004-12-11,Dow Jones,4878.89,4908.860000000001,4948.34,4837.64,737572576,-2.32,8.08,2.94,2.94,103,15337,578,0.92,99.48,41.99,1861.7,352.7,9677,3.67,3,58.45,3972
2004-12-12,Dow Jones,4878.89,4908.860000000001,4948.34,4837.64,737572576,-2.32,8.08,2.94,2.94,103,15337,578,0.92,99.48,41.99,1861.7,352.7,9677,3.67,3,58.45,3972
2004-12-13,Dow Jones,4878.89,4908.860000000001,4948.34,4837.64,737572576,-2.32,8.08,2.94,2.94,103,15337,578,0.92,99.48,41.99,1861.7,352.7,9677,3.67,3,58.45,3972
2004-12-14,Dow Jones,4878.89,4908.860000000001,4948.34,4837.64,737572576,-2.32,8.08,2.94,2.94,103,15337,578,0.92,99.48,41.99,1861.7,352.7,9677,3.67,3,58.45,3972
2004-12-15,Dow Jones,1211.06,1192.71,1237.74,1162.88,2715027,-4.66,5.36,13.6,4.8,50,12385,1471,0.84,140.15,137.65,1894.68,376.86,2296,2.58,41,60.92,3121
2004-12-16,Dow Jones,1211.06,1192.71,1237.74,1162.88,2715027,-4.66,5.36,13.6,4.8,50,12385,1471,0.84,140.15,137.65,1894.68,376.86,2296,2.58,41,60.92,3121
2004-12-17,Dow Jones,2831.72,2786.93,2873.13,2757.31,25100496,-4.6,0.42,8.85,9.75,74,2826,2701,1.26,126.26,81.9,1458.31,480.15,6457,8.95,47,80.76,8637
2004-12-18,Dow Jones,1906.09,1857.37,1918.68,1842.48,896476956,9.85,0.69,3.4,1.61,69,3301,3523,1.07,136.14,81.15,847.83,121.81,4815,2.03,28,88.4,11843
2004-12-19,Dow Jones,1906.09,1857.37,1918.68,1842.48,896476956,9.85,0.69,3.4,1.61,69,3301,3523,1.07,136.14,81.15,847.83,121.81,4815,2.03,28,88.4,11843
2004-12-20,Dow Jones,2011.43,2009.14,2059.29,2009.01,700420735,8.85,9.13,13.7,4.38,101,16519,3757,1.33,144.55,67.78,2475.63,472.16,2182,1.7,21,37.07,6018
2004-12-21,Dow Jones,2011.43,2009.14,2059.29,2009.01,700420735,8.85,9.13,13.7,4.38,101,16519,3757,1.33,144.55,67.78,2475.63,472.16,2182,1.7,21,37.07,6018
2004-12-22,Dow Jones,2436.83,2410.39,2466.63,2370.78,182890777,4.0,4.69,11.86,3.05,119,14033,1498,1.07,136.18,57.19,2355.57,409.71,6463,2.93,45,71.56,3556
2004-12-23,Dow Jones,2436.83,2410.39,2466.63,2370.78,182890777,4.0,4.69,11.86,3.05,119,14033,1498,1.07,136.18,57.19,2355.57,409.71,6463,2.93,45,71.56,3556
2004-12-24,Dow Jones,2436.83,2410.39,2466.63,2370.78,182890777,4.0,4.69,11.86,3.05,119,14033,1498,1.07,136.18,57.19,2355.57,409.71,6463,2.93,45,71.56,3556
2004-12-25,Dow Jones,2909.4,2930.38,2948.03,2883.77,593616921,2.22,6.1,10.77,6.27,76,24337,1808,0.8,81.21,53.79,2295.33,345.29,6508,7.43,3,32.13,3973
2004-12-26,Dow Jones,2403.28,2401.5,2435.1000000000004,2394.16,192435660,1.09,2.97,3.73,8.24,67,17868,1512,1.04,137.26,31.69,897.76,425.1,4982,5.11,14,89.22,13347
2004-12-27,Dow Jones,2450.24,2452.27,2489.83,2422.69,438397227,4.09,8.34,6.24,5.45,93,20983,3330,1.41,139.22,46.73,958.45,113.67,5156,6.1,17,90.96,13750
2004-12-28,Dow Jones,4222.86,4270.38,4304.31,4215.63,882472996,1.58,1.66,2.84,6.2,99,6963,2602,1.47,107.99,138.78,2188.64,396.12,3793,8.13,10,1.58,5301
2004-12-29,Dow Jones,4222.86,4270.38,4304.31,4215.63,882472996,1.58,1.66,2.84,6.2,99,6963,2602,1.47,107.99,138.78,2188.64,396.12,3793,8.13,10,1.58,5301
2004-12-30,Dow Jones,1836.24,1807.77,1860.94,1761.11,839933413,3.02,1.92,14.62,9.13,101,17959,1364,1.01,148.47,37.35,1465.94,462.98,872,4.57,18,39.26,3857
2004-12-31,Dow Jones,1836.24,1807.77,1860.94,1761.11,839933413,3.02,1.92,14.62,9.13,101,17959,1364,1.01,148.47,37.35,1465.94,462.98,872,4.57,18,39.26,3857
2005-01-01,Dow Jones,1836.24,1807.77,1860.94,1761.11,839933413,3.02,1.92,14.62,9.13,101,17959,1364,1.01,148.47,37.35,1465.94,462.98,872,4.57,18,39.26,3857
2005-01-02,Dow Jones,1836.24,1807.77,1860.94,1761.11,839933413,3.02,1.92,14.62,9.13,101,17959,1364,1.01,148.47,37.35,1465.94,462.98,872,4.57,18,39.26,3857
2005-01-03,Dow Jones,1836.24,1807.77,1860.94,1761.11,839933413,3.02,1.92,14.62,9.13,101,17959,1364,1.01,148.47,37.35,1465.94,462.98,872,4.57,18,39.26,3857
2005-01-04,Dow Jones,1836.24,1807.77,1860.94,1761.11,839933413,3.02,1.92,14.62,9.13,101,17959,1364,1.01,148.47,37.35,1465.94,462.98,872,4.57,18,39.26,3857
2005-01-05,Dow Jones,1836.24,1807.77,1860.94,1761.11,839933413,3.02,1.92,14.62,9.13,101,17959,1364,1.01,148.47,37.35,1465.94,462.98,872,4.57,18,39.26,3857
2005-01-06,Dow Jones,4233.62,4192.52,4278.39,4183.839999999999,47425245,2.69,1.47,7.28,2.34,50,17995,766,1.44,147.74,63.36,810.75,334.61,5154,6.96,9,95.91,11322
2005-01-07,Dow Jones,4233.62,4192.52,4278.39,4183.839999999999,47425245,2.69,1.47,7.28,2.34,50,17995,766,1.44,147.74,63.36,810.75,334.61,5154,6.96,9,95.91,11322
2005-01-08,Dow Jones,4233.62,4192.52,4278.39,4183.839999999999,47425245,2.69,1.47,7.28,2.34,50,17995,766,1.44,147.74,63.36,810.75,334.61,5154,6.96,9,95.91,11322
2005-01-09,Dow Jones,2836.5,2876.91,2882.85,2821.47,47392800,9.74,8.6,2.73,4.62,53,24865,3200,1.34,119.82,23.36,997.97,448.12,9193,9.94,3,19.2,7715
2005-01-10,Dow Jones,2213.14,2178.79,2213.89,2145.96,394873262,-2.65,9.69,14.32,2.35,71,18959,3501,0.95,113.31,144.45,1233.33,213.06,4146,2.43,31,50.83,6500
2005-01-11,Dow Jones,4730.22,4716.88,4774.72,4670.9400000000005,871699083,3.11,6.5,2.05,9.37,107,28675,3205,1.01,101.4,94.13,1448.32,417.79,8136,4.74,27,76.72,2156
2005-01-12,Dow Jones,4730.22,4716.88,4774.72,4670.9400000000005,871699083,3.11,6.5,2.05,9.37,107,28675,3205,1.01,101.4,94.13,1448.32,417.79,8136,4.74,27,76.72,2156
2005-01-13,Dow Jones,4730.22,4716.88,4774.72,4670.9400000000005,871699083,3.11,6.5,2.05,9.37,107,28675,3205,1.01,101.4,94.13,1448.32,417.79,8136,4.74,27,76.72,2156
2005-01-14,Dow Jones,3735.47,3782.27,3822.82,3721.93,284688138,2.91,6.23,6.27,6.44,89,771,2251,1.14,142.89,64.31,1329.92,127.91,8462,9.29,39,81.38,12759
2005-01-15,Dow Jones,3735.47,3782.27,3822.82,3721.93,284688138,2.91,6.23,6.27,6.44,89,771,2251,1.14,142.89,64.31,1329.92,127.91,8462,9.29,39,81.38,12759
2005-01-16,Dow Jones,1130.64,1097.34,1180.22,1068.7600000000002,596318935,0.87,5.44,12.63,3.72,112,12671,3261,1.38,137.85,122.75,1420.92,480.15,7222,3.95,14,36.47,10662
2005-01-17,Dow Jones,1130.64,1097.34,1180.22,1068.7600000000002,596318935,0.87,5.44,12.63,3.72,112,12671,3261,1.38,137.85,122.75,1420.92,480.15,7222,3.95,14,36.47,10662
2005-01-18,Dow Jones,1130.64,1097.34,1180.22,1068.7600000000002,596318935,0.87,5.44,12.63,3.72,112,12671,3261,1.38,137.85,122.75,1420.92,480.15,7222,3.95,14,36.47,10662
2005-01-19,Dow Jones,1644.88,1685.8200000000002,1691.59,1622.39,451019552,-2.81,5.24,12.46,5.03,63,25621,4435,1.12,94.41,55.3,1742.4,153.79,1474,2.89,14,51.49,4061
2005-01-20,Dow Jones,3625.64,3595.0,3645.98,3581.08,359156760,-1.55,1.28,5.24,0.54,67,11033,4377,1.1,98.09,107.19,964.81,331.47,1696,2.27,32,92.05,9463
2005-01-21,Dow Jones,4884.6,4876.2300000000005,4927.0,4829.070000000001,813687232,4.27,3.59,2.55,9.77,104,12658,1380,0.9,90.26,34.9,1685.31,255.53,9287,5.9,4,88.51,2339
2005-01-22,Dow Jones,4884.6,4876.2300000000005,4927.0,4829.070000000001,813687232,4.27,3.59,2.55,9.77,104,12658,1380,0.9,90.26,34.9,1685.31,255.53,9287,5.9,4,88.51,2339
2005-01-23,Dow Jones,4884.6,4876.2300000000005,4927.0,4829.070000000001,813687232,4.27,3.59,2.55,9.77,104,12658,1380,0.9,90.26,34.9,1685.31,255.53,9287,5.9,4,88.51,2339
2005-01-24,Dow Jones,4884.6,4876.2300000000005,4927.0,4829.070000000001,813687232,4.27,3.59,2.55,9.77,104,12658,1380,0.9,90.26,34.9,1685.31,255.53,9287,5.9,4,88.51,2339
2005-01-25,Dow Jones,4884.6,4876.2300000000005,4927.0,4829.070000000001,813687232,4.27,3.59,2.55,9.77,104,12658,1380,0.9,90.26,34.9,1685.31,255.53,9287,5.9,4,88.51,2339
2005-01-26,Dow Jones,1465.43,1508.5800000000002,1557.2200000000005,1444.89,639356525,-4.71,8.91,6.94,9.99,119,21750,4793,0.87,104.93,70.68,2283.72,167.91,9785,0.37,36,66.4,184
2005-01-27,Dow Jones,1465.43,1508.5800000000002,1557.2200000000005,1444.89,639356525,-4.71,8.91,6.94,9.99,119,21750,4793,0.87,104.93,70.68,2283.72,167.91,9785,0.37,36,66.4,184
2005-01-28,Dow Jones,4753.93,4782.06,4810.76,4727.55,36672741,0.51,1.36,5.28,4.35,70,12467,442,1.1,94.19,56.81,958.77,226.06,3522,6.21,11,49.04,9787
2005-01-29,Dow Jones,4753.93,4782.06,4810.76,4727.55,36672741,0.51,1.36,5.28,4.35,70,12467,442,1.1,94.19,56.81,958.77,226.06,3522,6.21,11,49.04,9787
2005-01-30,Dow Jones,1307.21,1289.91,1331.28,1279.52,284672165,-0.12,1.16,10.31,6.6,51,5666,730,1.36,91.5,141.51,1188.91,189.47,2823,6.02,26,81.32,14842
2005-01-31,Dow Jones,1307.21,1289.91,1331.28,1279.52,284672165,-0.12,1.16,10.31,6.6,51,5666,730,1.36,91.5,141.51,1188.91,189.47,2823,6.02,26,81.32,14842
2005-02-01,Dow Jones,1307.21,1289.91,1331.28,1279.52,284672165,-0.12,1.16,10.31,6.6,51,5666,730,1.36,91.5,141.51,1188.91,189.47,2823,6.02,26,81.32,14842
2005-02-02,Dow Jones,2612.83,2653.79,2670.39,2589.43,221072139,0.14,4.38,6.86,7.62,103,5298,1605,1.3,126.39,136.52,2454.92,267.93,6161,9.07,15,73.64,5275
2005-02-03,Dow Jones,4334.58,4347.97,4355.72,4323.71,200439561,-4.67,8.07,13.27,2.67,85,15718,2860,1.23,123.08,124.45,2310.39,348.36,4340,2.86,1,68.67,12178
2005-02-04,Dow Jones,4334.58,4347.97,4355.72,4323.71,200439561,-4.67,8.07,13.27,2.67,85,15718,2860,1.23,123.08,124.45,2310.39,348.36,4340,2.86,1,68.67,12178
2005-02-05,Dow Jones,4334.58,4347.97,4355.72,4323.71,200439561,-4.67,8.07,13.27,2.67,85,15718,2860,1.23,123.08,124.45,2310.39,348.36,4340,2.86,1,68.67,12178
2005-02-06,Dow Jones,4334.58,4347.97,4355.72,4323.71,200439561,-4.67,8.07,13.27,2.67,85,15718,2860,1.23,123.08,124.45,2310.39,348.36,4340,2.86,1,68.67,12178
2005-02-07,Dow Jones,2021.35,1979.12,2061.65,1959.09,661034046,-2.82,3.44,12.21,7.47,93,10144,805,1.47,113.05,79.01,1773.46,310.73,6129,1.93,16,3.34,3899
2005-02-08,Dow Jones,2021.35,1979.12,2061.65,1959.09,661034046,-2.82,3.44,12.21,7.47,93,10144,805,1.47,113.05,79.01,1773.46,310.73,6129,1.93,16,3.34,3899
2005-02-09,Dow Jones,2021.35,1979.12,2061.65,1959.09,661034046,-2.82,3.44,12.21,7.47,93,10144,805,1.47,113.05,79.01,1773.46,310.73,6129,1.93,16,3.34,3899
2005-02-10,Dow Jones,2652.69,2641.9700000000003,2674.08,2624.96,270151756,5.5,8.58,9.73,1.47,93,12160,4101,1.44,93.38,70.36,1317.48,379.57,7733,4.65,8,21.11,1884
2005-02-11,Dow Jones,2652.69,2641.9700000000003,2674.08,2624.96,270151756,5.5,8.58,9.73,1.47,93,12160,4101,1.44,93.38,70.36,1317.48,379.57,7733,4.65,8,21.11,1884
2005-02-12,Dow Jones,2652.69,2641.9700000000003,2674.08,2624.96,270151756,5.5,8.58,9.73,1.47,93,12160,4101,1.44,93.38,70.36,1317.48,379.57,7733,4.65,8,21.11,1884
2005-02-13,Dow Jones,2652.69,2641.9700000000003,2674.08,2624.96,270151756,5.5,8.58,9.73,1.47,93,12160,4101,1.44,93.38,70.36,1317.48,379.57,7733,4.65,8,21.11,1884
2005-02-14,Dow Jones,2581.04,2581.35,2595.65,2545.4,798061034,1.81,3.39,7.73,9.6,57,26801,4544,1.11,85.26,55.95,2072.2,466.51,8035,1.61,15,90.37,12163
2005-02-15,Dow Jones,1727.12,1685.41,1752.9599999999998,1641.31,943007373,2.89,7.52,6.64,4.35,54,13388,1331,0.84,132.45,80.78,1279.78,128.63,2363,5.87,0,14.17,9677
2005-02-16,Dow Jones,1727.12,1685.41,1752.9599999999998,1641.31,943007373,2.89,7.52,6.64,4.35,54,13388,1331,0.84,132.45,80.78,1279.78,128.63,2363,5.87,0,14.17,9677
2005-02-17,Dow Jones,1727.12,1685.41,1752.9599999999998,1641.31,943007373,2.89,7.52,6.64,4.35,54,13388,1331,0.84,132.45,80.78,1279.78,128.63,2363,5.87,0,14.17,9677
2005-02-18,Dow Jones,1727.12,1685.41,1752.9599999999998,1641.31,943007373,2.89,7.52,6.64,4.35,54,13388,1331,0.84,132.45,80.78,1279.78,128.63,2363,5.87,0,14.17,9677
2005-02-19,Dow Jones,1727.12,1685.41,1752.9599999999998,1641.31,943007373,2.89,7.52,6.64,4.35,54,13388,1331,0.84,132.45,80.78,1279.78,128.63,2363,5.87,0,14.17,9677
2005-02-20,Dow Jones,1727.12,1685.41,1752.9599999999998,1641.31,943007373,2.89,7.52,6.64,4.35,54,13388,1331,0.84,132.45,80.78,1279.78,128.63,2363,5.87,0,14.17,9677
2005-02-21,Dow Jones,4517.32,4486.429999999999,4535.929999999999,4453.11,18032888,-4.18,5.96,7.6,6.17,65,23600,1192,1.39,136.56,97.36,1489.32,146.94,9565,7.17,40,13.73,8439
2005-02-22,Dow Jones,3228.16,3255.04,3291.07,3200.83,893977600,-1.01,7.23,14.8,8.74,109,29040,4777,0.94,143.14,125.32,991.33,448.89,3618,9.26,29,89.31,11981
2005-02-23,Dow Jones,3228.16,3255.04,3291.07,3200.83,893977600,-1.01,7.23,14.8,8.74,109,29040,4777,0.94,143.14,125.32,991.33,448.89,3618,9.26,29,89.31,11981
2005-02-24,Dow Jones,3228.16,3255.04,3291.07,3200.83,893977600,-1.01,7.23,14.8,8.74,109,29040,4777,0.94,143.14,125.32,991.33,448.89,3618,9.26,29,89.31,11981
2005-02-25,Dow Jones,3925.95,3896.54,3954.24,3856.35,291145824,4.07,0.25,8.94,1.71,107,9578,223,1.22,105.89,25.11,1584.04,167.28,9209,0.45,10,96.55,10597
2005-02-26,Dow Jones,4832.47,4814.64,4850.740000000001,4786.990000000001,447753906,2.19,6.03,12.62,8.26,90,23857,3590,1.26,134.9,68.1,1793.88,434.31,9243,4.21,48,84.97,12656
2005-02-27,Dow Jones,4832.47,4814.64,4850.740000000001,4786.990000000001,447753906,2.19,6.03,12.62,8.26,90,23857,3590,1.26,134.9,68.1,1793.88,434.31,9243,4.21,48,84.97,12656
2005-02-28,Dow Jones,4832.47,4814.64,4850.740000000001,4786.990000000001,447753906,2.19,6.03,12.62,8.26,90,23857,3590,1.26,134.9,68.1,1793.88,434.31,9243,4.21,48,84.97,12656
2005-03-01,Dow Jones,4832.47,4814.64,4850.740000000001,4786.990000000001,447753906,2.19,6.03,12.62,8.26,90,23857,3590,1.26,134.9,68.1,1793.88,434.31,9243,4.21,48,84.97,12656
2005-03-02,Dow Jones,4665.68,4636.37,4710.240000000001,4619.39,268754638,8.81,0.65,11.52,4.4,60,24745,404,1.42,85.11,28.07,1334.22,349.81,8486,9.68,47,84.44,14835
2005-03-03,Dow Jones,4665.68,4636.37,4710.240000000001,4619.39,268754638,8.81,0.65,11.52,4.4,60,24745,404,1.42,85.11,28.07,1334.22,349.81,8486,9.68,47,84.44,14835
2005-03-04,Dow Jones,3519.28,3484.2200000000003,3528.48,3436.5400000000004,139001015,4.14,4.26,2.87,8.45,56,19631,3259,1.38,100.31,120.28,895.03,406.36,6452,2.65,0,45.23,6268
2005-03-05,Dow Jones,3519.28,3484.2200000000003,3528.48,3436.5400000000004,139001015,4.14,4.26,2.87,8.45,56,19631,3259,1.38,100.31,120.28,895.03,406.36,6452,2.65,0,45.23,6268
2005-03-06,Dow Jones,3519.28,3484.2200000000003,3528.48,3436.5400000000004,139001015,4.14,4.26,2.87,8.45,56,19631,3259,1.38,100.31,120.28,895.03,406.36,6452,2.65,0,45.23,6268
2005-03-07,Dow Jones,3519.28,3484.2200000000003,3528.48,3436.5400000000004,139001015,4.14,4.26,2.87,8.45,56,19631,3259,1.38,100.31,120.28,895.03,406.36,6452,2.65,0,45.23,6268
2005-03-08,Dow Jones,3709.75,3752.75,3793.34,3701.38,345595376,-2.41,2.06,9.3,3.73,90,5205,2413,1.03,138.29,142.76,1890.69,322.76,1551,0.81,17,53.43,10444
2005-03-09,Dow Jones,3709.75,3752.75,3793.34,3701.38,345595376,-2.41,2.06,9.3,3.73,90,5205,2413,1.03,138.29,142.76,1890.69,322.76,1551,0.81,17,53.43,10444
2005-03-10,Dow Jones,3709.75,3752.75,3793.34,3701.38,345595376,-2.41,2.06,9.3,3.73,90,5205,2413,1.03,138.29,142.76,1890.69,322.76,1551,0.81,17,53.43,10444
2005-03-11,Dow Jones,3709.75,3752.75,3793.34,3701.38,345595376,-2.41,2.06,9.3,3.73,90,5205,2413,1.03,138.29,142.76,1890.69,322.76,1551,0.81,17,53.43,10444
2005-03-12,Dow Jones,3709.75,3752.75,3793.34,3701.38,345595376,-2.41,2.06,9.3,3.73,90,5205,2413,1.03,138.29,142.76,1890.69,322.76,1551,0.81,17,53.43,10444
2005-03-13,Dow Jones,3709.75,3752.75,3793.34,3701.38,345595376,-2.41,2.06,9.3,3.73,90,5205,2413,1.03,138.29,142.76,1890.69,322.76,1551,0.81,17,53.43,10444
2005-03-14,Dow Jones,3161.19,3143.2000000000003,3202.74,3098.84,851300653,5.05,6.07,4.25,1.85,70,6383,785,0.91,118.65,104.74,1024.25,121.98,4379,8.7,23,83.28,11732
2005-03-15,Dow Jones,3161.19,3143.2000000000003,3202.74,3098.84,851300653,5.05,6.07,4.25,1.85,70,6383,785,0.91,118.65,104.74,1024.25,121.98,4379,8.7,23,83.28,11732
2005-03-16,Dow Jones,3161.19,3143.2000000000003,3202.74,3098.84,851300653,5.05,6.07,4.25,1.85,70,6383,785,0.91,118.65,104.74,1024.25,121.98,4379,8.7,23,83.28,11732
2005-03-17,Dow Jones,3161.19,3143.2000000000003,3202.74,3098.84,851300653,5.05,6.07,4.25,1.85,70,6383,785,0.91,118.65,104.74,1024.25,121.98,4379,8.7,23,83.28,11732
2005-03-18,Dow Jones,3161.19,3143.2000000000003,3202.74,3098.84,851300653,5.05,6.07,4.25,1.85,70,6383,785,0.91,118.65,104.74,1024.25,121.98,4379,8.7,23,83.28,11732
2005-03-19,Dow Jones,3161.19,3143.2000000000003,3202.74,3098.84,851300653,5.05,6.07,4.25,1.85,70,6383,785,0.91,118.65,104.74,1024.25,121.98,4379,8.7,23,83.28,11732
2005-03-20,Dow Jones,4376.85,4353.1,4422.72,4309.910000000001,751105185,3.42,2.9,8.15,0.76,57,8801,3055,1.21,83.52,119.52,2463.31,191.48,2142,4.83,37,32.42,11863
2005-03-21,Dow Jones,4376.85,4353.1,4422.72,4309.910000000001,751105185,3.42,2.9,8.15,0.76,57,8801,3055,1.21,83.52,119.52,2463.31,191.48,2142,4.83,37,32.42,11863
2005-03-22,Dow Jones,4376.85,4353.1,4422.72,4309.910000000001,751105185,3.42,2.9,8.15,0.76,57,8801,3055,1.21,83.52,119.52,2463.31,191.48,2142,4.83,37,32.42,11863
2005-03-23,Dow Jones,4376.85,4353.1,4422.72,4309.910000000001,751105185,3.42,2.9,8.15,0.76,57,8801,3055,1.21,83.52,119.52,2463.31,191.48,2142,4.83,37,32.42,11863
2005-03-24,Dow Jones,4376.85,4353.1,4422.72,4309.910000000001,751105185,3.42,2.9,8.15,0.76,57,8801,3055,1.21,83.52,119.52,2463.31,191.48,2142,4.83,37,32.42,11863
2005-03-25,Dow Jones,4376.85,4353.1,4422.72,4309.910000000001,751105185,3.42,2.9,8.15,0.76,57,8801,3055,1.21,83.52,119.52,2463.31,191.48,2142,4.83,37,32.42,11863
2005-03-26,Dow Jones,4376.85,4353.1,4422.72,4309.910000000001,751105185,3.42,2.9,8.15,0.76,57,8801,3055,1.21,83.52,119.52,2463.31,191.48,2142,4.83,37,32.42,11863
2005-03-27,Dow Jones,4376.85,4353.1,4422.72,4309.910000000001,751105185,3.42,2.9,8.15,0.76,57,8801,3055,1.21,83.52,119.52,2463.31,191.48,2142,4.83,37,32.42,11863
2005-03-28,Dow Jones,1025.52,995.58,1030.37,945.77,92976745,8.26,9.37,6.24,1.94,62,1126,1239,1.37,110.01,25.64,1129.17,155.7,2236,0.9,0,95.5,2802
2005-03-29,Dow Jones,4913.42,4884.96,4943.74,4879.13,664114461,2.63,4.96,10.33,4.15,105,569,1355,1.26,101.83,90.04,1865.06,366.77,3027,2.42,43,52.95,13181
2005-03-30,Dow Jones,4913.42,4884.96,4943.74,4879.13,664114461,2.63,4.96,10.33,4.15,105,569,1355,1.26,101.83,90.04,1865.06,366.77,3027,2.42,43,52.95,13181
2005-03-31,Dow Jones,2580.62,2547.9,2627.54,2522.9100000000003,994155081,0.91,5.82,14.58,4.96,113,24433,3385,1.45,135.78,140.82,1484.81,195.21,7854,5.09,31,79.61,1115
2005-04-01,Dow Jones,2580.62,2547.9,2627.54,2522.9100000000003,994155081,0.91,5.82,14.58,4.96,113,24433,3385,1.45,135.78,140.82,1484.81,195.21,7854,5.09,31,79.61,1115
2005-04-02,Dow Jones,2580.62,2547.9,2627.54,2522.9100000000003,994155081,0.91,5.82,14.58,4.96,113,24433,3385,1.45,135.78,140.82,1484.81,195.21,7854,5.09,31,79.61,1115
2005-04-03,Dow Jones,2580.62,2547.9,2627.54,2522.9100000000003,994155081,0.91,5.82,14.58,4.96,113,24433,3385,1.45,135.78,140.82,1484.81,195.21,7854,5.09,31,79.61,1115
2005-04-04,Dow Jones,2580.62,2547.9,2627.54,2522.9100000000003,994155081,0.91,5.82,14.58,4.96,113,24433,3385,1.45,135.78,140.82,1484.81,195.21,7854,5.09,31,79.61,1115
2005-04-05,Dow Jones,2580.62,2547.9,2627.54,2522.9100000000003,994155081,0.91,5.82,14.58,4.96,113,24433,3385,1.45,135.78,140.82,1484.81,195.21,7854,5.09,31,79.61,1115
2005-04-06,Dow Jones,2600.85,2555.7,2644.35,2545.03,762821322,7.75,3.33,14.95,9.35,74,21203,3644,0.97,85.04,57.61,898.36,250.62,7635,8.42,29,35.07,6357
2005-04-07,Dow Jones,2600.85,2555.7,2644.35,2545.03,762821322,7.75,3.33,14.95,9.35,74,21203,3644,0.97,85.04,57.61,898.36,250.62,7635,8.42,29,35.07,6357
2005-04-08,Dow Jones,2063.71,2070.3,2101.0,2016.74,979203354,0.42,7.49,10.32,3.54,109,11570,886,1.3,97.17,149.33,1342.69,285.97,4054,0.12,22,66.5,2373
2005-04-09,Dow Jones,2063.71,2070.3,2101.0,2016.74,979203354,0.42,7.49,10.32,3.54,109,11570,886,1.3,97.17,149.33,1342.69,285.97,4054,0.12,22,66.5,2373
2005-04-10,Dow Jones,2063.71,2070.3,2101.0,2016.74,979203354,0.42,7.49,10.32,3.54,109,11570,886,1.3,97.17,149.33,1342.69,285.97,4054,0.12,22,66.5,2373
2005-04-11,Dow Jones,2063.71,2070.3,2101.0,2016.74,979203354,0.42,7.49,10.32,3.54,109,11570,886,1.3,97.17,149.33,1342.69,285.97,4054,0.12,22,66.5,2373
2005-04-12,Dow Jones,2063.71,2070.3,2101.0,2016.74,979203354,0.42,7.49,10.32,3.54,109,11570,886,1.3,97.17,149.33,1342.69,285.97,4054,0.12,22,66.5,2373
2005-04-13,Dow Jones,3752.18,3771.99,3813.75,3720.58,247163066,1.84,5.9,13.62,5.39,106,7284,815,1.32,130.21,118.86,2492.35,396.49,7917,0.99,24,92.73,2492
2005-04-14,Dow Jones,3752.18,3771.99,3813.75,3720.58,247163066,1.84,5.9,13.62,5.39,106,7284,815,1.32,130.21,118.86,2492.35,396.49,7917,0.99,24,92.73,2492
2005-04-15,Dow Jones,3752.18,3771.99,3813.75,3720.58,247163066,1.84,5.9,13.62,5.39,106,7284,815,1.32,130.21,118.86,2492.35,396.49,7917,0.99,24,92.73,2492
2005-04-16,Dow Jones,3752.18,3771.99,3813.75,3720.58,247163066,1.84,5.9,13.62,5.39,106,7284,815,1.32,130.21,118.86,2492.35,396.49,7917,0.99,24,92.73,2492
2005-04-17,Dow Jones,3752.18,3771.99,3813.75,3720.58,247163066,1.84,5.9,13.62,5.39,106,7284,815,1.32,130.21,118.86,2492.35,396.49,7917,0.99,24,92.73,2492
2005-04-18,Dow Jones,3752.18,3771.99,3813.75,3720.58,247163066,1.84,5.9,13.62,5.39,106,7284,815,1.32,130.21,118.86,2492.35,396.49,7917,0.99,24,92.73,2492
2005-04-19,Dow Jones,3752.18,3771.99,3813.75,3720.58,247163066,1.84,5.9,13.62,5.39,106,7284,815,1.32,130.21,118.86,2492.35,396.49,7917,0.99,24,92.73,2492
2005-04-20,Dow Jones,3752.18,3771.99,3813.75,3720.58,247163066,1.84,5.9,13.62,5.39,106,7284,815,1.32,130.21,118.86,2492.35,396.49,7917,0.99,24,92.73,2492
2005-04-21,Dow Jones,3752.18,3771.99,3813.75,3720.58,247163066,1.84,5.9,13.62,5.39,106,7284,815,1.32,130.21,118.86,2492.35,396.49,7917,0.99,24,92.73,2492
2005-04-22,Dow Jones,3752.18,3771.99,3813.75,3720.58,247163066,1.84,5.9,13.62,5.39,106,7284,815,1.32,130.21,118.86,2492.35,396.49,7917,0.99,24,92.73,2492
2005-04-23,Dow Jones,3752.18,3771.99,3813.75,3720.58,247163066,1.84,5.9,13.62,5.39,106,7284,815,1.32,130.21,118.86,2492.35,396.49,7917,0.99,24,92.73,2492
2005-04-24,Dow Jones,3752.18,3771.99,3813.75,3720.58,247163066,1.84,5.9,13.62,5.39,106,7284,815,1.32,130.21,118.86,2492.35,396.49,7917,0.99,24,92.73,2492
2005-04-25,Dow Jones,3752.18,3771.99,3813.75,3720.58,247163066,1.84,5.9,13.62,5.39,106,7284,815,1.32,130.21,118.86,2492.35,396.49,7917,0.99,24,92.73,2492
2005-04-26,Dow Jones,3752.18,3771.99,3813.75,3720.58,247163066,1.84,5.9,13.62,5.39,106,7284,815,1.32,130.21,118.86,2492.35,396.49,7917,0.99,24,92.73,2492
2005-04-27,Dow Jones,3752.18,3771.99,3813.75,3720.58,247163066,1.84,5.9,13.62,5.39,106,7284,815,1.32,130.21,118.86,2492.35,396.49,7917,0.99,24,92.73,2492
2005-04-28,Dow Jones,3752.18,3771.99,3813.75,3720.58,247163066,1.84,5.9,13.62,5.39,106,7284,815,1.32,130.21,118.86,2492.35,396.49,7917,0.99,24,92.73,2492
2005-04-29,Dow Jones,3752.18,3771.99,3813.75,3720.58,247163066,1.84,5.9,13.62,5.39,106,7284,815,1.32,130.21,118.86,2492.35,396.49,7917,0.99,24,92.73,2492
2005-04-30,Dow Jones,1066.37,1092.6999999999998,1105.38,1050.87,811166146,4.26,0.46,13.1,4.51,50,17372,4333,1.1,121.16,73.53,1194.27,294.24,7554,8.82,9,47.8,651
2005-05-01,Dow Jones,1066.37,1092.6999999999998,1105.38,1050.87,811166146,4.26,0.46,13.1,4.51,50,17372,4333,1.1,121.16,73.53,1194.27,294.24,7554,8.82,9,47.8,651
2005-05-02,Dow Jones,1066.37,1092.6999999999998,1105.38,1050.87,811166146,4.26,0.46,13.1,4.51,50,17372,4333,1.1,121.16,73.53,1194.27,294.24,7554,8.82,9,47.8,651
2005-05-03,Dow Jones,1652.08,1690.33,1715.9,1607.86,355768340,5.94,6.1,6.45,4.83,74,17395,2654,1.45,93.03,86.14,1828.68,485.85,8309,2.23,22,3.16,10086
2005-05-04,Dow Jones,1652.08,1690.33,1715.9,1607.86,355768340,5.94,6.1,6.45,4.83,74,17395,2654,1.45,93.03,86.14,1828.68,485.85,8309,2.23,22,3.16,10086
2005-05-05,Dow Jones,1652.08,1690.33,1715.9,1607.86,355768340,5.94,6.1,6.45,4.83,74,17395,2654,1.45,93.03,86.14,1828.68,485.85,8309,2.23,22,3.16,10086
2005-05-06,Dow Jones,1652.08,1690.33,1715.9,1607.86,355768340,5.94,6.1,6.45,4.83,74,17395,2654,1.45,93.03,86.14,1828.68,485.85,8309,2.23,22,3.16,10086
2005-05-07,Dow Jones,1652.08,1690.33,1715.9,1607.86,355768340,5.94,6.1,6.45,4.83,74,17395,2654,1.45,93.03,86.14,1828.68,485.85,8309,2.23,22,3.16,10086
2005-05-08,Dow Jones,1541.84,1492.55,1554.41,1477.93,699289798,6.71,3.14,5.85,7.15,83,22581,2294,1.46,139.05,66.7,1990.64,123.03,260,2.02,37,45.77,13284
2005-05-09,Dow Jones,1541.84,1492.55,1554.41,1477.93,699289798,6.71,3.14,5.85,7.15,83,22581,2294,1.46,139.05,66.7,1990.64,123.03,260,2.02,37,45.77,13284
2005-05-10,Dow Jones,1541.84,1492.55,1554.41,1477.93,699289798,6.71,3.14,5.85,7.15,83,22581,2294,1.46,139.05,66.7,1990.64,123.03,260,2.02,37,45.77,13284
2005-05-11,Dow Jones,4705.86,4709.94,4747.03,4657.2,876382661,3.72,0.13,14.73,7.81,92,3809,3009,1.02,124.46,93.33,2014.99,164.39,1682,0.66,38,50.01,12688
2005-05-12,Dow Jones,4705.86,4709.94,4747.03,4657.2,876382661,3.72,0.13,14.73,7.81,92,3809,3009,1.02,124.46,93.33,2014.99,164.39,1682,0.66,38,50.01,12688
2005-05-13,Dow Jones,1202.49,1222.75,1256.1,1185.37,560565667,1.89,9.42,14.19,9.82,81,27149,443,0.82,122.48,95.23,1103.05,402.79,6295,5.29,28,67.41,8584
2005-05-14,Dow Jones,1202.49,1222.75,1256.1,1185.37,560565667,1.89,9.42,14.19,9.82,81,27149,443,0.82,122.48,95.23,1103.05,402.79,6295,5.29,28,67.41,8584
2005-05-15,Dow Jones,3295.8,3298.9300000000003,3328.3300000000004,3295.6200000000003,170976059,-4.58,7.83,5.3,9.18,69,5201,1644,1.48,88.27,51.66,1521.32,191.64,7438,0.4,32,52.99,12328
2005-05-16,Dow Jones,2571.58,2561.55,2600.11,2560.17,361732180,-4.15,6.73,7.22,3.58,68,29281,4096,1.34,97.14,86.43,949.01,101.52,4805,0.05,38,47.91,5774
2005-05-17,Dow Jones,2571.58,2561.55,2600.11,2560.17,361732180,-4.15,6.73,7.22,3.58,68,29281,4096,1.34,97.14,86.43,949.01,101.52,4805,0.05,38,47.91,5774
2005-05-18,Dow Jones,2571.58,2561.55,2600.11,2560.17,361732180,-4.15,6.73,7.22,3.58,68,29281,4096,1.34,97.14,86.43,949.01,101.52,4805,0.05,38,47.91,5774
2005-05-19,Dow Jones,2571.58,2561.55,2600.11,2560.17,361732180,-4.15,6.73,7.22,3.58,68,29281,4096,1.34,97.14,86.43,949.01,101.52,4805,0.05,38,47.91,5774
2005-05-20,Dow Jones,2571.58,2561.55,2600.11,2560.17,361732180,-4.15,6.73,7.22,3.58,68,29281,4096,1.34,97.14,86.43,949.01,101.52,4805,0.05,38,47.91,5774
2005-05-21,Dow Jones,2225.73,2259.99,2295.7700000000004,2204.42,137603715,-3.42,3.36,11.78,3.06,59,8219,3523,1.46,114.1,78.09,1761.62,165.7,5032,6.58,22,78.4,4736
2005-05-22,Dow Jones,1161.03,1147.25,1166.51,1110.72,602463914,5.98,2.24,7.69,1.45,86,14615,1128,0.82,130.18,40.62,1072.77,339.52,1249,0.08,46,52.5,10183
2005-05-23,Dow Jones,1161.03,1147.25,1166.51,1110.72,602463914,5.98,2.24,7.69,1.45,86,14615,1128,0.82,130.18,40.62,1072.77,339.52,1249,0.08,46,52.5,10183
2005-05-24,Dow Jones,1161.03,1147.25,1166.51,1110.72,602463914,5.98,2.24,7.69,1.45,86,14615,1128,0.82,130.18,40.62,1072.77,339.52,1249,0.08,46,52.5,10183
2005-05-25,Dow Jones,1161.03,1147.25,1166.51,1110.72,602463914,5.98,2.24,7.69,1.45,86,14615,1128,0.82,130.18,40.62,1072.77,339.52,1249,0.08,46,52.5,10183
2005-05-26,Dow Jones,1161.03,1147.25,1166.51,1110.72,602463914,5.98,2.24,7.69,1.45,86,14615,1128,0.82,130.18,40.62,1072.77,339.52,1249,0.08,46,52.5,10183
2005-05-27,Dow Jones,1161.03,1147.25,1166.51,1110.72,602463914,5.98,2.24,7.69,1.45,86,14615,1128,0.82,130.18,40.62,1072.77,339.52,1249,0.08,46,52.5,10183
2005-05-28,Dow Jones,3837.76,3829.09,3840.78,3812.93,56222713,4.62,5.15,6.39,1.51,57,19546,151,1.27,101.28,78.73,982.16,202.76,6846,3.29,22,61.13,7406
2005-05-29,Dow Jones,2085.97,2090.63,2112.7899999999995,2036.86,73425472,-0.93,5.35,8.91,8.98,81,11326,2255,1.26,86.18,127.78,2101.24,200.22,1650,4.02,40,26.94,9813
2005-05-30,Dow Jones,4616.97,4610.570000000001,4626.280000000001,4575.14,473357221,6.92,8.61,11.07,2.37,98,5192,1480,1.07,84.22,38.77,1887.18,147.08,3082,2.73,35,63.04,10628
2005-05-31,Dow Jones,2498.89,2523.76,2548.03,2495.77,652162738,-1.56,4.91,6.42,7.5,112,16355,1156,1.17,109.34,111.05,1066.74,445.45,2144,3.45,40,30.94,5656
2005-06-01,Dow Jones,3199.47,3232.26,3273.77,3197.71,489162182,-2.62,6.82,2.84,7.42,108,26313,121,1.01,94.04,65.86,1603.13,390.02,5913,6.79,22,24.41,14156
2005-06-02,Dow Jones,3199.47,3232.26,3273.77,3197.71,489162182,-2.62,6.82,2.84,7.42,108,26313,121,1.01,94.04,65.86,1603.13,390.02,5913,6.79,22,24.41,14156
2005-06-03,Dow Jones,3199.47,3232.26,3273.77,3197.71,489162182,-2.62,6.82,2.84,7.42,108,26313,121,1.01,94.04,65.86,1603.13,390.02,5913,6.79,22,24.41,14156
2005-06-04,Dow Jones,3199.47,3232.26,3273.77,3197.71,489162182,-2.62,6.82,2.84,7.42,108,26313,121,1.01,94.04,65.86,1603.13,390.02,5913,6.79,22,24.41,14156
2005-06-05,Dow Jones,3199.47,3232.26,3273.77,3197.71,489162182,-2.62,6.82,2.84,7.42,108,26313,121,1.01,94.04,65.86,1603.13,390.02,5913,6.79,22,24.41,14156
2005-06-06,Dow Jones,1897.27,1940.75,1956.35,1892.61,224183703,7.58,9.66,4.69,9.23,72,28019,3700,1.39,119.42,101.67,1847.12,340.97,4958,9.52,28,36.63,13595
2005-06-07,Dow Jones,1904.32,1937.82,1983.31,1858.28,825247289,6.65,9.71,6.52,3.92,112,17645,2065,1.0,110.38,98.92,826.55,262.74,1417,9.1,47,7.27,12410
2005-06-08,Dow Jones,4269.22,4303.47,4346.990000000001,4252.02,15161055,-0.09,8.51,9.03,9.4,115,28794,4746,1.14,83.9,34.14,1213.99,121.26,3655,1.16,14,60.53,9834
2005-06-09,Dow Jones,4269.22,4303.47,4346.990000000001,4252.02,15161055,-0.09,8.51,9.03,9.4,115,28794,4746,1.14,83.9,34.14,1213.99,121.26,3655,1.16,14,60.53,9834
2005-06-10,Dow Jones,4269.22,4303.47,4346.990000000001,4252.02,15161055,-0.09,8.51,9.03,9.4,115,28794,4746,1.14,83.9,34.14,1213.99,121.26,3655,1.16,14,60.53,9834
2005-06-11,Dow Jones,4269.22,4303.47,4346.990000000001,4252.02,15161055,-0.09,8.51,9.03,9.4,115,28794,4746,1.14,83.9,34.14,1213.99,121.26,3655,1.16,14,60.53,9834
2005-06-12,Dow Jones,2349.82,2315.56,2351.49,2292.35,605335536,-4.72,3.93,3.89,8.38,64,10645,236,1.17,100.33,94.93,1865.21,202.81,1169,7.01,42,67.1,14155
2005-06-13,Dow Jones,2349.82,2315.56,2351.49,2292.35,605335536,-4.72,3.93,3.89,8.38,64,10645,236,1.17,100.33,94.93,1865.21,202.81,1169,7.01,42,67.1,14155
2005-06-14,Dow Jones,2349.82,2315.56,2351.49,2292.35,605335536,-4.72,3.93,3.89,8.38,64,10645,236,1.17,100.33,94.93,1865.21,202.81,1169,7.01,42,67.1,14155
2005-06-15,Dow Jones,1844.5,1818.57,1860.76,1792.65,540390406,2.13,1.46,10.13,1.86,88,801,3714,1.22,109.61,65.64,2330.3,444.66,3853,1.53,25,83.25,11557
2005-06-16,Dow Jones,1844.5,1818.57,1860.76,1792.65,540390406,2.13,1.46,10.13,1.86,88,801,3714,1.22,109.61,65.64,2330.3,444.66,3853,1.53,25,83.25,11557
2005-06-17,Dow Jones,1844.5,1818.57,1860.76,1792.65,540390406,2.13,1.46,10.13,1.86,88,801,3714,1.22,109.61,65.64,2330.3,444.66,3853,1.53,25,83.25,11557
2005-06-18,Dow Jones,1844.5,1818.57,1860.76,1792.65,540390406,2.13,1.46,10.13,1.86,88,801,3714,1.22,109.61,65.64,2330.3,444.66,3853,1.53,25,83.25,11557
2005-06-19,Dow Jones,2768.43,2776.4,2819.28,2721.42,333064052,0.42,5.01,10.4,0.87,72,27664,1633,1.45,145.21,75.4,2189.65,444.14,1947,3.31,15,40.46,8365
2005-06-20,Dow Jones,2768.43,2776.4,2819.28,2721.42,333064052,0.42,5.01,10.4,0.87,72,27664,1633,1.45,145.21,75.4,2189.65,444.14,1947,3.31,15,40.46,8365
2005-06-21,Dow Jones,2578.29,2619.45,2666.79,2534.91,783996011,0.53,6.32,3.44,5.87,91,14927,4103,1.28,84.36,66.42,1482.62,227.24,2672,4.06,27,18.42,7784
2005-06-22,Dow Jones,3119.76,3104.32,3139.63,3086.0,121281935,5.73,3.98,8.01,1.25,93,3201,807,1.22,89.38,113.02,2321.55,155.91,7065,4.66,6,55.31,1988
2005-06-23,Dow Jones,3119.76,3104.32,3139.63,3086.0,121281935,5.73,3.98,8.01,1.25,93,3201,807,1.22,89.38,113.02,2321.55,155.91,7065,4.66,6,55.31,1988
2005-06-24,Dow Jones,3119.76,3104.32,3139.63,3086.0,121281935,5.73,3.98,8.01,1.25,93,3201,807,1.22,89.38,113.02,2321.55,155.91,7065,4.66,6,55.31,1988
2005-06-25,Dow Jones,3119.76,3104.32,3139.63,3086.0,121281935,5.73,3.98,8.01,1.25,93,3201,807,1.22,89.38,113.02,2321.55,155.91,7065,4.66,6,55.31,1988
2005-06-26,Dow Jones,4040.64,4073.76,4082.57,3993.26,99729741,9.26,4.37,7.99,7.72,65,6144,3114,1.28,147.29,87.85,1206.0,349.26,4729,2.69,14,36.05,1489
2005-06-27,Dow Jones,4040.64,4073.76,4082.57,3993.26,99729741,9.26,4.37,7.99,7.72,65,6144,3114,1.28,147.29,87.85,1206.0,349.26,4729,2.69,14,36.05,1489
2005-06-28,Dow Jones,1597.0,1582.06,1620.83,1581.56,186642019,-4.51,4.99,12.72,8.42,92,1168,401,1.02,128.19,130.2,2425.98,279.95,7640,6.93,14,58.84,4846
2005-06-29,Dow Jones,2072.7,2060.38,2115.99,2025.92,775358049,4.12,8.84,11.87,2.57,100,2628,2544,0.93,124.49,71.28,1777.01,172.76,9791,5.08,8,94.2,8739
2005-06-30,Dow Jones,2072.7,2060.38,2115.99,2025.92,775358049,4.12,8.84,11.87,2.57,100,2628,2544,0.93,124.49,71.28,1777.01,172.76,9791,5.08,8,94.2,8739
2005-07-01,Dow Jones,2072.7,2060.38,2115.99,2025.92,775358049,4.12,8.84,11.87,2.57,100,2628,2544,0.93,124.49,71.28,1777.01,172.76,9791,5.08,8,94.2,8739
2005-07-02,Dow Jones,2072.7,2060.38,2115.99,2025.92,775358049,4.12,8.84,11.87,2.57,100,2628,2544,0.93,124.49,71.28,1777.01,172.76,9791,5.08,8,94.2,8739
2005-07-03,Dow Jones,1226.72,1197.54,1264.69,1188.48,727010600,2.02,0.29,10.84,2.4,58,28007,957,1.16,133.2,131.05,2446.9,219.89,2369,9.77,25,74.87,10828
2005-07-04,Dow Jones,1226.72,1197.54,1264.69,1188.48,727010600,2.02,0.29,10.84,2.4,58,28007,957,1.16,133.2,131.05,2446.9,219.89,2369,9.77,25,74.87,10828
2005-07-05,Dow Jones,1226.72,1197.54,1264.69,1188.48,727010600,2.02,0.29,10.84,2.4,58,28007,957,1.16,133.2,131.05,2446.9,219.89,2369,9.77,25,74.87,10828
2005-07-06,Dow Jones,1226.72,1197.54,1264.69,1188.48,727010600,2.02,0.29,10.84,2.4,58,28007,957,1.16,133.2,131.05,2446.9,219.89,2369,9.77,25,74.87,10828
2005-07-07,Dow Jones,1773.74,1742.89,1790.37,1733.84,311283032,8.11,9.44,10.22,0.59,107,19505,478,0.83,88.74,30.59,2422.22,460.83,3575,5.32,15,36.93,13578
2005-07-08,Dow Jones,3566.02,3566.45,3591.61,3518.07,945419965,6.19,8.15,9.01,3.27,113,5639,316,1.33,133.93,84.21,1625.66,355.74,3357,4.56,38,15.46,7044
2005-07-09,Dow Jones,3566.02,3566.45,3591.61,3518.07,945419965,6.19,8.15,9.01,3.27,113,5639,316,1.33,133.93,84.21,1625.66,355.74,3357,4.56,38,15.46,7044
2005-07-10,Dow Jones,4544.34,4518.47,4544.6900000000005,4476.12,575332375,1.93,8.45,8.0,6.49,53,9643,2996,0.94,102.71,137.69,2105.44,220.1,3574,9.63,20,92.4,9692
2005-07-11,Dow Jones,4582.76,4540.610000000001,4594.77,4513.610000000001,963348499,4.59,6.01,9.08,6.81,83,2381,4629,1.31,96.63,40.78,1647.03,180.15,335,2.72,4,80.95,7695
2005-07-12,Dow Jones,4582.76,4540.610000000001,4594.77,4513.610000000001,963348499,4.59,6.01,9.08,6.81,83,2381,4629,1.31,96.63,40.78,1647.03,180.15,335,2.72,4,80.95,7695
2005-07-13,Dow Jones,4582.76,4540.610000000001,4594.77,4513.610000000001,963348499,4.59,6.01,9.08,6.81,83,2381,4629,1.31,96.63,40.78,1647.03,180.15,335,2.72,4,80.95,7695
2005-07-14,Dow Jones,4582.76,4540.610000000001,4594.77,4513.610000000001,963348499,4.59,6.01,9.08,6.81,83,2381,4629,1.31,96.63,40.78,1647.03,180.15,335,2.72,4,80.95,7695
2005-07-15,Dow Jones,1962.13,1993.81,1995.24,1918.79,431112145,-2.39,3.51,9.05,0.55,53,19204,3756,1.46,81.89,58.19,2259.81,196.43,8257,9.73,29,32.32,9869
2005-07-16,Dow Jones,3689.54,3735.5,3780.97,3641.88,235899267,2.33,8.68,5.15,3.91,99,7450,1606,1.46,81.18,146.87,1156.27,380.65,9491,5.47,21,65.33,4368
2005-07-17,Dow Jones,3689.54,3735.5,3780.97,3641.88,235899267,2.33,8.68,5.15,3.91,99,7450,1606,1.46,81.18,146.87,1156.27,380.65,9491,5.47,21,65.33,4368
2005-07-18,Dow Jones,3692.37,3702.75,3739.55,3664.92,541473059,-0.82,3.34,3.84,5.24,94,15598,2039,1.42,105.68,60.16,1411.54,483.54,6827,6.64,1,46.62,4158
2005-07-19,Dow Jones,3692.37,3702.75,3739.55,3664.92,541473059,-0.82,3.34,3.84,5.24,94,15598,2039,1.42,105.68,60.16,1411.54,483.54,6827,6.64,1,46.62,4158
2005-07-20,Dow Jones,3692.37,3702.75,3739.55,3664.92,541473059,-0.82,3.34,3.84,5.24,94,15598,2039,1.42,105.68,60.16,1411.54,483.54,6827,6.64,1,46.62,4158
2005-07-21,Dow Jones,3692.37,3702.75,3739.55,3664.92,541473059,-0.82,3.34,3.84,5.24,94,15598,2039,1.42,105.68,60.16,1411.54,483.54,6827,6.64,1,46.62,4158
2005-07-22,Dow Jones,3951.8,3940.15,3984.5,3930.85,301234094,9.37,1.93,14.85,1.53,103,1121,4295,1.33,107.44,44.28,1018.36,281.21,5486,0.3,26,28.97,11725
2005-07-23,Dow Jones,3951.8,3940.15,3984.5,3930.85,301234094,9.37,1.93,14.85,1.53,103,1121,4295,1.33,107.44,44.28,1018.36,281.21,5486,0.3,26,28.97,11725
2005-07-24,Dow Jones,3951.8,3940.15,3984.5,3930.85,301234094,9.37,1.93,14.85,1.53,103,1121,4295,1.33,107.44,44.28,1018.36,281.21,5486,0.3,26,28.97,11725
2005-07-25,Dow Jones,3951.8,3940.15,3984.5,3930.85,301234094,9.37,1.93,14.85,1.53,103,1121,4295,1.33,107.44,44.28,1018.36,281.21,5486,0.3,26,28.97,11725
2005-07-26,Dow Jones,3951.8,3940.15,3984.5,3930.85,301234094,9.37,1.93,14.85,1.53,103,1121,4295,1.33,107.44,44.28,1018.36,281.21,5486,0.3,26,28.97,11725
2005-07-27,Dow Jones,3951.8,3940.15,3984.5,3930.85,301234094,9.37,1.93,14.85,1.53,103,1121,4295,1.33,107.44,44.28,1018.36,281.21,5486,0.3,26,28.97,11725
2005-07-28,Dow Jones,3951.8,3940.15,3984.5,3930.85,301234094,9.37,1.93,14.85,1.53,103,1121,4295,1.33,107.44,44.28,1018.36,281.21,5486,0.3,26,28.97,11725
2005-07-29,Dow Jones,4953.68,4987.29,5004.53,4919.9800000000005,890068149,-1.42,6.45,4.36,5.0,105,16198,4746,1.31,99.75,124.45,1745.2,452.86,2198,6.69,26,69.81,10053
2005-07-30,Dow Jones,4953.68,4987.29,5004.53,4919.9800000000005,890068149,-1.42,6.45,4.36,5.0,105,16198,4746,1.31,99.75,124.45,1745.2,452.86,2198,6.69,26,69.81,10053
2005-07-31,Dow Jones,4953.68,4987.29,5004.53,4919.9800000000005,890068149,-1.42,6.45,4.36,5.0,105,16198,4746,1.31,99.75,124.45,1745.2,452.86,2198,6.69,26,69.81,10053
2005-08-01,Dow Jones,4953.68,4987.29,5004.53,4919.9800000000005,890068149,-1.42,6.45,4.36,5.0,105,16198,4746,1.31,99.75,124.45,1745.2,452.86,2198,6.69,26,69.81,10053
2005-08-02,Dow Jones,4953.68,4987.29,5004.53,4919.9800000000005,890068149,-1.42,6.45,4.36,5.0,105,16198,4746,1.31,99.75,124.45,1745.2,452.86,2198,6.69,26,69.81,10053
2005-08-03,Dow Jones,4953.68,4987.29,5004.53,4919.9800000000005,890068149,-1.42,6.45,4.36,5.0,105,16198,4746,1.31,99.75,124.45,1745.2,452.86,2198,6.69,26,69.81,10053
2005-08-04,Dow Jones,2157.76,2147.24,2164.8,2115.1800000000003,230712927,8.78,4.87,6.91,7.54,73,24196,2430,1.1,145.69,124.61,1296.94,464.72,2507,2.14,42,65.8,9641
2005-08-05,Dow Jones,2157.76,2147.24,2164.8,2115.1800000000003,230712927,8.78,4.87,6.91,7.54,73,24196,2430,1.1,145.69,124.61,1296.94,464.72,2507,2.14,42,65.8,9641
2005-08-06,Dow Jones,2157.76,2147.24,2164.8,2115.1800000000003,230712927,8.78,4.87,6.91,7.54,73,24196,2430,1.1,145.69,124.61,1296.94,464.72,2507,2.14,42,65.8,9641
2005-08-07,Dow Jones,2644.76,2688.0200000000004,2726.2200000000003,2623.46,458870468,2.36,7.34,7.23,9.89,76,18705,2111,0.89,143.83,103.08,1556.09,194.05,1560,3.92,1,51.08,14186
2005-08-08,Dow Jones,2644.76,2688.0200000000004,2726.2200000000003,2623.46,458870468,2.36,7.34,7.23,9.89,76,18705,2111,0.89,143.83,103.08,1556.09,194.05,1560,3.92,1,51.08,14186
2005-08-09,Dow Jones,2321.14,2344.09,2355.7,2312.29,404161286,9.6,2.16,11.79,6.21,88,1488,2212,0.89,112.43,41.07,1734.7,243.47,7601,3.56,18,71.36,222
2005-08-10,Dow Jones,3256.93,3208.96,3256.98,3180.93,115646271,9.86,3.1,14.64,6.74,86,25289,3600,1.03,128.9,33.33,2162.05,249.84,2098,0.94,3,86.19,13491
2005-08-11,Dow Jones,3256.93,3208.96,3256.98,3180.93,115646271,9.86,3.1,14.64,6.74,86,25289,3600,1.03,128.9,33.33,2162.05,249.84,2098,0.94,3,86.19,13491
2005-08-12,Dow Jones,3256.93,3208.96,3256.98,3180.93,115646271,9.86,3.1,14.64,6.74,86,25289,3600,1.03,128.9,33.33,2162.05,249.84,2098,0.94,3,86.19,13491
2005-08-13,Dow Jones,3256.93,3208.96,3256.98,3180.93,115646271,9.86,3.1,14.64,6.74,86,25289,3600,1.03,128.9,33.33,2162.05,249.84,2098,0.94,3,86.19,13491
2005-08-14,Dow Jones,3756.35,3759.08,3782.09,3735.98,646880108,2.94,4.6,5.01,6.63,100,4119,1729,0.91,145.28,107.71,1222.81,300.53,1197,2.81,17,52.37,5478
2005-08-15,Dow Jones,3756.35,3759.08,3782.09,3735.98,646880108,2.94,4.6,5.01,6.63,100,4119,1729,0.91,145.28,107.71,1222.81,300.53,1197,2.81,17,52.37,5478
2005-08-16,Dow Jones,3756.35,3759.08,3782.09,3735.98,646880108,2.94,4.6,5.01,6.63,100,4119,1729,0.91,145.28,107.71,1222.81,300.53,1197,2.81,17,52.37,5478
2005-08-17,Dow Jones,3756.35,3759.08,3782.09,3735.98,646880108,2.94,4.6,5.01,6.63,100,4119,1729,0.91,145.28,107.71,1222.81,300.53,1197,2.81,17,52.37,5478
2005-08-18,Dow Jones,1064.8,1026.77,1088.66,997.43,267724886,5.67,4.01,12.17,1.69,77,29709,2139,1.42,114.11,96.84,809.37,213.83,7120,2.15,47,64.57,8459
2005-08-19,Dow Jones,1064.8,1026.77,1088.66,997.43,267724886,5.67,4.01,12.17,1.69,77,29709,2139,1.42,114.11,96.84,809.37,213.83,7120,2.15,47,64.57,8459
2005-08-20,Dow Jones,1160.56,1135.26,1199.32,1133.64,970506265,-3.27,2.87,14.84,7.76,74,29847,578,1.3,123.3,54.0,2404.61,256.8,7436,7.7,2,98.57,8673
2005-08-21,Dow Jones,1160.56,1135.26,1199.32,1133.64,970506265,-3.27,2.87,14.84,7.76,74,29847,578,1.3,123.3,54.0,2404.61,256.8,7436,7.7,2,98.57,8673
2005-08-22,Dow Jones,1160.56,1135.26,1199.32,1133.64,970506265,-3.27,2.87,14.84,7.76,74,29847,578,1.3,123.3,54.0,2404.61,256.8,7436,7.7,2,98.57,8673
2005-08-23,Dow Jones,2176.27,2220.6,2233.51,2136.44,301407233,5.24,3.67,5.73,6.96,56,27185,2243,1.31,123.86,88.59,1590.88,320.09,417,9.16,24,96.73,8082
2005-08-24,Dow Jones,2176.27,2220.6,2233.51,2136.44,301407233,5.24,3.67,5.73,6.96,56,27185,2243,1.31,123.86,88.59,1590.88,320.09,417,9.16,24,96.73,8082
2005-08-25,Dow Jones,2176.27,2220.6,2233.51,2136.44,301407233,5.24,3.67,5.73,6.96,56,27185,2243,1.31,123.86,88.59,1590.88,320.09,417,9.16,24,96.73,8082
2005-08-26,Dow Jones,2176.27,2220.6,2233.51,2136.44,301407233,5.24,3.67,5.73,6.96,56,27185,2243,1.31,123.86,88.59,1590.88,320.09,417,9.16,24,96.73,8082
2005-08-27,Dow Jones,2176.27,2220.6,2233.51,2136.44,301407233,5.24,3.67,5.73,6.96,56,27185,2243,1.31,123.86,88.59,1590.88,320.09,417,9.16,24,96.73,8082
2005-08-28,Dow Jones,1411.37,1421.4699999999998,1454.16,1381.3,250715824,6.6,4.01,14.91,5.9,78,3024,1494,1.3,93.18,141.07,2468.63,388.06,3411,3.92,23,73.66,2048
2005-08-29,Dow Jones,1411.37,1421.4699999999998,1454.16,1381.3,250715824,6.6,4.01,14.91,5.9,78,3024,1494,1.3,93.18,141.07,2468.63,388.06,3411,3.92,23,73.66,2048
2005-08-30,Dow Jones,1411.37,1421.4699999999998,1454.16,1381.3,250715824,6.6,4.01,14.91,5.9,78,3024,1494,1.3,93.18,141.07,2468.63,388.06,3411,3.92,23,73.66,2048
2005-08-31,Dow Jones,1411.37,1421.4699999999998,1454.16,1381.3,250715824,6.6,4.01,14.91,5.9,78,3024,1494,1.3,93.18,141.07,2468.63,388.06,3411,3.92,23,73.66,2048
2005-09-01,Dow Jones,1411.37,1421.4699999999998,1454.16,1381.3,250715824,6.6,4.01,14.91,5.9,78,3024,1494,1.3,93.18,141.07,2468.63,388.06,3411,3.92,23,73.66,2048
2005-09-02,Dow Jones,1411.37,1421.4699999999998,1454.16,1381.3,250715824,6.6,4.01,14.91,5.9,78,3024,1494,1.3,93.18,141.07,2468.63,388.06,3411,3.92,23,73.66,2048
2005-09-03,Dow Jones,1411.37,1421.4699999999998,1454.16,1381.3,250715824,6.6,4.01,14.91,5.9,78,3024,1494,1.3,93.18,141.07,2468.63,388.06,3411,3.92,23,73.66,2048
2005-09-04,Dow Jones,1411.37,1421.4699999999998,1454.16,1381.3,250715824,6.6,4.01,14.91,5.9,78,3024,1494,1.3,93.18,141.07,2468.63,388.06,3411,3.92,23,73.66,2048
2005-09-05,Dow Jones,1411.37,1421.4699999999998,1454.16,1381.3,250715824,6.6,4.01,14.91,5.9,78,3024,1494,1.3,93.18,141.07,2468.63,388.06,3411,3.92,23,73.66,2048
2005-09-06,Dow Jones,3730.13,3730.5,3779.65,3682.6,931651733,-0.77,3.32,6.84,5.99,58,5801,3688,1.04,134.66,47.55,2246.93,269.88,2971,8.26,48,56.7,4364
2005-09-07,Dow Jones,3730.13,3730.5,3779.65,3682.6,931651733,-0.77,3.32,6.84,5.99,58,5801,3688,1.04,134.66,47.55,2246.93,269.88,2971,8.26,48,56.7,4364
2005-09-08,Dow Jones,2716.25,2723.65,2733.78,2675.4,332514427,8.59,8.45,9.08,8.51,102,24701,351,0.84,145.99,135.6,1197.12,371.79,6704,6.87,48,94.37,1217
2005-09-09,Dow Jones,2716.25,2723.65,2733.78,2675.4,332514427,8.59,8.45,9.08,8.51,102,24701,351,0.84,145.99,135.6,1197.12,371.79,6704,6.87,48,94.37,1217
2005-09-10,Dow Jones,2716.25,2723.65,2733.78,2675.4,332514427,8.59,8.45,9.08,8.51,102,24701,351,0.84,145.99,135.6,1197.12,371.79,6704,6.87,48,94.37,1217
2005-09-11,Dow Jones,1905.09,1928.92,1977.84,1857.87,491123588,4.01,3.78,8.39,1.47,98,9733,416,1.41,118.61,66.65,2164.14,268.66,7739,7.46,3,76.57,8270
2005-09-12,Dow Jones,1905.09,1928.92,1977.84,1857.87,491123588,4.01,3.78,8.39,1.47,98,9733,416,1.41,118.61,66.65,2164.14,268.66,7739,7.46,3,76.57,8270
2005-09-13,Dow Jones,1905.09,1928.92,1977.84,1857.87,491123588,4.01,3.78,8.39,1.47,98,9733,416,1.41,118.61,66.65,2164.14,268.66,7739,7.46,3,76.57,8270
2005-09-14,Dow Jones,3501.32,3494.6000000000004,3534.11,3470.4000000000005,246584756,4.63,9.81,13.59,1.02,65,4674,2109,1.39,134.31,120.25,2063.5,358.21,7037,7.48,30,32.21,9909
2005-09-15,Dow Jones,3501.32,3494.6000000000004,3534.11,3470.4000000000005,246584756,4.63,9.81,13.59,1.02,65,4674,2109,1.39,134.31,120.25,2063.5,358.21,7037,7.48,30,32.21,9909
2005-09-16,Dow Jones,3501.32,3494.6000000000004,3534.11,3470.4000000000005,246584756,4.63,9.81,13.59,1.02,65,4674,2109,1.39,134.31,120.25,2063.5,358.21,7037,7.48,30,32.21,9909
2005-09-17,Dow Jones,3501.32,3494.6000000000004,3534.11,3470.4000000000005,246584756,4.63,9.81,13.59,1.02,65,4674,2109,1.39,134.31,120.25,2063.5,358.21,7037,7.48,30,32.21,9909
2005-09-18,Dow Jones,1523.89,1539.2900000000002,1575.1,1506.74,297552780,0.72,4.07,14.23,6.76,68,23853,3663,1.08,85.01,65.19,828.61,226.01,7248,4.49,39,47.16,9757
2005-09-19,Dow Jones,1523.89,1539.2900000000002,1575.1,1506.74,297552780,0.72,4.07,14.23,6.76,68,23853,3663,1.08,85.01,65.19,828.61,226.01,7248,4.49,39,47.16,9757
2005-09-20,Dow Jones,1523.89,1539.2900000000002,1575.1,1506.74,297552780,0.72,4.07,14.23,6.76,68,23853,3663,1.08,85.01,65.19,828.61,226.01,7248,4.49,39,47.16,9757
2005-09-21,Dow Jones,1179.99,1138.57,1191.34,1118.5,480475914,9.59,9.81,14.53,4.47,96,2153,669,1.07,98.37,65.19,1812.99,433.88,6799,2.67,25,85.65,862
2005-09-22,Dow Jones,1179.99,1138.57,1191.34,1118.5,480475914,9.59,9.81,14.53,4.47,96,2153,669,1.07,98.37,65.19,1812.99,433.88,6799,2.67,25,85.65,862
2005-09-23,Dow Jones,1179.99,1138.57,1191.34,1118.5,480475914,9.59,9.81,14.53,4.47,96,2153,669,1.07,98.37,65.19,1812.99,433.88,6799,2.67,25,85.65,862
2005-09-24,Dow Jones,2914.11,2933.04,2951.64,2905.6200000000003,471386157,8.2,5.31,3.11,4.73,82,26782,4016,0.95,133.22,92.51,1614.85,384.92,323,6.45,8,96.71,11222
2005-09-25,Dow Jones,4715.44,4678.15,4757.79,4672.83,447121469,-3.49,9.01,4.84,6.85,90,14299,1100,1.16,95.89,146.96,982.39,309.07,1621,6.47,45,94.06,7417
2005-09-26,Dow Jones,2327.89,2313.56,2369.29,2268.22,822597951,-2.89,5.52,7.77,6.36,118,17127,3023,0.93,149.0,103.55,2435.74,139.38,1754,8.83,28,9.6,9239
2005-09-27,Dow Jones,2861.35,2870.6,2889.74,2811.47,960130846,6.02,2.55,14.92,9.4,68,19139,2336,1.05,108.93,85.06,933.43,241.09,6148,1.84,31,61.55,1349
2005-09-28,Dow Jones,2861.35,2870.6,2889.74,2811.47,960130846,6.02,2.55,14.92,9.4,68,19139,2336,1.05,108.93,85.06,933.43,241.09,6148,1.84,31,61.55,1349
2005-09-29,Dow Jones,1326.39,1280.76,1362.43,1278.03,611655923,3.05,5.16,9.16,4.99,56,13898,4025,1.37,140.57,126.73,2193.21,367.95,4872,3.87,30,17.38,10662
2005-09-30,Dow Jones,1326.39,1280.76,1362.43,1278.03,611655923,3.05,5.16,9.16,4.99,56,13898,4025,1.37,140.57,126.73,2193.21,367.95,4872,3.87,30,17.38,10662
2005-10-01,Dow Jones,1326.39,1280.76,1362.43,1278.03,611655923,3.05,5.16,9.16,4.99,56,13898,4025,1.37,140.57,126.73,2193.21,367.95,4872,3.87,30,17.38,10662
2005-10-02,Dow Jones,1326.39,1280.76,1362.43,1278.03,611655923,3.05,5.16,9.16,4.99,56,13898,4025,1.37,140.57,126.73,2193.21,367.95,4872,3.87,30,17.38,10662
2005-10-03,Dow Jones,1326.39,1280.76,1362.43,1278.03,611655923,3.05,5.16,9.16,4.99,56,13898,4025,1.37,140.57,126.73,2193.21,367.95,4872,3.87,30,17.38,10662
2005-10-04,Dow Jones,1326.39,1280.76,1362.43,1278.03,611655923,3.05,5.16,9.16,4.99,56,13898,4025,1.37,140.57,126.73,2193.21,367.95,4872,3.87,30,17.38,10662
2005-10-05,Dow Jones,1326.39,1280.76,1362.43,1278.03,611655923,3.05,5.16,9.16,4.99,56,13898,4025,1.37,140.57,126.73,2193.21,367.95,4872,3.87,30,17.38,10662
2005-10-06,Dow Jones,1326.39,1280.76,1362.43,1278.03,611655923,3.05,5.16,9.16,4.99,56,13898,4025,1.37,140.57,126.73,2193.21,367.95,4872,3.87,30,17.38,10662
2005-10-07,Dow Jones,1326.39,1280.76,1362.43,1278.03,611655923,3.05,5.16,9.16,4.99,56,13898,4025,1.37,140.57,126.73,2193.21,367.95,4872,3.87,30,17.38,10662
2005-10-08,Dow Jones,1326.39,1280.76,1362.43,1278.03,611655923,3.05,5.16,9.16,4.99,56,13898,4025,1.37,140.57,126.73,2193.21,367.95,4872,3.87,30,17.38,10662
2005-10-09,Dow Jones,1201.67,1176.14,1227.27,1130.69,693072845,7.58,2.09,13.55,2.99,58,17104,2644,0.84,101.49,83.59,1079.18,484.03,4719,7.73,16,31.92,11331
2005-10-10,Dow Jones,1201.67,1176.14,1227.27,1130.69,693072845,7.58,2.09,13.55,2.99,58,17104,2644,0.84,101.49,83.59,1079.18,484.03,4719,7.73,16,31.92,11331
2005-10-11,Dow Jones,1201.67,1176.14,1227.27,1130.69,693072845,7.58,2.09,13.55,2.99,58,17104,2644,0.84,101.49,83.59,1079.18,484.03,4719,7.73,16,31.92,11331
2005-10-12,Dow Jones,1201.67,1176.14,1227.27,1130.69,693072845,7.58,2.09,13.55,2.99,58,17104,2644,0.84,101.49,83.59,1079.18,484.03,4719,7.73,16,31.92,11331
2005-10-13,Dow Jones,1201.67,1176.14,1227.27,1130.69,693072845,7.58,2.09,13.55,2.99,58,17104,2644,0.84,101.49,83.59,1079.18,484.03,4719,7.73,16,31.92,11331
2005-10-14,Dow Jones,1277.58,1268.38,1312.8,1263.82,649683078,3.12,9.85,6.72,6.22,77,7106,1651,0.8,129.57,51.4,1071.07,122.54,8318,0.65,4,80.09,10110
2005-10-15,Dow Jones,1277.58,1268.38,1312.8,1263.82,649683078,3.12,9.85,6.72,6.22,77,7106,1651,0.8,129.57,51.4,1071.07,122.54,8318,0.65,4,80.09,10110
2005-10-16,Dow Jones,3403.65,3405.36,3410.07,3374.56,697697909,2.2,9.51,13.64,6.05,56,25326,484,0.98,136.66,75.0,1241.51,325.69,2287,6.65,5,59.56,5180
2005-10-17,Dow Jones,3403.65,3405.36,3410.07,3374.56,697697909,2.2,9.51,13.64,6.05,56,25326,484,0.98,136.66,75.0,1241.51,325.69,2287,6.65,5,59.56,5180
2005-10-18,Dow Jones,3403.65,3405.36,3410.07,3374.56,697697909,2.2,9.51,13.64,6.05,56,25326,484,0.98,136.66,75.0,1241.51,325.69,2287,6.65,5,59.56,5180
2005-10-19,Dow Jones,3403.65,3405.36,3410.07,3374.56,697697909,2.2,9.51,13.64,6.05,56,25326,484,0.98,136.66,75.0,1241.51,325.69,2287,6.65,5,59.56,5180
2005-10-20,Dow Jones,3403.65,3405.36,3410.07,3374.56,697697909,2.2,9.51,13.64,6.05,56,25326,484,0.98,136.66,75.0,1241.51,325.69,2287,6.65,5,59.56,5180
2005-10-21,Dow Jones,3858.88,3866.07,3903.78,3848.58,84089913,1.49,5.34,12.38,6.65,116,17390,4545,1.02,142.24,111.26,926.36,391.04,2731,9.13,32,33.26,8870
2005-10-22,Dow Jones,2173.41,2214.16,2215.19,2140.67,790175309,5.19,4.53,14.4,9.73,83,5241,489,1.17,129.1,40.78,2466.01,182.87,7257,4.04,47,10.16,5733
2005-10-23,Dow Jones,2173.41,2214.16,2215.19,2140.67,790175309,5.19,4.53,14.4,9.73,83,5241,489,1.17,129.1,40.78,2466.01,182.87,7257,4.04,47,10.16,5733
2005-10-24,Dow Jones,3791.33,3794.73,3839.26,3788.01,172719425,0.0,2.6,7.3,4.11,80,16062,2213,1.4,133.02,149.08,2108.52,279.07,2093,7.83,36,31.01,2129
2005-10-25,Dow Jones,3791.33,3794.73,3839.26,3788.01,172719425,0.0,2.6,7.3,4.11,80,16062,2213,1.4,133.02,149.08,2108.52,279.07,2093,7.83,36,31.01,2129
2005-10-26,Dow Jones,3791.33,3794.73,3839.26,3788.01,172719425,0.0,2.6,7.3,4.11,80,16062,2213,1.4,133.02,149.08,2108.52,279.07,2093,7.83,36,31.01,2129
2005-10-27,Dow Jones,3791.33,3794.73,3839.26,3788.01,172719425,0.0,2.6,7.3,4.11,80,16062,2213,1.4,133.02,149.08,2108.52,279.07,2093,7.83,36,31.01,2129
2005-10-28,Dow Jones,3791.33,3794.73,3839.26,3788.01,172719425,0.0,2.6,7.3,4.11,80,16062,2213,1.4,133.02,149.08,2108.52,279.07,2093,7.83,36,31.01,2129
2005-10-29,Dow Jones,3791.33,3794.73,3839.26,3788.01,172719425,0.0,2.6,7.3,4.11,80,16062,2213,1.4,133.02,149.08,2108.52,279.07,2093,7.83,36,31.01,2129
2005-10-30,Dow Jones,2183.3,2165.75,2213.34,2130.58,742065549,0.32,6.44,3.88,5.24,111,5857,4223,1.09,99.31,57.31,2241.06,238.72,209,6.31,15,95.67,12911
2005-10-31,Dow Jones,2183.3,2165.75,2213.34,2130.58,742065549,0.32,6.44,3.88,5.24,111,5857,4223,1.09,99.31,57.31,2241.06,238.72,209,6.31,15,95.67,12911
2005-11-01,Dow Jones,2183.3,2165.75,2213.34,2130.58,742065549,0.32,6.44,3.88,5.24,111,5857,4223,1.09,99.31,57.31,2241.06,238.72,209,6.31,15,95.67,12911
2005-11-02,Dow Jones,2183.3,2165.75,2213.34,2130.58,742065549,0.32,6.44,3.88,5.24,111,5857,4223,1.09,99.31,57.31,2241.06,238.72,209,6.31,15,95.67,12911
2005-11-03,Dow Jones,2183.3,2165.75,2213.34,2130.58,742065549,0.32,6.44,3.88,5.24,111,5857,4223,1.09,99.31,57.31,2241.06,238.72,209,6.31,15,95.67,12911
2005-11-04,Dow Jones,3534.85,3501.07,3557.87,3480.47,974919248,0.55,4.71,9.63,1.38,68,21271,207,1.3,101.58,142.48,2101.41,455.98,6992,2.89,34,28.76,3687
2005-11-05,Dow Jones,3373.85,3372.49,3375.82,3339.8,903552516,6.08,8.95,12.93,4.59,76,19087,2586,0.9,83.46,117.53,910.02,381.55,8052,1.58,47,33.34,775
2005-11-06,Dow Jones,3373.85,3372.49,3375.82,3339.8,903552516,6.08,8.95,12.93,4.59,76,19087,2586,0.9,83.46,117.53,910.02,381.55,8052,1.58,47,33.34,775
2005-11-07,Dow Jones,3373.85,3372.49,3375.82,3339.8,903552516,6.08,8.95,12.93,4.59,76,19087,2586,0.9,83.46,117.53,910.02,381.55,8052,1.58,47,33.34,775
2005-11-08,Dow Jones,3373.85,3372.49,3375.82,3339.8,903552516,6.08,8.95,12.93,4.59,76,19087,2586,0.9,83.46,117.53,910.02,381.55,8052,1.58,47,33.34,775
2005-11-09,Dow Jones,3660.22,3677.13,3705.49,3615.95,810021585,-3.23,5.06,2.87,6.88,110,18841,537,1.21,141.13,85.0,1980.3,129.91,5482,2.47,47,66.59,6133
2005-11-10,Dow Jones,3660.22,3677.13,3705.49,3615.95,810021585,-3.23,5.06,2.87,6.88,110,18841,537,1.21,141.13,85.0,1980.3,129.91,5482,2.47,47,66.59,6133
2005-11-11,Dow Jones,3660.22,3677.13,3705.49,3615.95,810021585,-3.23,5.06,2.87,6.88,110,18841,537,1.21,141.13,85.0,1980.3,129.91,5482,2.47,47,66.59,6133
2005-11-12,Dow Jones,3660.22,3677.13,3705.49,3615.95,810021585,-3.23,5.06,2.87,6.88,110,18841,537,1.21,141.13,85.0,1980.3,129.91,5482,2.47,47,66.59,6133
2005-11-13,Dow Jones,1377.68,1405.15,1451.38,1358.5800000000002,880541829,-3.2,8.43,6.02,7.73,98,2289,741,1.49,138.88,82.99,1654.45,211.55,1582,1.17,0,94.31,522
2005-11-14,Dow Jones,1377.68,1405.15,1451.38,1358.5800000000002,880541829,-3.2,8.43,6.02,7.73,98,2289,741,1.49,138.88,82.99,1654.45,211.55,1582,1.17,0,94.31,522
2005-11-15,Dow Jones,1377.68,1405.15,1451.38,1358.5800000000002,880541829,-3.2,8.43,6.02,7.73,98,2289,741,1.49,138.88,82.99,1654.45,211.55,1582,1.17,0,94.31,522
2005-11-16,Dow Jones,1377.68,1405.15,1451.38,1358.5800000000002,880541829,-3.2,8.43,6.02,7.73,98,2289,741,1.49,138.88,82.99,1654.45,211.55,1582,1.17,0,94.31,522
2005-11-17,Dow Jones,1377.68,1405.15,1451.38,1358.5800000000002,880541829,-3.2,8.43,6.02,7.73,98,2289,741,1.49,138.88,82.99,1654.45,211.55,1582,1.17,0,94.31,522
2005-11-18,Dow Jones,2608.11,2580.02,2634.07,2549.48,531293500,3.93,7.52,5.06,8.85,109,20084,802,1.16,102.11,129.2,1738.23,253.71,1627,2.66,3,50.28,13195
2005-11-19,Dow Jones,3915.76,3910.06,3958.66,3874.27,907106201,-2.44,3.6,5.11,3.77,115,18226,2948,0.91,133.98,83.74,1742.87,494.2,5350,6.43,33,50.28,2048
2005-11-20,Dow Jones,3915.76,3910.06,3958.66,3874.27,907106201,-2.44,3.6,5.11,3.77,115,18226,2948,0.91,133.98,83.74,1742.87,494.2,5350,6.43,33,50.28,2048
2005-11-21,Dow Jones,3915.76,3910.06,3958.66,3874.27,907106201,-2.44,3.6,5.11,3.77,115,18226,2948,0.91,133.98,83.74,1742.87,494.2,5350,6.43,33,50.28,2048
2005-11-22,Dow Jones,3915.76,3910.06,3958.66,3874.27,907106201,-2.44,3.6,5.11,3.77,115,18226,2948,0.91,133.98,83.74,1742.87,494.2,5350,6.43,33,50.28,2048
2005-11-23,Dow Jones,3915.76,3910.06,3958.66,3874.27,907106201,-2.44,3.6,5.11,3.77,115,18226,2948,0.91,133.98,83.74,1742.87,494.2,5350,6.43,33,50.28,2048
2005-11-24,Dow Jones,3915.76,3910.06,3958.66,3874.27,907106201,-2.44,3.6,5.11,3.77,115,18226,2948,0.91,133.98,83.74,1742.87,494.2,5350,6.43,33,50.28,2048
2005-11-25,Dow Jones,3915.76,3910.06,3958.66,3874.27,907106201,-2.44,3.6,5.11,3.77,115,18226,2948,0.91,133.98,83.74,1742.87,494.2,5350,6.43,33,50.28,2048
2005-11-26,Dow Jones,1051.59,1083.87,1104.7199999999998,1048.47,33550620,7.43,1.03,6.29,6.84,59,12385,3929,1.39,110.13,65.62,1970.94,122.39,6757,0.31,16,45.31,8975
2005-11-27,Dow Jones,3161.2,3163.03,3174.49,3152.22,936820340,-0.72,6.16,9.92,9.41,95,27523,3882,1.09,87.04,24.53,1840.3,179.85,9047,7.98,30,8.94,6775
2005-11-28,Dow Jones,4404.6,4400.780000000001,4416.1900000000005,4394.56,359445173,-2.22,1.16,6.77,6.69,68,21669,610,1.42,143.24,109.4,2017.12,341.12,6403,3.01,35,62.69,12351
2005-11-29,Dow Jones,4830.53,4811.969999999999,4875.599999999999,4766.23,780137388,9.58,8.43,10.75,2.01,107,26241,2256,1.25,84.85,55.46,833.49,404.6,8043,2.19,25,10.06,14393
2005-11-30,Dow Jones,4830.53,4811.969999999999,4875.599999999999,4766.23,780137388,9.58,8.43,10.75,2.01,107,26241,2256,1.25,84.85,55.46,833.49,404.6,8043,2.19,25,10.06,14393
2005-12-01,Dow Jones,3057.85,3080.84,3108.5199999999995,3030.97,281074173,7.51,3.66,11.11,5.65,100,14969,832,1.22,114.75,136.66,2228.34,147.87,9074,0.39,34,52.82,7096
2005-12-02,Dow Jones,3057.85,3080.84,3108.5199999999995,3030.97,281074173,7.51,3.66,11.11,5.65,100,14969,832,1.22,114.75,136.66,2228.34,147.87,9074,0.39,34,52.82,7096
2005-12-03,Dow Jones,3195.49,3208.41,3232.13,3168.32,857269900,0.32,7.12,7.93,3.83,107,5256,4060,1.2,95.63,43.6,2222.42,475.51,5880,2.63,3,35.16,2174
2005-12-04,Dow Jones,3195.49,3208.41,3232.13,3168.32,857269900,0.32,7.12,7.93,3.83,107,5256,4060,1.2,95.63,43.6,2222.42,475.51,5880,2.63,3,35.16,2174
2005-12-05,Dow Jones,3195.49,3208.41,3232.13,3168.32,857269900,0.32,7.12,7.93,3.83,107,5256,4060,1.2,95.63,43.6,2222.42,475.51,5880,2.63,3,35.16,2174
2005-12-06,Dow Jones,3195.49,3208.41,3232.13,3168.32,857269900,0.32,7.12,7.93,3.83,107,5256,4060,1.2,95.63,43.6,2222.42,475.51,5880,2.63,3,35.16,2174
2005-12-07,Dow Jones,3195.49,3208.41,3232.13,3168.32,857269900,0.32,7.12,7.93,3.83,107,5256,4060,1.2,95.63,43.6,2222.42,475.51,5880,2.63,3,35.16,2174
2005-12-08,Dow Jones,1379.86,1375.6899999999998,1397.09,1366.2599999999998,683749868,-4.74,7.55,11.38,0.88,84,29476,4857,1.21,90.11,65.88,2393.88,251.72,4089,4.14,9,54.13,8046
2005-12-09,Dow Jones,1379.86,1375.6899999999998,1397.09,1366.2599999999998,683749868,-4.74,7.55,11.38,0.88,84,29476,4857,1.21,90.11,65.88,2393.88,251.72,4089,4.14,9,54.13,8046
2005-12-10,Dow Jones,1379.86,1375.6899999999998,1397.09,1366.2599999999998,683749868,-4.74,7.55,11.38,0.88,84,29476,4857,1.21,90.11,65.88,2393.88,251.72,4089,4.14,9,54.13,8046
2005-12-11,Dow Jones,1379.86,1375.6899999999998,1397.09,1366.2599999999998,683749868,-4.74,7.55,11.38,0.88,84,29476,4857,1.21,90.11,65.88,2393.88,251.72,4089,4.14,9,54.13,8046
2005-12-12,Dow Jones,4949.34,4988.02,4995.02,4927.63,842722179,4.47,7.81,7.88,6.79,57,21386,677,1.31,116.57,35.86,2329.08,123.88,8662,7.79,9,31.29,4168
2005-12-13,Dow Jones,4949.34,4988.02,4995.02,4927.63,842722179,4.47,7.81,7.88,6.79,57,21386,677,1.31,116.57,35.86,2329.08,123.88,8662,7.79,9,31.29,4168
2005-12-14,Dow Jones,4949.34,4988.02,4995.02,4927.63,842722179,4.47,7.81,7.88,6.79,57,21386,677,1.31,116.57,35.86,2329.08,123.88,8662,7.79,9,31.29,4168
2005-12-15,Dow Jones,4949.34,4988.02,4995.02,4927.63,842722179,4.47,7.81,7.88,6.79,57,21386,677,1.31,116.57,35.86,2329.08,123.88,8662,7.79,9,31.29,4168
2005-12-16,Dow Jones,4982.28,4979.889999999999,4985.52,4943.179999999999,156114661,2.01,7.82,7.58,6.68,70,23496,1989,1.11,94.85,119.4,1322.01,171.35,7032,9.18,16,43.14,514
2005-12-17,Dow Jones,4982.28,4979.889999999999,4985.52,4943.179999999999,156114661,2.01,7.82,7.58,6.68,70,23496,1989,1.11,94.85,119.4,1322.01,171.35,7032,9.18,16,43.14,514
2005-12-18,Dow Jones,4249.9,4276.94,4298.31,4228.94,727912888,5.86,3.15,11.36,5.98,94,6566,3033,1.44,93.61,101.33,1124.72,390.44,5561,8.98,32,23.83,11911
2005-12-19,Dow Jones,4249.9,4276.94,4298.31,4228.94,727912888,5.86,3.15,11.36,5.98,94,6566,3033,1.44,93.61,101.33,1124.72,390.44,5561,8.98,32,23.83,11911
2005-12-20,Dow Jones,4249.9,4276.94,4298.31,4228.94,727912888,5.86,3.15,11.36,5.98,94,6566,3033,1.44,93.61,101.33,1124.72,390.44,5561,8.98,32,23.83,11911
2005-12-21,Dow Jones,2610.81,2584.17,2644.78,2579.51,238173286,1.72,9.34,6.24,4.86,111,29182,1289,1.35,123.29,136.97,1063.42,130.19,1298,1.87,30,92.87,735
2005-12-22,Dow Jones,3690.03,3680.99,3713.56,3678.69,237903230,4.16,3.68,7.77,1.54,100,11414,3002,0.95,113.43,102.39,1854.12,386.57,8761,3.1,4,6.22,9185
2005-12-23,Dow Jones,3690.03,3680.99,3713.56,3678.69,237903230,4.16,3.68,7.77,1.54,100,11414,3002,0.95,113.43,102.39,1854.12,386.57,8761,3.1,4,6.22,9185
2005-12-24,Dow Jones,2260.96,2288.08,2306.88,2251.6,866433478,6.59,6.03,10.13,2.07,105,24237,3216,1.49,113.26,43.32,957.4,112.39,5034,6.57,28,56.34,9565
2005-12-25,Dow Jones,2260.96,2288.08,2306.88,2251.6,866433478,6.59,6.03,10.13,2.07,105,24237,3216,1.49,113.26,43.32,957.4,112.39,5034,6.57,28,56.34,9565
2005-12-26,Dow Jones,2260.96,2288.08,2306.88,2251.6,866433478,6.59,6.03,10.13,2.07,105,24237,3216,1.49,113.26,43.32,957.4,112.39,5034,6.57,28,56.34,9565
2005-12-27,Dow Jones,2260.96,2288.08,2306.88,2251.6,866433478,6.59,6.03,10.13,2.07,105,24237,3216,1.49,113.26,43.32,957.4,112.39,5034,6.57,28,56.34,9565
2005-12-28,Dow Jones,2260.96,2288.08,2306.88,2251.6,866433478,6.59,6.03,10.13,2.07,105,24237,3216,1.49,113.26,43.32,957.4,112.39,5034,6.57,28,56.34,9565
2005-12-29,Dow Jones,2260.96,2288.08,2306.88,2251.6,866433478,6.59,6.03,10.13,2.07,105,24237,3216,1.49,113.26,43.32,957.4,112.39,5034,6.57,28,56.34,9565
2005-12-30,Dow Jones,2260.96,2288.08,2306.88,2251.6,866433478,6.59,6.03,10.13,2.07,105,24237,3216,1.49,113.26,43.32,957.4,112.39,5034,6.57,28,56.34,9565
2005-12-31,Dow Jones,4013.89,4019.88,4051.4,3972.01,77227460,-1.88,9.08,9.54,2.14,62,9377,4917,0.93,144.34,70.19,1142.51,468.58,1791,5.52,39,56.23,13026
2006-01-01,Dow Jones,4013.89,4019.88,4051.4,3972.01,77227460,-1.88,9.08,9.54,2.14,62,9377,4917,0.93,144.34,70.19,1142.51,468.58,1791,5.52,39,56.23,13026
2006-01-02,Dow Jones,2999.84,3000.33,3001.26,2996.21,269871382,-0.73,4.78,6.03,1.07,96,23538,1471,1.3,101.72,148.66,2388.78,180.14,2515,0.73,47,68.08,12999
2006-01-03,Dow Jones,2999.84,3000.33,3001.26,2996.21,269871382,-0.73,4.78,6.03,1.07,96,23538,1471,1.3,101.72,148.66,2388.78,180.14,2515,0.73,47,68.08,12999
2006-01-04,Dow Jones,2999.84,3000.33,3001.26,2996.21,269871382,-0.73,4.78,6.03,1.07,96,23538,1471,1.3,101.72,148.66,2388.78,180.14,2515,0.73,47,68.08,12999
2006-01-05,Dow Jones,2999.84,3000.33,3001.26,2996.21,269871382,-0.73,4.78,6.03,1.07,96,23538,1471,1.3,101.72,148.66,2388.78,180.14,2515,0.73,47,68.08,12999
2006-01-06,Dow Jones,2999.84,3000.33,3001.26,2996.21,269871382,-0.73,4.78,6.03,1.07,96,23538,1471,1.3,101.72,148.66,2388.78,180.14,2515,0.73,47,68.08,12999
2006-01-07,Dow Jones,2138.17,2164.79,2202.92,2112.76,756303852,-0.96,3.66,11.81,0.85,89,4234,3998,0.94,139.94,131.67,956.33,359.35,6450,8.43,16,3.31,2445
2006-01-08,Dow Jones,2772.13,2815.37,2825.44,2754.87,134801179,4.1,1.39,4.46,8.16,79,23688,4555,1.39,143.35,88.95,1217.0,204.19,1231,0.4,41,74.98,2719
2006-01-09,Dow Jones,2772.13,2815.37,2825.44,2754.87,134801179,4.1,1.39,4.46,8.16,79,23688,4555,1.39,143.35,88.95,1217.0,204.19,1231,0.4,41,74.98,2719
2006-01-10,Dow Jones,2772.13,2815.37,2825.44,2754.87,134801179,4.1,1.39,4.46,8.16,79,23688,4555,1.39,143.35,88.95,1217.0,204.19,1231,0.4,41,74.98,2719
2006-01-11,Dow Jones,2772.13,2815.37,2825.44,2754.87,134801179,4.1,1.39,4.46,8.16,79,23688,4555,1.39,143.35,88.95,1217.0,204.19,1231,0.4,41,74.98,2719
2006-01-12,Dow Jones,2772.13,2815.37,2825.44,2754.87,134801179,4.1,1.39,4.46,8.16,79,23688,4555,1.39,143.35,88.95,1217.0,204.19,1231,0.4,41,74.98,2719
2006-01-13,Dow Jones,2772.13,2815.37,2825.44,2754.87,134801179,4.1,1.39,4.46,8.16,79,23688,4555,1.39,143.35,88.95,1217.0,204.19,1231,0.4,41,74.98,2719
2006-01-14,Dow Jones,2772.13,2815.37,2825.44,2754.87,134801179,4.1,1.39,4.46,8.16,79,23688,4555,1.39,143.35,88.95,1217.0,204.19,1231,0.4,41,74.98,2719
2006-01-15,Dow Jones,2772.13,2815.37,2825.44,2754.87,134801179,4.1,1.39,4.46,8.16,79,23688,4555,1.39,143.35,88.95,1217.0,204.19,1231,0.4,41,74.98,2719
2006-01-16,Dow Jones,2772.13,2815.37,2825.44,2754.87,134801179,4.1,1.39,4.46,8.16,79,23688,4555,1.39,143.35,88.95,1217.0,204.19,1231,0.4,41,74.98,2719
2006-01-17,Dow Jones,2772.13,2815.37,2825.44,2754.87,134801179,4.1,1.39,4.46,8.16,79,23688,4555,1.39,143.35,88.95,1217.0,204.19,1231,0.4,41,74.98,2719
2006-01-18,Dow Jones,1344.13,1332.45,1345.5500000000002,1325.03,669838142,-3.28,6.19,2.44,8.21,87,24148,2477,1.3,138.69,33.18,2274.37,460.67,4316,6.8,8,90.03,9452
2006-01-19,Dow Jones,1344.13,1332.45,1345.5500000000002,1325.03,669838142,-3.28,6.19,2.44,8.21,87,24148,2477,1.3,138.69,33.18,2274.37,460.67,4316,6.8,8,90.03,9452
2006-01-20,Dow Jones,1344.13,1332.45,1345.5500000000002,1325.03,669838142,-3.28,6.19,2.44,8.21,87,24148,2477,1.3,138.69,33.18,2274.37,460.67,4316,6.8,8,90.03,9452
2006-01-21,Dow Jones,1344.13,1332.45,1345.5500000000002,1325.03,669838142,-3.28,6.19,2.44,8.21,87,24148,2477,1.3,138.69,33.18,2274.37,460.67,4316,6.8,8,90.03,9452
2006-01-22,Dow Jones,1344.13,1332.45,1345.5500000000002,1325.03,669838142,-3.28,6.19,2.44,8.21,87,24148,2477,1.3,138.69,33.18,2274.37,460.67,4316,6.8,8,90.03,9452
2006-01-23,Dow Jones,1344.13,1332.45,1345.5500000000002,1325.03,669838142,-3.28,6.19,2.44,8.21,87,24148,2477,1.3,138.69,33.18,2274.37,460.67,4316,6.8,8,90.03,9452
2006-01-24,Dow Jones,1344.13,1332.45,1345.5500000000002,1325.03,669838142,-3.28,6.19,2.44,8.21,87,24148,2477,1.3,138.69,33.18,2274.37,460.67,4316,6.8,8,90.03,9452
2006-01-25,Dow Jones,1344.13,1332.45,1345.5500000000002,1325.03,669838142,-3.28,6.19,2.44,8.21,87,24148,2477,1.3,138.69,33.18,2274.37,460.67,4316,6.8,8,90.03,9452
2006-01-26,Dow Jones,1344.13,1332.45,1345.5500000000002,1325.03,669838142,-3.28,6.19,2.44,8.21,87,24148,2477,1.3,138.69,33.18,2274.37,460.67,4316,6.8,8,90.03,9452
2006-01-27,Dow Jones,2992.52,3013.99,3029.74,2959.27,316442557,2.07,7.01,2.6,6.49,78,27004,3739,1.46,91.27,39.69,1820.18,299.86,9444,9.86,49,54.05,14936
2006-01-28,Dow Jones,2992.52,3013.99,3029.74,2959.27,316442557,2.07,7.01,2.6,6.49,78,27004,3739,1.46,91.27,39.69,1820.18,299.86,9444,9.86,49,54.05,14936
2006-01-29,Dow Jones,2009.25,2050.48,2055.04,1991.23,146674141,-1.49,4.06,9.63,4.23,100,11249,555,0.91,131.92,130.45,1911.26,254.61,7264,6.4,17,96.2,14192
2006-01-30,Dow Jones,2009.25,2050.48,2055.04,1991.23,146674141,-1.49,4.06,9.63,4.23,100,11249,555,0.91,131.92,130.45,1911.26,254.61,7264,6.4,17,96.2,14192
2006-01-31,Dow Jones,2009.25,2050.48,2055.04,1991.23,146674141,-1.49,4.06,9.63,4.23,100,11249,555,0.91,131.92,130.45,1911.26,254.61,7264,6.4,17,96.2,14192
2006-02-01,Dow Jones,2009.25,2050.48,2055.04,1991.23,146674141,-1.49,4.06,9.63,4.23,100,11249,555,0.91,131.92,130.45,1911.26,254.61,7264,6.4,17,96.2,14192
2006-02-02,Dow Jones,2009.25,2050.48,2055.04,1991.23,146674141,-1.49,4.06,9.63,4.23,100,11249,555,0.91,131.92,130.45,1911.26,254.61,7264,6.4,17,96.2,14192
2006-02-03,Dow Jones,2009.25,2050.48,2055.04,1991.23,146674141,-1.49,4.06,9.63,4.23,100,11249,555,0.91,131.92,130.45,1911.26,254.61,7264,6.4,17,96.2,14192
2006-02-04,Dow Jones,3920.89,3968.1,3995.38,3909.19,293529309,-4.86,8.77,3.04,2.16,89,7480,4830,1.03,129.87,118.06,1058.45,172.58,1808,8.28,17,53.99,5726
2006-02-05,Dow Jones,3920.89,3968.1,3995.38,3909.19,293529309,-4.86,8.77,3.04,2.16,89,7480,4830,1.03,129.87,118.06,1058.45,172.58,1808,8.28,17,53.99,5726
2006-02-06,Dow Jones,3920.89,3968.1,3995.38,3909.19,293529309,-4.86,8.77,3.04,2.16,89,7480,4830,1.03,129.87,118.06,1058.45,172.58,1808,8.28,17,53.99,5726
2006-02-07,Dow Jones,3920.89,3968.1,3995.38,3909.19,293529309,-4.86,8.77,3.04,2.16,89,7480,4830,1.03,129.87,118.06,1058.45,172.58,1808,8.28,17,53.99,5726
2006-02-08,Dow Jones,3920.89,3968.1,3995.38,3909.19,293529309,-4.86,8.77,3.04,2.16,89,7480,4830,1.03,129.87,118.06,1058.45,172.58,1808,8.28,17,53.99,5726
2006-02-09,Dow Jones,3920.89,3968.1,3995.38,3909.19,293529309,-4.86,8.77,3.04,2.16,89,7480,4830,1.03,129.87,118.06,1058.45,172.58,1808,8.28,17,53.99,5726
2006-02-10,Dow Jones,3225.86,3220.1,3242.3900000000003,3198.48,185468597,0.31,2.21,12.55,9.1,118,23986,3925,1.02,81.19,64.01,1978.91,299.24,4480,1.73,3,85.87,11083
2006-02-11,Dow Jones,2434.49,2389.1,2477.52,2347.73,383839111,0.34,5.33,12.81,3.33,108,22875,4688,1.08,89.47,63.39,2130.34,338.89,1037,0.03,11,17.0,13248
2006-02-12,Dow Jones,2434.49,2389.1,2477.52,2347.73,383839111,0.34,5.33,12.81,3.33,108,22875,4688,1.08,89.47,63.39,2130.34,338.89,1037,0.03,11,17.0,13248
2006-02-13,Dow Jones,1083.74,1067.6,1123.72,1033.83,42171637,6.2,2.6,9.7,5.07,74,21092,2368,0.83,133.99,85.67,1772.96,126.13,2131,6.27,13,36.46,6826
2006-02-14,Dow Jones,1083.74,1067.6,1123.72,1033.83,42171637,6.2,2.6,9.7,5.07,74,21092,2368,0.83,133.99,85.67,1772.96,126.13,2131,6.27,13,36.46,6826
2006-02-15,Dow Jones,1083.74,1067.6,1123.72,1033.83,42171637,6.2,2.6,9.7,5.07,74,21092,2368,0.83,133.99,85.67,1772.96,126.13,2131,6.27,13,36.46,6826
2006-02-16,Dow Jones,1083.74,1067.6,1123.72,1033.83,42171637,6.2,2.6,9.7,5.07,74,21092,2368,0.83,133.99,85.67,1772.96,126.13,2131,6.27,13,36.46,6826
2006-02-17,Dow Jones,3808.43,3824.62,3866.19,3759.67,677641770,-3.65,9.19,4.06,2.49,108,26895,3484,1.26,102.51,74.38,1264.79,133.85,3736,5.65,8,88.14,10513
2006-02-18,Dow Jones,3808.43,3824.62,3866.19,3759.67,677641770,-3.65,9.19,4.06,2.49,108,26895,3484,1.26,102.51,74.38,1264.79,133.85,3736,5.65,8,88.14,10513
2006-02-19,Dow Jones,3808.43,3824.62,3866.19,3759.67,677641770,-3.65,9.19,4.06,2.49,108,26895,3484,1.26,102.51,74.38,1264.79,133.85,3736,5.65,8,88.14,10513
2006-02-20,Dow Jones,2583.75,2624.31,2635.01,2578.73,676760291,5.51,4.66,14.64,6.62,103,28837,732,0.82,112.38,77.17,1823.51,323.65,3963,8.05,16,11.16,7068
2006-02-21,Dow Jones,2583.75,2624.31,2635.01,2578.73,676760291,5.51,4.66,14.64,6.62,103,28837,732,0.82,112.38,77.17,1823.51,323.65,3963,8.05,16,11.16,7068
2006-02-22,Dow Jones,2583.75,2624.31,2635.01,2578.73,676760291,5.51,4.66,14.64,6.62,103,28837,732,0.82,112.38,77.17,1823.51,323.65,3963,8.05,16,11.16,7068
2006-02-23,Dow Jones,2649.12,2627.57,2662.46,2591.28,196693128,9.14,2.78,2.22,7.77,58,12342,3119,1.37,97.51,94.7,1025.12,288.29,2117,4.54,33,73.43,3136
2006-02-24,Dow Jones,4738.92,4693.63,4787.27,4659.92,59430292,-2.5,4.47,11.42,6.13,91,21650,109,0.86,111.36,84.72,2435.35,294.09,3911,8.35,41,49.64,14675
2006-02-25,Dow Jones,4738.92,4693.63,4787.27,4659.92,59430292,-2.5,4.47,11.42,6.13,91,21650,109,0.86,111.36,84.72,2435.35,294.09,3911,8.35,41,49.64,14675
2006-02-26,Dow Jones,1481.79,1518.07,1557.4399999999998,1473.3,576519938,-2.72,9.59,4.31,0.5,107,26367,2274,1.1,112.63,31.21,2024.47,184.8,4880,0.24,26,77.69,14637
2006-02-27,Dow Jones,1481.79,1518.07,1557.4399999999998,1473.3,576519938,-2.72,9.59,4.31,0.5,107,26367,2274,1.1,112.63,31.21,2024.47,184.8,4880,0.24,26,77.69,14637
2006-02-28,Dow Jones,1481.79,1518.07,1557.4399999999998,1473.3,576519938,-2.72,9.59,4.31,0.5,107,26367,2274,1.1,112.63,31.21,2024.47,184.8,4880,0.24,26,77.69,14637
2006-03-01,Dow Jones,1481.79,1518.07,1557.4399999999998,1473.3,576519938,-2.72,9.59,4.31,0.5,107,26367,2274,1.1,112.63,31.21,2024.47,184.8,4880,0.24,26,77.69,14637
2006-03-02,Dow Jones,1481.79,1518.07,1557.4399999999998,1473.3,576519938,-2.72,9.59,4.31,0.5,107,26367,2274,1.1,112.63,31.21,2024.47,184.8,4880,0.24,26,77.69,14637
2006-03-03,Dow Jones,1481.79,1518.07,1557.4399999999998,1473.3,576519938,-2.72,9.59,4.31,0.5,107,26367,2274,1.1,112.63,31.21,2024.47,184.8,4880,0.24,26,77.69,14637
2006-03-04,Dow Jones,3023.73,3064.13,3084.27,3009.06,153507391,1.09,5.11,5.42,8.3,115,25196,4120,0.98,134.76,105.35,2443.01,410.79,2613,2.15,6,67.49,13515
2006-03-05,Dow Jones,3023.73,3064.13,3084.27,3009.06,153507391,1.09,5.11,5.42,8.3,115,25196,4120,0.98,134.76,105.35,2443.01,410.79,2613,2.15,6,67.49,13515
2006-03-06,Dow Jones,3023.73,3064.13,3084.27,3009.06,153507391,1.09,5.11,5.42,8.3,115,25196,4120,0.98,134.76,105.35,2443.01,410.79,2613,2.15,6,67.49,13515
2006-03-07,Dow Jones,4991.0,4946.05,5020.39,4941.31,552215344,9.29,0.69,12.3,6.08,106,10201,1126,1.39,149.63,73.32,1766.03,269.94,5130,2.44,33,30.04,3802
2006-03-08,Dow Jones,2806.96,2761.35,2832.03,2744.01,250757180,-0.81,5.96,7.76,8.35,86,9934,2473,1.48,135.05,94.52,1239.06,302.84,4469,5.82,31,56.34,4984
2006-03-09,Dow Jones,2806.96,2761.35,2832.03,2744.01,250757180,-0.81,5.96,7.76,8.35,86,9934,2473,1.48,135.05,94.52,1239.06,302.84,4469,5.82,31,56.34,4984
2006-03-10,Dow Jones,2806.96,2761.35,2832.03,2744.01,250757180,-0.81,5.96,7.76,8.35,86,9934,2473,1.48,135.05,94.52,1239.06,302.84,4469,5.82,31,56.34,4984
2006-03-11,Dow Jones,2806.96,2761.35,2832.03,2744.01,250757180,-0.81,5.96,7.76,8.35,86,9934,2473,1.48,135.05,94.52,1239.06,302.84,4469,5.82,31,56.34,4984
2006-03-12,Dow Jones,2806.96,2761.35,2832.03,2744.01,250757180,-0.81,5.96,7.76,8.35,86,9934,2473,1.48,135.05,94.52,1239.06,302.84,4469,5.82,31,56.34,4984
2006-03-13,Dow Jones,2806.96,2761.35,2832.03,2744.01,250757180,-0.81,5.96,7.76,8.35,86,9934,2473,1.48,135.05,94.52,1239.06,302.84,4469,5.82,31,56.34,4984
2006-03-14,Dow Jones,2806.96,2761.35,2832.03,2744.01,250757180,-0.81,5.96,7.76,8.35,86,9934,2473,1.48,135.05,94.52,1239.06,302.84,4469,5.82,31,56.34,4984
2006-03-15,Dow Jones,3638.76,3669.35,3710.500000000001,3609.7,184779209,-0.63,3.15,10.03,1.74,96,23943,3793,1.06,143.79,133.91,1441.81,473.9,5523,6.22,29,60.16,6305
2006-03-16,Dow Jones,3638.76,3669.35,3710.500000000001,3609.7,184779209,-0.63,3.15,10.03,1.74,96,23943,3793,1.06,143.79,133.91,1441.81,473.9,5523,6.22,29,60.16,6305
2006-03-17,Dow Jones,3638.76,3669.35,3710.500000000001,3609.7,184779209,-0.63,3.15,10.03,1.74,96,23943,3793,1.06,143.79,133.91,1441.81,473.9,5523,6.22,29,60.16,6305
2006-03-18,Dow Jones,3638.76,3669.35,3710.500000000001,3609.7,184779209,-0.63,3.15,10.03,1.74,96,23943,3793,1.06,143.79,133.91,1441.81,473.9,5523,6.22,29,60.16,6305
2006-03-19,Dow Jones,3638.76,3669.35,3710.500000000001,3609.7,184779209,-0.63,3.15,10.03,1.74,96,23943,3793,1.06,143.79,133.91,1441.81,473.9,5523,6.22,29,60.16,6305
2006-03-20,Dow Jones,3638.76,3669.35,3710.500000000001,3609.7,184779209,-0.63,3.15,10.03,1.74,96,23943,3793,1.06,143.79,133.91,1441.81,473.9,5523,6.22,29,60.16,6305
2006-03-21,Dow Jones,3638.76,3669.35,3710.500000000001,3609.7,184779209,-0.63,3.15,10.03,1.74,96,23943,3793,1.06,143.79,133.91,1441.81,473.9,5523,6.22,29,60.16,6305
2006-03-22,Dow Jones,3638.76,3669.35,3710.500000000001,3609.7,184779209,-0.63,3.15,10.03,1.74,96,23943,3793,1.06,143.79,133.91,1441.81,473.9,5523,6.22,29,60.16,6305
2006-03-23,Dow Jones,3638.76,3669.35,3710.500000000001,3609.7,184779209,-0.63,3.15,10.03,1.74,96,23943,3793,1.06,143.79,133.91,1441.81,473.9,5523,6.22,29,60.16,6305
2006-03-24,Dow Jones,3638.76,3669.35,3710.500000000001,3609.7,184779209,-0.63,3.15,10.03,1.74,96,23943,3793,1.06,143.79,133.91,1441.81,473.9,5523,6.22,29,60.16,6305
2006-03-25,Dow Jones,3638.76,3669.35,3710.500000000001,3609.7,184779209,-0.63,3.15,10.03,1.74,96,23943,3793,1.06,143.79,133.91,1441.81,473.9,5523,6.22,29,60.16,6305
2006-03-26,Dow Jones,3638.76,3669.35,3710.500000000001,3609.7,184779209,-0.63,3.15,10.03,1.74,96,23943,3793,1.06,143.79,133.91,1441.81,473.9,5523,6.22,29,60.16,6305
2006-03-27,Dow Jones,2605.85,2586.0,2637.04,2559.02,923823257,9.12,1.76,10.69,4.55,77,14463,1913,1.08,113.81,51.81,1003.55,374.53,107,7.52,42,5.89,10671
2006-03-28,Dow Jones,2352.34,2311.8,2393.8500000000004,2277.25,26519639,4.39,9.18,6.01,6.48,63,22941,1003,1.32,115.16,80.08,948.15,331.52,2182,1.63,29,99.59,8190
2006-03-29,Dow Jones,1507.3,1533.14,1551.16,1486.23,944861899,-2.77,2.46,4.72,0.84,79,26481,4623,1.47,93.01,95.28,815.9,354.97,4997,1.24,9,98.13,13659
2006-03-30,Dow Jones,2566.97,2577.57,2599.09,2524.27,205905787,5.2,2.44,7.04,1.24,88,6008,593,1.44,82.89,102.05,1422.95,333.98,9453,0.88,18,52.48,1285
2006-03-31,Dow Jones,2566.97,2577.57,2599.09,2524.27,205905787,5.2,2.44,7.04,1.24,88,6008,593,1.44,82.89,102.05,1422.95,333.98,9453,0.88,18,52.48,1285
2006-04-01,Dow Jones,2566.97,2577.57,2599.09,2524.27,205905787,5.2,2.44,7.04,1.24,88,6008,593,1.44,82.89,102.05,1422.95,333.98,9453,0.88,18,52.48,1285
2006-04-02,Dow Jones,2566.97,2577.57,2599.09,2524.27,205905787,5.2,2.44,7.04,1.24,88,6008,593,1.44,82.89,102.05,1422.95,333.98,9453,0.88,18,52.48,1285
2006-04-03,Dow Jones,1234.26,1246.51,1287.96,1222.49,425609493,0.78,5.04,14.84,2.66,84,25009,3830,1.48,133.6,41.99,821.24,288.66,3532,4.22,19,61.22,3478
2006-04-04,Dow Jones,3209.46,3180.24,3214.91,3152.36,60365903,-4.14,8.3,10.98,7.6,90,23363,4790,1.33,119.46,105.43,2076.71,340.09,758,7.09,1,47.88,4069
2006-04-05,Dow Jones,3209.46,3180.24,3214.91,3152.36,60365903,-4.14,8.3,10.98,7.6,90,23363,4790,1.33,119.46,105.43,2076.71,340.09,758,7.09,1,47.88,4069
2006-04-06,Dow Jones,3209.46,3180.24,3214.91,3152.36,60365903,-4.14,8.3,10.98,7.6,90,23363,4790,1.33,119.46,105.43,2076.71,340.09,758,7.09,1,47.88,4069
2006-04-07,Dow Jones,3307.93,3286.28,3312.86,3266.05,613703698,-4.69,7.11,2.8,4.59,114,14918,4479,1.08,97.02,106.66,1166.23,298.36,2848,1.93,42,87.3,8707
2006-04-08,Dow Jones,2381.92,2426.76,2457.71,2367.34,744254390,2.12,8.61,6.04,3.65,114,27115,4958,0.87,98.28,89.74,1636.75,279.44,8693,4.29,46,7.16,11237
2006-04-09,Dow Jones,4212.05,4246.3,4253.4800000000005,4200.33,803447650,8.97,9.36,3.78,6.06,92,10891,937,1.46,82.14,124.67,856.01,259.19,7614,3.59,42,54.45,669
2006-04-10,Dow Jones,3161.12,3183.36,3209.48,3134.49,108751466,0.92,7.85,8.84,3.71,109,4562,2115,1.0,143.04,61.52,2321.02,428.41,6627,4.34,10,70.13,4345
2006-04-11,Dow Jones,3161.12,3183.36,3209.48,3134.49,108751466,0.92,7.85,8.84,3.71,109,4562,2115,1.0,143.04,61.52,2321.02,428.41,6627,4.34,10,70.13,4345
2006-04-12,Dow Jones,3263.4,3224.01,3279.23,3196.55,230543798,3.68,4.34,9.48,8.7,112,7848,3179,0.91,137.16,39.56,1301.0,299.97,2808,0.92,41,74.0,7997
2006-04-13,Dow Jones,3263.4,3224.01,3279.23,3196.55,230543798,3.68,4.34,9.48,8.7,112,7848,3179,0.91,137.16,39.56,1301.0,299.97,2808,0.92,41,74.0,7997
2006-04-14,Dow Jones,2585.25,2551.32,2609.45,2535.13,598135123,-2.47,7.1,14.63,8.36,84,8445,3552,0.93,104.78,112.16,1261.16,164.5,9074,2.61,2,76.7,6599
2006-04-15,Dow Jones,2185.3,2233.13,2282.04,2174.3,918970802,-4.72,9.93,13.42,8.72,90,20122,4848,1.37,134.23,38.0,868.28,101.86,7609,1.16,3,99.71,6999
2006-04-16,Dow Jones,1573.88,1539.73,1617.59,1491.17,445716243,4.15,7.37,3.54,5.91,65,1993,3978,1.08,115.7,53.03,849.45,206.09,8634,2.53,34,88.88,2069
2006-04-17,Dow Jones,1573.88,1539.73,1617.59,1491.17,445716243,4.15,7.37,3.54,5.91,65,1993,3978,1.08,115.7,53.03,849.45,206.09,8634,2.53,34,88.88,2069
2006-04-18,Dow Jones,1573.88,1539.73,1617.59,1491.17,445716243,4.15,7.37,3.54,5.91,65,1993,3978,1.08,115.7,53.03,849.45,206.09,8634,2.53,34,88.88,2069
2006-04-19,Dow Jones,1573.88,1539.73,1617.59,1491.17,445716243,4.15,7.37,3.54,5.91,65,1993,3978,1.08,115.7,53.03,849.45,206.09,8634,2.53,34,88.88,2069
2006-04-20,Dow Jones,1322.46,1285.36,1368.02,1259.5200000000002,541284969,0.55,6.9,9.08,5.73,57,18481,4752,1.33,149.92,39.79,2368.93,228.14,3848,8.92,7,67.22,6075
2006-04-21,Dow Jones,1322.46,1285.36,1368.02,1259.5200000000002,541284969,0.55,6.9,9.08,5.73,57,18481,4752,1.33,149.92,39.79,2368.93,228.14,3848,8.92,7,67.22,6075
2006-04-22,Dow Jones,1322.46,1285.36,1368.02,1259.5200000000002,541284969,0.55,6.9,9.08,5.73,57,18481,4752,1.33,149.92,39.79,2368.93,228.14,3848,8.92,7,67.22,6075
2006-04-23,Dow Jones,1322.46,1285.36,1368.02,1259.5200000000002,541284969,0.55,6.9,9.08,5.73,57,18481,4752,1.33,149.92,39.79,2368.93,228.14,3848,8.92,7,67.22,6075
2006-04-24,Dow Jones,1322.46,1285.36,1368.02,1259.5200000000002,541284969,0.55,6.9,9.08,5.73,57,18481,4752,1.33,149.92,39.79,2368.93,228.14,3848,8.92,7,67.22,6075
2006-04-25,Dow Jones,1322.46,1285.36,1368.02,1259.5200000000002,541284969,0.55,6.9,9.08,5.73,57,18481,4752,1.33,149.92,39.79,2368.93,228.14,3848,8.92,7,67.22,6075
2006-04-26,Dow Jones,2907.36,2940.6600000000003,2986.0600000000004,2880.31,612432500,3.41,2.37,7.14,3.08,51,29057,2881,1.25,97.83,67.69,1929.27,212.25,3896,8.48,36,83.69,10802
2006-04-27,Dow Jones,2907.36,2940.6600000000003,2986.0600000000004,2880.31,612432500,3.41,2.37,7.14,3.08,51,29057,2881,1.25,97.83,67.69,1929.27,212.25,3896,8.48,36,83.69,10802
2006-04-28,Dow Jones,4314.61,4343.54,4388.95,4268.009999999999,188003873,0.52,9.22,8.76,5.33,119,20959,2245,1.19,140.22,71.77,1015.07,353.8,791,9.41,43,64.53,9194
2006-04-29,Dow Jones,4133.88,4087.0,4149.35,4061.36,150366533,6.73,8.87,6.52,1.77,55,503,375,1.32,86.82,79.2,1212.69,308.52,3978,3.06,43,87.36,5012
2006-04-30,Dow Jones,4133.88,4087.0,4149.35,4061.36,150366533,6.73,8.87,6.52,1.77,55,503,375,1.32,86.82,79.2,1212.69,308.52,3978,3.06,43,87.36,5012
2006-05-01,Dow Jones,4133.88,4087.0,4149.35,4061.36,150366533,6.73,8.87,6.52,1.77,55,503,375,1.32,86.82,79.2,1212.69,308.52,3978,3.06,43,87.36,5012
2006-05-02,Dow Jones,4133.88,4087.0,4149.35,4061.36,150366533,6.73,8.87,6.52,1.77,55,503,375,1.32,86.82,79.2,1212.69,308.52,3978,3.06,43,87.36,5012
2006-05-03,Dow Jones,4133.88,4087.0,4149.35,4061.36,150366533,6.73,8.87,6.52,1.77,55,503,375,1.32,86.82,79.2,1212.69,308.52,3978,3.06,43,87.36,5012
2006-05-04,Dow Jones,4133.88,4087.0,4149.35,4061.36,150366533,6.73,8.87,6.52,1.77,55,503,375,1.32,86.82,79.2,1212.69,308.52,3978,3.06,43,87.36,5012
2006-05-05,Dow Jones,4133.88,4087.0,4149.35,4061.36,150366533,6.73,8.87,6.52,1.77,55,503,375,1.32,86.82,79.2,1212.69,308.52,3978,3.06,43,87.36,5012
2006-05-06,Dow Jones,4133.88,4087.0,4149.35,4061.36,150366533,6.73,8.87,6.52,1.77,55,503,375,1.32,86.82,79.2,1212.69,308.52,3978,3.06,43,87.36,5012
2006-05-07,Dow Jones,4133.88,4087.0,4149.35,4061.36,150366533,6.73,8.87,6.52,1.77,55,503,375,1.32,86.82,79.2,1212.69,308.52,3978,3.06,43,87.36,5012
2006-05-08,Dow Jones,4133.88,4087.0,4149.35,4061.36,150366533,6.73,8.87,6.52,1.77,55,503,375,1.32,86.82,79.2,1212.69,308.52,3978,3.06,43,87.36,5012
2006-05-09,Dow Jones,3065.13,3110.02,3119.56,3036.81,257396408,6.8,1.05,6.01,7.2,118,28354,3299,0.87,82.98,29.09,1848.83,467.47,502,7.12,9,69.24,5749
2006-05-10,Dow Jones,3322.58,3297.18,3350.22,3263.1,47519129,4.85,3.59,9.45,7.49,74,13414,2164,1.13,98.17,24.02,831.74,276.64,8264,4.3,48,17.81,4397
2006-05-11,Dow Jones,4743.75,4746.96,4759.62,4726.8,871773999,1.99,1.55,7.32,8.23,93,11725,3644,0.95,85.14,128.88,1752.09,207.19,8079,1.93,37,88.72,5482
2006-05-12,Dow Jones,4743.75,4746.96,4759.62,4726.8,871773999,1.99,1.55,7.32,8.23,93,11725,3644,0.95,85.14,128.88,1752.09,207.19,8079,1.93,37,88.72,5482
2006-05-13,Dow Jones,2925.11,2945.4,2946.83,2902.74,484026026,8.19,6.41,5.58,8.67,62,13360,1907,1.13,95.01,92.82,1105.58,421.33,705,0.94,27,40.04,3856
2006-05-14,Dow Jones,2925.11,2945.4,2946.83,2902.74,484026026,8.19,6.41,5.58,8.67,62,13360,1907,1.13,95.01,92.82,1105.58,421.33,705,0.94,27,40.04,3856
2006-05-15,Dow Jones,4802.13,4771.51,4814.25,4768.9800000000005,653431539,0.58,7.53,14.66,2.87,102,6521,4237,1.16,137.24,90.17,2449.4,279.8,8079,8.37,49,48.22,1141
2006-05-16,Dow Jones,1088.26,1059.72,1108.96,1035.05,143539791,4.27,8.17,6.52,1.78,86,24304,2298,1.25,137.49,95.18,2233.89,470.73,4110,5.71,45,68.08,11330
2006-05-17,Dow Jones,4930.09,4953.91,4965.55,4915.29,329581474,3.63,6.66,2.51,8.08,112,7234,3972,1.41,145.64,49.37,1313.4,472.0,722,6.29,5,30.35,3161
2006-05-18,Dow Jones,4930.09,4953.91,4965.55,4915.29,329581474,3.63,6.66,2.51,8.08,112,7234,3972,1.41,145.64,49.37,1313.4,472.0,722,6.29,5,30.35,3161
2006-05-19,Dow Jones,4930.09,4953.91,4965.55,4915.29,329581474,3.63,6.66,2.51,8.08,112,7234,3972,1.41,145.64,49.37,1313.4,472.0,722,6.29,5,30.35,3161
2006-05-20,Dow Jones,4930.09,4953.91,4965.55,4915.29,329581474,3.63,6.66,2.51,8.08,112,7234,3972,1.41,145.64,49.37,1313.4,472.0,722,6.29,5,30.35,3161
2006-05-21,Dow Jones,4930.09,4953.91,4965.55,4915.29,329581474,3.63,6.66,2.51,8.08,112,7234,3972,1.41,145.64,49.37,1313.4,472.0,722,6.29,5,30.35,3161
2006-05-22,Dow Jones,4930.09,4953.91,4965.55,4915.29,329581474,3.63,6.66,2.51,8.08,112,7234,3972,1.41,145.64,49.37,1313.4,472.0,722,6.29,5,30.35,3161
2006-05-23,Dow Jones,3575.83,3577.68,3612.38,3532.68,476103836,-1.05,2.89,13.8,1.51,95,21311,3269,1.42,88.38,140.44,2025.44,440.82,6801,9.4,38,1.29,4235
2006-05-24,Dow Jones,3575.83,3577.68,3612.38,3532.68,476103836,-1.05,2.89,13.8,1.51,95,21311,3269,1.42,88.38,140.44,2025.44,440.82,6801,9.4,38,1.29,4235
2006-05-25,Dow Jones,3575.83,3577.68,3612.38,3532.68,476103836,-1.05,2.89,13.8,1.51,95,21311,3269,1.42,88.38,140.44,2025.44,440.82,6801,9.4,38,1.29,4235
2006-05-26,Dow Jones,3575.83,3577.68,3612.38,3532.68,476103836,-1.05,2.89,13.8,1.51,95,21311,3269,1.42,88.38,140.44,2025.44,440.82,6801,9.4,38,1.29,4235
2006-05-27,Dow Jones,3575.83,3577.68,3612.38,3532.68,476103836,-1.05,2.89,13.8,1.51,95,21311,3269,1.42,88.38,140.44,2025.44,440.82,6801,9.4,38,1.29,4235
2006-05-28,Dow Jones,2532.86,2548.28,2565.8,2513.2200000000003,142683930,8.27,5.2,8.59,2.71,85,17417,4829,0.87,103.33,148.35,2004.3,118.17,6606,4.92,12,8.48,11301
2006-05-29,Dow Jones,1865.33,1868.69,1911.63,1847.5,484868302,6.33,9.71,8.53,8.2,56,2619,4407,1.35,106.35,100.0,1053.42,325.29,9456,7.91,6,98.21,5928
2006-05-30,Dow Jones,1865.33,1868.69,1911.63,1847.5,484868302,6.33,9.71,8.53,8.2,56,2619,4407,1.35,106.35,100.0,1053.42,325.29,9456,7.91,6,98.21,5928
2006-05-31,Dow Jones,1193.45,1183.0800000000002,1221.73,1180.86,798802929,9.07,9.45,4.42,7.14,104,11357,3788,1.32,91.05,50.03,2202.19,433.26,9251,5.27,14,15.93,6593
2006-06-01,Dow Jones,1193.45,1183.0800000000002,1221.73,1180.86,798802929,9.07,9.45,4.42,7.14,104,11357,3788,1.32,91.05,50.03,2202.19,433.26,9251,5.27,14,15.93,6593
2006-06-02,Dow Jones,1193.45,1183.0800000000002,1221.73,1180.86,798802929,9.07,9.45,4.42,7.14,104,11357,3788,1.32,91.05,50.03,2202.19,433.26,9251,5.27,14,15.93,6593
2006-06-03,Dow Jones,1193.45,1183.0800000000002,1221.73,1180.86,798802929,9.07,9.45,4.42,7.14,104,11357,3788,1.32,91.05,50.03,2202.19,433.26,9251,5.27,14,15.93,6593
2006-06-04,Dow Jones,1193.45,1183.0800000000002,1221.73,1180.86,798802929,9.07,9.45,4.42,7.14,104,11357,3788,1.32,91.05,50.03,2202.19,433.26,9251,5.27,14,15.93,6593
2006-06-05,Dow Jones,1193.45,1183.0800000000002,1221.73,1180.86,798802929,9.07,9.45,4.42,7.14,104,11357,3788,1.32,91.05,50.03,2202.19,433.26,9251,5.27,14,15.93,6593
2006-06-06,Dow Jones,1193.45,1183.0800000000002,1221.73,1180.86,798802929,9.07,9.45,4.42,7.14,104,11357,3788,1.32,91.05,50.03,2202.19,433.26,9251,5.27,14,15.93,6593
2006-06-07,Dow Jones,1193.45,1183.0800000000002,1221.73,1180.86,798802929,9.07,9.45,4.42,7.14,104,11357,3788,1.32,91.05,50.03,2202.19,433.26,9251,5.27,14,15.93,6593
2006-06-08,Dow Jones,3525.84,3569.9,3594.28,3500.75,318071955,6.95,3.37,8.34,2.53,87,20620,1931,1.38,131.09,51.18,2471.57,110.58,9480,4.84,0,50.2,10375
2006-06-09,Dow Jones,3525.84,3569.9,3594.28,3500.75,318071955,6.95,3.37,8.34,2.53,87,20620,1931,1.38,131.09,51.18,2471.57,110.58,9480,4.84,0,50.2,10375
2006-06-10,Dow Jones,3525.84,3569.9,3594.28,3500.75,318071955,6.95,3.37,8.34,2.53,87,20620,1931,1.38,131.09,51.18,2471.57,110.58,9480,4.84,0,50.2,10375
2006-06-11,Dow Jones,3525.84,3569.9,3594.28,3500.75,318071955,6.95,3.37,8.34,2.53,87,20620,1931,1.38,131.09,51.18,2471.57,110.58,9480,4.84,0,50.2,10375
2006-06-12,Dow Jones,3525.84,3569.9,3594.28,3500.75,318071955,6.95,3.37,8.34,2.53,87,20620,1931,1.38,131.09,51.18,2471.57,110.58,9480,4.84,0,50.2,10375
2006-06-13,Dow Jones,3525.84,3569.9,3594.28,3500.75,318071955,6.95,3.37,8.34,2.53,87,20620,1931,1.38,131.09,51.18,2471.57,110.58,9480,4.84,0,50.2,10375
2006-06-14,Dow Jones,3525.84,3569.9,3594.28,3500.75,318071955,6.95,3.37,8.34,2.53,87,20620,1931,1.38,131.09,51.18,2471.57,110.58,9480,4.84,0,50.2,10375
2006-06-15,Dow Jones,3525.84,3569.9,3594.28,3500.75,318071955,6.95,3.37,8.34,2.53,87,20620,1931,1.38,131.09,51.18,2471.57,110.58,9480,4.84,0,50.2,10375
2006-06-16,Dow Jones,3502.6,3547.18,3566.03,3452.73,785248733,6.01,9.1,10.55,7.15,118,10478,3123,0.94,106.99,133.34,1301.69,432.42,5104,5.32,20,2.97,13997
2006-06-17,Dow Jones,3502.6,3547.18,3566.03,3452.73,785248733,6.01,9.1,10.55,7.15,118,10478,3123,0.94,106.99,133.34,1301.69,432.42,5104,5.32,20,2.97,13997
2006-06-18,Dow Jones,3502.6,3547.18,3566.03,3452.73,785248733,6.01,9.1,10.55,7.15,118,10478,3123,0.94,106.99,133.34,1301.69,432.42,5104,5.32,20,2.97,13997
2006-06-19,Dow Jones,1238.35,1258.8,1302.81,1225.48,194953245,3.09,1.02,6.01,7.21,103,18890,4922,1.01,138.36,102.17,904.02,392.99,5463,3.57,32,71.76,2314
2006-06-20,Dow Jones,3417.44,3412.82,3461.83,3393.75,344232786,-2.26,9.0,14.85,9.67,84,9922,1112,0.88,140.92,110.23,1905.41,166.47,6209,1.92,44,82.23,3934
2006-06-21,Dow Jones,3417.44,3412.82,3461.83,3393.75,344232786,-2.26,9.0,14.85,9.67,84,9922,1112,0.88,140.92,110.23,1905.41,166.47,6209,1.92,44,82.23,3934
2006-06-22,Dow Jones,3417.44,3412.82,3461.83,3393.75,344232786,-2.26,9.0,14.85,9.67,84,9922,1112,0.88,140.92,110.23,1905.41,166.47,6209,1.92,44,82.23,3934
2006-06-23,Dow Jones,3417.44,3412.82,3461.83,3393.75,344232786,-2.26,9.0,14.85,9.67,84,9922,1112,0.88,140.92,110.23,1905.41,166.47,6209,1.92,44,82.23,3934
2006-06-24,Dow Jones,3666.09,3653.41,3685.1,3622.35,466228258,-2.77,8.06,6.53,3.24,81,23678,2171,1.38,99.46,104.64,1294.91,139.01,5148,8.83,3,80.56,9307
2006-06-25,Dow Jones,3666.09,3653.41,3685.1,3622.35,466228258,-2.77,8.06,6.53,3.24,81,23678,2171,1.38,99.46,104.64,1294.91,139.01,5148,8.83,3,80.56,9307
2006-06-26,Dow Jones,3666.09,3653.41,3685.1,3622.35,466228258,-2.77,8.06,6.53,3.24,81,23678,2171,1.38,99.46,104.64,1294.91,139.01,5148,8.83,3,80.56,9307
2006-06-27,Dow Jones,1653.47,1622.38,1683.55,1581.7600000000002,716890826,6.08,9.13,4.53,1.46,111,3592,4933,1.21,87.64,115.0,1068.93,303.1,3802,9.71,7,33.73,7633
2006-06-28,Dow Jones,1653.47,1622.38,1683.55,1581.7600000000002,716890826,6.08,9.13,4.53,1.46,111,3592,4933,1.21,87.64,115.0,1068.93,303.1,3802,9.71,7,33.73,7633
2006-06-29,Dow Jones,1653.47,1622.38,1683.55,1581.7600000000002,716890826,6.08,9.13,4.53,1.46,111,3592,4933,1.21,87.64,115.0,1068.93,303.1,3802,9.71,7,33.73,7633
2006-06-30,Dow Jones,2546.83,2560.16,2605.38,2534.47,133317847,7.77,5.47,9.97,0.77,92,24467,1886,1.5,97.2,77.19,2236.99,413.14,877,8.61,7,36.46,1305
2006-07-01,Dow Jones,2546.83,2560.16,2605.38,2534.47,133317847,7.77,5.47,9.97,0.77,92,24467,1886,1.5,97.2,77.19,2236.99,413.14,877,8.61,7,36.46,1305
2006-07-02,Dow Jones,2591.17,2601.59,2624.83,2560.21,675674843,-4.51,4.93,6.02,8.69,110,9353,2472,0.96,104.43,147.52,2354.9,367.01,4575,5.73,25,50.28,1067
2006-07-03,Dow Jones,2591.17,2601.59,2624.83,2560.21,675674843,-4.51,4.93,6.02,8.69,110,9353,2472,0.96,104.43,147.52,2354.9,367.01,4575,5.73,25,50.28,1067
2006-07-04,Dow Jones,2591.17,2601.59,2624.83,2560.21,675674843,-4.51,4.93,6.02,8.69,110,9353,2472,0.96,104.43,147.52,2354.9,367.01,4575,5.73,25,50.28,1067
2006-07-05,Dow Jones,2531.14,2533.87,2542.79,2486.17,459578147,-4.73,7.63,4.54,8.65,60,19976,3141,1.01,80.29,92.73,1705.52,303.45,3740,3.94,47,95.8,2251
2006-07-06,Dow Jones,2531.14,2533.87,2542.79,2486.17,459578147,-4.73,7.63,4.54,8.65,60,19976,3141,1.01,80.29,92.73,1705.52,303.45,3740,3.94,47,95.8,2251
2006-07-07,Dow Jones,2531.14,2533.87,2542.79,2486.17,459578147,-4.73,7.63,4.54,8.65,60,19976,3141,1.01,80.29,92.73,1705.52,303.45,3740,3.94,47,95.8,2251
2006-07-08,Dow Jones,2531.14,2533.87,2542.79,2486.17,459578147,-4.73,7.63,4.54,8.65,60,19976,3141,1.01,80.29,92.73,1705.52,303.45,3740,3.94,47,95.8,2251
2006-07-09,Dow Jones,2531.14,2533.87,2542.79,2486.17,459578147,-4.73,7.63,4.54,8.65,60,19976,3141,1.01,80.29,92.73,1705.52,303.45,3740,3.94,47,95.8,2251
2006-07-10,Dow Jones,1284.62,1252.1,1320.02,1244.06,800495225,5.89,3.14,6.91,8.74,52,28724,2604,1.2,134.53,144.24,1778.11,292.11,4434,3.37,25,31.43,13262
2006-07-11,Dow Jones,3295.46,3344.17,3356.88,3258.8,496214753,5.38,4.54,5.01,2.89,88,28626,998,1.48,123.41,100.58,2426.02,335.83,4189,4.26,38,38.41,12669
2006-07-12,Dow Jones,3264.07,3270.19,3313.29,3242.5,422026654,7.32,4.29,10.26,1.46,84,13854,1913,1.14,117.7,141.48,2065.68,172.06,2217,6.87,8,78.9,3537
2006-07-13,Dow Jones,4512.13,4530.87,4575.54,4489.83,539011100,4.69,7.73,10.91,8.71,89,6502,1602,0.95,106.08,70.33,1316.2,295.41,4214,1.95,26,26.13,10253
2006-07-14,Dow Jones,4512.13,4530.87,4575.54,4489.83,539011100,4.69,7.73,10.91,8.71,89,6502,1602,0.95,106.08,70.33,1316.2,295.41,4214,1.95,26,26.13,10253
2006-07-15,Dow Jones,4512.13,4530.87,4575.54,4489.83,539011100,4.69,7.73,10.91,8.71,89,6502,1602,0.95,106.08,70.33,1316.2,295.41,4214,1.95,26,26.13,10253
2006-07-16,Dow Jones,4512.13,4530.87,4575.54,4489.83,539011100,4.69,7.73,10.91,8.71,89,6502,1602,0.95,106.08,70.33,1316.2,295.41,4214,1.95,26,26.13,10253
2006-07-17,Dow Jones,4512.13,4530.87,4575.54,4489.83,539011100,4.69,7.73,10.91,8.71,89,6502,1602,0.95,106.08,70.33,1316.2,295.41,4214,1.95,26,26.13,10253
2006-07-18,Dow Jones,4512.13,4530.87,4575.54,4489.83,539011100,4.69,7.73,10.91,8.71,89,6502,1602,0.95,106.08,70.33,1316.2,295.41,4214,1.95,26,26.13,10253
2006-07-19,Dow Jones,4512.13,4530.87,4575.54,4489.83,539011100,4.69,7.73,10.91,8.71,89,6502,1602,0.95,106.08,70.33,1316.2,295.41,4214,1.95,26,26.13,10253
2006-07-20,Dow Jones,4512.13,4530.87,4575.54,4489.83,539011100,4.69,7.73,10.91,8.71,89,6502,1602,0.95,106.08,70.33,1316.2,295.41,4214,1.95,26,26.13,10253
2006-07-21,Dow Jones,4512.13,4530.87,4575.54,4489.83,539011100,4.69,7.73,10.91,8.71,89,6502,1602,0.95,106.08,70.33,1316.2,295.41,4214,1.95,26,26.13,10253
2006-07-22,Dow Jones,4512.13,4530.87,4575.54,4489.83,539011100,4.69,7.73,10.91,8.71,89,6502,1602,0.95,106.08,70.33,1316.2,295.41,4214,1.95,26,26.13,10253
2006-07-23,Dow Jones,4783.88,4761.7,4786.4400000000005,4758.95,990547967,4.96,6.41,7.93,2.25,61,22917,2079,0.99,127.78,145.54,1641.36,439.55,231,9.12,8,32.12,547
2006-07-24,Dow Jones,4368.66,4324.82,4405.94,4315.99,930134678,9.86,3.99,12.64,3.43,114,1387,2897,1.3,132.85,106.61,1404.37,218.91,6618,5.66,7,40.41,6531
2006-07-25,Dow Jones,4368.66,4324.82,4405.94,4315.99,930134678,9.86,3.99,12.64,3.43,114,1387,2897,1.3,132.85,106.61,1404.37,218.91,6618,5.66,7,40.41,6531
2006-07-26,Dow Jones,4368.66,4324.82,4405.94,4315.99,930134678,9.86,3.99,12.64,3.43,114,1387,2897,1.3,132.85,106.61,1404.37,218.91,6618,5.66,7,40.41,6531
2006-07-27,Dow Jones,1679.55,1698.15,1723.28,1677.26,424079168,-1.88,1.96,13.45,9.3,56,11732,4504,1.09,91.62,50.76,1752.1,203.46,9760,8.51,0,62.5,712
2006-07-28,Dow Jones,1679.55,1698.15,1723.28,1677.26,424079168,-1.88,1.96,13.45,9.3,56,11732,4504,1.09,91.62,50.76,1752.1,203.46,9760,8.51,0,62.5,712
2006-07-29,Dow Jones,1679.55,1698.15,1723.28,1677.26,424079168,-1.88,1.96,13.45,9.3,56,11732,4504,1.09,91.62,50.76,1752.1,203.46,9760,8.51,0,62.5,712
2006-07-30,Dow Jones,1679.55,1698.15,1723.28,1677.26,424079168,-1.88,1.96,13.45,9.3,56,11732,4504,1.09,91.62,50.76,1752.1,203.46,9760,8.51,0,62.5,712
2006-07-31,Dow Jones,1983.39,1990.63,1998.57,1965.12,849835075,-0.05,1.24,5.32,1.95,91,4903,3721,1.03,141.02,104.45,2485.97,109.35,8521,3.73,29,58.61,2792
2006-08-01,Dow Jones,1983.39,1990.63,1998.57,1965.12,849835075,-0.05,1.24,5.32,1.95,91,4903,3721,1.03,141.02,104.45,2485.97,109.35,8521,3.73,29,58.61,2792
2006-08-02,Dow Jones,1983.39,1990.63,1998.57,1965.12,849835075,-0.05,1.24,5.32,1.95,91,4903,3721,1.03,141.02,104.45,2485.97,109.35,8521,3.73,29,58.61,2792
2006-08-03,Dow Jones,3737.26,3708.94,3744.92,3691.7,416565001,-0.95,7.13,7.1,7.46,77,10614,4007,1.29,146.73,137.36,2067.74,422.6,5657,1.11,18,22.04,6924
2006-08-04,Dow Jones,4795.92,4812.88,4826.34,4763.47,326711422,5.73,5.24,13.36,3.29,85,8490,3828,1.1,118.66,129.32,1384.55,364.15,5685,4.66,12,5.84,11471
2006-08-05,Dow Jones,4795.92,4812.88,4826.34,4763.47,326711422,5.73,5.24,13.36,3.29,85,8490,3828,1.1,118.66,129.32,1384.55,364.15,5685,4.66,12,5.84,11471
2006-08-06,Dow Jones,2528.56,2496.13,2559.07,2486.92,824541539,5.36,8.46,7.28,0.76,70,11947,3166,1.07,126.26,73.92,1692.71,461.88,8143,8.48,9,53.33,13540
2006-08-07,Dow Jones,2528.56,2496.13,2559.07,2486.92,824541539,5.36,8.46,7.28,0.76,70,11947,3166,1.07,126.26,73.92,1692.71,461.88,8143,8.48,9,53.33,13540
2006-08-08,Dow Jones,2528.56,2496.13,2559.07,2486.92,824541539,5.36,8.46,7.28,0.76,70,11947,3166,1.07,126.26,73.92,1692.71,461.88,8143,8.48,9,53.33,13540
2006-08-09,Dow Jones,2528.56,2496.13,2559.07,2486.92,824541539,5.36,8.46,7.28,0.76,70,11947,3166,1.07,126.26,73.92,1692.71,461.88,8143,8.48,9,53.33,13540
2006-08-10,Dow Jones,3681.74,3657.15,3693.61,3655.29,916624260,7.65,2.58,4.7,10.0,58,19255,263,1.16,114.75,76.26,1357.98,270.58,5903,6.37,12,30.99,10108
2006-08-11,Dow Jones,3681.74,3657.15,3693.61,3655.29,916624260,7.65,2.58,4.7,10.0,58,19255,263,1.16,114.75,76.26,1357.98,270.58,5903,6.37,12,30.99,10108
2006-08-12,Dow Jones,3681.74,3657.15,3693.61,3655.29,916624260,7.65,2.58,4.7,10.0,58,19255,263,1.16,114.75,76.26,1357.98,270.58,5903,6.37,12,30.99,10108
2006-08-13,Dow Jones,3681.74,3657.15,3693.61,3655.29,916624260,7.65,2.58,4.7,10.0,58,19255,263,1.16,114.75,76.26,1357.98,270.58,5903,6.37,12,30.99,10108
2006-08-14,Dow Jones,3681.74,3657.15,3693.61,3655.29,916624260,7.65,2.58,4.7,10.0,58,19255,263,1.16,114.75,76.26,1357.98,270.58,5903,6.37,12,30.99,10108
2006-08-15,Dow Jones,1096.02,1064.2,1100.13,1016.21,294910479,-1.2,0.15,7.47,6.86,84,27392,2195,0.82,115.66,116.85,1350.78,150.59,9982,1.65,42,51.59,5314
2006-08-16,Dow Jones,1096.02,1064.2,1100.13,1016.21,294910479,-1.2,0.15,7.47,6.86,84,27392,2195,0.82,115.66,116.85,1350.78,150.59,9982,1.65,42,51.59,5314
2006-08-17,Dow Jones,1096.02,1064.2,1100.13,1016.21,294910479,-1.2,0.15,7.47,6.86,84,27392,2195,0.82,115.66,116.85,1350.78,150.59,9982,1.65,42,51.59,5314
2006-08-18,Dow Jones,1393.7,1363.32,1403.07,1316.65,981627672,1.98,5.08,3.01,4.71,70,9378,2760,0.83,146.5,97.01,943.28,199.78,8970,9.76,48,21.51,13330
2006-08-19,Dow Jones,1393.7,1363.32,1403.07,1316.65,981627672,1.98,5.08,3.01,4.71,70,9378,2760,0.83,146.5,97.01,943.28,199.78,8970,9.76,48,21.51,13330
2006-08-20,Dow Jones,1393.7,1363.32,1403.07,1316.65,981627672,1.98,5.08,3.01,4.71,70,9378,2760,0.83,146.5,97.01,943.28,199.78,8970,9.76,48,21.51,13330
2006-08-21,Dow Jones,3914.63,3906.21,3931.0,3871.71,661730856,4.93,2.41,14.45,9.69,92,17416,1976,0.83,109.05,39.03,1529.75,322.35,6270,7.89,33,74.51,13786
2006-08-22,Dow Jones,3914.63,3906.21,3931.0,3871.71,661730856,4.93,2.41,14.45,9.69,92,17416,1976,0.83,109.05,39.03,1529.75,322.35,6270,7.89,33,74.51,13786
2006-08-23,Dow Jones,3914.63,3906.21,3931.0,3871.71,661730856,4.93,2.41,14.45,9.69,92,17416,1976,0.83,109.05,39.03,1529.75,322.35,6270,7.89,33,74.51,13786
2006-08-24,Dow Jones,3914.63,3906.21,3931.0,3871.71,661730856,4.93,2.41,14.45,9.69,92,17416,1976,0.83,109.05,39.03,1529.75,322.35,6270,7.89,33,74.51,13786
2006-08-25,Dow Jones,3914.63,3906.21,3931.0,3871.71,661730856,4.93,2.41,14.45,9.69,92,17416,1976,0.83,109.05,39.03,1529.75,322.35,6270,7.89,33,74.51,13786
2006-08-26,Dow Jones,1716.13,1732.5,1737.68,1703.0100000000002,424190767,7.67,8.7,6.88,7.39,53,20288,4559,1.27,88.23,76.15,1639.3,323.82,1755,8.05,25,54.96,13129
2006-08-27,Dow Jones,1716.13,1732.5,1737.68,1703.0100000000002,424190767,7.67,8.7,6.88,7.39,53,20288,4559,1.27,88.23,76.15,1639.3,323.82,1755,8.05,25,54.96,13129
2006-08-28,Dow Jones,1716.13,1732.5,1737.68,1703.0100000000002,424190767,7.67,8.7,6.88,7.39,53,20288,4559,1.27,88.23,76.15,1639.3,323.82,1755,8.05,25,54.96,13129
2006-08-29,Dow Jones,1716.13,1732.5,1737.68,1703.0100000000002,424190767,7.67,8.7,6.88,7.39,53,20288,4559,1.27,88.23,76.15,1639.3,323.82,1755,8.05,25,54.96,13129
2006-08-30,Dow Jones,2900.36,2869.7000000000003,2932.4500000000003,2855.15,366858769,-4.54,9.57,7.71,7.85,87,2640,1852,1.17,106.79,23.6,1249.45,133.11,9467,4.5,34,82.49,5778
2006-08-31,Dow Jones,2900.36,2869.7000000000003,2932.4500000000003,2855.15,366858769,-4.54,9.57,7.71,7.85,87,2640,1852,1.17,106.79,23.6,1249.45,133.11,9467,4.5,34,82.49,5778
2006-09-01,Dow Jones,2900.36,2869.7000000000003,2932.4500000000003,2855.15,366858769,-4.54,9.57,7.71,7.85,87,2640,1852,1.17,106.79,23.6,1249.45,133.11,9467,4.5,34,82.49,5778
2006-09-02,Dow Jones,2900.36,2869.7000000000003,2932.4500000000003,2855.15,366858769,-4.54,9.57,7.71,7.85,87,2640,1852,1.17,106.79,23.6,1249.45,133.11,9467,4.5,34,82.49,5778
2006-09-03,Dow Jones,2399.75,2370.82,2414.11,2354.07,854525647,7.35,5.58,8.61,4.27,89,13758,2306,1.46,103.77,146.92,2349.76,421.22,280,7.64,5,54.59,7313
2006-09-04,Dow Jones,2399.75,2370.82,2414.11,2354.07,854525647,7.35,5.58,8.61,4.27,89,13758,2306,1.46,103.77,146.92,2349.76,421.22,280,7.64,5,54.59,7313
2006-09-05,Dow Jones,2399.75,2370.82,2414.11,2354.07,854525647,7.35,5.58,8.61,4.27,89,13758,2306,1.46,103.77,146.92,2349.76,421.22,280,7.64,5,54.59,7313
2006-09-06,Dow Jones,2399.75,2370.82,2414.11,2354.07,854525647,7.35,5.58,8.61,4.27,89,13758,2306,1.46,103.77,146.92,2349.76,421.22,280,7.64,5,54.59,7313
2006-09-07,Dow Jones,4497.23,4511.16,4545.849999999999,4478.32,54326698,8.34,9.6,9.06,2.26,67,11195,1016,1.44,115.27,35.78,2247.31,392.95,6421,3.15,18,27.34,1277
2006-09-08,Dow Jones,4497.23,4511.16,4545.849999999999,4478.32,54326698,8.34,9.6,9.06,2.26,67,11195,1016,1.44,115.27,35.78,2247.31,392.95,6421,3.15,18,27.34,1277
2006-09-09,Dow Jones,4497.23,4511.16,4545.849999999999,4478.32,54326698,8.34,9.6,9.06,2.26,67,11195,1016,1.44,115.27,35.78,2247.31,392.95,6421,3.15,18,27.34,1277
2006-09-10,Dow Jones,4497.23,4511.16,4545.849999999999,4478.32,54326698,8.34,9.6,9.06,2.26,67,11195,1016,1.44,115.27,35.78,2247.31,392.95,6421,3.15,18,27.34,1277
2006-09-11,Dow Jones,2638.69,2622.66,2652.02,2611.3,379712688,-3.77,4.38,11.61,4.9,118,10246,4765,0.85,145.32,147.04,992.76,144.62,4358,5.33,46,28.87,11556
2006-09-12,Dow Jones,2638.69,2622.66,2652.02,2611.3,379712688,-3.77,4.38,11.61,4.9,118,10246,4765,0.85,145.32,147.04,992.76,144.62,4358,5.33,46,28.87,11556
2006-09-13,Dow Jones,1723.57,1729.31,1749.02,1704.1899999999998,128103576,8.04,2.79,10.46,4.01,110,16232,1059,1.36,149.94,146.68,2070.12,105.18,9104,3.23,36,21.78,14314
2006-09-14,Dow Jones,1723.57,1729.31,1749.02,1704.1899999999998,128103576,8.04,2.79,10.46,4.01,110,16232,1059,1.36,149.94,146.68,2070.12,105.18,9104,3.23,36,21.78,14314
2006-09-15,Dow Jones,1723.57,1729.31,1749.02,1704.1899999999998,128103576,8.04,2.79,10.46,4.01,110,16232,1059,1.36,149.94,146.68,2070.12,105.18,9104,3.23,36,21.78,14314
2006-09-16,Dow Jones,1723.57,1729.31,1749.02,1704.1899999999998,128103576,8.04,2.79,10.46,4.01,110,16232,1059,1.36,149.94,146.68,2070.12,105.18,9104,3.23,36,21.78,14314
2006-09-17,Dow Jones,1723.57,1729.31,1749.02,1704.1899999999998,128103576,8.04,2.79,10.46,4.01,110,16232,1059,1.36,149.94,146.68,2070.12,105.18,9104,3.23,36,21.78,14314
2006-09-18,Dow Jones,1723.57,1729.31,1749.02,1704.1899999999998,128103576,8.04,2.79,10.46,4.01,110,16232,1059,1.36,149.94,146.68,2070.12,105.18,9104,3.23,36,21.78,14314
2006-09-19,Dow Jones,1723.57,1729.31,1749.02,1704.1899999999998,128103576,8.04,2.79,10.46,4.01,110,16232,1059,1.36,149.94,146.68,2070.12,105.18,9104,3.23,36,21.78,14314
2006-09-20,Dow Jones,4216.66,4227.06,4272.209999999999,4208.06,515050825,8.52,6.12,8.54,5.83,88,3766,4942,1.02,127.33,138.12,879.17,192.83,2732,6.94,11,74.99,14542
2006-09-21,Dow Jones,4465.69,4502.82,4543.54,4444.66,218331312,7.46,1.33,14.58,8.13,78,6908,2277,1.09,88.48,112.72,1350.81,295.35,3430,8.77,36,69.8,13749
2006-09-22,Dow Jones,4465.69,4502.82,4543.54,4444.66,218331312,7.46,1.33,14.58,8.13,78,6908,2277,1.09,88.48,112.72,1350.81,295.35,3430,8.77,36,69.8,13749
2006-09-23,Dow Jones,3768.2,3778.98,3791.57,3767.24,613081886,8.03,0.42,8.21,5.16,118,27769,1899,0.94,134.63,89.05,1449.99,462.86,3393,3.88,12,69.96,6513
2006-09-24,Dow Jones,3768.2,3778.98,3791.57,3767.24,613081886,8.03,0.42,8.21,5.16,118,27769,1899,0.94,134.63,89.05,1449.99,462.86,3393,3.88,12,69.96,6513
2006-09-25,Dow Jones,3768.2,3778.98,3791.57,3767.24,613081886,8.03,0.42,8.21,5.16,118,27769,1899,0.94,134.63,89.05,1449.99,462.86,3393,3.88,12,69.96,6513
2006-09-26,Dow Jones,3768.2,3778.98,3791.57,3767.24,613081886,8.03,0.42,8.21,5.16,118,27769,1899,0.94,134.63,89.05,1449.99,462.86,3393,3.88,12,69.96,6513
2006-09-27,Dow Jones,3768.2,3778.98,3791.57,3767.24,613081886,8.03,0.42,8.21,5.16,118,27769,1899,0.94,134.63,89.05,1449.99,462.86,3393,3.88,12,69.96,6513
2006-09-28,Dow Jones,3078.45,3065.18,3104.71,3056.05,86962459,0.71,6.55,5.36,0.77,79,2474,2978,1.46,91.32,99.95,815.65,143.54,7202,1.81,2,70.72,11079
2006-09-29,Dow Jones,3078.45,3065.18,3104.71,3056.05,86962459,0.71,6.55,5.36,0.77,79,2474,2978,1.46,91.32,99.95,815.65,143.54,7202,1.81,2,70.72,11079
2006-09-30,Dow Jones,1540.87,1527.6999999999998,1586.4399999999998,1490.0599999999995,200573605,5.17,4.37,4.13,6.19,89,9745,4477,0.83,139.26,112.37,1277.08,448.64,4171,7.3,9,17.13,14623
2006-10-01,Dow Jones,1540.87,1527.6999999999998,1586.4399999999998,1490.0599999999995,200573605,5.17,4.37,4.13,6.19,89,9745,4477,0.83,139.26,112.37,1277.08,448.64,4171,7.3,9,17.13,14623
2006-10-02,Dow Jones,1540.87,1527.6999999999998,1586.4399999999998,1490.0599999999995,200573605,5.17,4.37,4.13,6.19,89,9745,4477,0.83,139.26,112.37,1277.08,448.64,4171,7.3,9,17.13,14623
2006-10-03,Dow Jones,1532.04,1565.7,1586.9,1505.55,972655848,5.23,3.05,2.46,3.17,114,3034,1108,1.19,98.91,60.23,2339.4,112.15,3214,5.09,43,66.59,12656
2006-10-04,Dow Jones,1634.95,1650.03,1668.06,1592.78,116919345,8.68,9.25,7.14,5.32,83,24457,2433,1.27,83.35,48.4,1112.09,178.9,1690,2.59,5,85.89,12381
2006-10-05,Dow Jones,1634.95,1650.03,1668.06,1592.78,116919345,8.68,9.25,7.14,5.32,83,24457,2433,1.27,83.35,48.4,1112.09,178.9,1690,2.59,5,85.89,12381
2006-10-06,Dow Jones,1634.95,1650.03,1668.06,1592.78,116919345,8.68,9.25,7.14,5.32,83,24457,2433,1.27,83.35,48.4,1112.09,178.9,1690,2.59,5,85.89,12381
2006-10-07,Dow Jones,1634.95,1650.03,1668.06,1592.78,116919345,8.68,9.25,7.14,5.32,83,24457,2433,1.27,83.35,48.4,1112.09,178.9,1690,2.59,5,85.89,12381
2006-10-08,Dow Jones,1634.95,1650.03,1668.06,1592.78,116919345,8.68,9.25,7.14,5.32,83,24457,2433,1.27,83.35,48.4,1112.09,178.9,1690,2.59,5,85.89,12381
2006-10-09,Dow Jones,1634.95,1650.03,1668.06,1592.78,116919345,8.68,9.25,7.14,5.32,83,24457,2433,1.27,83.35,48.4,1112.09,178.9,1690,2.59,5,85.89,12381
2006-10-10,Dow Jones,1634.95,1650.03,1668.06,1592.78,116919345,8.68,9.25,7.14,5.32,83,24457,2433,1.27,83.35,48.4,1112.09,178.9,1690,2.59,5,85.89,12381
2006-10-11,Dow Jones,1634.95,1650.03,1668.06,1592.78,116919345,8.68,9.25,7.14,5.32,83,24457,2433,1.27,83.35,48.4,1112.09,178.9,1690,2.59,5,85.89,12381
2006-10-12,Dow Jones,1634.95,1650.03,1668.06,1592.78,116919345,8.68,9.25,7.14,5.32,83,24457,2433,1.27,83.35,48.4,1112.09,178.9,1690,2.59,5,85.89,12381
2006-10-13,Dow Jones,1634.95,1650.03,1668.06,1592.78,116919345,8.68,9.25,7.14,5.32,83,24457,2433,1.27,83.35,48.4,1112.09,178.9,1690,2.59,5,85.89,12381
2006-10-14,Dow Jones,2431.24,2382.52,2433.74,2348.22,109129213,0.29,4.7,7.87,7.62,71,19041,2026,0.97,116.31,33.19,1279.91,338.64,816,2.35,2,85.1,2819
2006-10-15,Dow Jones,2431.24,2382.52,2433.74,2348.22,109129213,0.29,4.7,7.87,7.62,71,19041,2026,0.97,116.31,33.19,1279.91,338.64,816,2.35,2,85.1,2819
2006-10-16,Dow Jones,2431.24,2382.52,2433.74,2348.22,109129213,0.29,4.7,7.87,7.62,71,19041,2026,0.97,116.31,33.19,1279.91,338.64,816,2.35,2,85.1,2819
2006-10-17,Dow Jones,2431.24,2382.52,2433.74,2348.22,109129213,0.29,4.7,7.87,7.62,71,19041,2026,0.97,116.31,33.19,1279.91,338.64,816,2.35,2,85.1,2819
2006-10-18,Dow Jones,2431.24,2382.52,2433.74,2348.22,109129213,0.29,4.7,7.87,7.62,71,19041,2026,0.97,116.31,33.19,1279.91,338.64,816,2.35,2,85.1,2819
2006-10-19,Dow Jones,2431.24,2382.52,2433.74,2348.22,109129213,0.29,4.7,7.87,7.62,71,19041,2026,0.97,116.31,33.19,1279.91,338.64,816,2.35,2,85.1,2819
2006-10-20,Dow Jones,2431.24,2382.52,2433.74,2348.22,109129213,0.29,4.7,7.87,7.62,71,19041,2026,0.97,116.31,33.19,1279.91,338.64,816,2.35,2,85.1,2819
2006-10-21,Dow Jones,2431.24,2382.52,2433.74,2348.22,109129213,0.29,4.7,7.87,7.62,71,19041,2026,0.97,116.31,33.19,1279.91,338.64,816,2.35,2,85.1,2819
2006-10-22,Dow Jones,3969.09,3986.96,4029.4,3919.51,944382510,3.7,0.58,10.08,3.11,63,28758,2514,0.97,134.59,148.23,2166.11,320.77,5918,9.14,24,76.15,5251
2006-10-23,Dow Jones,3969.09,3986.96,4029.4,3919.51,944382510,3.7,0.58,10.08,3.11,63,28758,2514,0.97,134.59,148.23,2166.11,320.77,5918,9.14,24,76.15,5251
2006-10-24,Dow Jones,3969.09,3986.96,4029.4,3919.51,944382510,3.7,0.58,10.08,3.11,63,28758,2514,0.97,134.59,148.23,2166.11,320.77,5918,9.14,24,76.15,5251
2006-10-25,Dow Jones,3969.09,3986.96,4029.4,3919.51,944382510,3.7,0.58,10.08,3.11,63,28758,2514,0.97,134.59,148.23,2166.11,320.77,5918,9.14,24,76.15,5251
2006-10-26,Dow Jones,3969.09,3986.96,4029.4,3919.51,944382510,3.7,0.58,10.08,3.11,63,28758,2514,0.97,134.59,148.23,2166.11,320.77,5918,9.14,24,76.15,5251
2006-10-27,Dow Jones,3969.09,3986.96,4029.4,3919.51,944382510,3.7,0.58,10.08,3.11,63,28758,2514,0.97,134.59,148.23,2166.11,320.77,5918,9.14,24,76.15,5251
2006-10-28,Dow Jones,3969.09,3986.96,4029.4,3919.51,944382510,3.7,0.58,10.08,3.11,63,28758,2514,0.97,134.59,148.23,2166.11,320.77,5918,9.14,24,76.15,5251
2006-10-29,Dow Jones,3269.56,3253.24,3281.33,3239.96,135309538,1.27,1.62,2.02,7.67,94,28467,2335,0.86,144.36,54.11,1837.39,328.61,974,9.85,36,0.32,1382
2006-10-30,Dow Jones,3269.56,3253.24,3281.33,3239.96,135309538,1.27,1.62,2.02,7.67,94,28467,2335,0.86,144.36,54.11,1837.39,328.61,974,9.85,36,0.32,1382
2006-10-31,Dow Jones,3269.56,3253.24,3281.33,3239.96,135309538,1.27,1.62,2.02,7.67,94,28467,2335,0.86,144.36,54.11,1837.39,328.61,974,9.85,36,0.32,1382
2006-11-01,Dow Jones,3269.56,3253.24,3281.33,3239.96,135309538,1.27,1.62,2.02,7.67,94,28467,2335,0.86,144.36,54.11,1837.39,328.61,974,9.85,36,0.32,1382
2006-11-02,Dow Jones,2952.71,2909.9700000000003,2979.14,2863.5800000000004,610392105,-4.3,6.43,8.04,9.96,69,8224,4349,1.09,109.55,148.69,1043.47,211.53,5885,8.18,18,29.08,8070
2006-11-03,Dow Jones,1532.73,1567.76,1597.27,1528.01,945163981,2.8,0.74,14.55,6.86,105,10759,316,0.89,84.61,133.2,2044.61,465.08,1420,3.56,20,3.7,644
2006-11-04,Dow Jones,1532.73,1567.76,1597.27,1528.01,945163981,2.8,0.74,14.55,6.86,105,10759,316,0.89,84.61,133.2,2044.61,465.08,1420,3.56,20,3.7,644
2006-11-05,Dow Jones,2676.4,2693.28,2695.03,2640.9500000000003,96201198,-3.57,1.51,4.9,4.34,58,25322,2913,1.07,104.79,56.12,1754.81,265.88,9225,8.55,27,87.48,10003
2006-11-06,Dow Jones,2676.4,2693.28,2695.03,2640.9500000000003,96201198,-3.57,1.51,4.9,4.34,58,25322,2913,1.07,104.79,56.12,1754.81,265.88,9225,8.55,27,87.48,10003
2006-11-07,Dow Jones,2676.4,2693.28,2695.03,2640.9500000000003,96201198,-3.57,1.51,4.9,4.34,58,25322,2913,1.07,104.79,56.12,1754.81,265.88,9225,8.55,27,87.48,10003
2006-11-08,Dow Jones,2152.74,2115.25,2189.7,2107.04,276814087,5.86,2.82,14.35,9.09,98,12239,3449,0.9,130.7,21.21,1802.88,418.75,9663,4.46,1,17.93,744
2006-11-09,Dow Jones,2152.74,2115.25,2189.7,2107.04,276814087,5.86,2.82,14.35,9.09,98,12239,3449,0.9,130.7,21.21,1802.88,418.75,9663,4.46,1,17.93,744
2006-11-10,Dow Jones,2984.96,2990.64,3030.46,2978.91,978906610,8.08,4.11,5.94,4.36,77,22012,2909,1.44,107.19,134.84,2351.8,123.47,7739,4.79,24,33.16,5747
2006-11-11,Dow Jones,2984.96,2990.64,3030.46,2978.91,978906610,8.08,4.11,5.94,4.36,77,22012,2909,1.44,107.19,134.84,2351.8,123.47,7739,4.79,24,33.16,5747
2006-11-12,Dow Jones,3938.43,3929.93,3961.08,3902.34,525834881,6.45,5.14,10.12,3.67,65,2191,533,1.21,123.65,69.67,1146.29,216.16,3236,0.01,5,3.14,12972
2006-11-13,Dow Jones,1095.79,1078.48,1121.43,1038.66,862858734,4.13,7.97,9.76,7.79,95,7174,528,0.86,146.91,109.42,2283.75,325.57,168,8.13,0,23.96,6933
2006-11-14,Dow Jones,1095.79,1078.48,1121.43,1038.66,862858734,4.13,7.97,9.76,7.79,95,7174,528,0.86,146.91,109.42,2283.75,325.57,168,8.13,0,23.96,6933
2006-11-15,Dow Jones,1095.79,1078.48,1121.43,1038.66,862858734,4.13,7.97,9.76,7.79,95,7174,528,0.86,146.91,109.42,2283.75,325.57,168,8.13,0,23.96,6933
2006-11-16,Dow Jones,1095.79,1078.48,1121.43,1038.66,862858734,4.13,7.97,9.76,7.79,95,7174,528,0.86,146.91,109.42,2283.75,325.57,168,8.13,0,23.96,6933
2006-11-17,Dow Jones,2886.6,2936.15,2963.9500000000003,2839.31,620357836,9.92,7.93,2.24,6.24,59,19282,2412,1.28,144.08,137.46,1414.13,392.82,8869,8.29,20,79.65,2332
2006-11-18,Dow Jones,2886.6,2936.15,2963.9500000000003,2839.31,620357836,9.92,7.93,2.24,6.24,59,19282,2412,1.28,144.08,137.46,1414.13,392.82,8869,8.29,20,79.65,2332
2006-11-19,Dow Jones,2886.6,2936.15,2963.9500000000003,2839.31,620357836,9.92,7.93,2.24,6.24,59,19282,2412,1.28,144.08,137.46,1414.13,392.82,8869,8.29,20,79.65,2332
2006-11-20,Dow Jones,2886.6,2936.15,2963.9500000000003,2839.31,620357836,9.92,7.93,2.24,6.24,59,19282,2412,1.28,144.08,137.46,1414.13,392.82,8869,8.29,20,79.65,2332
2006-11-21,Dow Jones,2886.6,2936.15,2963.9500000000003,2839.31,620357836,9.92,7.93,2.24,6.24,59,19282,2412,1.28,144.08,137.46,1414.13,392.82,8869,8.29,20,79.65,2332
2006-11-22,Dow Jones,2886.6,2936.15,2963.9500000000003,2839.31,620357836,9.92,7.93,2.24,6.24,59,19282,2412,1.28,144.08,137.46,1414.13,392.82,8869,8.29,20,79.65,2332
2006-11-23,Dow Jones,4586.3,4560.22,4613.51,4513.83,66241413,2.57,6.48,11.52,3.0,99,2839,3304,1.1,109.05,100.2,1873.8,435.45,1284,7.7,35,58.56,11042
2006-11-24,Dow Jones,4586.3,4560.22,4613.51,4513.83,66241413,2.57,6.48,11.52,3.0,99,2839,3304,1.1,109.05,100.2,1873.8,435.45,1284,7.7,35,58.56,11042
2006-11-25,Dow Jones,4586.3,4560.22,4613.51,4513.83,66241413,2.57,6.48,11.52,3.0,99,2839,3304,1.1,109.05,100.2,1873.8,435.45,1284,7.7,35,58.56,11042
2006-11-26,Dow Jones,4586.3,4560.22,4613.51,4513.83,66241413,2.57,6.48,11.52,3.0,99,2839,3304,1.1,109.05,100.2,1873.8,435.45,1284,7.7,35,58.56,11042
2006-11-27,Dow Jones,4586.3,4560.22,4613.51,4513.83,66241413,2.57,6.48,11.52,3.0,99,2839,3304,1.1,109.05,100.2,1873.8,435.45,1284,7.7,35,58.56,11042
2006-11-28,Dow Jones,4586.3,4560.22,4613.51,4513.83,66241413,2.57,6.48,11.52,3.0,99,2839,3304,1.1,109.05,100.2,1873.8,435.45,1284,7.7,35,58.56,11042
2006-11-29,Dow Jones,3387.78,3410.6400000000003,3432.2500000000005,3344.9100000000003,638277257,8.44,0.21,10.0,4.08,58,752,2964,0.85,94.12,126.67,1873.01,450.72,9137,8.79,21,3.9,14356
2006-11-30,Dow Jones,4240.64,4226.12,4261.280000000001,4198.21,56532600,0.12,7.83,9.72,5.78,63,3364,3561,1.07,104.55,104.83,2289.12,328.8,3888,6.14,16,41.43,13543
2006-12-01,Dow Jones,4240.64,4226.12,4261.280000000001,4198.21,56532600,0.12,7.83,9.72,5.78,63,3364,3561,1.07,104.55,104.83,2289.12,328.8,3888,6.14,16,41.43,13543
2006-12-02,Dow Jones,4240.64,4226.12,4261.280000000001,4198.21,56532600,0.12,7.83,9.72,5.78,63,3364,3561,1.07,104.55,104.83,2289.12,328.8,3888,6.14,16,41.43,13543
2006-12-03,Dow Jones,4652.17,4656.93,4660.4800000000005,4638.07,590020411,-0.43,5.75,4.93,4.83,89,19115,1746,1.26,99.67,130.13,1804.65,341.09,9719,7.9,47,5.05,11034
2006-12-04,Dow Jones,4652.17,4656.93,4660.4800000000005,4638.07,590020411,-0.43,5.75,4.93,4.83,89,19115,1746,1.26,99.67,130.13,1804.65,341.09,9719,7.9,47,5.05,11034
2006-12-05,Dow Jones,1723.14,1699.0800000000002,1724.68,1694.92,212503095,0.6,6.87,7.2,6.53,66,17644,2485,0.89,109.73,37.25,836.9,326.37,2054,4.63,25,97.57,8401
2006-12-06,Dow Jones,1723.14,1699.0800000000002,1724.68,1694.92,212503095,0.6,6.87,7.2,6.53,66,17644,2485,0.89,109.73,37.25,836.9,326.37,2054,4.63,25,97.57,8401
2006-12-07,Dow Jones,1794.58,1756.51,1832.52,1736.3,586770808,-0.1,7.74,2.55,6.7,119,6801,4532,0.93,144.64,111.65,2237.77,222.47,2740,6.18,33,81.69,6855
2006-12-08,Dow Jones,1794.58,1756.51,1832.52,1736.3,586770808,-0.1,7.74,2.55,6.7,119,6801,4532,0.93,144.64,111.65,2237.77,222.47,2740,6.18,33,81.69,6855
2006-12-09,Dow Jones,2225.66,2225.68,2228.39,2210.52,354924349,4.9,2.71,3.38,5.78,98,23718,3420,0.91,111.44,52.05,1503.05,358.73,3631,0.71,16,57.72,7082
2006-12-10,Dow Jones,2225.66,2225.68,2228.39,2210.52,354924349,4.9,2.71,3.38,5.78,98,23718,3420,0.91,111.44,52.05,1503.05,358.73,3631,0.71,16,57.72,7082
2006-12-11,Dow Jones,2225.66,2225.68,2228.39,2210.52,354924349,4.9,2.71,3.38,5.78,98,23718,3420,0.91,111.44,52.05,1503.05,358.73,3631,0.71,16,57.72,7082
2006-12-12,Dow Jones,2225.66,2225.68,2228.39,2210.52,354924349,4.9,2.71,3.38,5.78,98,23718,3420,0.91,111.44,52.05,1503.05,358.73,3631,0.71,16,57.72,7082
2006-12-13,Dow Jones,2225.66,2225.68,2228.39,2210.52,354924349,4.9,2.71,3.38,5.78,98,23718,3420,0.91,111.44,52.05,1503.05,358.73,3631,0.71,16,57.72,7082
2006-12-14,Dow Jones,2225.66,2225.68,2228.39,2210.52,354924349,4.9,2.71,3.38,5.78,98,23718,3420,0.91,111.44,52.05,1503.05,358.73,3631,0.71,16,57.72,7082
2006-12-15,Dow Jones,2225.66,2225.68,2228.39,2210.52,354924349,4.9,2.71,3.38,5.78,98,23718,3420,0.91,111.44,52.05,1503.05,358.73,3631,0.71,16,57.72,7082
2006-12-16,Dow Jones,2225.66,2225.68,2228.39,2210.52,354924349,4.9,2.71,3.38,5.78,98,23718,3420,0.91,111.44,52.05,1503.05,358.73,3631,0.71,16,57.72,7082
2006-12-17,Dow Jones,2225.66,2225.68,2228.39,2210.52,354924349,4.9,2.71,3.38,5.78,98,23718,3420,0.91,111.44,52.05,1503.05,358.73,3631,0.71,16,57.72,7082
2006-12-18,Dow Jones,2225.66,2225.68,2228.39,2210.52,354924349,4.9,2.71,3.38,5.78,98,23718,3420,0.91,111.44,52.05,1503.05,358.73,3631,0.71,16,57.72,7082
2006-12-19,Dow Jones,2225.66,2225.68,2228.39,2210.52,354924349,4.9,2.71,3.38,5.78,98,23718,3420,0.91,111.44,52.05,1503.05,358.73,3631,0.71,16,57.72,7082
2006-12-20,Dow Jones,2601.25,2567.93,2646.52,2556.97,652311080,5.06,0.65,14.97,4.25,71,11391,2326,1.45,142.03,134.05,1065.16,372.36,5814,1.8,48,39.51,9656
2006-12-21,Dow Jones,2601.25,2567.93,2646.52,2556.97,652311080,5.06,0.65,14.97,4.25,71,11391,2326,1.45,142.03,134.05,1065.16,372.36,5814,1.8,48,39.51,9656
2006-12-22,Dow Jones,2601.25,2567.93,2646.52,2556.97,652311080,5.06,0.65,14.97,4.25,71,11391,2326,1.45,142.03,134.05,1065.16,372.36,5814,1.8,48,39.51,9656
2006-12-23,Dow Jones,2601.25,2567.93,2646.52,2556.97,652311080,5.06,0.65,14.97,4.25,71,11391,2326,1.45,142.03,134.05,1065.16,372.36,5814,1.8,48,39.51,9656
2006-12-24,Dow Jones,2601.25,2567.93,2646.52,2556.97,652311080,5.06,0.65,14.97,4.25,71,11391,2326,1.45,142.03,134.05,1065.16,372.36,5814,1.8,48,39.51,9656
2006-12-25,Dow Jones,2601.25,2567.93,2646.52,2556.97,652311080,5.06,0.65,14.97,4.25,71,11391,2326,1.45,142.03,134.05,1065.16,372.36,5814,1.8,48,39.51,9656
2006-12-26,Dow Jones,2601.25,2567.93,2646.52,2556.97,652311080,5.06,0.65,14.97,4.25,71,11391,2326,1.45,142.03,134.05,1065.16,372.36,5814,1.8,48,39.51,9656
2006-12-27,Dow Jones,1080.55,1071.44,1100.64,1044.53,130333085,3.54,2.16,12.27,5.47,54,19064,4487,1.13,95.71,45.06,1929.02,497.22,9725,5.16,36,58.47,7492
2006-12-28,Dow Jones,1615.13,1631.3300000000002,1660.12,1574.5700000000002,375173812,-1.96,8.66,14.64,4.7,111,5816,4783,1.28,86.57,63.32,1747.69,113.73,7040,3.59,41,4.93,7053
2006-12-29,Dow Jones,1615.13,1631.3300000000002,1660.12,1574.5700000000002,375173812,-1.96,8.66,14.64,4.7,111,5816,4783,1.28,86.57,63.32,1747.69,113.73,7040,3.59,41,4.93,7053
2006-12-30,Dow Jones,1615.13,1631.3300000000002,1660.12,1574.5700000000002,375173812,-1.96,8.66,14.64,4.7,111,5816,4783,1.28,86.57,63.32,1747.69,113.73,7040,3.59,41,4.93,7053
2006-12-31,Dow Jones,1615.13,1631.3300000000002,1660.12,1574.5700000000002,375173812,-1.96,8.66,14.64,4.7,111,5816,4783,1.28,86.57,63.32,1747.69,113.73,7040,3.59,41,4.93,7053
2007-01-01,Dow Jones,1615.13,1631.3300000000002,1660.12,1574.5700000000002,375173812,-1.96,8.66,14.64,4.7,111,5816,4783,1.28,86.57,63.32,1747.69,113.73,7040,3.59,41,4.93,7053
2007-01-02,Dow Jones,1615.13,1631.3300000000002,1660.12,1574.5700000000002,375173812,-1.96,8.66,14.64,4.7,111,5816,4783,1.28,86.57,63.32,1747.69,113.73,7040,3.59,41,4.93,7053
2007-01-03,Dow Jones,1615.13,1631.3300000000002,1660.12,1574.5700000000002,375173812,-1.96,8.66,14.64,4.7,111,5816,4783,1.28,86.57,63.32,1747.69,113.73,7040,3.59,41,4.93,7053
2007-01-04,Dow Jones,1615.13,1631.3300000000002,1660.12,1574.5700000000002,375173812,-1.96,8.66,14.64,4.7,111,5816,4783,1.28,86.57,63.32,1747.69,113.73,7040,3.59,41,4.93,7053
2007-01-05,Dow Jones,1615.13,1631.3300000000002,1660.12,1574.5700000000002,375173812,-1.96,8.66,14.64,4.7,111,5816,4783,1.28,86.57,63.32,1747.69,113.73,7040,3.59,41,4.93,7053
2007-01-06,Dow Jones,1615.13,1631.3300000000002,1660.12,1574.5700000000002,375173812,-1.96,8.66,14.64,4.7,111,5816,4783,1.28,86.57,63.32,1747.69,113.73,7040,3.59,41,4.93,7053
2007-01-07,Dow Jones,4519.01,4480.35,4523.56,4450.3,936405219,4.9,4.12,13.22,1.27,82,7873,2974,1.21,100.88,146.75,2469.63,126.99,6594,5.42,14,98.17,13667
2007-01-08,Dow Jones,4519.01,4480.35,4523.56,4450.3,936405219,4.9,4.12,13.22,1.27,82,7873,2974,1.21,100.88,146.75,2469.63,126.99,6594,5.42,14,98.17,13667
2007-01-09,Dow Jones,4519.01,4480.35,4523.56,4450.3,936405219,4.9,4.12,13.22,1.27,82,7873,2974,1.21,100.88,146.75,2469.63,126.99,6594,5.42,14,98.17,13667
2007-01-10,Dow Jones,4589.54,4628.95,4664.21,4568.09,597519144,-3.39,8.4,10.31,6.0,112,3786,1756,0.99,84.52,109.46,1490.36,470.67,306,2.51,45,66.97,6486
2007-01-11,Dow Jones,4589.54,4628.95,4664.21,4568.09,597519144,-3.39,8.4,10.31,6.0,112,3786,1756,0.99,84.52,109.46,1490.36,470.67,306,2.51,45,66.97,6486
2007-01-12,Dow Jones,4589.54,4628.95,4664.21,4568.09,597519144,-3.39,8.4,10.31,6.0,112,3786,1756,0.99,84.52,109.46,1490.36,470.67,306,2.51,45,66.97,6486
2007-01-13,Dow Jones,4589.54,4628.95,4664.21,4568.09,597519144,-3.39,8.4,10.31,6.0,112,3786,1756,0.99,84.52,109.46,1490.36,470.67,306,2.51,45,66.97,6486
2007-01-14,Dow Jones,4436.45,4390.22,4465.96,4347.7,58573240,-3.31,1.61,14.92,5.63,106,17422,408,1.43,92.24,103.84,1314.19,260.45,1122,1.59,17,46.24,13799
2007-01-15,Dow Jones,4436.45,4390.22,4465.96,4347.7,58573240,-3.31,1.61,14.92,5.63,106,17422,408,1.43,92.24,103.84,1314.19,260.45,1122,1.59,17,46.24,13799
2007-01-16,Dow Jones,4436.45,4390.22,4465.96,4347.7,58573240,-3.31,1.61,14.92,5.63,106,17422,408,1.43,92.24,103.84,1314.19,260.45,1122,1.59,17,46.24,13799
2007-01-17,Dow Jones,1956.27,1921.08,1971.11,1874.4,363784776,-2.54,3.01,12.94,4.79,108,7105,1118,1.17,111.26,93.43,1712.27,189.51,9756,9.2,25,7.8,14726
2007-01-18,Dow Jones,1956.27,1921.08,1971.11,1874.4,363784776,-2.54,3.01,12.94,4.79,108,7105,1118,1.17,111.26,93.43,1712.27,189.51,9756,9.2,25,7.8,14726
2007-01-19,Dow Jones,1956.27,1921.08,1971.11,1874.4,363784776,-2.54,3.01,12.94,4.79,108,7105,1118,1.17,111.26,93.43,1712.27,189.51,9756,9.2,25,7.8,14726
2007-01-20,Dow Jones,2250.39,2217.25,2295.44,2178.21,669117370,5.06,3.6,11.2,4.18,55,2848,4812,1.07,148.55,50.56,1147.61,466.39,4488,6.48,35,93.89,1768
2007-01-21,Dow Jones,2642.73,2650.81,2699.63,2627.0,340869488,-1.62,4.73,7.58,9.5,102,16645,4292,1.0,113.69,58.1,1280.64,149.2,6480,4.0,35,71.03,3792
2007-01-22,Dow Jones,1838.76,1860.2,1905.29,1814.66,995012762,-1.4,5.62,3.19,2.41,113,22291,3361,1.29,86.05,91.32,1555.62,381.97,6888,8.98,20,0.5,1457
2007-01-23,Dow Jones,4906.24,4947.9,4954.27,4857.81,932047804,3.62,8.09,14.51,6.0,53,16620,4390,1.41,134.09,65.05,1982.36,103.85,1941,4.35,29,28.54,3043
2007-01-24,Dow Jones,4906.24,4947.9,4954.27,4857.81,932047804,3.62,8.09,14.51,6.0,53,16620,4390,1.41,134.09,65.05,1982.36,103.85,1941,4.35,29,28.54,3043
2007-01-25,Dow Jones,4738.18,4755.360000000001,4775.85,4730.490000000001,140923093,6.53,8.72,10.65,7.85,119,18844,182,1.29,120.57,46.02,996.64,127.45,8616,9.77,19,29.5,11148
2007-01-26,Dow Jones,4738.18,4755.360000000001,4775.85,4730.490000000001,140923093,6.53,8.72,10.65,7.85,119,18844,182,1.29,120.57,46.02,996.64,127.45,8616,9.77,19,29.5,11148
2007-01-27,Dow Jones,4738.18,4755.360000000001,4775.85,4730.490000000001,140923093,6.53,8.72,10.65,7.85,119,18844,182,1.29,120.57,46.02,996.64,127.45,8616,9.77,19,29.5,11148
2007-01-28,Dow Jones,4738.18,4755.360000000001,4775.85,4730.490000000001,140923093,6.53,8.72,10.65,7.85,119,18844,182,1.29,120.57,46.02,996.64,127.45,8616,9.77,19,29.5,11148
2007-01-29,Dow Jones,4738.18,4755.360000000001,4775.85,4730.490000000001,140923093,6.53,8.72,10.65,7.85,119,18844,182,1.29,120.57,46.02,996.64,127.45,8616,9.77,19,29.5,11148
2007-01-30,Dow Jones,4738.18,4755.360000000001,4775.85,4730.490000000001,140923093,6.53,8.72,10.65,7.85,119,18844,182,1.29,120.57,46.02,996.64,127.45,8616,9.77,19,29.5,11148
2007-01-31,Dow Jones,2574.22,2565.96,2577.97,2518.7499999999995,96565264,9.85,8.63,14.76,7.2,118,5581,3311,1.33,108.6,86.76,2018.68,217.79,9811,6.35,35,86.27,1303
2007-02-01,Dow Jones,2574.22,2565.96,2577.97,2518.7499999999995,96565264,9.85,8.63,14.76,7.2,118,5581,3311,1.33,108.6,86.76,2018.68,217.79,9811,6.35,35,86.27,1303
2007-02-02,Dow Jones,2574.22,2565.96,2577.97,2518.7499999999995,96565264,9.85,8.63,14.76,7.2,118,5581,3311,1.33,108.6,86.76,2018.68,217.79,9811,6.35,35,86.27,1303
2007-02-03,Dow Jones,3917.24,3874.66,3924.22,3862.8,178394228,-0.19,0.91,9.95,6.32,109,11192,3828,1.33,122.78,45.65,1650.77,264.31,9572,3.15,21,95.47,4355
2007-02-04,Dow Jones,3300.24,3269.44,3339.08,3257.69,621295975,3.58,7.0,3.39,9.24,104,2985,3992,1.34,127.85,136.4,2148.13,409.91,5632,7.49,42,94.78,1327
2007-02-05,Dow Jones,3300.24,3269.44,3339.08,3257.69,621295975,3.58,7.0,3.39,9.24,104,2985,3992,1.34,127.85,136.4,2148.13,409.91,5632,7.49,42,94.78,1327
2007-02-06,Dow Jones,3017.82,3040.31,3060.77,2971.8,228618577,3.26,1.73,2.96,6.11,82,27521,422,0.9,92.27,148.37,2327.91,127.01,5419,0.88,1,20.3,627
2007-02-07,Dow Jones,2248.76,2288.24,2300.94,2204.8,732309230,6.79,0.28,9.08,7.42,55,13964,2157,1.07,101.41,96.93,2331.36,257.71,324,3.15,11,20.87,6845
2007-02-08,Dow Jones,2248.76,2288.24,2300.94,2204.8,732309230,6.79,0.28,9.08,7.42,55,13964,2157,1.07,101.41,96.93,2331.36,257.71,324,3.15,11,20.87,6845
2007-02-09,Dow Jones,3580.87,3629.89,3664.9,3560.33,763330380,-2.24,5.83,13.37,0.71,69,1148,3800,1.21,122.09,55.63,2026.92,103.11,4866,8.62,1,39.85,7046
2007-02-10,Dow Jones,3580.87,3629.89,3664.9,3560.33,763330380,-2.24,5.83,13.37,0.71,69,1148,3800,1.21,122.09,55.63,2026.92,103.11,4866,8.62,1,39.85,7046
2007-02-11,Dow Jones,3580.87,3629.89,3664.9,3560.33,763330380,-2.24,5.83,13.37,0.71,69,1148,3800,1.21,122.09,55.63,2026.92,103.11,4866,8.62,1,39.85,7046
2007-02-12,Dow Jones,3580.87,3629.89,3664.9,3560.33,763330380,-2.24,5.83,13.37,0.71,69,1148,3800,1.21,122.09,55.63,2026.92,103.11,4866,8.62,1,39.85,7046
2007-02-13,Dow Jones,3580.87,3629.89,3664.9,3560.33,763330380,-2.24,5.83,13.37,0.71,69,1148,3800,1.21,122.09,55.63,2026.92,103.11,4866,8.62,1,39.85,7046
2007-02-14,Dow Jones,1794.53,1811.33,1821.02,1785.2,127628012,4.2,6.83,9.88,6.74,67,6779,2141,0.84,142.33,103.93,1519.66,447.58,5501,6.61,25,43.05,314
2007-02-15,Dow Jones,4133.55,4101.22,4143.97,4091.3,793202645,-4.22,9.84,4.2,3.66,74,10243,4325,1.18,83.42,37.29,1470.63,115.0,3077,7.31,27,85.72,14861
2007-02-16,Dow Jones,4133.55,4101.22,4143.97,4091.3,793202645,-4.22,9.84,4.2,3.66,74,10243,4325,1.18,83.42,37.29,1470.63,115.0,3077,7.31,27,85.72,14861
2007-02-17,Dow Jones,2480.93,2521.33,2566.89,2456.35,528547574,5.53,8.72,14.1,9.67,90,29947,3556,1.36,81.37,79.49,2434.48,249.9,2612,0.04,18,69.04,4885
2007-02-18,Dow Jones,2480.93,2521.33,2566.89,2456.35,528547574,5.53,8.72,14.1,9.67,90,29947,3556,1.36,81.37,79.49,2434.48,249.9,2612,0.04,18,69.04,4885
2007-02-19,Dow Jones,2480.93,2521.33,2566.89,2456.35,528547574,5.53,8.72,14.1,9.67,90,29947,3556,1.36,81.37,79.49,2434.48,249.9,2612,0.04,18,69.04,4885
2007-02-20,Dow Jones,4384.5,4353.29,4416.94,4334.38,408121482,7.48,8.51,5.93,6.43,88,24787,4759,0.87,142.05,61.95,1226.98,168.68,7584,5.86,42,15.66,7313
2007-02-21,Dow Jones,4384.5,4353.29,4416.94,4334.38,408121482,7.48,8.51,5.93,6.43,88,24787,4759,0.87,142.05,61.95,1226.98,168.68,7584,5.86,42,15.66,7313
2007-02-22,Dow Jones,4384.5,4353.29,4416.94,4334.38,408121482,7.48,8.51,5.93,6.43,88,24787,4759,0.87,142.05,61.95,1226.98,168.68,7584,5.86,42,15.66,7313
2007-02-23,Dow Jones,2506.71,2477.83,2550.15,2456.68,657348390,2.29,9.54,4.13,0.63,57,2273,1883,1.41,137.08,44.09,1077.59,282.57,1874,7.15,19,34.26,9801
2007-02-24,Dow Jones,2506.71,2477.83,2550.15,2456.68,657348390,2.29,9.54,4.13,0.63,57,2273,1883,1.41,137.08,44.09,1077.59,282.57,1874,7.15,19,34.26,9801
2007-02-25,Dow Jones,1249.73,1217.61,1287.32,1173.18,998071867,6.61,1.3,10.89,1.2,76,7520,714,0.95,108.82,67.0,1526.63,448.27,3356,3.31,16,57.48,1538
2007-02-26,Dow Jones,1249.73,1217.61,1287.32,1173.18,998071867,6.61,1.3,10.89,1.2,76,7520,714,0.95,108.82,67.0,1526.63,448.27,3356,3.31,16,57.48,1538
2007-02-27,Dow Jones,1436.05,1425.77,1453.46,1419.09,802898681,-1.58,6.48,2.36,9.97,56,18050,339,1.05,116.96,110.31,1877.57,481.94,4252,6.46,34,31.01,9746
2007-02-28,Dow Jones,1436.05,1425.77,1453.46,1419.09,802898681,-1.58,6.48,2.36,9.97,56,18050,339,1.05,116.96,110.31,1877.57,481.94,4252,6.46,34,31.01,9746
2007-03-01,Dow Jones,1436.05,1425.77,1453.46,1419.09,802898681,-1.58,6.48,2.36,9.97,56,18050,339,1.05,116.96,110.31,1877.57,481.94,4252,6.46,34,31.01,9746
2007-03-02,Dow Jones,4235.31,4217.360000000001,4281.76,4211.870000000001,764026314,6.12,7.4,4.18,0.74,51,19024,3853,1.27,96.26,35.74,1293.94,120.59,6148,2.96,39,11.2,3189
2007-03-03,Dow Jones,4501.95,4526.389999999999,4570.099999999999,4480.72,292136127,-0.21,7.99,4.52,1.77,92,6002,258,1.04,99.1,85.92,1369.12,111.33,793,9.91,24,99.07,6655
2007-03-04,Dow Jones,2209.87,2256.99,2263.72,2208.98,138784997,-3.43,7.25,7.09,3.57,80,22892,4758,1.26,144.35,116.52,1899.11,442.26,9975,4.33,24,17.71,4338
2007-03-05,Dow Jones,2209.87,2256.99,2263.72,2208.98,138784997,-3.43,7.25,7.09,3.57,80,22892,4758,1.26,144.35,116.52,1899.11,442.26,9975,4.33,24,17.71,4338
2007-03-06,Dow Jones,2209.87,2256.99,2263.72,2208.98,138784997,-3.43,7.25,7.09,3.57,80,22892,4758,1.26,144.35,116.52,1899.11,442.26,9975,4.33,24,17.71,4338
2007-03-07,Dow Jones,4058.6,4065.19,4079.73,4043.69,534347974,-2.5,0.11,6.16,4.26,66,20404,3000,1.44,109.16,49.06,2106.5,213.78,3046,1.73,12,80.24,1663
2007-03-08,Dow Jones,4058.6,4065.19,4079.73,4043.69,534347974,-2.5,0.11,6.16,4.26,66,20404,3000,1.44,109.16,49.06,2106.5,213.78,3046,1.73,12,80.24,1663
2007-03-09,Dow Jones,4058.6,4065.19,4079.73,4043.69,534347974,-2.5,0.11,6.16,4.26,66,20404,3000,1.44,109.16,49.06,2106.5,213.78,3046,1.73,12,80.24,1663
2007-03-10,Dow Jones,4058.6,4065.19,4079.73,4043.69,534347974,-2.5,0.11,6.16,4.26,66,20404,3000,1.44,109.16,49.06,2106.5,213.78,3046,1.73,12,80.24,1663
2007-03-11,Dow Jones,4058.6,4065.19,4079.73,4043.69,534347974,-2.5,0.11,6.16,4.26,66,20404,3000,1.44,109.16,49.06,2106.5,213.78,3046,1.73,12,80.24,1663
2007-03-12,Dow Jones,4058.6,4065.19,4079.73,4043.69,534347974,-2.5,0.11,6.16,4.26,66,20404,3000,1.44,109.16,49.06,2106.5,213.78,3046,1.73,12,80.24,1663
2007-03-13,Dow Jones,3002.32,2996.36,3028.5800000000004,2994.34,90115741,-3.55,3.52,5.03,9.66,103,19407,4417,1.14,94.14,101.59,2009.88,479.13,8230,5.98,12,3.9,5707
2007-03-14,Dow Jones,3002.32,2996.36,3028.5800000000004,2994.34,90115741,-3.55,3.52,5.03,9.66,103,19407,4417,1.14,94.14,101.59,2009.88,479.13,8230,5.98,12,3.9,5707
2007-03-15,Dow Jones,3002.32,2996.36,3028.5800000000004,2994.34,90115741,-3.55,3.52,5.03,9.66,103,19407,4417,1.14,94.14,101.59,2009.88,479.13,8230,5.98,12,3.9,5707
2007-03-16,Dow Jones,1479.81,1478.6699999999998,1507.56,1469.6,13664146,-3.52,9.41,8.86,9.99,79,8862,623,1.37,109.46,23.95,1667.82,145.66,3903,3.9,43,66.89,1217
2007-03-17,Dow Jones,1479.81,1478.6699999999998,1507.56,1469.6,13664146,-3.52,9.41,8.86,9.99,79,8862,623,1.37,109.46,23.95,1667.82,145.66,3903,3.9,43,66.89,1217
2007-03-18,Dow Jones,1479.81,1478.6699999999998,1507.56,1469.6,13664146,-3.52,9.41,8.86,9.99,79,8862,623,1.37,109.46,23.95,1667.82,145.66,3903,3.9,43,66.89,1217
2007-03-19,Dow Jones,1479.81,1478.6699999999998,1507.56,1469.6,13664146,-3.52,9.41,8.86,9.99,79,8862,623,1.37,109.46,23.95,1667.82,145.66,3903,3.9,43,66.89,1217
2007-03-20,Dow Jones,1549.2,1565.94,1584.14,1516.13,647776355,-2.42,7.89,9.52,0.81,115,10108,717,1.37,86.97,82.69,1621.77,158.75,1715,3.14,42,88.73,8093
2007-03-21,Dow Jones,1549.2,1565.94,1584.14,1516.13,647776355,-2.42,7.89,9.52,0.81,115,10108,717,1.37,86.97,82.69,1621.77,158.75,1715,3.14,42,88.73,8093
2007-03-22,Dow Jones,1549.2,1565.94,1584.14,1516.13,647776355,-2.42,7.89,9.52,0.81,115,10108,717,1.37,86.97,82.69,1621.77,158.75,1715,3.14,42,88.73,8093
2007-03-23,Dow Jones,3649.25,3661.58,3699.33,3626.77,454923889,1.95,5.38,13.72,2.75,59,24561,1407,1.12,149.48,143.75,1662.14,276.76,6849,6.31,39,41.26,3739
2007-03-24,Dow Jones,3649.25,3661.58,3699.33,3626.77,454923889,1.95,5.38,13.72,2.75,59,24561,1407,1.12,149.48,143.75,1662.14,276.76,6849,6.31,39,41.26,3739
2007-03-25,Dow Jones,4247.78,4200.17,4261.06,4165.76,310721233,-3.52,0.92,10.29,9.12,111,1438,2921,1.08,83.34,56.25,2204.59,340.05,5506,8.21,39,80.76,177
2007-03-26,Dow Jones,4247.78,4200.17,4261.06,4165.76,310721233,-3.52,0.92,10.29,9.12,111,1438,2921,1.08,83.34,56.25,2204.59,340.05,5506,8.21,39,80.76,177
2007-03-27,Dow Jones,4247.78,4200.17,4261.06,4165.76,310721233,-3.52,0.92,10.29,9.12,111,1438,2921,1.08,83.34,56.25,2204.59,340.05,5506,8.21,39,80.76,177
2007-03-28,Dow Jones,4247.78,4200.17,4261.06,4165.76,310721233,-3.52,0.92,10.29,9.12,111,1438,2921,1.08,83.34,56.25,2204.59,340.05,5506,8.21,39,80.76,177
2007-03-29,Dow Jones,4247.78,4200.17,4261.06,4165.76,310721233,-3.52,0.92,10.29,9.12,111,1438,2921,1.08,83.34,56.25,2204.59,340.05,5506,8.21,39,80.76,177
2007-03-30,Dow Jones,4247.78,4200.17,4261.06,4165.76,310721233,-3.52,0.92,10.29,9.12,111,1438,2921,1.08,83.34,56.25,2204.59,340.05,5506,8.21,39,80.76,177
2007-03-31,Dow Jones,4247.78,4200.17,4261.06,4165.76,310721233,-3.52,0.92,10.29,9.12,111,1438,2921,1.08,83.34,56.25,2204.59,340.05,5506,8.21,39,80.76,177
2007-04-01,Dow Jones,4247.78,4200.17,4261.06,4165.76,310721233,-3.52,0.92,10.29,9.12,111,1438,2921,1.08,83.34,56.25,2204.59,340.05,5506,8.21,39,80.76,177
2007-04-02,Dow Jones,4247.78,4200.17,4261.06,4165.76,310721233,-3.52,0.92,10.29,9.12,111,1438,2921,1.08,83.34,56.25,2204.59,340.05,5506,8.21,39,80.76,177
2007-04-03,Dow Jones,4247.78,4200.17,4261.06,4165.76,310721233,-3.52,0.92,10.29,9.12,111,1438,2921,1.08,83.34,56.25,2204.59,340.05,5506,8.21,39,80.76,177
2007-04-04,Dow Jones,4247.78,4200.17,4261.06,4165.76,310721233,-3.52,0.92,10.29,9.12,111,1438,2921,1.08,83.34,56.25,2204.59,340.05,5506,8.21,39,80.76,177
2007-04-05,Dow Jones,4247.78,4200.17,4261.06,4165.76,310721233,-3.52,0.92,10.29,9.12,111,1438,2921,1.08,83.34,56.25,2204.59,340.05,5506,8.21,39,80.76,177
2007-04-06,Dow Jones,4247.78,4200.17,4261.06,4165.76,310721233,-3.52,0.92,10.29,9.12,111,1438,2921,1.08,83.34,56.25,2204.59,340.05,5506,8.21,39,80.76,177
2007-04-07,Dow Jones,4247.78,4200.17,4261.06,4165.76,310721233,-3.52,0.92,10.29,9.12,111,1438,2921,1.08,83.34,56.25,2204.59,340.05,5506,8.21,39,80.76,177
2007-04-08,Dow Jones,4396.39,4427.62,4456.08,4368.39,297063703,4.64,5.37,4.47,0.75,107,19768,591,1.04,109.95,26.87,1110.92,265.58,7705,7.14,24,24.46,11982
2007-04-09,Dow Jones,4396.39,4427.62,4456.08,4368.39,297063703,4.64,5.37,4.47,0.75,107,19768,591,1.04,109.95,26.87,1110.92,265.58,7705,7.14,24,24.46,11982
2007-04-10,Dow Jones,1673.11,1698.4399999999998,1745.1699999999998,1624.51,492674531,1.22,1.87,2.66,6.98,72,18156,2014,1.39,142.67,137.76,1314.62,145.56,800,3.49,42,16.19,11541
2007-04-11,Dow Jones,4345.77,4367.400000000001,4389.01,4327.700000000001,697041969,4.44,6.34,8.24,9.9,79,14128,3025,1.25,140.7,108.2,1218.54,387.41,9441,4.69,39,88.89,10421
2007-04-12,Dow Jones,4345.77,4367.400000000001,4389.01,4327.700000000001,697041969,4.44,6.34,8.24,9.9,79,14128,3025,1.25,140.7,108.2,1218.54,387.41,9441,4.69,39,88.89,10421
2007-04-13,Dow Jones,1756.78,1754.48,1779.09,1744.39,905491917,5.28,6.52,7.63,3.41,79,18636,3390,0.91,140.71,39.82,831.05,267.92,7973,0.29,13,98.33,7784
2007-04-14,Dow Jones,1756.78,1754.48,1779.09,1744.39,905491917,5.28,6.52,7.63,3.41,79,18636,3390,0.91,140.71,39.82,831.05,267.92,7973,0.29,13,98.33,7784
2007-04-15,Dow Jones,1756.78,1754.48,1779.09,1744.39,905491917,5.28,6.52,7.63,3.41,79,18636,3390,0.91,140.71,39.82,831.05,267.92,7973,0.29,13,98.33,7784
2007-04-16,Dow Jones,1756.78,1754.48,1779.09,1744.39,905491917,5.28,6.52,7.63,3.41,79,18636,3390,0.91,140.71,39.82,831.05,267.92,7973,0.29,13,98.33,7784
2007-04-17,Dow Jones,1756.78,1754.48,1779.09,1744.39,905491917,5.28,6.52,7.63,3.41,79,18636,3390,0.91,140.71,39.82,831.05,267.92,7973,0.29,13,98.33,7784
2007-04-18,Dow Jones,1756.78,1754.48,1779.09,1744.39,905491917,5.28,6.52,7.63,3.41,79,18636,3390,0.91,140.71,39.82,831.05,267.92,7973,0.29,13,98.33,7784
2007-04-19,Dow Jones,4318.25,4304.0,4347.7,4280.44,288650124,9.29,2.76,2.9,7.88,117,29241,2671,1.21,123.11,54.76,1306.97,464.2,1369,1.26,9,98.74,13099
2007-04-20,Dow Jones,4318.25,4304.0,4347.7,4280.44,288650124,9.29,2.76,2.9,7.88,117,29241,2671,1.21,123.11,54.76,1306.97,464.2,1369,1.26,9,98.74,13099
2007-04-21,Dow Jones,4318.25,4304.0,4347.7,4280.44,288650124,9.29,2.76,2.9,7.88,117,29241,2671,1.21,123.11,54.76,1306.97,464.2,1369,1.26,9,98.74,13099
2007-04-22,Dow Jones,4318.25,4304.0,4347.7,4280.44,288650124,9.29,2.76,2.9,7.88,117,29241,2671,1.21,123.11,54.76,1306.97,464.2,1369,1.26,9,98.74,13099
2007-04-23,Dow Jones,4318.25,4304.0,4347.7,4280.44,288650124,9.29,2.76,2.9,7.88,117,29241,2671,1.21,123.11,54.76,1306.97,464.2,1369,1.26,9,98.74,13099
2007-04-24,Dow Jones,4318.25,4304.0,4347.7,4280.44,288650124,9.29,2.76,2.9,7.88,117,29241,2671,1.21,123.11,54.76,1306.97,464.2,1369,1.26,9,98.74,13099
2007-04-25,Dow Jones,4318.25,4304.0,4347.7,4280.44,288650124,9.29,2.76,2.9,7.88,117,29241,2671,1.21,123.11,54.76,1306.97,464.2,1369,1.26,9,98.74,13099
2007-04-26,Dow Jones,4318.25,4304.0,4347.7,4280.44,288650124,9.29,2.76,2.9,7.88,117,29241,2671,1.21,123.11,54.76,1306.97,464.2,1369,1.26,9,98.74,13099
2007-04-27,Dow Jones,4318.25,4304.0,4347.7,4280.44,288650124,9.29,2.76,2.9,7.88,117,29241,2671,1.21,123.11,54.76,1306.97,464.2,1369,1.26,9,98.74,13099
2007-04-28,Dow Jones,4318.25,4304.0,4347.7,4280.44,288650124,9.29,2.76,2.9,7.88,117,29241,2671,1.21,123.11,54.76,1306.97,464.2,1369,1.26,9,98.74,13099
2007-04-29,Dow Jones,4318.25,4304.0,4347.7,4280.44,288650124,9.29,2.76,2.9,7.88,117,29241,2671,1.21,123.11,54.76,1306.97,464.2,1369,1.26,9,98.74,13099
2007-04-30,Dow Jones,4318.25,4304.0,4347.7,4280.44,288650124,9.29,2.76,2.9,7.88,117,29241,2671,1.21,123.11,54.76,1306.97,464.2,1369,1.26,9,98.74,13099
2007-05-01,Dow Jones,4318.25,4304.0,4347.7,4280.44,288650124,9.29,2.76,2.9,7.88,117,29241,2671,1.21,123.11,54.76,1306.97,464.2,1369,1.26,9,98.74,13099
2007-05-02,Dow Jones,4318.25,4304.0,4347.7,4280.44,288650124,9.29,2.76,2.9,7.88,117,29241,2671,1.21,123.11,54.76,1306.97,464.2,1369,1.26,9,98.74,13099
2007-05-03,Dow Jones,4318.25,4304.0,4347.7,4280.44,288650124,9.29,2.76,2.9,7.88,117,29241,2671,1.21,123.11,54.76,1306.97,464.2,1369,1.26,9,98.74,13099
2007-05-04,Dow Jones,4318.25,4304.0,4347.7,4280.44,288650124,9.29,2.76,2.9,7.88,117,29241,2671,1.21,123.11,54.76,1306.97,464.2,1369,1.26,9,98.74,13099
2007-05-05,Dow Jones,4318.25,4304.0,4347.7,4280.44,288650124,9.29,2.76,2.9,7.88,117,29241,2671,1.21,123.11,54.76,1306.97,464.2,1369,1.26,9,98.74,13099
2007-05-06,Dow Jones,4318.25,4304.0,4347.7,4280.44,288650124,9.29,2.76,2.9,7.88,117,29241,2671,1.21,123.11,54.76,1306.97,464.2,1369,1.26,9,98.74,13099
2007-05-07,Dow Jones,4318.25,4304.0,4347.7,4280.44,288650124,9.29,2.76,2.9,7.88,117,29241,2671,1.21,123.11,54.76,1306.97,464.2,1369,1.26,9,98.74,13099
2007-05-08,Dow Jones,4318.25,4304.0,4347.7,4280.44,288650124,9.29,2.76,2.9,7.88,117,29241,2671,1.21,123.11,54.76,1306.97,464.2,1369,1.26,9,98.74,13099
2007-05-09,Dow Jones,4318.25,4304.0,4347.7,4280.44,288650124,9.29,2.76,2.9,7.88,117,29241,2671,1.21,123.11,54.76,1306.97,464.2,1369,1.26,9,98.74,13099
2007-05-10,Dow Jones,4318.25,4304.0,4347.7,4280.44,288650124,9.29,2.76,2.9,7.88,117,29241,2671,1.21,123.11,54.76,1306.97,464.2,1369,1.26,9,98.74,13099
2007-05-11,Dow Jones,1557.02,1581.74,1604.54,1528.36,341708844,-2.44,8.19,13.37,9.56,114,29791,226,0.91,99.03,42.47,2321.0,299.91,610,7.09,7,3.66,463
2007-05-12,Dow Jones,1042.86,1024.03,1046.4199999999998,974.84,892400751,8.05,7.98,2.01,4.93,102,15192,4530,0.9,83.06,141.46,1675.69,436.17,2468,3.74,21,64.32,11023
2007-05-13,Dow Jones,1042.86,1024.03,1046.4199999999998,974.84,892400751,8.05,7.98,2.01,4.93,102,15192,4530,0.9,83.06,141.46,1675.69,436.17,2468,3.74,21,64.32,11023
2007-05-14,Dow Jones,4903.12,4936.9,4949.07,4863.4,390826216,4.82,8.0,4.79,9.41,68,7508,1531,0.83,94.34,56.29,1567.37,255.83,6529,2.39,37,72.77,1509
2007-05-15,Dow Jones,4903.12,4936.9,4949.07,4863.4,390826216,4.82,8.0,4.79,9.41,68,7508,1531,0.83,94.34,56.29,1567.37,255.83,6529,2.39,37,72.77,1509
2007-05-16,Dow Jones,4903.12,4936.9,4949.07,4863.4,390826216,4.82,8.0,4.79,9.41,68,7508,1531,0.83,94.34,56.29,1567.37,255.83,6529,2.39,37,72.77,1509
2007-05-17,Dow Jones,2376.37,2352.04,2424.12,2313.89,900061690,2.19,9.48,11.71,9.03,93,28789,2848,0.94,139.06,41.18,1065.11,457.91,955,3.3,42,2.72,1326
2007-05-18,Dow Jones,2376.37,2352.04,2424.12,2313.89,900061690,2.19,9.48,11.71,9.03,93,28789,2848,0.94,139.06,41.18,1065.11,457.91,955,3.3,42,2.72,1326
2007-05-19,Dow Jones,2762.66,2806.26,2850.4,2731.09,857142914,0.45,5.52,10.71,7.1,83,28088,2225,1.03,138.96,81.33,2379.13,489.08,4127,1.5,18,55.85,11388
2007-05-20,Dow Jones,2762.66,2806.26,2850.4,2731.09,857142914,0.45,5.52,10.71,7.1,83,28088,2225,1.03,138.96,81.33,2379.13,489.08,4127,1.5,18,55.85,11388
2007-05-21,Dow Jones,3022.08,3013.52,3070.47,2966.18,49193363,2.02,9.89,7.68,1.76,105,3175,4179,1.36,126.22,40.34,980.69,282.23,8878,3.45,37,29.43,1064
2007-05-22,Dow Jones,3022.08,3013.52,3070.47,2966.18,49193363,2.02,9.89,7.68,1.76,105,3175,4179,1.36,126.22,40.34,980.69,282.23,8878,3.45,37,29.43,1064
2007-05-23,Dow Jones,3022.08,3013.52,3070.47,2966.18,49193363,2.02,9.89,7.68,1.76,105,3175,4179,1.36,126.22,40.34,980.69,282.23,8878,3.45,37,29.43,1064
2007-05-24,Dow Jones,4930.96,4908.69,4949.5,4902.23,285347551,6.95,7.54,6.55,1.61,100,26485,3352,0.88,141.89,139.33,2175.69,441.3,9964,6.01,11,18.87,14892
2007-05-25,Dow Jones,4930.96,4908.69,4949.5,4902.23,285347551,6.95,7.54,6.55,1.61,100,26485,3352,0.88,141.89,139.33,2175.69,441.3,9964,6.01,11,18.87,14892
2007-05-26,Dow Jones,4930.96,4908.69,4949.5,4902.23,285347551,6.95,7.54,6.55,1.61,100,26485,3352,0.88,141.89,139.33,2175.69,441.3,9964,6.01,11,18.87,14892
2007-05-27,Dow Jones,4930.96,4908.69,4949.5,4902.23,285347551,6.95,7.54,6.55,1.61,100,26485,3352,0.88,141.89,139.33,2175.69,441.3,9964,6.01,11,18.87,14892
2007-05-28,Dow Jones,3381.47,3367.0,3430.57,3342.03,834919749,-2.6,3.45,10.58,8.04,118,24347,4619,1.05,95.51,85.76,1592.4,370.59,4496,0.7,40,50.98,6761
2007-05-29,Dow Jones,2660.58,2615.5,2665.39,2591.76,620916710,-1.44,1.35,9.1,5.14,57,6322,1182,1.14,128.08,68.41,2392.72,198.26,5168,1.25,40,25.56,10564
2007-05-30,Dow Jones,2660.58,2615.5,2665.39,2591.76,620916710,-1.44,1.35,9.1,5.14,57,6322,1182,1.14,128.08,68.41,2392.72,198.26,5168,1.25,40,25.56,10564
2007-05-31,Dow Jones,2660.58,2615.5,2665.39,2591.76,620916710,-1.44,1.35,9.1,5.14,57,6322,1182,1.14,128.08,68.41,2392.72,198.26,5168,1.25,40,25.56,10564
2007-06-01,Dow Jones,1782.85,1809.05,1835.95,1770.5,500999176,-1.41,9.65,7.34,3.72,91,16537,2106,1.27,139.05,110.08,1598.1,246.98,7501,7.91,33,73.23,14481
2007-06-02,Dow Jones,4281.01,4284.75,4317.86,4232.150000000001,815530375,-1.15,6.98,12.27,7.14,103,9496,3541,1.29,136.41,133.16,1452.94,118.53,4809,2.18,45,21.46,8699
2007-06-03,Dow Jones,4281.01,4284.75,4317.86,4232.150000000001,815530375,-1.15,6.98,12.27,7.14,103,9496,3541,1.29,136.41,133.16,1452.94,118.53,4809,2.18,45,21.46,8699
2007-06-04,Dow Jones,4281.01,4284.75,4317.86,4232.150000000001,815530375,-1.15,6.98,12.27,7.14,103,9496,3541,1.29,136.41,133.16,1452.94,118.53,4809,2.18,45,21.46,8699
2007-06-05,Dow Jones,4281.01,4284.75,4317.86,4232.150000000001,815530375,-1.15,6.98,12.27,7.14,103,9496,3541,1.29,136.41,133.16,1452.94,118.53,4809,2.18,45,21.46,8699
2007-06-06,Dow Jones,4281.01,4284.75,4317.86,4232.150000000001,815530375,-1.15,6.98,12.27,7.14,103,9496,3541,1.29,136.41,133.16,1452.94,118.53,4809,2.18,45,21.46,8699
2007-06-07,Dow Jones,4008.46,4003.19,4046.56,3997.09,207020099,5.18,9.06,5.13,9.78,62,27301,3591,0.85,131.45,68.72,1754.35,479.63,8146,6.05,39,88.35,2991
2007-06-08,Dow Jones,4008.46,4003.19,4046.56,3997.09,207020099,5.18,9.06,5.13,9.78,62,27301,3591,0.85,131.45,68.72,1754.35,479.63,8146,6.05,39,88.35,2991
2007-06-09,Dow Jones,2283.42,2328.83,2330.71,2272.84,729246043,2.51,2.3,4.55,5.57,103,17439,3443,1.0,109.14,144.6,1422.87,214.84,1795,3.3,25,55.82,7178
2007-06-10,Dow Jones,3384.2,3356.53,3398.46,3328.69,80870887,0.46,2.33,12.08,9.2,98,28219,2666,0.83,107.46,30.34,1936.9,413.2,9107,8.05,0,27.85,10089
2007-06-11,Dow Jones,4982.94,5025.169999999999,5034.94,4943.589999999999,290809088,1.48,6.62,10.43,9.48,107,8567,1859,1.41,118.04,22.58,1881.74,189.45,7478,4.32,27,92.03,5978
2007-06-12,Dow Jones,2741.05,2733.6400000000003,2741.61,2717.9200000000005,546616999,0.83,5.01,9.95,2.71,68,5841,3975,1.16,124.06,25.78,1333.84,199.1,598,2.55,7,89.6,4684
2007-06-13,Dow Jones,4682.77,4731.320000000001,4743.4400000000005,4678.540000000001,511605558,9.4,6.59,10.68,1.87,67,21927,2328,1.39,146.29,109.09,1411.03,229.73,1780,9.33,30,74.23,12152
2007-06-14,Dow Jones,2380.07,2385.48,2419.42,2356.84,684660075,6.52,6.86,5.08,7.38,109,15658,367,1.19,98.98,112.41,2078.51,257.91,7452,6.37,38,12.88,3283
2007-06-15,Dow Jones,1218.93,1262.01,1273.56,1181.52,189128278,-1.88,0.22,7.78,0.9,66,29399,2298,1.02,126.62,114.12,2366.19,333.15,9628,8.06,49,70.39,12588
2007-06-16,Dow Jones,1218.93,1262.01,1273.56,1181.52,189128278,-1.88,0.22,7.78,0.9,66,29399,2298,1.02,126.62,114.12,2366.19,333.15,9628,8.06,49,70.39,12588
2007-06-17,Dow Jones,1218.93,1262.01,1273.56,1181.52,189128278,-1.88,0.22,7.78,0.9,66,29399,2298,1.02,126.62,114.12,2366.19,333.15,9628,8.06,49,70.39,12588
2007-06-18,Dow Jones,1218.93,1262.01,1273.56,1181.52,189128278,-1.88,0.22,7.78,0.9,66,29399,2298,1.02,126.62,114.12,2366.19,333.15,9628,8.06,49,70.39,12588
2007-06-19,Dow Jones,1218.93,1262.01,1273.56,1181.52,189128278,-1.88,0.22,7.78,0.9,66,29399,2298,1.02,126.62,114.12,2366.19,333.15,9628,8.06,49,70.39,12588
2007-06-20,Dow Jones,1218.93,1262.01,1273.56,1181.52,189128278,-1.88,0.22,7.78,0.9,66,29399,2298,1.02,126.62,114.12,2366.19,333.15,9628,8.06,49,70.39,12588
2007-06-21,Dow Jones,1218.93,1262.01,1273.56,1181.52,189128278,-1.88,0.22,7.78,0.9,66,29399,2298,1.02,126.62,114.12,2366.19,333.15,9628,8.06,49,70.39,12588
2007-06-22,Dow Jones,1218.93,1262.01,1273.56,1181.52,189128278,-1.88,0.22,7.78,0.9,66,29399,2298,1.02,126.62,114.12,2366.19,333.15,9628,8.06,49,70.39,12588
2007-06-23,Dow Jones,1671.26,1675.5,1707.2,1660.66,558846257,7.82,6.4,7.92,7.35,97,2594,3987,1.36,82.86,68.79,1974.75,458.11,323,3.46,4,96.29,552
2007-06-24,Dow Jones,1671.26,1675.5,1707.2,1660.66,558846257,7.82,6.4,7.92,7.35,97,2594,3987,1.36,82.86,68.79,1974.75,458.11,323,3.46,4,96.29,552
2007-06-25,Dow Jones,1270.42,1234.53,1313.04,1218.62,687892815,6.68,9.98,4.33,2.29,84,19814,2155,1.17,124.19,41.08,1754.39,485.5,3915,3.9,35,67.86,9997
2007-06-26,Dow Jones,1270.42,1234.53,1313.04,1218.62,687892815,6.68,9.98,4.33,2.29,84,19814,2155,1.17,124.19,41.08,1754.39,485.5,3915,3.9,35,67.86,9997
2007-06-27,Dow Jones,1270.42,1234.53,1313.04,1218.62,687892815,6.68,9.98,4.33,2.29,84,19814,2155,1.17,124.19,41.08,1754.39,485.5,3915,3.9,35,67.86,9997
2007-06-28,Dow Jones,1270.42,1234.53,1313.04,1218.62,687892815,6.68,9.98,4.33,2.29,84,19814,2155,1.17,124.19,41.08,1754.39,485.5,3915,3.9,35,67.86,9997
2007-06-29,Dow Jones,1476.56,1489.94,1500.44,1467.26,273210548,8.33,6.81,2.86,5.65,113,16942,3192,1.47,99.56,137.64,1060.91,255.61,6725,2.24,1,15.54,7590
2007-06-30,Dow Jones,1476.56,1489.94,1500.44,1467.26,273210548,8.33,6.81,2.86,5.65,113,16942,3192,1.47,99.56,137.64,1060.91,255.61,6725,2.24,1,15.54,7590
2007-07-01,Dow Jones,2395.33,2366.2,2419.65,2324.81,328335289,8.9,2.12,4.05,7.48,70,26797,2667,1.05,131.61,98.56,1883.99,256.52,3471,5.53,3,47.12,8374
2007-07-02,Dow Jones,2395.33,2366.2,2419.65,2324.81,328335289,8.9,2.12,4.05,7.48,70,26797,2667,1.05,131.61,98.56,1883.99,256.52,3471,5.53,3,47.12,8374
2007-07-03,Dow Jones,2395.33,2366.2,2419.65,2324.81,328335289,8.9,2.12,4.05,7.48,70,26797,2667,1.05,131.61,98.56,1883.99,256.52,3471,5.53,3,47.12,8374
2007-07-04,Dow Jones,2395.33,2366.2,2419.65,2324.81,328335289,8.9,2.12,4.05,7.48,70,26797,2667,1.05,131.61,98.56,1883.99,256.52,3471,5.53,3,47.12,8374
2007-07-05,Dow Jones,2395.33,2366.2,2419.65,2324.81,328335289,8.9,2.12,4.05,7.48,70,26797,2667,1.05,131.61,98.56,1883.99,256.52,3471,5.53,3,47.12,8374
2007-07-06,Dow Jones,2395.33,2366.2,2419.65,2324.81,328335289,8.9,2.12,4.05,7.48,70,26797,2667,1.05,131.61,98.56,1883.99,256.52,3471,5.53,3,47.12,8374
2007-07-07,Dow Jones,2395.33,2366.2,2419.65,2324.81,328335289,8.9,2.12,4.05,7.48,70,26797,2667,1.05,131.61,98.56,1883.99,256.52,3471,5.53,3,47.12,8374
2007-07-08,Dow Jones,2395.33,2366.2,2419.65,2324.81,328335289,8.9,2.12,4.05,7.48,70,26797,2667,1.05,131.61,98.56,1883.99,256.52,3471,5.53,3,47.12,8374
2007-07-09,Dow Jones,1215.32,1225.26,1254.24,1199.38,569022834,4.45,3.31,11.48,1.89,54,19177,249,0.88,86.29,45.79,1397.69,131.2,9700,7.58,41,44.23,2826
2007-07-10,Dow Jones,1215.32,1225.26,1254.24,1199.38,569022834,4.45,3.31,11.48,1.89,54,19177,249,0.88,86.29,45.79,1397.69,131.2,9700,7.58,41,44.23,2826
2007-07-11,Dow Jones,1155.83,1179.99,1223.38,1121.91,200723355,-3.42,2.9,4.75,2.01,90,2984,1613,1.18,96.58,141.41,967.7,263.83,5523,2.37,20,65.99,2370
2007-07-12,Dow Jones,1155.83,1179.99,1223.38,1121.91,200723355,-3.42,2.9,4.75,2.01,90,2984,1613,1.18,96.58,141.41,967.7,263.83,5523,2.37,20,65.99,2370
2007-07-13,Dow Jones,1155.83,1179.99,1223.38,1121.91,200723355,-3.42,2.9,4.75,2.01,90,2984,1613,1.18,96.58,141.41,967.7,263.83,5523,2.37,20,65.99,2370
2007-07-14,Dow Jones,1155.83,1179.99,1223.38,1121.91,200723355,-3.42,2.9,4.75,2.01,90,2984,1613,1.18,96.58,141.41,967.7,263.83,5523,2.37,20,65.99,2370
2007-07-15,Dow Jones,2776.73,2795.54,2825.85,2762.88,787560424,-0.2,7.74,11.28,9.44,75,17821,3825,1.05,121.17,138.7,1426.94,148.78,1810,3.12,21,0.89,12635
2007-07-16,Dow Jones,2776.73,2795.54,2825.85,2762.88,787560424,-0.2,7.74,11.28,9.44,75,17821,3825,1.05,121.17,138.7,1426.94,148.78,1810,3.12,21,0.89,12635
2007-07-17,Dow Jones,2776.73,2795.54,2825.85,2762.88,787560424,-0.2,7.74,11.28,9.44,75,17821,3825,1.05,121.17,138.7,1426.94,148.78,1810,3.12,21,0.89,12635
2007-07-18,Dow Jones,2776.73,2795.54,2825.85,2762.88,787560424,-0.2,7.74,11.28,9.44,75,17821,3825,1.05,121.17,138.7,1426.94,148.78,1810,3.12,21,0.89,12635
2007-07-19,Dow Jones,2776.73,2795.54,2825.85,2762.88,787560424,-0.2,7.74,11.28,9.44,75,17821,3825,1.05,121.17,138.7,1426.94,148.78,1810,3.12,21,0.89,12635
2007-07-20,Dow Jones,1039.64,1015.84,1048.7700000000002,999.4300000000002,490905400,4.54,0.68,2.58,1.86,53,28279,2013,1.25,81.66,122.11,1817.35,363.9,1268,0.34,29,25.03,12379
2007-07-21,Dow Jones,1039.64,1015.84,1048.7700000000002,999.4300000000002,490905400,4.54,0.68,2.58,1.86,53,28279,2013,1.25,81.66,122.11,1817.35,363.9,1268,0.34,29,25.03,12379
2007-07-22,Dow Jones,2842.93,2882.11,2899.0599999999995,2833.73,957273208,-1.89,5.56,14.09,0.82,103,12270,842,1.46,102.88,120.83,2116.22,492.91,6410,8.38,29,45.19,8973
2007-07-23,Dow Jones,2842.93,2882.11,2899.0599999999995,2833.73,957273208,-1.89,5.56,14.09,0.82,103,12270,842,1.46,102.88,120.83,2116.22,492.91,6410,8.38,29,45.19,8973
2007-07-24,Dow Jones,2932.93,2944.31,2946.7,2932.25,955789825,7.46,2.11,9.52,1.21,106,24865,4333,1.39,118.99,87.25,1634.41,433.61,1071,9.39,5,72.56,10600
2007-07-25,Dow Jones,2932.93,2944.31,2946.7,2932.25,955789825,7.46,2.11,9.52,1.21,106,24865,4333,1.39,118.99,87.25,1634.41,433.61,1071,9.39,5,72.56,10600
2007-07-26,Dow Jones,2932.93,2944.31,2946.7,2932.25,955789825,7.46,2.11,9.52,1.21,106,24865,4333,1.39,118.99,87.25,1634.41,433.61,1071,9.39,5,72.56,10600
2007-07-27,Dow Jones,1994.42,2015.75,2027.09,1945.53,779733758,4.73,9.23,11.03,4.09,113,16549,2091,1.19,98.26,123.09,2426.42,359.22,4253,2.4,35,74.66,540
2007-07-28,Dow Jones,1994.42,2015.75,2027.09,1945.53,779733758,4.73,9.23,11.03,4.09,113,16549,2091,1.19,98.26,123.09,2426.42,359.22,4253,2.4,35,74.66,540
2007-07-29,Dow Jones,1994.42,2015.75,2027.09,1945.53,779733758,4.73,9.23,11.03,4.09,113,16549,2091,1.19,98.26,123.09,2426.42,359.22,4253,2.4,35,74.66,540
2007-07-30,Dow Jones,4430.12,4408.37,4459.5,4404.04,332879543,9.42,0.84,8.06,5.34,117,22831,4971,1.17,147.05,40.94,1905.72,101.1,1366,3.76,15,11.9,11843
2007-07-31,Dow Jones,4430.12,4408.37,4459.5,4404.04,332879543,9.42,0.84,8.06,5.34,117,22831,4971,1.17,147.05,40.94,1905.72,101.1,1366,3.76,15,11.9,11843
2007-08-01,Dow Jones,4430.12,4408.37,4459.5,4404.04,332879543,9.42,0.84,8.06,5.34,117,22831,4971,1.17,147.05,40.94,1905.72,101.1,1366,3.76,15,11.9,11843
2007-08-02,Dow Jones,4430.12,4408.37,4459.5,4404.04,332879543,9.42,0.84,8.06,5.34,117,22831,4971,1.17,147.05,40.94,1905.72,101.1,1366,3.76,15,11.9,11843
2007-08-03,Dow Jones,4430.12,4408.37,4459.5,4404.04,332879543,9.42,0.84,8.06,5.34,117,22831,4971,1.17,147.05,40.94,1905.72,101.1,1366,3.76,15,11.9,11843
2007-08-04,Dow Jones,4430.12,4408.37,4459.5,4404.04,332879543,9.42,0.84,8.06,5.34,117,22831,4971,1.17,147.05,40.94,1905.72,101.1,1366,3.76,15,11.9,11843
2007-08-05,Dow Jones,4430.12,4408.37,4459.5,4404.04,332879543,9.42,0.84,8.06,5.34,117,22831,4971,1.17,147.05,40.94,1905.72,101.1,1366,3.76,15,11.9,11843
2007-08-06,Dow Jones,4430.12,4408.37,4459.5,4404.04,332879543,9.42,0.84,8.06,5.34,117,22831,4971,1.17,147.05,40.94,1905.72,101.1,1366,3.76,15,11.9,11843
2007-08-07,Dow Jones,2349.32,2332.74,2360.02,2288.7700000000004,463469598,-2.52,7.43,12.71,4.59,112,12661,4625,0.83,128.99,140.04,2243.3,210.88,7423,4.77,42,8.32,7124
2007-08-08,Dow Jones,2349.32,2332.74,2360.02,2288.7700000000004,463469598,-2.52,7.43,12.71,4.59,112,12661,4625,0.83,128.99,140.04,2243.3,210.88,7423,4.77,42,8.32,7124
2007-08-09,Dow Jones,2349.32,2332.74,2360.02,2288.7700000000004,463469598,-2.52,7.43,12.71,4.59,112,12661,4625,0.83,128.99,140.04,2243.3,210.88,7423,4.77,42,8.32,7124
2007-08-10,Dow Jones,2349.32,2332.74,2360.02,2288.7700000000004,463469598,-2.52,7.43,12.71,4.59,112,12661,4625,0.83,128.99,140.04,2243.3,210.88,7423,4.77,42,8.32,7124
2007-08-11,Dow Jones,1964.66,2004.39,2044.1,1925.13,518409341,-3.28,8.33,5.53,3.42,100,25082,3585,1.29,143.55,33.34,1446.8,342.19,6227,0.33,18,4.82,11910
2007-08-12,Dow Jones,1964.66,2004.39,2044.1,1925.13,518409341,-3.28,8.33,5.53,3.42,100,25082,3585,1.29,143.55,33.34,1446.8,342.19,6227,0.33,18,4.82,11910
2007-08-13,Dow Jones,1964.66,2004.39,2044.1,1925.13,518409341,-3.28,8.33,5.53,3.42,100,25082,3585,1.29,143.55,33.34,1446.8,342.19,6227,0.33,18,4.82,11910
2007-08-14,Dow Jones,1748.5,1701.58,1773.62,1700.9,257640263,0.3,0.14,7.71,9.46,85,26305,4853,1.0,138.06,52.02,1647.26,108.83,6325,3.13,32,94.55,883
2007-08-15,Dow Jones,3222.2,3260.12,3305.97,3204.44,833230638,7.4,8.48,3.9,3.63,85,29470,4076,0.96,89.18,149.39,2114.78,313.79,7044,3.35,48,40.24,9281
2007-08-16,Dow Jones,3222.2,3260.12,3305.97,3204.44,833230638,7.4,8.48,3.9,3.63,85,29470,4076,0.96,89.18,149.39,2114.78,313.79,7044,3.35,48,40.24,9281
2007-08-17,Dow Jones,3222.2,3260.12,3305.97,3204.44,833230638,7.4,8.48,3.9,3.63,85,29470,4076,0.96,89.18,149.39,2114.78,313.79,7044,3.35,48,40.24,9281
2007-08-18,Dow Jones,2507.47,2506.39,2511.72,2495.26,114621246,3.57,7.31,2.93,5.5,68,10968,176,1.27,136.51,124.17,1395.49,380.11,4374,0.82,3,15.31,2974
2007-08-19,Dow Jones,2507.47,2506.39,2511.72,2495.26,114621246,3.57,7.31,2.93,5.5,68,10968,176,1.27,136.51,124.17,1395.49,380.11,4374,0.82,3,15.31,2974
2007-08-20,Dow Jones,2507.47,2506.39,2511.72,2495.26,114621246,3.57,7.31,2.93,5.5,68,10968,176,1.27,136.51,124.17,1395.49,380.11,4374,0.82,3,15.31,2974
2007-08-21,Dow Jones,2507.47,2506.39,2511.72,2495.26,114621246,3.57,7.31,2.93,5.5,68,10968,176,1.27,136.51,124.17,1395.49,380.11,4374,0.82,3,15.31,2974
2007-08-22,Dow Jones,2507.47,2506.39,2511.72,2495.26,114621246,3.57,7.31,2.93,5.5,68,10968,176,1.27,136.51,124.17,1395.49,380.11,4374,0.82,3,15.31,2974
2007-08-23,Dow Jones,2507.47,2506.39,2511.72,2495.26,114621246,3.57,7.31,2.93,5.5,68,10968,176,1.27,136.51,124.17,1395.49,380.11,4374,0.82,3,15.31,2974
2007-08-24,Dow Jones,2507.47,2506.39,2511.72,2495.26,114621246,3.57,7.31,2.93,5.5,68,10968,176,1.27,136.51,124.17,1395.49,380.11,4374,0.82,3,15.31,2974
2007-08-25,Dow Jones,2507.47,2506.39,2511.72,2495.26,114621246,3.57,7.31,2.93,5.5,68,10968,176,1.27,136.51,124.17,1395.49,380.11,4374,0.82,3,15.31,2974
2007-08-26,Dow Jones,2507.47,2506.39,2511.72,2495.26,114621246,3.57,7.31,2.93,5.5,68,10968,176,1.27,136.51,124.17,1395.49,380.11,4374,0.82,3,15.31,2974
2007-08-27,Dow Jones,2192.26,2214.9700000000003,2223.6400000000003,2148.44,492208082,2.34,9.01,11.86,5.94,108,8439,2831,0.86,141.22,92.74,2118.14,206.71,6295,1.31,25,67.86,285
2007-08-28,Dow Jones,2281.61,2231.6800000000003,2298.65,2189.07,384749186,9.51,3.25,5.89,0.9,53,22491,732,1.23,101.6,137.66,980.29,174.12,1107,9.3,49,52.67,7113
2007-08-29,Dow Jones,1657.15,1700.84,1721.2600000000002,1608.91,811032173,9.25,7.33,12.48,6.29,88,13777,4863,1.22,112.6,125.92,979.48,212.87,8831,8.81,24,20.69,13473
2007-08-30,Dow Jones,1657.15,1700.84,1721.2600000000002,1608.91,811032173,9.25,7.33,12.48,6.29,88,13777,4863,1.22,112.6,125.92,979.48,212.87,8831,8.81,24,20.69,13473
2007-08-31,Dow Jones,1657.15,1700.84,1721.2600000000002,1608.91,811032173,9.25,7.33,12.48,6.29,88,13777,4863,1.22,112.6,125.92,979.48,212.87,8831,8.81,24,20.69,13473
2007-09-01,Dow Jones,3539.63,3515.98,3544.48,3475.55,493800368,8.64,3.61,5.59,0.77,64,18196,514,1.36,80.64,122.41,1884.64,165.8,8197,1.46,22,1.49,12202
2007-09-02,Dow Jones,3539.63,3515.98,3544.48,3475.55,493800368,8.64,3.61,5.59,0.77,64,18196,514,1.36,80.64,122.41,1884.64,165.8,8197,1.46,22,1.49,12202
2007-09-03,Dow Jones,3539.63,3515.98,3544.48,3475.55,493800368,8.64,3.61,5.59,0.77,64,18196,514,1.36,80.64,122.41,1884.64,165.8,8197,1.46,22,1.49,12202
2007-09-04,Dow Jones,3539.63,3515.98,3544.48,3475.55,493800368,8.64,3.61,5.59,0.77,64,18196,514,1.36,80.64,122.41,1884.64,165.8,8197,1.46,22,1.49,12202
2007-09-05,Dow Jones,3539.63,3515.98,3544.48,3475.55,493800368,8.64,3.61,5.59,0.77,64,18196,514,1.36,80.64,122.41,1884.64,165.8,8197,1.46,22,1.49,12202
2007-09-06,Dow Jones,3539.63,3515.98,3544.48,3475.55,493800368,8.64,3.61,5.59,0.77,64,18196,514,1.36,80.64,122.41,1884.64,165.8,8197,1.46,22,1.49,12202
2007-09-07,Dow Jones,3539.63,3515.98,3544.48,3475.55,493800368,8.64,3.61,5.59,0.77,64,18196,514,1.36,80.64,122.41,1884.64,165.8,8197,1.46,22,1.49,12202
2007-09-08,Dow Jones,3539.63,3515.98,3544.48,3475.55,493800368,8.64,3.61,5.59,0.77,64,18196,514,1.36,80.64,122.41,1884.64,165.8,8197,1.46,22,1.49,12202
2007-09-09,Dow Jones,3539.63,3515.98,3544.48,3475.55,493800368,8.64,3.61,5.59,0.77,64,18196,514,1.36,80.64,122.41,1884.64,165.8,8197,1.46,22,1.49,12202
2007-09-10,Dow Jones,1987.84,1963.54,2026.66,1948.96,800431496,-1.7,1.6,9.87,5.75,54,22808,229,0.83,126.06,133.81,1522.22,386.99,1303,4.45,48,57.48,10522
2007-09-11,Dow Jones,4438.58,4390.67,4468.38,4384.51,503646901,0.91,7.79,5.17,1.35,109,18881,4314,0.83,125.43,38.49,1549.95,272.21,3443,8.64,14,75.94,9297
2007-09-12,Dow Jones,4438.58,4390.67,4468.38,4384.51,503646901,0.91,7.79,5.17,1.35,109,18881,4314,0.83,125.43,38.49,1549.95,272.21,3443,8.64,14,75.94,9297
2007-09-13,Dow Jones,4415.77,4371.42,4453.650000000001,4370.96,452483223,0.61,2.11,13.26,6.53,108,15673,4083,1.29,90.66,135.5,1168.11,219.42,5992,4.35,9,70.65,2065
2007-09-14,Dow Jones,1052.92,1013.26,1058.8200000000002,997.63,121798808,0.62,5.58,11.43,7.81,110,22906,3241,1.18,139.93,39.2,1366.41,202.63,3472,5.27,20,0.55,14080
2007-09-15,Dow Jones,3047.12,3040.27,3088.78,3031.55,457875062,-3.0,4.1,4.77,1.36,105,29275,307,1.06,145.79,36.58,1274.57,457.86,520,3.81,45,0.31,6429
2007-09-16,Dow Jones,4077.77,4050.76,4113.05,4021.31,619382488,9.11,9.2,10.0,3.32,96,27787,4286,1.27,119.46,110.03,2161.36,382.95,2357,5.15,47,97.75,3566
2007-09-17,Dow Jones,4077.77,4050.76,4113.05,4021.31,619382488,9.11,9.2,10.0,3.32,96,27787,4286,1.27,119.46,110.03,2161.36,382.95,2357,5.15,47,97.75,3566
2007-09-18,Dow Jones,4077.77,4050.76,4113.05,4021.31,619382488,9.11,9.2,10.0,3.32,96,27787,4286,1.27,119.46,110.03,2161.36,382.95,2357,5.15,47,97.75,3566
2007-09-19,Dow Jones,4278.5,4322.55,4357.570000000001,4254.08,150133579,6.48,3.59,8.91,6.94,81,14775,4402,1.39,108.43,101.33,931.07,171.22,4200,0.34,41,73.25,3175
2007-09-20,Dow Jones,4278.5,4322.55,4357.570000000001,4254.08,150133579,6.48,3.59,8.91,6.94,81,14775,4402,1.39,108.43,101.33,931.07,171.22,4200,0.34,41,73.25,3175
2007-09-21,Dow Jones,4278.5,4322.55,4357.570000000001,4254.08,150133579,6.48,3.59,8.91,6.94,81,14775,4402,1.39,108.43,101.33,931.07,171.22,4200,0.34,41,73.25,3175
2007-09-22,Dow Jones,4278.5,4322.55,4357.570000000001,4254.08,150133579,6.48,3.59,8.91,6.94,81,14775,4402,1.39,108.43,101.33,931.07,171.22,4200,0.34,41,73.25,3175
2007-09-23,Dow Jones,2155.87,2143.98,2158.63,2131.62,121404635,4.1,8.05,9.67,7.86,56,11766,4809,0.93,141.97,141.3,1048.47,410.65,6073,6.52,1,8.24,3025
2007-09-24,Dow Jones,2508.22,2499.41,2555.95,2450.72,245589575,1.79,3.11,2.61,6.63,66,24143,1509,0.81,110.86,90.91,2172.11,125.5,9022,9.85,40,70.39,3530
2007-09-25,Dow Jones,2508.22,2499.41,2555.95,2450.72,245589575,1.79,3.11,2.61,6.63,66,24143,1509,0.81,110.86,90.91,2172.11,125.5,9022,9.85,40,70.39,3530
2007-09-26,Dow Jones,3178.22,3173.38,3213.09,3143.43,534974232,1.38,4.75,5.35,7.24,85,25751,2879,1.15,124.4,76.39,985.4,262.0,8470,2.54,42,43.64,2097
2007-09-27,Dow Jones,1639.52,1675.19,1700.5,1627.44,278688750,-2.69,0.69,2.4,5.43,110,15276,4299,1.04,99.21,62.92,967.82,484.08,5709,4.93,48,73.64,5881
2007-09-28,Dow Jones,1639.52,1675.19,1700.5,1627.44,278688750,-2.69,0.69,2.4,5.43,110,15276,4299,1.04,99.21,62.92,967.82,484.08,5709,4.93,48,73.64,5881
2007-09-29,Dow Jones,1639.52,1675.19,1700.5,1627.44,278688750,-2.69,0.69,2.4,5.43,110,15276,4299,1.04,99.21,62.92,967.82,484.08,5709,4.93,48,73.64,5881
2007-09-30,Dow Jones,2241.23,2247.3,2289.8900000000003,2239.49,469669489,5.77,4.96,4.38,6.21,105,21888,4957,0.94,88.26,27.18,1754.03,135.36,1510,0.99,46,86.42,6407
2007-10-01,Dow Jones,3013.38,2972.8900000000003,3039.59,2949.4500000000003,28872264,-2.85,3.0,12.44,4.38,114,12848,3074,0.91,116.43,120.27,1454.53,392.98,8627,7.95,33,35.91,2837
2007-10-02,Dow Jones,3013.38,2972.8900000000003,3039.59,2949.4500000000003,28872264,-2.85,3.0,12.44,4.38,114,12848,3074,0.91,116.43,120.27,1454.53,392.98,8627,7.95,33,35.91,2837
2007-10-03,Dow Jones,3013.38,2972.8900000000003,3039.59,2949.4500000000003,28872264,-2.85,3.0,12.44,4.38,114,12848,3074,0.91,116.43,120.27,1454.53,392.98,8627,7.95,33,35.91,2837
2007-10-04,Dow Jones,3582.14,3552.76,3600.31,3518.38,490363778,-2.12,8.7,3.3,0.59,83,4318,3320,1.34,81.49,82.39,1844.53,323.69,6550,8.62,17,88.66,4794
2007-10-05,Dow Jones,3582.14,3552.76,3600.31,3518.38,490363778,-2.12,8.7,3.3,0.59,83,4318,3320,1.34,81.49,82.39,1844.53,323.69,6550,8.62,17,88.66,4794
2007-10-06,Dow Jones,3582.14,3552.76,3600.31,3518.38,490363778,-2.12,8.7,3.3,0.59,83,4318,3320,1.34,81.49,82.39,1844.53,323.69,6550,8.62,17,88.66,4794
2007-10-07,Dow Jones,3582.14,3552.76,3600.31,3518.38,490363778,-2.12,8.7,3.3,0.59,83,4318,3320,1.34,81.49,82.39,1844.53,323.69,6550,8.62,17,88.66,4794
2007-10-08,Dow Jones,3582.14,3552.76,3600.31,3518.38,490363778,-2.12,8.7,3.3,0.59,83,4318,3320,1.34,81.49,82.39,1844.53,323.69,6550,8.62,17,88.66,4794
2007-10-09,Dow Jones,2654.07,2673.26,2717.76,2612.49,173036240,-4.06,8.32,7.25,6.69,70,16148,206,1.37,132.68,111.56,1535.71,113.37,4244,5.4,41,40.91,3149
2007-10-10,Dow Jones,2654.07,2673.26,2717.76,2612.49,173036240,-4.06,8.32,7.25,6.69,70,16148,206,1.37,132.68,111.56,1535.71,113.37,4244,5.4,41,40.91,3149
2007-10-11,Dow Jones,2095.95,2132.86,2156.62,2059.08,984655220,-2.22,0.32,2.38,7.99,82,1547,2178,1.2,101.54,45.13,1527.92,270.1,6220,3.89,15,23.55,7654
2007-10-12,Dow Jones,2095.95,2132.86,2156.62,2059.08,984655220,-2.22,0.32,2.38,7.99,82,1547,2178,1.2,101.54,45.13,1527.92,270.1,6220,3.89,15,23.55,7654
2007-10-13,Dow Jones,2095.95,2132.86,2156.62,2059.08,984655220,-2.22,0.32,2.38,7.99,82,1547,2178,1.2,101.54,45.13,1527.92,270.1,6220,3.89,15,23.55,7654
2007-10-14,Dow Jones,2409.31,2366.03,2452.74,2352.08,902200446,2.03,6.63,2.13,3.94,118,12774,3073,1.0,113.68,97.26,2279.45,361.12,8946,5.65,16,62.65,8344
2007-10-15,Dow Jones,2409.31,2366.03,2452.74,2352.08,902200446,2.03,6.63,2.13,3.94,118,12774,3073,1.0,113.68,97.26,2279.45,361.12,8946,5.65,16,62.65,8344
2007-10-16,Dow Jones,2409.31,2366.03,2452.74,2352.08,902200446,2.03,6.63,2.13,3.94,118,12774,3073,1.0,113.68,97.26,2279.45,361.12,8946,5.65,16,62.65,8344
2007-10-17,Dow Jones,2409.31,2366.03,2452.74,2352.08,902200446,2.03,6.63,2.13,3.94,118,12774,3073,1.0,113.68,97.26,2279.45,361.12,8946,5.65,16,62.65,8344
2007-10-18,Dow Jones,2409.31,2366.03,2452.74,2352.08,902200446,2.03,6.63,2.13,3.94,118,12774,3073,1.0,113.68,97.26,2279.45,361.12,8946,5.65,16,62.65,8344
2007-10-19,Dow Jones,1564.8,1564.2,1609.25,1541.39,376722030,-2.97,5.75,8.88,7.3,107,29433,1521,1.31,100.78,56.33,996.49,272.87,3722,7.38,36,83.81,4774
2007-10-20,Dow Jones,4054.06,4015.91,4100.95,3989.35,775061766,0.61,2.61,7.03,6.75,116,7558,3574,0.96,99.19,98.58,1386.7,159.95,4340,8.27,33,34.58,5556
2007-10-21,Dow Jones,1434.73,1386.09,1437.41,1378.77,670366123,7.16,9.12,11.11,2.29,105,16703,4511,1.39,127.39,36.93,1964.68,412.04,2610,8.36,44,62.23,5402
2007-10-22,Dow Jones,1434.73,1386.09,1437.41,1378.77,670366123,7.16,9.12,11.11,2.29,105,16703,4511,1.39,127.39,36.93,1964.68,412.04,2610,8.36,44,62.23,5402
2007-10-23,Dow Jones,1434.73,1386.09,1437.41,1378.77,670366123,7.16,9.12,11.11,2.29,105,16703,4511,1.39,127.39,36.93,1964.68,412.04,2610,8.36,44,62.23,5402
2007-10-24,Dow Jones,1434.73,1386.09,1437.41,1378.77,670366123,7.16,9.12,11.11,2.29,105,16703,4511,1.39,127.39,36.93,1964.68,412.04,2610,8.36,44,62.23,5402
2007-10-25,Dow Jones,1434.73,1386.09,1437.41,1378.77,670366123,7.16,9.12,11.11,2.29,105,16703,4511,1.39,127.39,36.93,1964.68,412.04,2610,8.36,44,62.23,5402
2007-10-26,Dow Jones,1434.73,1386.09,1437.41,1378.77,670366123,7.16,9.12,11.11,2.29,105,16703,4511,1.39,127.39,36.93,1964.68,412.04,2610,8.36,44,62.23,5402
2007-10-27,Dow Jones,1434.73,1386.09,1437.41,1378.77,670366123,7.16,9.12,11.11,2.29,105,16703,4511,1.39,127.39,36.93,1964.68,412.04,2610,8.36,44,62.23,5402
2007-10-28,Dow Jones,1434.73,1386.09,1437.41,1378.77,670366123,7.16,9.12,11.11,2.29,105,16703,4511,1.39,127.39,36.93,1964.68,412.04,2610,8.36,44,62.23,5402
2007-10-29,Dow Jones,1434.73,1386.09,1437.41,1378.77,670366123,7.16,9.12,11.11,2.29,105,16703,4511,1.39,127.39,36.93,1964.68,412.04,2610,8.36,44,62.23,5402
2007-10-30,Dow Jones,1434.73,1386.09,1437.41,1378.77,670366123,7.16,9.12,11.11,2.29,105,16703,4511,1.39,127.39,36.93,1964.68,412.04,2610,8.36,44,62.23,5402
2007-10-31,Dow Jones,1434.73,1386.09,1437.41,1378.77,670366123,7.16,9.12,11.11,2.29,105,16703,4511,1.39,127.39,36.93,1964.68,412.04,2610,8.36,44,62.23,5402
2007-11-01,Dow Jones,1434.73,1386.09,1437.41,1378.77,670366123,7.16,9.12,11.11,2.29,105,16703,4511,1.39,127.39,36.93,1964.68,412.04,2610,8.36,44,62.23,5402
2007-11-02,Dow Jones,1434.73,1386.09,1437.41,1378.77,670366123,7.16,9.12,11.11,2.29,105,16703,4511,1.39,127.39,36.93,1964.68,412.04,2610,8.36,44,62.23,5402
2007-11-03,Dow Jones,1434.73,1386.09,1437.41,1378.77,670366123,7.16,9.12,11.11,2.29,105,16703,4511,1.39,127.39,36.93,1964.68,412.04,2610,8.36,44,62.23,5402
2007-11-04,Dow Jones,1434.73,1386.09,1437.41,1378.77,670366123,7.16,9.12,11.11,2.29,105,16703,4511,1.39,127.39,36.93,1964.68,412.04,2610,8.36,44,62.23,5402
2007-11-05,Dow Jones,1434.73,1386.09,1437.41,1378.77,670366123,7.16,9.12,11.11,2.29,105,16703,4511,1.39,127.39,36.93,1964.68,412.04,2610,8.36,44,62.23,5402
2007-11-06,Dow Jones,1434.73,1386.09,1437.41,1378.77,670366123,7.16,9.12,11.11,2.29,105,16703,4511,1.39,127.39,36.93,1964.68,412.04,2610,8.36,44,62.23,5402
2007-11-07,Dow Jones,2423.83,2393.2,2425.76,2353.26,713057901,8.23,0.87,5.34,3.67,52,24096,4213,0.95,106.66,37.68,1855.5,114.08,7508,2.4,46,40.48,211
2007-11-08,Dow Jones,1594.03,1578.61,1631.71,1565.75,848459495,6.24,7.18,6.7,6.45,80,23611,1227,1.0,114.38,73.26,1749.51,379.72,8408,0.29,15,19.33,1371
2007-11-09,Dow Jones,3385.87,3371.65,3412.13,3340.75,215711740,3.06,8.95,13.17,8.04,76,26706,4347,0.81,100.8,89.75,2351.09,497.66,3947,6.91,46,6.27,6038
2007-11-10,Dow Jones,4257.54,4208.39,4275.97,4185.39,418032813,1.93,9.37,14.2,5.69,119,17426,4011,1.46,127.59,26.92,1180.54,238.19,536,9.86,48,75.3,2983
2007-11-11,Dow Jones,4257.54,4208.39,4275.97,4185.39,418032813,1.93,9.37,14.2,5.69,119,17426,4011,1.46,127.59,26.92,1180.54,238.19,536,9.86,48,75.3,2983
2007-11-12,Dow Jones,1529.07,1482.27,1560.1799999999998,1466.81,712970902,-0.41,0.53,13.23,8.1,58,19819,4744,1.14,141.59,45.04,1970.4,424.23,1684,9.3,22,5.8,7001
2007-11-13,Dow Jones,1529.07,1482.27,1560.1799999999998,1466.81,712970902,-0.41,0.53,13.23,8.1,58,19819,4744,1.14,141.59,45.04,1970.4,424.23,1684,9.3,22,5.8,7001
2007-11-14,Dow Jones,1529.07,1482.27,1560.1799999999998,1466.81,712970902,-0.41,0.53,13.23,8.1,58,19819,4744,1.14,141.59,45.04,1970.4,424.23,1684,9.3,22,5.8,7001
2007-11-15,Dow Jones,2199.59,2203.1400000000003,2248.6500000000005,2179.48,836305736,8.23,6.7,9.77,5.4,75,25496,4403,1.28,123.55,115.32,1541.71,350.14,1695,0.12,28,35.5,1775
2007-11-16,Dow Jones,2199.59,2203.1400000000003,2248.6500000000005,2179.48,836305736,8.23,6.7,9.77,5.4,75,25496,4403,1.28,123.55,115.32,1541.71,350.14,1695,0.12,28,35.5,1775
2007-11-17,Dow Jones,2199.59,2203.1400000000003,2248.6500000000005,2179.48,836305736,8.23,6.7,9.77,5.4,75,25496,4403,1.28,123.55,115.32,1541.71,350.14,1695,0.12,28,35.5,1775
2007-11-18,Dow Jones,2199.59,2203.1400000000003,2248.6500000000005,2179.48,836305736,8.23,6.7,9.77,5.4,75,25496,4403,1.28,123.55,115.32,1541.71,350.14,1695,0.12,28,35.5,1775
2007-11-19,Dow Jones,2450.01,2464.73,2469.74,2416.4,96970753,2.75,7.38,4.44,1.72,72,22583,2632,0.83,116.39,65.06,1578.82,345.91,9954,3.33,19,89.7,4173
2007-11-20,Dow Jones,2450.01,2464.73,2469.74,2416.4,96970753,2.75,7.38,4.44,1.72,72,22583,2632,0.83,116.39,65.06,1578.82,345.91,9954,3.33,19,89.7,4173
2007-11-21,Dow Jones,2450.01,2464.73,2469.74,2416.4,96970753,2.75,7.38,4.44,1.72,72,22583,2632,0.83,116.39,65.06,1578.82,345.91,9954,3.33,19,89.7,4173
2007-11-22,Dow Jones,2450.01,2464.73,2469.74,2416.4,96970753,2.75,7.38,4.44,1.72,72,22583,2632,0.83,116.39,65.06,1578.82,345.91,9954,3.33,19,89.7,4173
2007-11-23,Dow Jones,2450.01,2464.73,2469.74,2416.4,96970753,2.75,7.38,4.44,1.72,72,22583,2632,0.83,116.39,65.06,1578.82,345.91,9954,3.33,19,89.7,4173
2007-11-24,Dow Jones,2450.01,2464.73,2469.74,2416.4,96970753,2.75,7.38,4.44,1.72,72,22583,2632,0.83,116.39,65.06,1578.82,345.91,9954,3.33,19,89.7,4173
2007-11-25,Dow Jones,1439.45,1399.92,1465.13,1387.24,438794194,5.22,3.13,4.83,9.73,70,7084,3690,1.13,120.72,37.68,1772.99,305.79,5983,4.99,6,7.02,5627
2007-11-26,Dow Jones,1439.45,1399.92,1465.13,1387.24,438794194,5.22,3.13,4.83,9.73,70,7084,3690,1.13,120.72,37.68,1772.99,305.79,5983,4.99,6,7.02,5627
2007-11-27,Dow Jones,1439.45,1399.92,1465.13,1387.24,438794194,5.22,3.13,4.83,9.73,70,7084,3690,1.13,120.72,37.68,1772.99,305.79,5983,4.99,6,7.02,5627
2007-11-28,Dow Jones,1439.45,1399.92,1465.13,1387.24,438794194,5.22,3.13,4.83,9.73,70,7084,3690,1.13,120.72,37.68,1772.99,305.79,5983,4.99,6,7.02,5627
2007-11-29,Dow Jones,1439.45,1399.92,1465.13,1387.24,438794194,5.22,3.13,4.83,9.73,70,7084,3690,1.13,120.72,37.68,1772.99,305.79,5983,4.99,6,7.02,5627
2007-11-30,Dow Jones,1439.45,1399.92,1465.13,1387.24,438794194,5.22,3.13,4.83,9.73,70,7084,3690,1.13,120.72,37.68,1772.99,305.79,5983,4.99,6,7.02,5627
2007-12-01,Dow Jones,1439.45,1399.92,1465.13,1387.24,438794194,5.22,3.13,4.83,9.73,70,7084,3690,1.13,120.72,37.68,1772.99,305.79,5983,4.99,6,7.02,5627
2007-12-02,Dow Jones,1439.45,1399.92,1465.13,1387.24,438794194,5.22,3.13,4.83,9.73,70,7084,3690,1.13,120.72,37.68,1772.99,305.79,5983,4.99,6,7.02,5627
2007-12-03,Dow Jones,3439.25,3469.41,3511.13,3424.64,725663004,-3.68,6.66,13.26,5.61,85,29513,4799,1.05,101.14,89.36,1221.51,113.92,8485,8.37,2,93.6,3884
2007-12-04,Dow Jones,1963.22,1957.37,1981.26,1910.82,195253840,1.16,3.65,9.59,8.28,56,26493,389,1.46,112.62,131.26,1108.63,417.18,1135,1.67,47,0.16,4479
2007-12-05,Dow Jones,1963.22,1957.37,1981.26,1910.82,195253840,1.16,3.65,9.59,8.28,56,26493,389,1.46,112.62,131.26,1108.63,417.18,1135,1.67,47,0.16,4479
2007-12-06,Dow Jones,1963.22,1957.37,1981.26,1910.82,195253840,1.16,3.65,9.59,8.28,56,26493,389,1.46,112.62,131.26,1108.63,417.18,1135,1.67,47,0.16,4479
2007-12-07,Dow Jones,1588.65,1609.26,1612.57,1558.8100000000002,208026566,8.51,1.71,5.97,3.72,110,23095,2843,1.08,109.66,100.96,1019.5,237.64,8115,2.82,48,3.43,6113
2007-12-08,Dow Jones,1588.65,1609.26,1612.57,1558.8100000000002,208026566,8.51,1.71,5.97,3.72,110,23095,2843,1.08,109.66,100.96,1019.5,237.64,8115,2.82,48,3.43,6113
2007-12-09,Dow Jones,1588.65,1609.26,1612.57,1558.8100000000002,208026566,8.51,1.71,5.97,3.72,110,23095,2843,1.08,109.66,100.96,1019.5,237.64,8115,2.82,48,3.43,6113
2007-12-10,Dow Jones,4643.31,4681.8,4697.42,4637.17,117929412,0.63,4.82,4.81,4.73,94,7501,635,1.13,93.23,114.29,2131.86,241.49,8731,5.37,26,52.86,11885
2007-12-11,Dow Jones,4643.31,4681.8,4697.42,4637.17,117929412,0.63,4.82,4.81,4.73,94,7501,635,1.13,93.23,114.29,2131.86,241.49,8731,5.37,26,52.86,11885
2007-12-12,Dow Jones,4643.31,4681.8,4697.42,4637.17,117929412,0.63,4.82,4.81,4.73,94,7501,635,1.13,93.23,114.29,2131.86,241.49,8731,5.37,26,52.86,11885
2007-12-13,Dow Jones,4643.31,4681.8,4697.42,4637.17,117929412,0.63,4.82,4.81,4.73,94,7501,635,1.13,93.23,114.29,2131.86,241.49,8731,5.37,26,52.86,11885
2007-12-14,Dow Jones,4643.31,4681.8,4697.42,4637.17,117929412,0.63,4.82,4.81,4.73,94,7501,635,1.13,93.23,114.29,2131.86,241.49,8731,5.37,26,52.86,11885
2007-12-15,Dow Jones,4704.24,4658.65,4734.679999999999,4632.86,918890221,-3.94,0.32,12.48,4.36,117,25795,453,0.88,148.94,118.75,2199.27,292.25,885,9.58,15,95.27,13570
2007-12-16,Dow Jones,1646.78,1695.99,1716.58,1627.93,769087480,-0.02,9.77,6.61,8.94,57,26311,4930,1.05,133.18,76.59,1090.58,204.9,5519,5.64,44,6.56,14464
2007-12-17,Dow Jones,4863.33,4826.37,4887.02,4780.28,74904693,1.91,1.99,12.56,2.55,65,9254,3991,1.04,110.6,36.13,877.2,346.38,2702,4.79,39,78.08,10726
2007-12-18,Dow Jones,4863.33,4826.37,4887.02,4780.28,74904693,1.91,1.99,12.56,2.55,65,9254,3991,1.04,110.6,36.13,877.2,346.38,2702,4.79,39,78.08,10726
2007-12-19,Dow Jones,3966.26,3955.74,4008.37,3912.93,521564105,-0.3,5.77,14.31,1.78,83,28042,405,1.27,123.8,89.24,1544.44,443.32,4409,1.85,31,90.2,4802
2007-12-20,Dow Jones,3966.26,3955.74,4008.37,3912.93,521564105,-0.3,5.77,14.31,1.78,83,28042,405,1.27,123.8,89.24,1544.44,443.32,4409,1.85,31,90.2,4802
2007-12-21,Dow Jones,4537.91,4575.98,4576.27,4495.47,791402242,-1.57,6.02,4.75,6.13,54,21404,3808,1.34,108.81,87.8,906.25,498.71,9465,7.83,16,97.05,14770
2007-12-22,Dow Jones,4537.91,4575.98,4576.27,4495.47,791402242,-1.57,6.02,4.75,6.13,54,21404,3808,1.34,108.81,87.8,906.25,498.71,9465,7.83,16,97.05,14770
2007-12-23,Dow Jones,4537.91,4575.98,4576.27,4495.47,791402242,-1.57,6.02,4.75,6.13,54,21404,3808,1.34,108.81,87.8,906.25,498.71,9465,7.83,16,97.05,14770
2007-12-24,Dow Jones,4537.91,4575.98,4576.27,4495.47,791402242,-1.57,6.02,4.75,6.13,54,21404,3808,1.34,108.81,87.8,906.25,498.71,9465,7.83,16,97.05,14770
2007-12-25,Dow Jones,4537.91,4575.98,4576.27,4495.47,791402242,-1.57,6.02,4.75,6.13,54,21404,3808,1.34,108.81,87.8,906.25,498.71,9465,7.83,16,97.05,14770
2007-12-26,Dow Jones,4537.91,4575.98,4576.27,4495.47,791402242,-1.57,6.02,4.75,6.13,54,21404,3808,1.34,108.81,87.8,906.25,498.71,9465,7.83,16,97.05,14770
2007-12-27,Dow Jones,4537.91,4575.98,4576.27,4495.47,791402242,-1.57,6.02,4.75,6.13,54,21404,3808,1.34,108.81,87.8,906.25,498.71,9465,7.83,16,97.05,14770
2007-12-28,Dow Jones,2488.33,2450.46,2513.09,2413.64,304022190,-0.03,9.19,10.59,3.92,75,24921,4825,1.1,106.25,90.75,2472.21,272.17,6316,9.73,3,50.62,696
2007-12-29,Dow Jones,4039.29,4000.67,4069.75,3954.4,625053735,5.69,1.11,2.31,8.89,102,8300,2053,1.04,97.67,146.85,1371.58,220.28,9080,8.81,6,10.91,7135
2007-12-30,Dow Jones,4039.29,4000.67,4069.75,3954.4,625053735,5.69,1.11,2.31,8.89,102,8300,2053,1.04,97.67,146.85,1371.58,220.28,9080,8.81,6,10.91,7135
2007-12-31,Dow Jones,4039.29,4000.67,4069.75,3954.4,625053735,5.69,1.11,2.31,8.89,102,8300,2053,1.04,97.67,146.85,1371.58,220.28,9080,8.81,6,10.91,7135
2008-01-01,Dow Jones,3951.71,3972.92,4002.67,3949.32,842264610,8.42,0.39,10.2,3.83,87,27451,587,1.34,125.85,41.3,1749.11,182.0,6295,8.95,35,27.23,3904
2008-01-02,Dow Jones,3951.71,3972.92,4002.67,3949.32,842264610,8.42,0.39,10.2,3.83,87,27451,587,1.34,125.85,41.3,1749.11,182.0,6295,8.95,35,27.23,3904
2008-01-03,Dow Jones,4523.58,4481.54,4524.85,4474.38,718147297,5.97,8.17,11.94,4.9,58,22109,1861,0.98,105.21,130.22,2116.18,273.95,9541,9.47,23,79.11,11361
2008-01-04,Dow Jones,4523.58,4481.54,4524.85,4474.38,718147297,5.97,8.17,11.94,4.9,58,22109,1861,0.98,105.21,130.22,2116.18,273.95,9541,9.47,23,79.11,11361
2008-01-05,Dow Jones,4523.58,4481.54,4524.85,4474.38,718147297,5.97,8.17,11.94,4.9,58,22109,1861,0.98,105.21,130.22,2116.18,273.95,9541,9.47,23,79.11,11361
2008-01-06,Dow Jones,2860.15,2895.48,2937.2,2858.2000000000003,430549899,2.48,8.6,3.27,5.06,105,2462,4811,1.25,82.22,109.89,1349.09,340.06,7977,0.67,6,65.18,5010
2008-01-07,Dow Jones,2860.15,2895.48,2937.2,2858.2000000000003,430549899,2.48,8.6,3.27,5.06,105,2462,4811,1.25,82.22,109.89,1349.09,340.06,7977,0.67,6,65.18,5010
2008-01-08,Dow Jones,3975.62,4002.87,4031.72,3934.04,998619794,0.02,9.1,5.81,0.79,106,7746,4705,1.14,102.06,73.21,1846.5,422.98,8285,4.89,16,82.88,2271
2008-01-09,Dow Jones,4676.83,4643.71,4720.48,4614.14,688936264,5.17,8.46,12.34,3.39,109,9880,610,1.49,102.62,99.65,1104.65,153.72,2803,0.93,29,83.71,13045
2008-01-10,Dow Jones,2695.08,2727.26,2770.44,2677.18,214085083,1.95,7.08,7.23,3.79,61,6465,4221,1.05,143.04,70.18,2050.98,183.63,8023,1.41,7,54.15,12617
2008-01-11,Dow Jones,2368.53,2395.46,2414.04,2323.82,192670605,1.56,8.18,10.65,5.81,56,3178,3913,1.11,127.92,53.88,1467.99,113.78,184,9.72,2,18.84,13746
2008-01-12,Dow Jones,2368.53,2395.46,2414.04,2323.82,192670605,1.56,8.18,10.65,5.81,56,3178,3913,1.11,127.92,53.88,1467.99,113.78,184,9.72,2,18.84,13746
2008-01-13,Dow Jones,2368.53,2395.46,2414.04,2323.82,192670605,1.56,8.18,10.65,5.81,56,3178,3913,1.11,127.92,53.88,1467.99,113.78,184,9.72,2,18.84,13746
2008-01-14,Dow Jones,2368.53,2395.46,2414.04,2323.82,192670605,1.56,8.18,10.65,5.81,56,3178,3913,1.11,127.92,53.88,1467.99,113.78,184,9.72,2,18.84,13746
2008-01-15,Dow Jones,2368.53,2395.46,2414.04,2323.82,192670605,1.56,8.18,10.65,5.81,56,3178,3913,1.11,127.92,53.88,1467.99,113.78,184,9.72,2,18.84,13746
2008-01-16,Dow Jones,2368.53,2395.46,2414.04,2323.82,192670605,1.56,8.18,10.65,5.81,56,3178,3913,1.11,127.92,53.88,1467.99,113.78,184,9.72,2,18.84,13746
2008-01-17,Dow Jones,2368.53,2395.46,2414.04,2323.82,192670605,1.56,8.18,10.65,5.81,56,3178,3913,1.11,127.92,53.88,1467.99,113.78,184,9.72,2,18.84,13746
2008-01-18,Dow Jones,4048.7,4034.63,4049.99,4013.16,887424292,0.43,4.4,8.43,7.3,51,3300,4495,1.45,98.27,112.31,1584.5,206.8,6024,5.52,10,42.24,8808
2008-01-19,Dow Jones,4247.23,4244.77,4248.24,4201.69,575977769,9.91,2.81,2.55,1.47,91,17207,245,1.02,90.15,21.92,1663.37,225.35,1473,2.1,5,78.98,413
2008-01-20,Dow Jones,2367.4,2353.75,2398.52,2346.21,219668120,-3.33,1.23,4.5,7.43,82,28759,2917,1.2,107.27,110.33,2342.88,367.19,9755,1.6,26,63.75,1460
2008-01-21,Dow Jones,2367.4,2353.75,2398.52,2346.21,219668120,-3.33,1.23,4.5,7.43,82,28759,2917,1.2,107.27,110.33,2342.88,367.19,9755,1.6,26,63.75,1460
2008-01-22,Dow Jones,4393.89,4434.02,4449.570000000001,4389.22,476638069,5.23,8.52,12.84,4.65,112,23086,1015,1.13,133.89,105.31,1912.8,358.91,5111,5.8,12,12.47,927
2008-01-23,Dow Jones,4393.89,4434.02,4449.570000000001,4389.22,476638069,5.23,8.52,12.84,4.65,112,23086,1015,1.13,133.89,105.31,1912.8,358.91,5111,5.8,12,12.47,927
2008-01-24,Dow Jones,4175.74,4163.88,4192.71,4151.9400000000005,17404064,6.7,7.48,9.62,0.85,50,2294,3801,0.85,116.92,56.11,938.67,164.16,7430,1.22,7,76.27,10439
2008-01-25,Dow Jones,4763.97,4728.06,4797.9800000000005,4682.18,893872404,4.66,1.75,13.36,2.62,119,10940,1439,1.4,123.97,44.1,1400.7,146.53,2752,5.02,44,17.0,4491
2008-01-26,Dow Jones,4763.97,4728.06,4797.9800000000005,4682.18,893872404,4.66,1.75,13.36,2.62,119,10940,1439,1.4,123.97,44.1,1400.7,146.53,2752,5.02,44,17.0,4491
2008-01-27,Dow Jones,4763.97,4728.06,4797.9800000000005,4682.18,893872404,4.66,1.75,13.36,2.62,119,10940,1439,1.4,123.97,44.1,1400.7,146.53,2752,5.02,44,17.0,4491
2008-01-28,Dow Jones,4763.97,4728.06,4797.9800000000005,4682.18,893872404,4.66,1.75,13.36,2.62,119,10940,1439,1.4,123.97,44.1,1400.7,146.53,2752,5.02,44,17.0,4491
2008-01-29,Dow Jones,4763.97,4728.06,4797.9800000000005,4682.18,893872404,4.66,1.75,13.36,2.62,119,10940,1439,1.4,123.97,44.1,1400.7,146.53,2752,5.02,44,17.0,4491
2008-01-30,Dow Jones,4763.97,4728.06,4797.9800000000005,4682.18,893872404,4.66,1.75,13.36,2.62,119,10940,1439,1.4,123.97,44.1,1400.7,146.53,2752,5.02,44,17.0,4491
2008-01-31,Dow Jones,4763.97,4728.06,4797.9800000000005,4682.18,893872404,4.66,1.75,13.36,2.62,119,10940,1439,1.4,123.97,44.1,1400.7,146.53,2752,5.02,44,17.0,4491
2008-02-01,Dow Jones,4763.97,4728.06,4797.9800000000005,4682.18,893872404,4.66,1.75,13.36,2.62,119,10940,1439,1.4,123.97,44.1,1400.7,146.53,2752,5.02,44,17.0,4491
2008-02-02,Dow Jones,3695.02,3650.73,3699.06,3611.37,674425146,2.61,8.63,4.9,8.83,83,15445,109,1.15,131.15,104.05,2471.04,237.63,6620,2.55,8,1.06,9069
2008-02-03,Dow Jones,3695.02,3650.73,3699.06,3611.37,674425146,2.61,8.63,4.9,8.83,83,15445,109,1.15,131.15,104.05,2471.04,237.63,6620,2.55,8,1.06,9069
2008-02-04,Dow Jones,3995.85,3998.83,4041.77,3960.49,474515746,-0.05,0.19,5.52,0.84,73,1955,2916,0.92,142.68,43.81,819.65,349.23,4526,8.05,32,97.2,5338
2008-02-05,Dow Jones,3995.85,3998.83,4041.77,3960.49,474515746,-0.05,0.19,5.52,0.84,73,1955,2916,0.92,142.68,43.81,819.65,349.23,4526,8.05,32,97.2,5338
2008-02-06,Dow Jones,3995.85,3998.83,4041.77,3960.49,474515746,-0.05,0.19,5.52,0.84,73,1955,2916,0.92,142.68,43.81,819.65,349.23,4526,8.05,32,97.2,5338
2008-02-07,Dow Jones,3995.85,3998.83,4041.77,3960.49,474515746,-0.05,0.19,5.52,0.84,73,1955,2916,0.92,142.68,43.81,819.65,349.23,4526,8.05,32,97.2,5338
2008-02-08,Dow Jones,3995.85,3998.83,4041.77,3960.49,474515746,-0.05,0.19,5.52,0.84,73,1955,2916,0.92,142.68,43.81,819.65,349.23,4526,8.05,32,97.2,5338
2008-02-09,Dow Jones,3995.85,3998.83,4041.77,3960.49,474515746,-0.05,0.19,5.52,0.84,73,1955,2916,0.92,142.68,43.81,819.65,349.23,4526,8.05,32,97.2,5338
2008-02-10,Dow Jones,3995.85,3998.83,4041.77,3960.49,474515746,-0.05,0.19,5.52,0.84,73,1955,2916,0.92,142.68,43.81,819.65,349.23,4526,8.05,32,97.2,5338
2008-02-11,Dow Jones,3995.85,3998.83,4041.77,3960.49,474515746,-0.05,0.19,5.52,0.84,73,1955,2916,0.92,142.68,43.81,819.65,349.23,4526,8.05,32,97.2,5338
2008-02-12,Dow Jones,3994.43,3991.28,4012.13,3989.53,177432463,-0.28,0.91,2.54,0.68,103,25950,4366,0.97,106.74,112.65,1726.44,254.81,6239,7.34,47,5.54,11882
2008-02-13,Dow Jones,3994.43,3991.28,4012.13,3989.53,177432463,-0.28,0.91,2.54,0.68,103,25950,4366,0.97,106.74,112.65,1726.44,254.81,6239,7.34,47,5.54,11882
2008-02-14,Dow Jones,1864.13,1817.23,1872.42,1781.09,557312555,5.51,6.26,2.78,7.99,51,19089,2924,1.45,94.86,74.3,1900.02,298.61,670,6.5,10,40.0,10906
2008-02-15,Dow Jones,1864.13,1817.23,1872.42,1781.09,557312555,5.51,6.26,2.78,7.99,51,19089,2924,1.45,94.86,74.3,1900.02,298.61,670,6.5,10,40.0,10906
2008-02-16,Dow Jones,3860.5,3813.78,3889.35,3767.24,400313408,7.44,5.63,13.66,9.37,71,1639,2170,1.47,125.05,28.34,1263.46,235.57,9239,0.88,1,51.79,7287
2008-02-17,Dow Jones,3860.5,3813.78,3889.35,3767.24,400313408,7.44,5.63,13.66,9.37,71,1639,2170,1.47,125.05,28.34,1263.46,235.57,9239,0.88,1,51.79,7287
2008-02-18,Dow Jones,2708.42,2747.9300000000003,2757.6600000000003,2682.4,674078810,-2.21,0.18,11.18,7.08,108,21598,1020,1.07,112.9,103.51,1457.3,343.5,5552,7.34,40,34.95,8294
2008-02-19,Dow Jones,2708.42,2747.9300000000003,2757.6600000000003,2682.4,674078810,-2.21,0.18,11.18,7.08,108,21598,1020,1.07,112.9,103.51,1457.3,343.5,5552,7.34,40,34.95,8294
2008-02-20,Dow Jones,2708.42,2747.9300000000003,2757.6600000000003,2682.4,674078810,-2.21,0.18,11.18,7.08,108,21598,1020,1.07,112.9,103.51,1457.3,343.5,5552,7.34,40,34.95,8294
2008-02-21,Dow Jones,3100.2,3066.36,3112.53,3028.09,393170205,6.22,5.84,9.24,9.22,70,29606,4607,0.87,83.68,31.85,1523.49,258.74,4677,5.36,45,7.81,4191
2008-02-22,Dow Jones,3100.2,3066.36,3112.53,3028.09,393170205,6.22,5.84,9.24,9.22,70,29606,4607,0.87,83.68,31.85,1523.49,258.74,4677,5.36,45,7.81,4191
2008-02-23,Dow Jones,3100.2,3066.36,3112.53,3028.09,393170205,6.22,5.84,9.24,9.22,70,29606,4607,0.87,83.68,31.85,1523.49,258.74,4677,5.36,45,7.81,4191
2008-02-24,Dow Jones,3100.2,3066.36,3112.53,3028.09,393170205,6.22,5.84,9.24,9.22,70,29606,4607,0.87,83.68,31.85,1523.49,258.74,4677,5.36,45,7.81,4191
2008-02-25,Dow Jones,3100.2,3066.36,3112.53,3028.09,393170205,6.22,5.84,9.24,9.22,70,29606,4607,0.87,83.68,31.85,1523.49,258.74,4677,5.36,45,7.81,4191
2008-02-26,Dow Jones,3100.2,3066.36,3112.53,3028.09,393170205,6.22,5.84,9.24,9.22,70,29606,4607,0.87,83.68,31.85,1523.49,258.74,4677,5.36,45,7.81,4191
2008-02-27,Dow Jones,3100.2,3066.36,3112.53,3028.09,393170205,6.22,5.84,9.24,9.22,70,29606,4607,0.87,83.68,31.85,1523.49,258.74,4677,5.36,45,7.81,4191
2008-02-28,Dow Jones,3100.2,3066.36,3112.53,3028.09,393170205,6.22,5.84,9.24,9.22,70,29606,4607,0.87,83.68,31.85,1523.49,258.74,4677,5.36,45,7.81,4191
2008-02-29,Dow Jones,3100.2,3066.36,3112.53,3028.09,393170205,6.22,5.84,9.24,9.22,70,29606,4607,0.87,83.68,31.85,1523.49,258.74,4677,5.36,45,7.81,4191
2008-03-01,Dow Jones,3100.2,3066.36,3112.53,3028.09,393170205,6.22,5.84,9.24,9.22,70,29606,4607,0.87,83.68,31.85,1523.49,258.74,4677,5.36,45,7.81,4191
2008-03-02,Dow Jones,3100.2,3066.36,3112.53,3028.09,393170205,6.22,5.84,9.24,9.22,70,29606,4607,0.87,83.68,31.85,1523.49,258.74,4677,5.36,45,7.81,4191
2008-03-03,Dow Jones,4356.4,4328.37,4374.24,4314.14,886758407,-0.81,7.72,3.66,4.35,95,20857,1262,1.31,97.25,117.99,1896.91,464.95,4885,8.91,1,54.33,11021
2008-03-04,Dow Jones,3202.64,3196.51,3217.63,3148.51,146672119,0.01,9.56,9.41,2.64,104,26610,3539,0.96,134.73,100.63,1027.57,396.72,4979,6.18,43,26.59,13356
2008-03-05,Dow Jones,3202.64,3196.51,3217.63,3148.51,146672119,0.01,9.56,9.41,2.64,104,26610,3539,0.96,134.73,100.63,1027.57,396.72,4979,6.18,43,26.59,13356
2008-03-06,Dow Jones,3912.47,3940.87,3942.76,3911.99,799316126,-3.46,7.28,8.73,2.75,61,28038,1459,1.19,118.67,135.33,1490.99,291.13,552,6.72,15,50.21,8769
2008-03-07,Dow Jones,3912.47,3940.87,3942.76,3911.99,799316126,-3.46,7.28,8.73,2.75,61,28038,1459,1.19,118.67,135.33,1490.99,291.13,552,6.72,15,50.21,8769
2008-03-08,Dow Jones,3912.47,3940.87,3942.76,3911.99,799316126,-3.46,7.28,8.73,2.75,61,28038,1459,1.19,118.67,135.33,1490.99,291.13,552,6.72,15,50.21,8769
2008-03-09,Dow Jones,3912.47,3940.87,3942.76,3911.99,799316126,-3.46,7.28,8.73,2.75,61,28038,1459,1.19,118.67,135.33,1490.99,291.13,552,6.72,15,50.21,8769
2008-03-10,Dow Jones,3912.47,3940.87,3942.76,3911.99,799316126,-3.46,7.28,8.73,2.75,61,28038,1459,1.19,118.67,135.33,1490.99,291.13,552,6.72,15,50.21,8769
2008-03-11,Dow Jones,3912.47,3940.87,3942.76,3911.99,799316126,-3.46,7.28,8.73,2.75,61,28038,1459,1.19,118.67,135.33,1490.99,291.13,552,6.72,15,50.21,8769
2008-03-12,Dow Jones,3912.47,3940.87,3942.76,3911.99,799316126,-3.46,7.28,8.73,2.75,61,28038,1459,1.19,118.67,135.33,1490.99,291.13,552,6.72,15,50.21,8769
2008-03-13,Dow Jones,3912.47,3940.87,3942.76,3911.99,799316126,-3.46,7.28,8.73,2.75,61,28038,1459,1.19,118.67,135.33,1490.99,291.13,552,6.72,15,50.21,8769
2008-03-14,Dow Jones,1273.76,1235.44,1317.28,1192.34,86910001,8.84,7.0,10.44,7.29,117,10296,4236,1.18,113.52,61.98,2385.41,298.72,3033,8.75,35,66.01,2200
2008-03-15,Dow Jones,1273.76,1235.44,1317.28,1192.34,86910001,8.84,7.0,10.44,7.29,117,10296,4236,1.18,113.52,61.98,2385.41,298.72,3033,8.75,35,66.01,2200
2008-03-16,Dow Jones,1273.76,1235.44,1317.28,1192.34,86910001,8.84,7.0,10.44,7.29,117,10296,4236,1.18,113.52,61.98,2385.41,298.72,3033,8.75,35,66.01,2200
2008-03-17,Dow Jones,1273.76,1235.44,1317.28,1192.34,86910001,8.84,7.0,10.44,7.29,117,10296,4236,1.18,113.52,61.98,2385.41,298.72,3033,8.75,35,66.01,2200
2008-03-18,Dow Jones,1273.76,1235.44,1317.28,1192.34,86910001,8.84,7.0,10.44,7.29,117,10296,4236,1.18,113.52,61.98,2385.41,298.72,3033,8.75,35,66.01,2200
