Date,Stock Index,Open Price,Close Price,Daily High,Daily Low,Trading Volume,GDP Growth (%),Inflation Rate (%),Unemployment Rate (%),Interest Rate (%),Consumer Confidence Index,Government Debt (Billion USD),Corporate Profits (Billion USD),Forex USD/EUR,Forex USD/JPY,Crude Oil Price (USD per Barrel),Gold Price (USD per Ounce),Real Estate Index,Retail Sales (Billion USD),Bankruptcy Rate (%),Mergers & Acquisitions Deals,Venture Capital Funding (Billion USD),Consumer Spending (Billion USD)
2000-01-01,NASDAQ,2798.96,2826.64,2864.47,2766.89,423890033.0,7.08,4.39,13.01,3.77,66.0,20092.0,2265.0,1.06,136.86,117.92,896.46,265.51,1011.0,7.33,37.0,98.89,3771.0
2000-01-02,NASDAQ,2798.96,2826.64,2864.47,2766.89,423890033.0,7.08,4.39,13.01,3.77,66.0,20092.0,2265.0,1.06,136.86,117.92,896.46,265.51,1011.0,7.33,37.0,98.89,3771.0
2000-01-03,NASDAQ,2798.96,2826.64,2864.47,2766.89,423890033.0,7.08,4.39,13.01,3.77,66.0,20092.0,2265.0,1.06,136.86,117.92,896.46,265.51,1011.0,7.33,37.0,98.89,3771.0
2000-01-04,NASDAQ,2798.96,2826.64,2864.47,2766.89,423890033.0,7.08,4.39,13.01,3.77,66.0,20092.0,2265.0,1.06,136.86,117.92,896.46,265.51,1011.0,7.33,37.0,98.89,3771.0
2000-01-05,NASDAQ,2798.96,2826.64,2864.47,2766.89,423890033.0,7.08,4.39,13.01,3.77,66.0,20092.0,2265.0,1.06,136.86,117.92,896.46,265.51,1011.0,7.33,37.0,98.89,3771.0
2000-01-06,NASDAQ,2798.96,2826.64,2864.47,2766.89,423890033.0,7.08,4.39,13.01,3.77,66.0,20092.0,2265.0,1.06,136.86,117.92,896.46,265.51,1011.0,7.33,37.0,98.89,3771.0
2000-01-07,NASDAQ,2798.96,2826.64,2864.47,2766.89,423890033.0,7.08,4.39,13.01,3.77,66.0,20092.0,2265.0,1.06,136.86,117.92,896.46,265.51,1011.0,7.33,37.0,98.89,3771.0
2000-01-08,NASDAQ,2798.96,2826.64,2864.47,2766.89,423890033.0,7.08,4.39,13.01,3.77,66.0,20092.0,2265.0,1.06,136.86,117.92,896.46,265.51,1011.0,7.33,37.0,98.89,3771.0
2000-01-09,NASDAQ,2798.96,2826.64,2864.47,2766.89,423890033.0,7.08,4.39,13.01,3.77,66.0,20092.0,2265.0,1.06,136.86,117.92,896.46,265.51,1011.0,7.33,37.0,98.89,3771.0
2000-01-10,NASDAQ,2798.96,2826.64,2864.47,2766.89,423890033.0,7.08,4.39,13.01,3.77,66.0,20092.0,2265.0,1.06,136.86,117.92,896.46,265.51,1011.0,7.33,37.0,98.89,3771.0
2000-01-11,NASDAQ,2798.96,2826.64,2864.47,2766.89,423890033.0,7.08,4.39,13.01,3.77,66.0,20092.0,2265.0,1.06,136.86,117.92,896.46,265.51,1011.0,7.33,37.0,98.89,3771.0
2000-01-12,NASDAQ,2798.96,2826.64,2864.47,2766.89,423890033.0,7.08,4.39,13.01,3.77,66.0,20092.0,2265.0,1.06,136.86,117.92,896.46,265.51,1011.0,7.33,37.0,98.89,3771.0
2000-01-13,NASDAQ,2798.96,2826.64,2864.47,2766.89,423890033.0,7.08,4.39,13.01,3.77,66.0,20092.0,2265.0,1.06,136.86,117.92,896.46,265.51,1011.0,7.33,37.0,98.89,3771.0
2000-01-14,NASDAQ,2798.96,2826.64,2864.47,2766.89,423890033.0,7.08,4.39,13.01,3.77,66.0,20092.0,2265.0,1.06,136.86,117.92,896.46,265.51,1011.0,7.33,37.0,98.89,3771.0
2000-01-15,NASDAQ,1556.98,1570.51,1581.57,1544.3,866560662.0,-3.37,7.26,13.86,0.6,78.0,10163.0,4145.0,1.23,149.06,73.35,1063.49,386.73,1171.0,2.37,11.0,44.83,5201.0
2000-01-16,NASDAQ,1556.98,1570.51,1581.57,1544.3,866560662.0,-3.37,7.26,13.86,0.6,78.0,10163.0,4145.0,1.23,149.06,73.35,1063.49,386.73,1171.0,2.37,11.0,44.83,5201.0
2000-01-17,NASDAQ,2644.38,2615.55,2682.99,2569.3500000000004,965696140.0,1.97,3.04,11.51,9.3,53.0,28836.0,102.0,1.06,138.18,90.36,2143.77,487.03,4309.0,3.83,15.0,2.84,13591.0
2000-01-18,NASDAQ,2389.37,2343.52,2413.03,2310.0,3991992.0,9.66,7.42,11.54,4.15,93.0,4179.0,424.0,0.91,98.43,113.38,2170.79,277.72,6698.0,6.03,2.0,62.21,14990.0
2000-01-19,NASDAQ,4599.33,4581.54,4630.22,4534.98,215525643.0,5.17,7.14,3.37,1.38,114.0,15264.0,704.0,1.21,146.91,123.47,2332.18,492.52,4721.0,1.27,24.0,76.7,11054.0
2000-01-20,NASDAQ,1087.29,1093.26,1116.08,1067.4,995760162.0,1.11,2.95,5.52,3.38,80.0,25604.0,4991.0,1.21,80.92,106.69,1645.57,467.25,6188.0,7.43,17.0,79.04,7061.0
2000-01-21,NASDAQ,1087.29,1093.26,1116.08,1067.4,995760162.0,1.11,2.95,5.52,3.38,80.0,25604.0,4991.0,1.21,80.92,106.69,1645.57,467.25,6188.0,7.43,17.0,79.04,7061.0
2000-01-22,NASDAQ,1087.29,1093.26,1116.08,1067.4,995760162.0,1.11,2.95,5.52,3.38,80.0,25604.0,4991.0,1.21,80.92,106.69,1645.57,467.25,6188.0,7.43,17.0,79.04,7061.0
2000-01-23,NASDAQ,3240.67,3234.21,3282.76,3232.11,781089324.0,-3.56,4.81,4.06,4.93,60.0,5408.0,3222.0,1.39,84.71,94.42,2144.2,135.93,2553.0,9.33,39.0,2.36,6242.0
2000-01-24,NASDAQ,4747.29,4792.6,4832.67,4701.95,695658158.0,7.52,8.27,13.45,8.45,77.0,28932.0,3214.0,1.18,122.34,86.02,1415.23,312.59,5599.0,8.7,31.0,89.59,3697.0
2000-01-25,NASDAQ,4747.29,4792.6,4832.67,4701.95,695658158.0,7.52,8.27,13.45,8.45,77.0,28932.0,3214.0,1.18,122.34,86.02,1415.23,312.59,5599.0,8.7,31.0,89.59,3697.0
2000-01-26,NASDAQ,4747.29,4792.6,4832.67,4701.95,695658158.0,7.52,8.27,13.45,8.45,77.0,28932.0,3214.0,1.18,122.34,86.02,1415.23,312.59,5599.0,8.7,31.0,89.59,3697.0
2000-01-27,NASDAQ,4747.29,4792.6,4832.67,4701.95,695658158.0,7.52,8.27,13.45,8.45,77.0,28932.0,3214.0,1.18,122.34,86.02,1415.23,312.59,5599.0,8.7,31.0,89.59,3697.0
2000-01-28,NASDAQ,4747.29,4792.6,4832.67,4701.95,695658158.0,7.52,8.27,13.45,8.45,77.0,28932.0,3214.0,1.18,122.34,86.02,1415.23,312.59,5599.0,8.7,31.0,89.59,3697.0
2000-01-29,NASDAQ,4747.29,4792.6,4832.67,4701.95,695658158.0,7.52,8.27,13.45,8.45,77.0,28932.0,3214.0,1.18,122.34,86.02,1415.23,312.59,5599.0,8.7,31.0,89.59,3697.0
2000-01-30,NASDAQ,4747.29,4792.6,4832.67,4701.95,695658158.0,7.52,8.27,13.45,8.45,77.0,28932.0,3214.0,1.18,122.34,86.02,1415.23,312.59,5599.0,8.7,31.0,89.59,3697.0
2000-01-31,NASDAQ,3616.7,3578.83,3657.0,3578.06,897542344.0,9.09,4.9,14.79,8.52,117.0,9432.0,3543.0,1.39,84.96,73.27,1361.16,370.55,6300.0,3.11,43.0,64.68,10458.0
2000-02-01,NASDAQ,3616.7,3578.83,3657.0,3578.06,897542344.0,9.09,4.9,14.79,8.52,117.0,9432.0,3543.0,1.39,84.96,73.27,1361.16,370.55,6300.0,3.11,43.0,64.68,10458.0
2000-02-02,NASDAQ,3261.32,3264.57,3296.6800000000003,3261.2000000000003,835366797.0,7.31,5.07,2.34,1.45,86.0,8453.0,210.0,1.31,82.96,27.27,2249.67,414.39,2860.0,2.75,5.0,91.95,10210.0
2000-02-03,NASDAQ,2855.73,2862.17,2874.4500000000003,2834.94,328505418.0,-2.07,1.42,14.32,6.43,103.0,25366.0,122.0,1.08,135.38,75.08,975.83,381.15,5325.0,3.46,27.0,15.96,5396.0
2000-02-04,NASDAQ,2855.73,2862.17,2874.4500000000003,2834.94,328505418.0,-2.07,1.42,14.32,6.43,103.0,25366.0,122.0,1.08,135.38,75.08,975.83,381.15,5325.0,3.46,27.0,15.96,5396.0
2000-02-05,NASDAQ,3434.11,3400.74,3473.83,3360.8,869602526.0,-4.61,3.36,3.07,2.92,80.0,28717.0,2063.0,1.24,102.61,149.74,2016.4,159.79,3813.0,4.34,23.0,19.03,4920.0
2000-02-06,NASDAQ,3434.11,3400.74,3473.83,3360.8,869602526.0,-4.61,3.36,3.07,2.92,80.0,28717.0,2063.0,1.24,102.61,149.74,2016.4,159.79,3813.0,4.34,23.0,19.03,4920.0
2000-02-07,NASDAQ,3434.11,3400.74,3473.83,3360.8,869602526.0,-4.61,3.36,3.07,2.92,80.0,28717.0,2063.0,1.24,102.61,149.74,2016.4,159.79,3813.0,4.34,23.0,19.03,4920.0
2000-02-08,NASDAQ,3434.11,3400.74,3473.83,3360.8,869602526.0,-4.61,3.36,3.07,2.92,80.0,28717.0,2063.0,1.24,102.61,149.74,2016.4,159.79,3813.0,4.34,23.0,19.03,4920.0
2000-02-09,NASDAQ,3434.11,3400.74,3473.83,3360.8,869602526.0,-4.61,3.36,3.07,2.92,80.0,28717.0,2063.0,1.24,102.61,149.74,2016.4,159.79,3813.0,4.34,23.0,19.03,4920.0
2000-02-10,NASDAQ,3434.11,3400.74,3473.83,3360.8,869602526.0,-4.61,3.36,3.07,2.92,80.0,28717.0,2063.0,1.24,102.61,149.74,2016.4,159.79,3813.0,4.34,23.0,19.03,4920.0
2000-02-11,NASDAQ,3434.11,3400.74,3473.83,3360.8,869602526.0,-4.61,3.36,3.07,2.92,80.0,28717.0,2063.0,1.24,102.61,149.74,2016.4,159.79,3813.0,4.34,23.0,19.03,4920.0
2000-02-12,NASDAQ,3434.11,3400.74,3473.83,3360.8,869602526.0,-4.61,3.36,3.07,2.92,80.0,28717.0,2063.0,1.24,102.61,149.74,2016.4,159.79,3813.0,4.34,23.0,19.03,4920.0
2000-02-13,NASDAQ,3434.11,3400.74,3473.83,3360.8,869602526.0,-4.61,3.36,3.07,2.92,80.0,28717.0,2063.0,1.24,102.61,149.74,2016.4,159.79,3813.0,4.34,23.0,19.03,4920.0
2000-02-14,NASDAQ,3434.11,3400.74,3473.83,3360.8,869602526.0,-4.61,3.36,3.07,2.92,80.0,28717.0,2063.0,1.24,102.61,149.74,2016.4,159.79,3813.0,4.34,23.0,19.03,4920.0
2000-02-15,NASDAQ,3434.11,3400.74,3473.83,3360.8,869602526.0,-4.61,3.36,3.07,2.92,80.0,28717.0,2063.0,1.24,102.61,149.74,2016.4,159.79,3813.0,4.34,23.0,19.03,4920.0
2000-02-16,NASDAQ,3891.26,3901.51,3906.55,3855.61,931967282.0,-3.36,9.43,6.44,9.8,101.0,16718.0,3462.0,1.11,139.42,131.59,1429.67,359.42,5288.0,6.87,17.0,63.57,14238.0
2000-02-17,NASDAQ,3891.26,3901.51,3906.55,3855.61,931967282.0,-3.36,9.43,6.44,9.8,101.0,16718.0,3462.0,1.11,139.42,131.59,1429.67,359.42,5288.0,6.87,17.0,63.57,14238.0
2000-02-18,NASDAQ,3831.34,3834.21,3835.77,3812.02,368280027.0,0.68,5.28,11.97,9.52,116.0,22078.0,2607.0,1.09,149.03,79.4,980.56,120.87,9561.0,7.22,6.0,40.05,13851.0
2000-02-19,NASDAQ,3174.15,3157.59,3217.6600000000003,3137.27,422317180.0,5.42,1.23,2.77,4.72,56.0,1895.0,3278.0,1.03,96.54,84.17,1791.53,192.99,7640.0,8.72,21.0,47.11,14247.0
2000-02-20,NASDAQ,1326.9,1328.8300000000002,1335.7600000000002,1318.5600000000002,58651049.0,7.26,5.4,12.93,4.64,93.0,19851.0,3424.0,1.38,103.69,87.69,2417.95,309.74,4293.0,2.28,9.0,14.62,4097.0
2000-02-21,NASDAQ,1326.9,1328.8300000000002,1335.7600000000002,1318.5600000000002,58651049.0,7.26,5.4,12.93,4.64,93.0,19851.0,3424.0,1.38,103.69,87.69,2417.95,309.74,4293.0,2.28,9.0,14.62,4097.0
2000-02-22,NASDAQ,2938.79,2969.31,2978.09,2932.12,705322989.0,-4.52,9.98,10.8,7.13,100.0,3114.0,1644.0,1.46,93.98,120.76,2086.94,417.57,9004.0,6.03,44.0,16.2,14393.0
2000-02-23,NASDAQ,2938.79,2969.31,2978.09,2932.12,705322989.0,-4.52,9.98,10.8,7.13,100.0,3114.0,1644.0,1.46,93.98,120.76,2086.94,417.57,9004.0,6.03,44.0,16.2,14393.0
2000-02-24,NASDAQ,4782.79,4741.29,4817.45,4701.18,917879901.0,-4.17,9.66,6.68,8.71,86.0,23754.0,625.0,1.18,115.82,24.12,1060.38,358.45,4704.0,9.88,11.0,5.18,5108.0
2000-02-25,NASDAQ,4782.79,4741.29,4817.45,4701.18,917879901.0,-4.17,9.66,6.68,8.71,86.0,23754.0,625.0,1.18,115.82,24.12,1060.38,358.45,4704.0,9.88,11.0,5.18,5108.0
2000-02-26,NASDAQ,4782.79,4741.29,4817.45,4701.18,917879901.0,-4.17,9.66,6.68,8.71,86.0,23754.0,625.0,1.18,115.82,24.12,1060.38,358.45,4704.0,9.88,11.0,5.18,5108.0
2000-02-27,NASDAQ,4782.79,4741.29,4817.45,4701.18,917879901.0,-4.17,9.66,6.68,8.71,86.0,23754.0,625.0,1.18,115.82,24.12,1060.38,358.45,4704.0,9.88,11.0,5.18,5108.0
2000-02-28,NASDAQ,4782.79,4741.29,4817.45,4701.18,917879901.0,-4.17,9.66,6.68,8.71,86.0,23754.0,625.0,1.18,115.82,24.12,1060.38,358.45,4704.0,9.88,11.0,5.18,5108.0
2000-02-29,NASDAQ,4782.79,4741.29,4817.45,4701.18,917879901.0,-4.17,9.66,6.68,8.71,86.0,23754.0,625.0,1.18,115.82,24.12,1060.38,358.45,4704.0,9.88,11.0,5.18,5108.0
2000-03-01,NASDAQ,3181.73,3166.43,3209.32,3130.55,333936018.0,7.2,5.06,13.58,4.56,76.0,26856.0,4788.0,1.13,138.5,96.67,2231.79,101.85,3936.0,4.64,25.0,69.36,9535.0
2000-03-02,NASDAQ,3181.73,3166.43,3209.32,3130.55,333936018.0,7.2,5.06,13.58,4.56,76.0,26856.0,4788.0,1.13,138.5,96.67,2231.79,101.85,3936.0,4.64,25.0,69.36,9535.0
2000-03-03,NASDAQ,3050.01,3092.2700000000004,3105.130000000001,3045.5600000000004,820368765.0,3.8,9.47,8.06,7.03,90.0,27226.0,166.0,1.5,113.68,65.57,1042.29,169.1,9481.0,8.54,6.0,62.85,610.0
2000-03-04,NASDAQ,4225.61,4225.849999999999,4273.28,4182.549999999999,305825400.0,8.72,6.84,12.08,7.85,119.0,21766.0,860.0,1.36,105.78,143.94,1087.12,358.04,3724.0,7.91,45.0,0.31,4968.0
2000-03-05,NASDAQ,2836.96,2819.75,2845.45,2779.09,320415535.0,-0.19,7.98,2.79,7.51,73.0,15160.0,564.0,0.82,94.34,32.7,1178.03,207.09,9544.0,3.32,33.0,46.55,11896.0
2000-03-06,NASDAQ,1207.83,1231.54,1279.82,1206.16,728339776.0,7.3,1.76,11.17,3.75,67.0,13160.0,4291.0,1.06,110.69,114.65,1244.09,460.78,7491.0,8.65,9.0,72.16,12053.0
2000-03-07,NASDAQ,4145.11,4098.78,4145.849999999999,4094.23,79877029.0,-4.86,7.22,12.66,9.99,105.0,21317.0,4603.0,0.97,111.06,35.59,1759.64,125.54,8027.0,9.14,2.0,92.64,12791.0
2000-03-08,NASDAQ,1805.46,1802.94,1829.52,1800.48,404458248.0,-4.95,6.18,10.59,8.56,64.0,7534.0,3289.0,1.47,136.6,123.85,1356.73,423.68,2009.0,5.52,27.0,49.33,14798.0
2000-03-09,NASDAQ,2034.48,2018.11,2051.15,2001.37,167771131.0,6.4,0.92,2.17,2.97,84.0,26132.0,4999.0,0.98,140.82,32.7,2420.04,256.93,2774.0,1.59,10.0,84.07,4165.0
2000-03-10,NASDAQ,2034.48,2018.11,2051.15,2001.37,167771131.0,6.4,0.92,2.17,2.97,84.0,26132.0,4999.0,0.98,140.82,32.7,2420.04,256.93,2774.0,1.59,10.0,84.07,4165.0
2000-03-11,NASDAQ,2034.48,2018.11,2051.15,2001.37,167771131.0,6.4,0.92,2.17,2.97,84.0,26132.0,4999.0,0.98,140.82,32.7,2420.04,256.93,2774.0,1.59,10.0,84.07,4165.0
2000-03-12,NASDAQ,4027.01,4032.29,4054.0700000000006,4013.63,684607341.0,8.95,7.24,5.04,4.8,70.0,10660.0,2860.0,1.39,87.71,79.83,2276.14,195.72,2702.0,5.27,19.0,87.49,5313.0
2000-03-13,NASDAQ,3077.54,3101.61,3122.35,3031.96,103968425.0,-3.23,1.42,14.51,8.58,88.0,17980.0,4556.0,0.87,120.27,134.75,1793.36,120.23,5897.0,0.46,4.0,64.06,2866.0
2000-03-14,NASDAQ,1819.53,1818.03,1856.17,1799.62,65802593.0,-1.52,4.68,10.47,7.89,81.0,26957.0,1493.0,0.8,99.21,72.23,1730.63,378.21,254.0,5.0,40.0,10.51,12862.0
2000-03-15,NASDAQ,4511.32,4469.86,4545.61,4467.58,580283044.0,8.56,3.57,5.86,8.59,99.0,1704.0,3793.0,1.36,100.63,149.34,1810.39,181.76,2774.0,3.8,12.0,93.92,1708.0
2000-03-16,NASDAQ,4518.33,4565.58,4607.24,4503.32,856716960.0,-2.34,5.51,14.09,3.08,58.0,10612.0,4407.0,1.39,86.63,22.43,1228.85,472.2,4603.0,6.86,10.0,17.75,1790.0
2000-03-17,NASDAQ,4482.31,4484.110000000001,4496.610000000001,4455.75,112593112.0,5.23,7.06,11.63,6.14,99.0,24831.0,1799.0,1.47,124.51,110.49,2094.46,126.89,1627.0,0.41,33.0,47.09,9061.0
2000-03-18,NASDAQ,4482.31,4484.110000000001,4496.610000000001,4455.75,112593112.0,5.23,7.06,11.63,6.14,99.0,24831.0,1799.0,1.47,124.51,110.49,2094.46,126.89,1627.0,0.41,33.0,47.09,9061.0
2000-03-19,NASDAQ,4482.31,4484.110000000001,4496.610000000001,4455.75,112593112.0,5.23,7.06,11.63,6.14,99.0,24831.0,1799.0,1.47,124.51,110.49,2094.46,126.89,1627.0,0.41,33.0,47.09,9061.0
2000-03-20,NASDAQ,4939.96,4938.31,4958.45,4931.740000000001,223914041.0,-0.72,4.64,4.59,7.0,53.0,16756.0,4973.0,1.16,98.41,148.51,1101.17,226.81,9757.0,0.13,14.0,66.53,7442.0
2000-03-21,NASDAQ,4939.96,4938.31,4958.45,4931.740000000001,223914041.0,-0.72,4.64,4.59,7.0,53.0,16756.0,4973.0,1.16,98.41,148.51,1101.17,226.81,9757.0,0.13,14.0,66.53,7442.0
2000-03-22,NASDAQ,4939.96,4938.31,4958.45,4931.740000000001,223914041.0,-0.72,4.64,4.59,7.0,53.0,16756.0,4973.0,1.16,98.41,148.51,1101.17,226.81,9757.0,0.13,14.0,66.53,7442.0
2000-03-23,NASDAQ,1260.82,1221.4399999999998,1267.91,1204.9599999999998,317188026.0,5.61,3.31,13.65,6.66,64.0,8039.0,715.0,1.18,114.52,87.0,2114.86,390.57,3177.0,6.98,9.0,14.54,647.0
2000-03-24,NASDAQ,1260.82,1221.4399999999998,1267.91,1204.9599999999998,317188026.0,5.61,3.31,13.65,6.66,64.0,8039.0,715.0,1.18,114.52,87.0,2114.86,390.57,3177.0,6.98,9.0,14.54,647.0
2000-03-25,NASDAQ,1260.82,1221.4399999999998,1267.91,1204.9599999999998,317188026.0,5.61,3.31,13.65,6.66,64.0,8039.0,715.0,1.18,114.52,87.0,2114.86,390.57,3177.0,6.98,9.0,14.54,647.0
2000-03-26,NASDAQ,3154.81,3124.31,3188.96,3088.39,430682626.0,-0.52,3.6,2.7,7.94,110.0,2538.0,4827.0,1.14,99.0,92.27,1015.96,404.75,1342.0,3.37,47.0,75.1,10184.0
2000-03-27,NASDAQ,3154.81,3124.31,3188.96,3088.39,430682626.0,-0.52,3.6,2.7,7.94,110.0,2538.0,4827.0,1.14,99.0,92.27,1015.96,404.75,1342.0,3.37,47.0,75.1,10184.0
2000-03-28,NASDAQ,3154.81,3124.31,3188.96,3088.39,430682626.0,-0.52,3.6,2.7,7.94,110.0,2538.0,4827.0,1.14,99.0,92.27,1015.96,404.75,1342.0,3.37,47.0,75.1,10184.0
2000-03-29,NASDAQ,3627.12,3583.31,3663.6,3555.31,335449388.0,-4.57,7.02,6.72,7.64,63.0,22810.0,1219.0,0.98,130.27,82.02,1311.36,206.26,6037.0,8.65,32.0,45.05,10613.0
2000-03-30,NASDAQ,3627.12,3583.31,3663.6,3555.31,335449388.0,-4.57,7.02,6.72,7.64,63.0,22810.0,1219.0,0.98,130.27,82.02,1311.36,206.26,6037.0,8.65,32.0,45.05,10613.0
2000-03-31,NASDAQ,3627.12,3583.31,3663.6,3555.31,335449388.0,-4.57,7.02,6.72,7.64,63.0,22810.0,1219.0,0.98,130.27,82.02,1311.36,206.26,6037.0,8.65,32.0,45.05,10613.0
2000-04-01,NASDAQ,3627.12,3583.31,3663.6,3555.31,335449388.0,-4.57,7.02,6.72,7.64,63.0,22810.0,1219.0,0.98,130.27,82.02,1311.36,206.26,6037.0,8.65,32.0,45.05,10613.0
2000-04-02,NASDAQ,3627.12,3583.31,3663.6,3555.31,335449388.0,-4.57,7.02,6.72,7.64,63.0,22810.0,1219.0,0.98,130.27,82.02,1311.36,206.26,6037.0,8.65,32.0,45.05,10613.0
2000-04-03,NASDAQ,3627.12,3583.31,3663.6,3555.31,335449388.0,-4.57,7.02,6.72,7.64,63.0,22810.0,1219.0,0.98,130.27,82.02,1311.36,206.26,6037.0,8.65,32.0,45.05,10613.0
2000-04-04,NASDAQ,3627.12,3583.31,3663.6,3555.31,335449388.0,-4.57,7.02,6.72,7.64,63.0,22810.0,1219.0,0.98,130.27,82.02,1311.36,206.26,6037.0,8.65,32.0,45.05,10613.0
2000-04-05,NASDAQ,3627.12,3583.31,3663.6,3555.31,335449388.0,-4.57,7.02,6.72,7.64,63.0,22810.0,1219.0,0.98,130.27,82.02,1311.36,206.26,6037.0,8.65,32.0,45.05,10613.0
2000-04-06,NASDAQ,3627.12,3583.31,3663.6,3555.31,335449388.0,-4.57,7.02,6.72,7.64,63.0,22810.0,1219.0,0.98,130.27,82.02,1311.36,206.26,6037.0,8.65,32.0,45.05,10613.0
2000-04-07,NASDAQ,3627.12,3583.31,3663.6,3555.31,335449388.0,-4.57,7.02,6.72,7.64,63.0,22810.0,1219.0,0.98,130.27,82.02,1311.36,206.26,6037.0,8.65,32.0,45.05,10613.0
2000-04-08,NASDAQ,3627.12,3583.31,3663.6,3555.31,335449388.0,-4.57,7.02,6.72,7.64,63.0,22810.0,1219.0,0.98,130.27,82.02,1311.36,206.26,6037.0,8.65,32.0,45.05,10613.0
2000-04-09,NASDAQ,3627.12,3583.31,3663.6,3555.31,335449388.0,-4.57,7.02,6.72,7.64,63.0,22810.0,1219.0,0.98,130.27,82.02,1311.36,206.26,6037.0,8.65,32.0,45.05,10613.0
2000-04-10,NASDAQ,3627.12,3583.31,3663.6,3555.31,335449388.0,-4.57,7.02,6.72,7.64,63.0,22810.0,1219.0,0.98,130.27,82.02,1311.36,206.26,6037.0,8.65,32.0,45.05,10613.0
2000-04-11,NASDAQ,3627.12,3583.31,3663.6,3555.31,335449388.0,-4.57,7.02,6.72,7.64,63.0,22810.0,1219.0,0.98,130.27,82.02,1311.36,206.26,6037.0,8.65,32.0,45.05,10613.0
2000-04-12,NASDAQ,3627.12,3583.31,3663.6,3555.31,335449388.0,-4.57,7.02,6.72,7.64,63.0,22810.0,1219.0,0.98,130.27,82.02,1311.36,206.26,6037.0,8.65,32.0,45.05,10613.0
2000-04-13,NASDAQ,3627.12,3583.31,3663.6,3555.31,335449388.0,-4.57,7.02,6.72,7.64,63.0,22810.0,1219.0,0.98,130.27,82.02,1311.36,206.26,6037.0,8.65,32.0,45.05,10613.0
2000-04-14,NASDAQ,3627.12,3583.31,3663.6,3555.31,335449388.0,-4.57,7.02,6.72,7.64,63.0,22810.0,1219.0,0.98,130.27,82.02,1311.36,206.26,6037.0,8.65,32.0,45.05,10613.0
2000-04-15,NASDAQ,3627.12,3583.31,3663.6,3555.31,335449388.0,-4.57,7.02,6.72,7.64,63.0,22810.0,1219.0,0.98,130.27,82.02,1311.36,206.26,6037.0,8.65,32.0,45.05,10613.0
2000-04-16,NASDAQ,3627.12,3583.31,3663.6,3555.31,335449388.0,-4.57,7.02,6.72,7.64,63.0,22810.0,1219.0,0.98,130.27,82.02,1311.36,206.26,6037.0,8.65,32.0,45.05,10613.0
2000-04-17,NASDAQ,3627.12,3583.31,3663.6,3555.31,335449388.0,-4.57,7.02,6.72,7.64,63.0,22810.0,1219.0,0.98,130.27,82.02,1311.36,206.26,6037.0,8.65,32.0,45.05,10613.0
2000-04-18,NASDAQ,3627.12,3583.31,3663.6,3555.31,335449388.0,-4.57,7.02,6.72,7.64,63.0,22810.0,1219.0,0.98,130.27,82.02,1311.36,206.26,6037.0,8.65,32.0,45.05,10613.0
2000-04-19,NASDAQ,2107.62,2134.28,2171.4,2093.01,312539837.0,8.83,0.1,7.2,9.35,71.0,21315.0,4767.0,1.18,129.87,123.55,2265.15,173.45,6494.0,0.12,9.0,42.58,10671.0
2000-04-20,NASDAQ,2107.62,2134.28,2171.4,2093.01,312539837.0,8.83,0.1,7.2,9.35,71.0,21315.0,4767.0,1.18,129.87,123.55,2265.15,173.45,6494.0,0.12,9.0,42.58,10671.0
2000-04-21,NASDAQ,1562.85,1609.86,1634.84,1530.77,671068752.0,2.19,0.31,10.38,6.99,57.0,10376.0,686.0,1.27,131.08,111.26,1300.14,462.66,7520.0,0.93,24.0,86.33,10886.0
2000-04-22,NASDAQ,1562.85,1609.86,1634.84,1530.77,671068752.0,2.19,0.31,10.38,6.99,57.0,10376.0,686.0,1.27,131.08,111.26,1300.14,462.66,7520.0,0.93,24.0,86.33,10886.0
2000-04-23,NASDAQ,1562.85,1609.86,1634.84,1530.77,671068752.0,2.19,0.31,10.38,6.99,57.0,10376.0,686.0,1.27,131.08,111.26,1300.14,462.66,7520.0,0.93,24.0,86.33,10886.0
2000-04-24,NASDAQ,1562.85,1609.86,1634.84,1530.77,671068752.0,2.19,0.31,10.38,6.99,57.0,10376.0,686.0,1.27,131.08,111.26,1300.14,462.66,7520.0,0.93,24.0,86.33,10886.0
2000-04-25,NASDAQ,3617.17,3595.69,3637.58,3567.21,629016505.0,6.39,8.48,12.9,5.55,119.0,3666.0,3349.0,1.32,113.27,73.37,1315.2,306.5,8775.0,8.66,19.0,42.71,8972.0
2000-04-26,NASDAQ,3617.17,3595.69,3637.58,3567.21,629016505.0,6.39,8.48,12.9,5.55,119.0,3666.0,3349.0,1.32,113.27,73.37,1315.2,306.5,8775.0,8.66,19.0,42.71,8972.0
2000-04-27,NASDAQ,3617.17,3595.69,3637.58,3567.21,629016505.0,6.39,8.48,12.9,5.55,119.0,3666.0,3349.0,1.32,113.27,73.37,1315.2,306.5,8775.0,8.66,19.0,42.71,8972.0
2000-04-28,NASDAQ,3617.17,3595.69,3637.58,3567.21,629016505.0,6.39,8.48,12.9,5.55,119.0,3666.0,3349.0,1.32,113.27,73.37,1315.2,306.5,8775.0,8.66,19.0,42.71,8972.0
2000-04-29,NASDAQ,1333.86,1359.64,1368.2299999999998,1296.1699999999998,857936914.0,2.59,5.0,9.12,8.46,89.0,21203.0,1809.0,1.1,115.0,59.56,1984.63,224.6,5644.0,8.28,38.0,18.97,1165.0
2000-04-30,NASDAQ,1333.86,1359.64,1368.2299999999998,1296.1699999999998,857936914.0,2.59,5.0,9.12,8.46,89.0,21203.0,1809.0,1.1,115.0,59.56,1984.63,224.6,5644.0,8.28,38.0,18.97,1165.0
2000-05-01,NASDAQ,1333.86,1359.64,1368.2299999999998,1296.1699999999998,857936914.0,2.59,5.0,9.12,8.46,89.0,21203.0,1809.0,1.1,115.0,59.56,1984.63,224.6,5644.0,8.28,38.0,18.97,1165.0
2000-05-02,NASDAQ,3020.83,3063.29,3094.74,3010.59,24423911.0,6.27,2.77,10.55,5.45,92.0,6898.0,3407.0,0.89,80.35,36.47,2059.76,488.35,3460.0,0.01,25.0,28.13,7783.0
2000-05-03,NASDAQ,3020.83,3063.29,3094.74,3010.59,24423911.0,6.27,2.77,10.55,5.45,92.0,6898.0,3407.0,0.89,80.35,36.47,2059.76,488.35,3460.0,0.01,25.0,28.13,7783.0
2000-05-04,NASDAQ,3020.83,3063.29,3094.74,3010.59,24423911.0,6.27,2.77,10.55,5.45,92.0,6898.0,3407.0,0.89,80.35,36.47,2059.76,488.35,3460.0,0.01,25.0,28.13,7783.0
2000-05-05,NASDAQ,3020.83,3063.29,3094.74,3010.59,24423911.0,6.27,2.77,10.55,5.45,92.0,6898.0,3407.0,0.89,80.35,36.47,2059.76,488.35,3460.0,0.01,25.0,28.13,7783.0
2000-05-06,NASDAQ,3020.83,3063.29,3094.74,3010.59,24423911.0,6.27,2.77,10.55,5.45,92.0,6898.0,3407.0,0.89,80.35,36.47,2059.76,488.35,3460.0,0.01,25.0,28.13,7783.0
2000-05-07,NASDAQ,3020.83,3063.29,3094.74,3010.59,24423911.0,6.27,2.77,10.55,5.45,92.0,6898.0,3407.0,0.89,80.35,36.47,2059.76,488.35,3460.0,0.01,25.0,28.13,7783.0
2000-05-08,NASDAQ,3020.83,3063.29,3094.74,3010.59,24423911.0,6.27,2.77,10.55,5.45,92.0,6898.0,3407.0,0.89,80.35,36.47,2059.76,488.35,3460.0,0.01,25.0,28.13,7783.0
2000-05-09,NASDAQ,4527.71,4512.04,4571.08,4489.64,841746806.0,2.07,0.26,5.81,7.06,98.0,9343.0,3733.0,1.45,81.5,23.66,2411.79,253.8,9862.0,7.68,34.0,34.77,11335.0
2000-05-10,NASDAQ,4527.71,4512.04,4571.08,4489.64,841746806.0,2.07,0.26,5.81,7.06,98.0,9343.0,3733.0,1.45,81.5,23.66,2411.79,253.8,9862.0,7.68,34.0,34.77,11335.0
2000-05-11,NASDAQ,4527.71,4512.04,4571.08,4489.64,841746806.0,2.07,0.26,5.81,7.06,98.0,9343.0,3733.0,1.45,81.5,23.66,2411.79,253.8,9862.0,7.68,34.0,34.77,11335.0
2000-05-12,NASDAQ,4527.71,4512.04,4571.08,4489.64,841746806.0,2.07,0.26,5.81,7.06,98.0,9343.0,3733.0,1.45,81.5,23.66,2411.79,253.8,9862.0,7.68,34.0,34.77,11335.0
2000-05-13,NASDAQ,3239.02,3198.98,3287.57,3182.78,196740327.0,-3.57,1.69,3.34,6.6,116.0,27196.0,502.0,1.17,114.65,136.59,2038.4,417.16,9336.0,9.16,49.0,34.08,4606.0
2000-05-14,NASDAQ,3239.02,3198.98,3287.57,3182.78,196740327.0,-3.57,1.69,3.34,6.6,116.0,27196.0,502.0,1.17,114.65,136.59,2038.4,417.16,9336.0,9.16,49.0,34.08,4606.0
2000-05-15,NASDAQ,3239.02,3198.98,3287.57,3182.78,196740327.0,-3.57,1.69,3.34,6.6,116.0,27196.0,502.0,1.17,114.65,136.59,2038.4,417.16,9336.0,9.16,49.0,34.08,4606.0
2000-05-16,NASDAQ,4561.03,4548.73,4564.21,4540.62,492728830.0,7.39,5.53,9.27,3.39,109.0,23363.0,4362.0,1.13,137.99,127.18,2237.89,118.12,8904.0,1.65,10.0,29.79,8149.0
2000-05-17,NASDAQ,4561.03,4548.73,4564.21,4540.62,492728830.0,7.39,5.53,9.27,3.39,109.0,23363.0,4362.0,1.13,137.99,127.18,2237.89,118.12,8904.0,1.65,10.0,29.79,8149.0
2000-05-18,NASDAQ,4561.03,4548.73,4564.21,4540.62,492728830.0,7.39,5.53,9.27,3.39,109.0,23363.0,4362.0,1.13,137.99,127.18,2237.89,118.12,8904.0,1.65,10.0,29.79,8149.0
2000-05-19,NASDAQ,4561.03,4548.73,4564.21,4540.62,492728830.0,7.39,5.53,9.27,3.39,109.0,23363.0,4362.0,1.13,137.99,127.18,2237.89,118.12,8904.0,1.65,10.0,29.79,8149.0
2000-05-20,NASDAQ,4561.03,4548.73,4564.21,4540.62,492728830.0,7.39,5.53,9.27,3.39,109.0,23363.0,4362.0,1.13,137.99,127.18,2237.89,118.12,8904.0,1.65,10.0,29.79,8149.0
2000-05-21,NASDAQ,4561.03,4548.73,4564.21,4540.62,492728830.0,7.39,5.53,9.27,3.39,109.0,23363.0,4362.0,1.13,137.99,127.18,2237.89,118.12,8904.0,1.65,10.0,29.79,8149.0
2000-05-22,NASDAQ,3163.18,3125.79,3198.36,3078.69,239257872.0,-1.0,2.75,12.14,2.01,62.0,3628.0,4460.0,1.0,85.66,127.25,1303.8,195.37,8405.0,2.78,20.0,73.07,7505.0
2000-05-23,NASDAQ,3840.97,3849.14,3881.38,3830.16,569657518.0,-3.24,5.87,2.82,1.23,78.0,21750.0,2648.0,1.08,147.64,52.93,975.07,363.88,5251.0,6.14,4.0,34.78,8331.0
2000-05-24,NASDAQ,3840.97,3849.14,3881.38,3830.16,569657518.0,-3.24,5.87,2.82,1.23,78.0,21750.0,2648.0,1.08,147.64,52.93,975.07,363.88,5251.0,6.14,4.0,34.78,8331.0
2000-05-25,NASDAQ,3840.97,3849.14,3881.38,3830.16,569657518.0,-3.24,5.87,2.82,1.23,78.0,21750.0,2648.0,1.08,147.64,52.93,975.07,363.88,5251.0,6.14,4.0,34.78,8331.0
2000-05-26,NASDAQ,3840.97,3849.14,3881.38,3830.16,569657518.0,-3.24,5.87,2.82,1.23,78.0,21750.0,2648.0,1.08,147.64,52.93,975.07,363.88,5251.0,6.14,4.0,34.78,8331.0
2000-05-27,NASDAQ,3840.97,3849.14,3881.38,3830.16,569657518.0,-3.24,5.87,2.82,1.23,78.0,21750.0,2648.0,1.08,147.64,52.93,975.07,363.88,5251.0,6.14,4.0,34.78,8331.0
2000-05-28,NASDAQ,3840.97,3849.14,3881.38,3830.16,569657518.0,-3.24,5.87,2.82,1.23,78.0,21750.0,2648.0,1.08,147.64,52.93,975.07,363.88,5251.0,6.14,4.0,34.78,8331.0
2000-05-29,NASDAQ,3840.97,3849.14,3881.38,3830.16,569657518.0,-3.24,5.87,2.82,1.23,78.0,21750.0,2648.0,1.08,147.64,52.93,975.07,363.88,5251.0,6.14,4.0,34.78,8331.0
2000-05-30,NASDAQ,4313.0,4276.13,4325.61,4233.42,560473297.0,-2.28,7.88,14.72,8.77,74.0,27283.0,564.0,1.11,110.7,117.67,1772.65,312.1,7206.0,1.74,22.0,47.25,12994.0
2000-05-31,NASDAQ,4313.0,4276.13,4325.61,4233.42,560473297.0,-2.28,7.88,14.72,8.77,74.0,27283.0,564.0,1.11,110.7,117.67,1772.65,312.1,7206.0,1.74,22.0,47.25,12994.0
2000-06-01,NASDAQ,4313.0,4276.13,4325.61,4233.42,560473297.0,-2.28,7.88,14.72,8.77,74.0,27283.0,564.0,1.11,110.7,117.67,1772.65,312.1,7206.0,1.74,22.0,47.25,12994.0
2000-06-02,NASDAQ,4313.0,4276.13,4325.61,4233.42,560473297.0,-2.28,7.88,14.72,8.77,74.0,27283.0,564.0,1.11,110.7,117.67,1772.65,312.1,7206.0,1.74,22.0,47.25,12994.0
2000-06-03,NASDAQ,4313.0,4276.13,4325.61,4233.42,560473297.0,-2.28,7.88,14.72,8.77,74.0,27283.0,564.0,1.11,110.7,117.67,1772.65,312.1,7206.0,1.74,22.0,47.25,12994.0
2000-06-04,NASDAQ,4313.0,4276.13,4325.61,4233.42,560473297.0,-2.28,7.88,14.72,8.77,74.0,27283.0,564.0,1.11,110.7,117.67,1772.65,312.1,7206.0,1.74,22.0,47.25,12994.0
2000-06-05,NASDAQ,4313.0,4276.13,4325.61,4233.42,560473297.0,-2.28,7.88,14.72,8.77,74.0,27283.0,564.0,1.11,110.7,117.67,1772.65,312.1,7206.0,1.74,22.0,47.25,12994.0
2000-06-06,NASDAQ,4313.0,4276.13,4325.61,4233.42,560473297.0,-2.28,7.88,14.72,8.77,74.0,27283.0,564.0,1.11,110.7,117.67,1772.65,312.1,7206.0,1.74,22.0,47.25,12994.0
2000-06-07,NASDAQ,4313.0,4276.13,4325.61,4233.42,560473297.0,-2.28,7.88,14.72,8.77,74.0,27283.0,564.0,1.11,110.7,117.67,1772.65,312.1,7206.0,1.74,22.0,47.25,12994.0
2000-06-08,NASDAQ,4313.0,4276.13,4325.61,4233.42,560473297.0,-2.28,7.88,14.72,8.77,74.0,27283.0,564.0,1.11,110.7,117.67,1772.65,312.1,7206.0,1.74,22.0,47.25,12994.0
2000-06-09,NASDAQ,4313.0,4276.13,4325.61,4233.42,560473297.0,-2.28,7.88,14.72,8.77,74.0,27283.0,564.0,1.11,110.7,117.67,1772.65,312.1,7206.0,1.74,22.0,47.25,12994.0
2000-06-10,NASDAQ,4313.0,4276.13,4325.61,4233.42,560473297.0,-2.28,7.88,14.72,8.77,74.0,27283.0,564.0,1.11,110.7,117.67,1772.65,312.1,7206.0,1.74,22.0,47.25,12994.0
2000-06-11,NASDAQ,3483.71,3437.74,3490.04,3421.5000000000005,1889515.0,4.64,7.79,8.8,4.88,97.0,25608.0,959.0,1.31,120.7,106.56,990.23,150.45,9285.0,7.6,13.0,90.01,5780.0
2000-06-12,NASDAQ,2409.5,2392.12,2430.53,2350.38,881189435.0,-4.5,8.05,4.37,6.93,63.0,10561.0,463.0,0.9,99.09,128.37,1455.01,467.17,945.0,6.4,37.0,38.72,12841.0
2000-06-13,NASDAQ,4365.79,4362.65,4389.84,4324.56,963802405.0,9.95,8.22,2.29,5.61,101.0,20014.0,4032.0,0.91,141.99,144.46,2024.34,475.35,6390.0,3.61,47.0,69.85,12750.0
2000-06-14,NASDAQ,4365.79,4362.65,4389.84,4324.56,963802405.0,9.95,8.22,2.29,5.61,101.0,20014.0,4032.0,0.91,141.99,144.46,2024.34,475.35,6390.0,3.61,47.0,69.85,12750.0
2000-06-15,NASDAQ,4916.42,4964.89,4983.05,4889.72,136723587.0,5.24,1.92,13.94,6.17,90.0,2153.0,2931.0,0.97,117.53,37.01,2080.94,422.2,5607.0,7.04,9.0,5.53,4589.0
2000-06-16,NASDAQ,4916.42,4964.89,4983.05,4889.72,136723587.0,5.24,1.92,13.94,6.17,90.0,2153.0,2931.0,0.97,117.53,37.01,2080.94,422.2,5607.0,7.04,9.0,5.53,4589.0
2000-06-17,NASDAQ,4916.42,4964.89,4983.05,4889.72,136723587.0,5.24,1.92,13.94,6.17,90.0,2153.0,2931.0,0.97,117.53,37.01,2080.94,422.2,5607.0,7.04,9.0,5.53,4589.0
2000-06-18,NASDAQ,3704.71,3675.06,3726.52,3650.77,766347837.0,4.69,8.86,11.48,3.05,72.0,9991.0,1015.0,0.84,102.52,140.66,995.85,355.92,445.0,9.33,33.0,98.25,5930.0
2000-06-19,NASDAQ,2300.42,2327.33,2337.07,2296.12,178041248.0,1.55,6.51,9.26,4.68,59.0,2804.0,1874.0,1.3,86.12,89.8,1618.15,272.08,255.0,7.18,32.0,41.67,2829.0
2000-06-20,NASDAQ,3745.31,3737.86,3786.11,3695.69,178417092.0,-1.24,1.44,9.68,4.74,109.0,29500.0,3465.0,1.03,91.35,95.31,1149.73,449.5,5661.0,9.89,32.0,50.34,9616.0
2000-06-21,NASDAQ,3745.31,3737.86,3786.11,3695.69,178417092.0,-1.24,1.44,9.68,4.74,109.0,29500.0,3465.0,1.03,91.35,95.31,1149.73,449.5,5661.0,9.89,32.0,50.34,9616.0
2000-06-22,NASDAQ,1699.53,1651.63,1723.85,1604.4499999999998,255425599.0,0.12,9.89,11.19,3.99,119.0,11998.0,3320.0,1.49,101.37,63.19,1137.88,258.48,5132.0,0.4,12.0,26.99,700.0
2000-06-23,NASDAQ,1699.53,1651.63,1723.85,1604.4499999999998,255425599.0,0.12,9.89,11.19,3.99,119.0,11998.0,3320.0,1.49,101.37,63.19,1137.88,258.48,5132.0,0.4,12.0,26.99,700.0
2000-06-24,NASDAQ,1699.53,1651.63,1723.85,1604.4499999999998,255425599.0,0.12,9.89,11.19,3.99,119.0,11998.0,3320.0,1.49,101.37,63.19,1137.88,258.48,5132.0,0.4,12.0,26.99,700.0
2000-06-25,NASDAQ,1699.53,1651.63,1723.85,1604.4499999999998,255425599.0,0.12,9.89,11.19,3.99,119.0,11998.0,3320.0,1.49,101.37,63.19,1137.88,258.48,5132.0,0.4,12.0,26.99,700.0
2000-06-26,NASDAQ,2117.1,2155.62,2167.42,2087.09,287683238.0,-2.0,7.36,5.45,7.45,101.0,25296.0,1170.0,0.89,95.46,86.44,1240.54,329.98,7576.0,4.9,15.0,27.11,5299.0
2000-06-27,NASDAQ,2117.1,2155.62,2167.42,2087.09,287683238.0,-2.0,7.36,5.45,7.45,101.0,25296.0,1170.0,0.89,95.46,86.44,1240.54,329.98,7576.0,4.9,15.0,27.11,5299.0
2000-06-28,NASDAQ,2117.1,2155.62,2167.42,2087.09,287683238.0,-2.0,7.36,5.45,7.45,101.0,25296.0,1170.0,0.89,95.46,86.44,1240.54,329.98,7576.0,4.9,15.0,27.11,5299.0
2000-06-29,NASDAQ,2117.1,2155.62,2167.42,2087.09,287683238.0,-2.0,7.36,5.45,7.45,101.0,25296.0,1170.0,0.89,95.46,86.44,1240.54,329.98,7576.0,4.9,15.0,27.11,5299.0
2000-06-30,NASDAQ,2117.1,2155.62,2167.42,2087.09,287683238.0,-2.0,7.36,5.45,7.45,101.0,25296.0,1170.0,0.89,95.46,86.44,1240.54,329.98,7576.0,4.9,15.0,27.11,5299.0
2000-07-01,NASDAQ,1850.58,1883.54,1891.19,1805.31,109496650.0,8.21,8.9,14.05,9.84,93.0,5538.0,4727.0,0.88,140.64,52.59,1896.13,342.76,1352.0,1.7,39.0,46.43,5877.0
2000-07-02,NASDAQ,1850.58,1883.54,1891.19,1805.31,109496650.0,8.21,8.9,14.05,9.84,93.0,5538.0,4727.0,0.88,140.64,52.59,1896.13,342.76,1352.0,1.7,39.0,46.43,5877.0
2000-07-03,NASDAQ,1850.58,1883.54,1891.19,1805.31,109496650.0,8.21,8.9,14.05,9.84,93.0,5538.0,4727.0,0.88,140.64,52.59,1896.13,342.76,1352.0,1.7,39.0,46.43,5877.0
2000-07-04,NASDAQ,1850.58,1883.54,1891.19,1805.31,109496650.0,8.21,8.9,14.05,9.84,93.0,5538.0,4727.0,0.88,140.64,52.59,1896.13,342.76,1352.0,1.7,39.0,46.43,5877.0
2000-07-05,NASDAQ,1850.58,1883.54,1891.19,1805.31,109496650.0,8.21,8.9,14.05,9.84,93.0,5538.0,4727.0,0.88,140.64,52.59,1896.13,342.76,1352.0,1.7,39.0,46.43,5877.0
2000-07-06,NASDAQ,1850.58,1883.54,1891.19,1805.31,109496650.0,8.21,8.9,14.05,9.84,93.0,5538.0,4727.0,0.88,140.64,52.59,1896.13,342.76,1352.0,1.7,39.0,46.43,5877.0
2000-07-07,NASDAQ,4064.26,4050.6,4111.070000000001,4017.24,795334984.0,1.77,4.22,13.53,9.92,102.0,6841.0,1592.0,1.32,81.19,28.73,1162.8,244.92,9009.0,3.97,16.0,50.65,6472.0
2000-07-08,NASDAQ,4064.26,4050.6,4111.070000000001,4017.24,795334984.0,1.77,4.22,13.53,9.92,102.0,6841.0,1592.0,1.32,81.19,28.73,1162.8,244.92,9009.0,3.97,16.0,50.65,6472.0
2000-07-09,NASDAQ,4064.26,4050.6,4111.070000000001,4017.24,795334984.0,1.77,4.22,13.53,9.92,102.0,6841.0,1592.0,1.32,81.19,28.73,1162.8,244.92,9009.0,3.97,16.0,50.65,6472.0
2000-07-10,NASDAQ,2041.15,2024.37,2084.82,1993.99,857325709.0,-2.88,9.86,2.04,5.66,78.0,5582.0,4961.0,0.99,102.46,126.06,1788.29,195.5,8105.0,6.61,29.0,73.78,11925.0
2000-07-11,NASDAQ,2041.15,2024.37,2084.82,1993.99,857325709.0,-2.88,9.86,2.04,5.66,78.0,5582.0,4961.0,0.99,102.46,126.06,1788.29,195.5,8105.0,6.61,29.0,73.78,11925.0
2000-07-12,NASDAQ,2041.15,2024.37,2084.82,1993.99,857325709.0,-2.88,9.86,2.04,5.66,78.0,5582.0,4961.0,0.99,102.46,126.06,1788.29,195.5,8105.0,6.61,29.0,73.78,11925.0
2000-07-13,NASDAQ,2041.15,2024.37,2084.82,1993.99,857325709.0,-2.88,9.86,2.04,5.66,78.0,5582.0,4961.0,0.99,102.46,126.06,1788.29,195.5,8105.0,6.61,29.0,73.78,11925.0
2000-07-14,NASDAQ,1443.96,1414.44,1462.85,1408.03,672377355.0,-3.3,6.2,2.15,1.03,84.0,14775.0,1039.0,1.35,95.31,130.44,819.07,498.98,3148.0,5.63,44.0,2.85,875.0
2000-07-15,NASDAQ,1443.96,1414.44,1462.85,1408.03,672377355.0,-3.3,6.2,2.15,1.03,84.0,14775.0,1039.0,1.35,95.31,130.44,819.07,498.98,3148.0,5.63,44.0,2.85,875.0
2000-07-16,NASDAQ,1443.96,1414.44,1462.85,1408.03,672377355.0,-3.3,6.2,2.15,1.03,84.0,14775.0,1039.0,1.35,95.31,130.44,819.07,498.98,3148.0,5.63,44.0,2.85,875.0
2000-07-17,NASDAQ,4458.25,4414.63,4472.73,4398.28,142667970.0,5.73,0.71,2.41,4.17,82.0,20112.0,1368.0,0.95,137.33,139.12,1454.01,346.89,9702.0,5.93,6.0,91.38,3148.0
2000-07-18,NASDAQ,4458.25,4414.63,4472.73,4398.28,142667970.0,5.73,0.71,2.41,4.17,82.0,20112.0,1368.0,0.95,137.33,139.12,1454.01,346.89,9702.0,5.93,6.0,91.38,3148.0
2000-07-19,NASDAQ,4458.25,4414.63,4472.73,4398.28,142667970.0,5.73,0.71,2.41,4.17,82.0,20112.0,1368.0,0.95,137.33,139.12,1454.01,346.89,9702.0,5.93,6.0,91.38,3148.0
2000-07-20,NASDAQ,4907.2,4887.65,4916.76,4876.29,68409238.0,5.69,2.62,3.26,6.19,108.0,27441.0,3179.0,0.85,98.45,67.13,1454.84,229.1,4199.0,4.1,26.0,51.73,8400.0
2000-07-21,NASDAQ,4907.2,4887.65,4916.76,4876.29,68409238.0,5.69,2.62,3.26,6.19,108.0,27441.0,3179.0,0.85,98.45,67.13,1454.84,229.1,4199.0,4.1,26.0,51.73,8400.0
2000-07-22,NASDAQ,2690.19,2704.4700000000003,2751.32,2659.87,170138929.0,-4.03,2.24,14.98,5.02,115.0,24427.0,4754.0,1.33,95.82,125.93,909.99,451.04,6441.0,3.05,1.0,1.93,12932.0
2000-07-23,NASDAQ,1168.1,1189.87,1208.7299999999998,1130.33,608510921.0,-2.12,1.06,14.28,4.38,74.0,17819.0,3271.0,0.99,83.98,118.44,1092.46,127.48,7663.0,7.0,3.0,80.03,3273.0
2000-07-24,NASDAQ,1168.1,1189.87,1208.7299999999998,1130.33,608510921.0,-2.12,1.06,14.28,4.38,74.0,17819.0,3271.0,0.99,83.98,118.44,1092.46,127.48,7663.0,7.0,3.0,80.03,3273.0
2000-07-25,NASDAQ,4672.31,4660.030000000001,4685.06,4614.26,799658194.0,8.02,2.79,12.34,1.48,118.0,11659.0,3513.0,1.33,98.33,57.87,2469.75,335.69,9789.0,0.3,28.0,64.96,13073.0
2000-07-26,NASDAQ,4672.31,4660.030000000001,4685.06,4614.26,799658194.0,8.02,2.79,12.34,1.48,118.0,11659.0,3513.0,1.33,98.33,57.87,2469.75,335.69,9789.0,0.3,28.0,64.96,13073.0
2000-07-27,NASDAQ,4672.31,4660.030000000001,4685.06,4614.26,799658194.0,8.02,2.79,12.34,1.48,118.0,11659.0,3513.0,1.33,98.33,57.87,2469.75,335.69,9789.0,0.3,28.0,64.96,13073.0
2000-07-28,NASDAQ,4672.31,4660.030000000001,4685.06,4614.26,799658194.0,8.02,2.79,12.34,1.48,118.0,11659.0,3513.0,1.33,98.33,57.87,2469.75,335.69,9789.0,0.3,28.0,64.96,13073.0
2000-07-29,NASDAQ,4672.31,4660.030000000001,4685.06,4614.26,799658194.0,8.02,2.79,12.34,1.48,118.0,11659.0,3513.0,1.33,98.33,57.87,2469.75,335.69,9789.0,0.3,28.0,64.96,13073.0
2000-07-30,NASDAQ,4672.31,4660.030000000001,4685.06,4614.26,799658194.0,8.02,2.79,12.34,1.48,118.0,11659.0,3513.0,1.33,98.33,57.87,2469.75,335.69,9789.0,0.3,28.0,64.96,13073.0
2000-07-31,NASDAQ,4672.31,4660.030000000001,4685.06,4614.26,799658194.0,8.02,2.79,12.34,1.48,118.0,11659.0,3513.0,1.33,98.33,57.87,2469.75,335.69,9789.0,0.3,28.0,64.96,13073.0
2000-08-01,NASDAQ,4672.31,4660.030000000001,4685.06,4614.26,799658194.0,8.02,2.79,12.34,1.48,118.0,11659.0,3513.0,1.33,98.33,57.87,2469.75,335.69,9789.0,0.3,28.0,64.96,13073.0
2000-08-02,NASDAQ,4851.24,4876.86,4904.75,4849.04,181540597.0,-3.91,6.43,5.2,5.32,54.0,4450.0,4737.0,1.08,80.78,82.01,1742.93,420.91,5959.0,2.76,5.0,22.23,5926.0
2000-08-03,NASDAQ,3906.68,3896.06,3925.65,3854.23,809464549.0,5.96,8.9,6.18,0.73,60.0,19542.0,4374.0,0.96,107.47,125.72,1796.52,467.8,3207.0,9.2,7.0,31.78,10751.0
2000-08-04,NASDAQ,2219.0,2229.82,2255.15,2206.56,140581456.0,-0.51,5.35,6.01,5.64,68.0,23033.0,3265.0,0.99,95.33,72.01,1593.64,323.72,7281.0,0.81,34.0,39.22,1826.0
2000-08-05,NASDAQ,2219.0,2229.82,2255.15,2206.56,140581456.0,-0.51,5.35,6.01,5.64,68.0,23033.0,3265.0,0.99,95.33,72.01,1593.64,323.72,7281.0,0.81,34.0,39.22,1826.0
2000-08-06,NASDAQ,2219.0,2229.82,2255.15,2206.56,140581456.0,-0.51,5.35,6.01,5.64,68.0,23033.0,3265.0,0.99,95.33,72.01,1593.64,323.72,7281.0,0.81,34.0,39.22,1826.0
2000-08-07,NASDAQ,2219.0,2229.82,2255.15,2206.56,140581456.0,-0.51,5.35,6.01,5.64,68.0,23033.0,3265.0,0.99,95.33,72.01,1593.64,323.72,7281.0,0.81,34.0,39.22,1826.0
2000-08-08,NASDAQ,2219.0,2229.82,2255.15,2206.56,140581456.0,-0.51,5.35,6.01,5.64,68.0,23033.0,3265.0,0.99,95.33,72.01,1593.64,323.72,7281.0,0.81,34.0,39.22,1826.0
2000-08-09,NASDAQ,2219.0,2229.82,2255.15,2206.56,140581456.0,-0.51,5.35,6.01,5.64,68.0,23033.0,3265.0,0.99,95.33,72.01,1593.64,323.72,7281.0,0.81,34.0,39.22,1826.0
2000-08-10,NASDAQ,3162.79,3160.22,3172.42,3140.15,934278346.0,2.43,3.98,7.28,7.78,82.0,2147.0,1947.0,0.88,140.02,141.68,1630.99,152.3,4209.0,7.35,31.0,3.82,1439.0
2000-08-11,NASDAQ,1386.14,1352.94,1391.0200000000002,1314.7,754385765.0,9.12,9.48,7.07,5.94,73.0,15545.0,4125.0,0.99,132.91,90.87,2196.86,450.32,9746.0,1.77,22.0,13.89,6301.0
2000-08-12,NASDAQ,1386.14,1352.94,1391.0200000000002,1314.7,754385765.0,9.12,9.48,7.07,5.94,73.0,15545.0,4125.0,0.99,132.91,90.87,2196.86,450.32,9746.0,1.77,22.0,13.89,6301.0
2000-08-13,NASDAQ,1049.62,1039.62,1067.11,1018.95,607010400.0,3.65,9.42,7.42,3.13,70.0,20336.0,2204.0,0.97,99.34,125.06,1345.21,324.85,4055.0,5.46,22.0,64.03,5361.0
2000-08-14,NASDAQ,2875.07,2830.81,2902.6400000000003,2809.63,698918762.0,9.01,9.54,12.77,2.8,95.0,28687.0,3956.0,0.82,96.53,108.52,2166.2,388.59,8292.0,3.58,45.0,18.19,10729.0
2000-08-15,NASDAQ,2875.07,2830.81,2902.6400000000003,2809.63,698918762.0,9.01,9.54,12.77,2.8,95.0,28687.0,3956.0,0.82,96.53,108.52,2166.2,388.59,8292.0,3.58,45.0,18.19,10729.0
2000-08-16,NASDAQ,2875.07,2830.81,2902.6400000000003,2809.63,698918762.0,9.01,9.54,12.77,2.8,95.0,28687.0,3956.0,0.82,96.53,108.52,2166.2,388.59,8292.0,3.58,45.0,18.19,10729.0
2000-08-17,NASDAQ,2875.07,2830.81,2902.6400000000003,2809.63,698918762.0,9.01,9.54,12.77,2.8,95.0,28687.0,3956.0,0.82,96.53,108.52,2166.2,388.59,8292.0,3.58,45.0,18.19,10729.0
2000-08-18,NASDAQ,2875.07,2830.81,2902.6400000000003,2809.63,698918762.0,9.01,9.54,12.77,2.8,95.0,28687.0,3956.0,0.82,96.53,108.52,2166.2,388.59,8292.0,3.58,45.0,18.19,10729.0
2000-08-19,NASDAQ,2875.07,2830.81,2902.6400000000003,2809.63,698918762.0,9.01,9.54,12.77,2.8,95.0,28687.0,3956.0,0.82,96.53,108.52,2166.2,388.59,8292.0,3.58,45.0,18.19,10729.0
2000-08-20,NASDAQ,2875.07,2830.81,2902.6400000000003,2809.63,698918762.0,9.01,9.54,12.77,2.8,95.0,28687.0,3956.0,0.82,96.53,108.52,2166.2,388.59,8292.0,3.58,45.0,18.19,10729.0
2000-08-21,NASDAQ,4611.58,4631.69,4671.54,4606.05,573882019.0,-2.75,9.82,2.76,0.53,115.0,12392.0,1651.0,1.14,149.1,70.21,2256.62,360.97,8894.0,7.41,1.0,91.1,3161.0
2000-08-22,NASDAQ,4611.58,4631.69,4671.54,4606.05,573882019.0,-2.75,9.82,2.76,0.53,115.0,12392.0,1651.0,1.14,149.1,70.21,2256.62,360.97,8894.0,7.41,1.0,91.1,3161.0
2000-08-23,NASDAQ,3671.22,3671.68,3676.53,3661.88,986247139.0,-2.35,9.75,2.58,9.18,78.0,14377.0,3687.0,0.87,130.42,30.89,1067.09,318.51,3761.0,6.39,18.0,94.62,4821.0
2000-08-24,NASDAQ,3372.89,3323.63,3400.29,3298.1199999999994,985559015.0,4.93,0.57,2.38,9.06,118.0,23254.0,161.0,1.4,95.16,61.89,2210.24,242.96,4209.0,8.92,41.0,24.53,1051.0
2000-08-25,NASDAQ,4569.21,4588.38,4623.52,4542.75,34354214.0,-2.63,1.39,9.97,5.43,81.0,21088.0,1335.0,0.91,143.36,141.19,2343.46,169.86,2190.0,9.94,35.0,34.25,2906.0
2000-08-26,NASDAQ,4569.21,4588.38,4623.52,4542.75,34354214.0,-2.63,1.39,9.97,5.43,81.0,21088.0,1335.0,0.91,143.36,141.19,2343.46,169.86,2190.0,9.94,35.0,34.25,2906.0
2000-08-27,NASDAQ,4569.21,4588.38,4623.52,4542.75,34354214.0,-2.63,1.39,9.97,5.43,81.0,21088.0,1335.0,0.91,143.36,141.19,2343.46,169.86,2190.0,9.94,35.0,34.25,2906.0
2000-08-28,NASDAQ,4569.21,4588.38,4623.52,4542.75,34354214.0,-2.63,1.39,9.97,5.43,81.0,21088.0,1335.0,0.91,143.36,141.19,2343.46,169.86,2190.0,9.94,35.0,34.25,2906.0
2000-08-29,NASDAQ,4569.21,4588.38,4623.52,4542.75,34354214.0,-2.63,1.39,9.97,5.43,81.0,21088.0,1335.0,0.91,143.36,141.19,2343.46,169.86,2190.0,9.94,35.0,34.25,2906.0
2000-08-30,NASDAQ,4569.21,4588.38,4623.52,4542.75,34354214.0,-2.63,1.39,9.97,5.43,81.0,21088.0,1335.0,0.91,143.36,141.19,2343.46,169.86,2190.0,9.94,35.0,34.25,2906.0
2000-08-31,NASDAQ,3331.23,3331.42,3332.64,3322.68,129795523.0,-4.64,3.15,8.69,5.13,64.0,24138.0,3460.0,0.97,139.8,130.58,2154.47,306.57,6323.0,5.25,28.0,28.12,3394.0
2000-09-01,NASDAQ,3331.23,3331.42,3332.64,3322.68,129795523.0,-4.64,3.15,8.69,5.13,64.0,24138.0,3460.0,0.97,139.8,130.58,2154.47,306.57,6323.0,5.25,28.0,28.12,3394.0
2000-09-02,NASDAQ,3331.23,3331.42,3332.64,3322.68,129795523.0,-4.64,3.15,8.69,5.13,64.0,24138.0,3460.0,0.97,139.8,130.58,2154.47,306.57,6323.0,5.25,28.0,28.12,3394.0
2000-09-03,NASDAQ,3331.23,3331.42,3332.64,3322.68,129795523.0,-4.64,3.15,8.69,5.13,64.0,24138.0,3460.0,0.97,139.8,130.58,2154.47,306.57,6323.0,5.25,28.0,28.12,3394.0
2000-09-04,NASDAQ,3331.23,3331.42,3332.64,3322.68,129795523.0,-4.64,3.15,8.69,5.13,64.0,24138.0,3460.0,0.97,139.8,130.58,2154.47,306.57,6323.0,5.25,28.0,28.12,3394.0
2000-09-05,NASDAQ,4325.49,4361.929999999999,4391.469999999999,4307.929999999999,154110733.0,-1.15,1.5,14.04,7.55,50.0,17711.0,3969.0,1.23,98.89,25.56,1104.08,254.61,5478.0,5.47,19.0,35.81,3045.0
2000-09-06,NASDAQ,4325.49,4361.929999999999,4391.469999999999,4307.929999999999,154110733.0,-1.15,1.5,14.04,7.55,50.0,17711.0,3969.0,1.23,98.89,25.56,1104.08,254.61,5478.0,5.47,19.0,35.81,3045.0
2000-09-07,NASDAQ,4325.49,4361.929999999999,4391.469999999999,4307.929999999999,154110733.0,-1.15,1.5,14.04,7.55,50.0,17711.0,3969.0,1.23,98.89,25.56,1104.08,254.61,5478.0,5.47,19.0,35.81,3045.0
2000-09-08,NASDAQ,4325.49,4361.929999999999,4391.469999999999,4307.929999999999,154110733.0,-1.15,1.5,14.04,7.55,50.0,17711.0,3969.0,1.23,98.89,25.56,1104.08,254.61,5478.0,5.47,19.0,35.81,3045.0
2000-09-09,NASDAQ,4325.49,4361.929999999999,4391.469999999999,4307.929999999999,154110733.0,-1.15,1.5,14.04,7.55,50.0,17711.0,3969.0,1.23,98.89,25.56,1104.08,254.61,5478.0,5.47,19.0,35.81,3045.0
2000-09-10,NASDAQ,4325.49,4361.929999999999,4391.469999999999,4307.929999999999,154110733.0,-1.15,1.5,14.04,7.55,50.0,17711.0,3969.0,1.23,98.89,25.56,1104.08,254.61,5478.0,5.47,19.0,35.81,3045.0
2000-09-11,NASDAQ,4325.49,4361.929999999999,4391.469999999999,4307.929999999999,154110733.0,-1.15,1.5,14.04,7.55,50.0,17711.0,3969.0,1.23,98.89,25.56,1104.08,254.61,5478.0,5.47,19.0,35.81,3045.0
2000-09-12,NASDAQ,4325.49,4361.929999999999,4391.469999999999,4307.929999999999,154110733.0,-1.15,1.5,14.04,7.55,50.0,17711.0,3969.0,1.23,98.89,25.56,1104.08,254.61,5478.0,5.47,19.0,35.81,3045.0
2000-09-13,NASDAQ,3287.09,3285.15,3330.08,3237.53,281377679.0,-4.47,3.47,11.01,8.35,95.0,12068.0,2555.0,1.15,134.37,63.98,2075.2,101.03,9710.0,1.25,11.0,27.22,2983.0
2000-09-14,NASDAQ,3287.09,3285.15,3330.08,3237.53,281377679.0,-4.47,3.47,11.01,8.35,95.0,12068.0,2555.0,1.15,134.37,63.98,2075.2,101.03,9710.0,1.25,11.0,27.22,2983.0
2000-09-15,NASDAQ,3287.09,3285.15,3330.08,3237.53,281377679.0,-4.47,3.47,11.01,8.35,95.0,12068.0,2555.0,1.15,134.37,63.98,2075.2,101.03,9710.0,1.25,11.0,27.22,2983.0
2000-09-16,NASDAQ,3287.09,3285.15,3330.08,3237.53,281377679.0,-4.47,3.47,11.01,8.35,95.0,12068.0,2555.0,1.15,134.37,63.98,2075.2,101.03,9710.0,1.25,11.0,27.22,2983.0
2000-09-17,NASDAQ,3287.09,3285.15,3330.08,3237.53,281377679.0,-4.47,3.47,11.01,8.35,95.0,12068.0,2555.0,1.15,134.37,63.98,2075.2,101.03,9710.0,1.25,11.0,27.22,2983.0
2000-09-18,NASDAQ,4095.52,4065.92,4099.8,4052.27,656769495.0,-2.48,1.05,10.87,9.82,69.0,20432.0,2494.0,1.23,105.5,112.99,1869.98,267.14,8385.0,6.21,44.0,72.56,1298.0
2000-09-19,NASDAQ,4095.52,4065.92,4099.8,4052.27,656769495.0,-2.48,1.05,10.87,9.82,69.0,20432.0,2494.0,1.23,105.5,112.99,1869.98,267.14,8385.0,6.21,44.0,72.56,1298.0
2000-09-20,NASDAQ,4095.52,4065.92,4099.8,4052.27,656769495.0,-2.48,1.05,10.87,9.82,69.0,20432.0,2494.0,1.23,105.5,112.99,1869.98,267.14,8385.0,6.21,44.0,72.56,1298.0
2000-09-21,NASDAQ,2773.52,2728.98,2774.62,2707.06,428027589.0,-1.65,0.84,3.93,0.56,90.0,559.0,495.0,1.37,121.33,137.6,1681.82,240.3,4248.0,1.44,13.0,18.51,1844.0
2000-09-22,NASDAQ,3428.36,3475.54,3516.38,3392.02,997020931.0,-4.5,0.05,8.92,7.27,115.0,5931.0,3863.0,1.12,137.34,122.93,1025.75,314.95,4068.0,5.36,32.0,66.16,10051.0
2000-09-23,NASDAQ,3428.36,3475.54,3516.38,3392.02,997020931.0,-4.5,0.05,8.92,7.27,115.0,5931.0,3863.0,1.12,137.34,122.93,1025.75,314.95,4068.0,5.36,32.0,66.16,10051.0
2000-09-24,NASDAQ,3428.36,3475.54,3516.38,3392.02,997020931.0,-4.5,0.05,8.92,7.27,115.0,5931.0,3863.0,1.12,137.34,122.93,1025.75,314.95,4068.0,5.36,32.0,66.16,10051.0
2000-09-25,NASDAQ,3810.54,3807.48,3828.79,3797.26,161450329.0,-2.29,3.32,10.15,3.7,107.0,14924.0,2988.0,1.34,107.05,53.9,2400.88,445.71,2505.0,1.03,18.0,52.5,11456.0
2000-09-26,NASDAQ,3810.54,3807.48,3828.79,3797.26,161450329.0,-2.29,3.32,10.15,3.7,107.0,14924.0,2988.0,1.34,107.05,53.9,2400.88,445.71,2505.0,1.03,18.0,52.5,11456.0
2000-09-27,NASDAQ,3810.54,3807.48,3828.79,3797.26,161450329.0,-2.29,3.32,10.15,3.7,107.0,14924.0,2988.0,1.34,107.05,53.9,2400.88,445.71,2505.0,1.03,18.0,52.5,11456.0
2000-09-28,NASDAQ,1416.9,1386.17,1434.02,1378.68,44923880.0,5.31,3.5,10.51,2.68,73.0,4154.0,4106.0,0.93,108.44,100.05,1367.73,376.25,7415.0,8.94,1.0,83.94,9313.0
2000-09-29,NASDAQ,1416.9,1386.17,1434.02,1378.68,44923880.0,5.31,3.5,10.51,2.68,73.0,4154.0,4106.0,0.93,108.44,100.05,1367.73,376.25,7415.0,8.94,1.0,83.94,9313.0
2000-09-30,NASDAQ,2950.67,2930.46,2954.15,2902.29,90477925.0,2.68,9.4,13.22,9.7,90.0,13687.0,1404.0,1.39,97.78,104.59,2301.3,374.19,1241.0,5.25,28.0,34.68,686.0
2000-10-01,NASDAQ,2950.67,2930.46,2954.15,2902.29,90477925.0,2.68,9.4,13.22,9.7,90.0,13687.0,1404.0,1.39,97.78,104.59,2301.3,374.19,1241.0,5.25,28.0,34.68,686.0
2000-10-02,NASDAQ,2950.67,2930.46,2954.15,2902.29,90477925.0,2.68,9.4,13.22,9.7,90.0,13687.0,1404.0,1.39,97.78,104.59,2301.3,374.19,1241.0,5.25,28.0,34.68,686.0
2000-10-03,NASDAQ,2950.67,2930.46,2954.15,2902.29,90477925.0,2.68,9.4,13.22,9.7,90.0,13687.0,1404.0,1.39,97.78,104.59,2301.3,374.19,1241.0,5.25,28.0,34.68,686.0
2000-10-04,NASDAQ,2950.67,2930.46,2954.15,2902.29,90477925.0,2.68,9.4,13.22,9.7,90.0,13687.0,1404.0,1.39,97.78,104.59,2301.3,374.19,1241.0,5.25,28.0,34.68,686.0
2000-10-05,NASDAQ,2950.67,2930.46,2954.15,2902.29,90477925.0,2.68,9.4,13.22,9.7,90.0,13687.0,1404.0,1.39,97.78,104.59,2301.3,374.19,1241.0,5.25,28.0,34.68,686.0
2000-10-06,NASDAQ,2950.67,2930.46,2954.15,2902.29,90477925.0,2.68,9.4,13.22,9.7,90.0,13687.0,1404.0,1.39,97.78,104.59,2301.3,374.19,1241.0,5.25,28.0,34.68,686.0
2000-10-07,NASDAQ,2950.67,2930.46,2954.15,2902.29,90477925.0,2.68,9.4,13.22,9.7,90.0,13687.0,1404.0,1.39,97.78,104.59,2301.3,374.19,1241.0,5.25,28.0,34.68,686.0
2000-10-08,NASDAQ,2950.67,2930.46,2954.15,2902.29,90477925.0,2.68,9.4,13.22,9.7,90.0,13687.0,1404.0,1.39,97.78,104.59,2301.3,374.19,1241.0,5.25,28.0,34.68,686.0
2000-10-09,NASDAQ,2950.67,2930.46,2954.15,2902.29,90477925.0,2.68,9.4,13.22,9.7,90.0,13687.0,1404.0,1.39,97.78,104.59,2301.3,374.19,1241.0,5.25,28.0,34.68,686.0
2000-10-10,NASDAQ,2889.97,2857.89,2933.65,2809.6,759198199.0,-4.38,1.14,3.32,1.63,85.0,28237.0,572.0,1.4,137.42,79.22,2316.64,190.63,3004.0,8.46,46.0,47.11,4286.0
2000-10-11,NASDAQ,2889.97,2857.89,2933.65,2809.6,759198199.0,-4.38,1.14,3.32,1.63,85.0,28237.0,572.0,1.4,137.42,79.22,2316.64,190.63,3004.0,8.46,46.0,47.11,4286.0
2000-10-12,NASDAQ,2889.97,2857.89,2933.65,2809.6,759198199.0,-4.38,1.14,3.32,1.63,85.0,28237.0,572.0,1.4,137.42,79.22,2316.64,190.63,3004.0,8.46,46.0,47.11,4286.0
2000-10-13,NASDAQ,2889.97,2857.89,2933.65,2809.6,759198199.0,-4.38,1.14,3.32,1.63,85.0,28237.0,572.0,1.4,137.42,79.22,2316.64,190.63,3004.0,8.46,46.0,47.11,4286.0
2000-10-14,NASDAQ,4886.13,4934.5,4956.56,4838.77,686031319.0,-1.03,9.22,13.18,1.28,82.0,3856.0,1633.0,1.02,113.96,56.87,1884.56,169.51,3893.0,5.75,30.0,70.65,3293.0
2000-10-15,NASDAQ,2325.39,2280.41,2326.29,2263.29,447657593.0,-1.68,4.81,7.79,1.71,62.0,28830.0,1562.0,0.97,93.16,27.14,2042.94,353.48,1760.0,8.21,21.0,27.64,10698.0
2000-10-16,NASDAQ,2325.39,2280.41,2326.29,2263.29,447657593.0,-1.68,4.81,7.79,1.71,62.0,28830.0,1562.0,0.97,93.16,27.14,2042.94,353.48,1760.0,8.21,21.0,27.64,10698.0
2000-10-17,NASDAQ,1784.39,1806.44,1831.96,1749.0300000000002,85250838.0,-3.04,4.39,10.49,7.81,115.0,4473.0,4109.0,1.48,116.1,139.98,1535.75,287.89,6193.0,8.38,1.0,1.45,3977.0
2000-10-18,NASDAQ,1784.39,1806.44,1831.96,1749.0300000000002,85250838.0,-3.04,4.39,10.49,7.81,115.0,4473.0,4109.0,1.48,116.1,139.98,1535.75,287.89,6193.0,8.38,1.0,1.45,3977.0
2000-10-19,NASDAQ,1784.39,1806.44,1831.96,1749.0300000000002,85250838.0,-3.04,4.39,10.49,7.81,115.0,4473.0,4109.0,1.48,116.1,139.98,1535.75,287.89,6193.0,8.38,1.0,1.45,3977.0
2000-10-20,NASDAQ,1784.39,1806.44,1831.96,1749.0300000000002,85250838.0,-3.04,4.39,10.49,7.81,115.0,4473.0,4109.0,1.48,116.1,139.98,1535.75,287.89,6193.0,8.38,1.0,1.45,3977.0
2000-10-21,NASDAQ,1784.39,1806.44,1831.96,1749.0300000000002,85250838.0,-3.04,4.39,10.49,7.81,115.0,4473.0,4109.0,1.48,116.1,139.98,1535.75,287.89,6193.0,8.38,1.0,1.45,3977.0
2000-10-22,NASDAQ,1022.02,1049.47,1088.04,1019.9,561847314.0,9.0,4.65,9.62,6.42,70.0,27622.0,3277.0,1.16,139.34,42.87,1389.34,312.96,747.0,4.49,47.0,10.1,4718.0
2000-10-23,NASDAQ,1030.66,994.1,1072.73,993.5400000000002,354842446.0,6.34,5.64,5.3,1.6,50.0,27759.0,3026.0,1.5,108.2,40.05,956.98,305.27,1429.0,1.04,3.0,34.17,2334.0
2000-10-24,NASDAQ,1876.28,1873.05,1907.16,1850.15,459837490.0,6.85,10.0,12.63,1.71,95.0,21121.0,2965.0,1.46,95.87,35.21,2109.25,496.83,1523.0,0.7,25.0,4.7,13489.0
2000-10-25,NASDAQ,1146.89,1157.48,1189.7,1140.3000000000002,721673121.0,-3.43,6.44,2.71,1.18,111.0,3623.0,3297.0,0.88,85.0,131.94,1903.82,108.51,6030.0,7.06,19.0,53.14,7849.0
2000-10-26,NASDAQ,1432.1,1424.9399999999998,1433.52,1391.7199999999998,476575529.0,7.54,6.94,11.09,7.09,51.0,11833.0,2561.0,0.97,96.41,105.08,1674.38,221.28,9172.0,9.13,21.0,12.32,910.0
2000-10-27,NASDAQ,1432.1,1424.9399999999998,1433.52,1391.7199999999998,476575529.0,7.54,6.94,11.09,7.09,51.0,11833.0,2561.0,0.97,96.41,105.08,1674.38,221.28,9172.0,9.13,21.0,12.32,910.0
2000-10-28,NASDAQ,1432.1,1424.9399999999998,1433.52,1391.7199999999998,476575529.0,7.54,6.94,11.09,7.09,51.0,11833.0,2561.0,0.97,96.41,105.08,1674.38,221.28,9172.0,9.13,21.0,12.32,910.0
2000-10-29,NASDAQ,1432.1,1424.9399999999998,1433.52,1391.7199999999998,476575529.0,7.54,6.94,11.09,7.09,51.0,11833.0,2561.0,0.97,96.41,105.08,1674.38,221.28,9172.0,9.13,21.0,12.32,910.0
2000-10-30,NASDAQ,1432.1,1424.9399999999998,1433.52,1391.7199999999998,476575529.0,7.54,6.94,11.09,7.09,51.0,11833.0,2561.0,0.97,96.41,105.08,1674.38,221.28,9172.0,9.13,21.0,12.32,910.0
2000-10-31,NASDAQ,1432.1,1424.9399999999998,1433.52,1391.7199999999998,476575529.0,7.54,6.94,11.09,7.09,51.0,11833.0,2561.0,0.97,96.41,105.08,1674.38,221.28,9172.0,9.13,21.0,12.32,910.0
2000-11-01,NASDAQ,4727.01,4720.29,4729.030000000001,4719.13,398611191.0,8.35,4.57,3.96,9.85,62.0,3610.0,4545.0,1.15,95.13,109.01,2160.82,372.24,5579.0,2.96,22.0,94.14,4200.0
2000-11-02,NASDAQ,4727.01,4720.29,4729.030000000001,4719.13,398611191.0,8.35,4.57,3.96,9.85,62.0,3610.0,4545.0,1.15,95.13,109.01,2160.82,372.24,5579.0,2.96,22.0,94.14,4200.0
2000-11-03,NASDAQ,4727.01,4720.29,4729.030000000001,4719.13,398611191.0,8.35,4.57,3.96,9.85,62.0,3610.0,4545.0,1.15,95.13,109.01,2160.82,372.24,5579.0,2.96,22.0,94.14,4200.0
2000-11-04,NASDAQ,4727.01,4720.29,4729.030000000001,4719.13,398611191.0,8.35,4.57,3.96,9.85,62.0,3610.0,4545.0,1.15,95.13,109.01,2160.82,372.24,5579.0,2.96,22.0,94.14,4200.0
2000-11-05,NASDAQ,4727.01,4720.29,4729.030000000001,4719.13,398611191.0,8.35,4.57,3.96,9.85,62.0,3610.0,4545.0,1.15,95.13,109.01,2160.82,372.24,5579.0,2.96,22.0,94.14,4200.0
2000-11-06,NASDAQ,4727.01,4720.29,4729.030000000001,4719.13,398611191.0,8.35,4.57,3.96,9.85,62.0,3610.0,4545.0,1.15,95.13,109.01,2160.82,372.24,5579.0,2.96,22.0,94.14,4200.0
2000-11-07,NASDAQ,4727.01,4720.29,4729.030000000001,4719.13,398611191.0,8.35,4.57,3.96,9.85,62.0,3610.0,4545.0,1.15,95.13,109.01,2160.82,372.24,5579.0,2.96,22.0,94.14,4200.0
2000-11-08,NASDAQ,4727.01,4720.29,4729.030000000001,4719.13,398611191.0,8.35,4.57,3.96,9.85,62.0,3610.0,4545.0,1.15,95.13,109.01,2160.82,372.24,5579.0,2.96,22.0,94.14,4200.0
2000-11-09,NASDAQ,2974.19,3016.88,3018.34,2950.9500000000003,838041984.0,-0.06,0.29,8.28,5.81,75.0,22803.0,1232.0,0.93,82.2,59.08,2060.57,360.85,1178.0,8.23,12.0,47.83,6598.0
2000-11-10,NASDAQ,2974.19,3016.88,3018.34,2950.9500000000003,838041984.0,-0.06,0.29,8.28,5.81,75.0,22803.0,1232.0,0.93,82.2,59.08,2060.57,360.85,1178.0,8.23,12.0,47.83,6598.0
2000-11-11,NASDAQ,4971.27,4972.17,4991.96,4924.030000000001,59332472.0,-4.41,4.11,11.31,5.79,81.0,16504.0,2617.0,1.48,121.4,42.16,2000.83,286.66,4718.0,7.98,10.0,6.71,5149.0
2000-11-12,NASDAQ,1525.96,1521.24,1540.89,1482.26,518136265.0,-0.1,9.22,13.52,7.68,95.0,20662.0,4545.0,1.13,84.33,32.35,2399.79,492.33,5602.0,7.76,0.0,86.46,9983.0
2000-11-13,NASDAQ,2098.93,2076.8,2142.28,2046.69,426556260.0,8.33,5.0,2.0,3.03,77.0,9013.0,4970.0,1.16,119.77,87.44,2252.07,497.14,5595.0,3.02,40.0,31.5,5314.0
2000-11-14,NASDAQ,2578.3,2624.19,2661.53,2555.55,733005039.0,-4.62,7.09,10.94,4.14,56.0,28737.0,2296.0,1.29,125.68,104.08,1209.37,272.98,5014.0,7.28,9.0,65.72,7858.0
2000-11-15,NASDAQ,2687.31,2651.59,2730.2,2633.78,568358327.0,1.09,2.19,11.97,3.05,84.0,10989.0,3560.0,1.28,90.33,128.55,2341.55,457.22,5896.0,2.14,2.0,92.82,4890.0
2000-11-16,NASDAQ,2687.31,2651.59,2730.2,2633.78,568358327.0,1.09,2.19,11.97,3.05,84.0,10989.0,3560.0,1.28,90.33,128.55,2341.55,457.22,5896.0,2.14,2.0,92.82,4890.0
2000-11-17,NASDAQ,2687.31,2651.59,2730.2,2633.78,568358327.0,1.09,2.19,11.97,3.05,84.0,10989.0,3560.0,1.28,90.33,128.55,2341.55,457.22,5896.0,2.14,2.0,92.82,4890.0
2000-11-18,NASDAQ,3856.13,3834.03,3890.94,3805.08,104815798.0,-2.41,9.04,3.16,8.78,71.0,20849.0,694.0,1.03,138.55,148.53,2287.02,264.78,5974.0,7.15,35.0,7.05,5208.0
2000-11-19,NASDAQ,3856.13,3834.03,3890.94,3805.08,104815798.0,-2.41,9.04,3.16,8.78,71.0,20849.0,694.0,1.03,138.55,148.53,2287.02,264.78,5974.0,7.15,35.0,7.05,5208.0
2000-11-20,NASDAQ,3856.13,3834.03,3890.94,3805.08,104815798.0,-2.41,9.04,3.16,8.78,71.0,20849.0,694.0,1.03,138.55,148.53,2287.02,264.78,5974.0,7.15,35.0,7.05,5208.0
2000-11-21,NASDAQ,4295.16,4250.66,4298.41,4203.4,724136414.0,1.54,6.79,3.41,1.63,99.0,25104.0,3424.0,1.34,107.6,79.76,2376.49,233.52,753.0,4.81,38.0,68.93,529.0
2000-11-22,NASDAQ,4295.16,4250.66,4298.41,4203.4,724136414.0,1.54,6.79,3.41,1.63,99.0,25104.0,3424.0,1.34,107.6,79.76,2376.49,233.52,753.0,4.81,38.0,68.93,529.0
2000-11-23,NASDAQ,4284.79,4243.05,4291.09,4220.92,120220773.0,3.84,4.11,12.03,5.56,53.0,16537.0,4433.0,1.08,133.52,85.94,1498.08,277.63,1497.0,5.62,46.0,65.71,5904.0
2000-11-24,NASDAQ,4284.79,4243.05,4291.09,4220.92,120220773.0,3.84,4.11,12.03,5.56,53.0,16537.0,4433.0,1.08,133.52,85.94,1498.08,277.63,1497.0,5.62,46.0,65.71,5904.0
2000-11-25,NASDAQ,4284.79,4243.05,4291.09,4220.92,120220773.0,3.84,4.11,12.03,5.56,53.0,16537.0,4433.0,1.08,133.52,85.94,1498.08,277.63,1497.0,5.62,46.0,65.71,5904.0
2000-11-26,NASDAQ,4284.79,4243.05,4291.09,4220.92,120220773.0,3.84,4.11,12.03,5.56,53.0,16537.0,4433.0,1.08,133.52,85.94,1498.08,277.63,1497.0,5.62,46.0,65.71,5904.0
2000-11-27,NASDAQ,4284.79,4243.05,4291.09,4220.92,120220773.0,3.84,4.11,12.03,5.56,53.0,16537.0,4433.0,1.08,133.52,85.94,1498.08,277.63,1497.0,5.62,46.0,65.71,5904.0
2000-11-28,NASDAQ,4284.79,4243.05,4291.09,4220.92,120220773.0,3.84,4.11,12.03,5.56,53.0,16537.0,4433.0,1.08,133.52,85.94,1498.08,277.63,1497.0,5.62,46.0,65.71,5904.0
2000-11-29,NASDAQ,4284.79,4243.05,4291.09,4220.92,120220773.0,3.84,4.11,12.03,5.56,53.0,16537.0,4433.0,1.08,133.52,85.94,1498.08,277.63,1497.0,5.62,46.0,65.71,5904.0
2000-11-30,NASDAQ,4284.79,4243.05,4291.09,4220.92,120220773.0,3.84,4.11,12.03,5.56,53.0,16537.0,4433.0,1.08,133.52,85.94,1498.08,277.63,1497.0,5.62,46.0,65.71,5904.0
2000-12-01,NASDAQ,4284.79,4243.05,4291.09,4220.92,120220773.0,3.84,4.11,12.03,5.56,53.0,16537.0,4433.0,1.08,133.52,85.94,1498.08,277.63,1497.0,5.62,46.0,65.71,5904.0
2000-12-02,NASDAQ,4284.79,4243.05,4291.09,4220.92,120220773.0,3.84,4.11,12.03,5.56,53.0,16537.0,4433.0,1.08,133.52,85.94,1498.08,277.63,1497.0,5.62,46.0,65.71,5904.0
2000-12-03,NASDAQ,2824.95,2808.44,2872.0,2792.8099999999995,340463988.0,0.02,8.96,9.93,2.41,101.0,24882.0,1505.0,1.29,82.44,58.04,984.25,179.48,6837.0,1.81,16.0,60.77,3771.0
2000-12-04,NASDAQ,2824.95,2808.44,2872.0,2792.8099999999995,340463988.0,0.02,8.96,9.93,2.41,101.0,24882.0,1505.0,1.29,82.44,58.04,984.25,179.48,6837.0,1.81,16.0,60.77,3771.0
2000-12-05,NASDAQ,1484.1,1525.06,1548.19,1441.14,172107590.0,-2.73,2.59,9.57,5.16,91.0,12334.0,2589.0,1.12,140.35,21.01,1887.6,479.23,6695.0,9.6,20.0,70.69,13708.0
2000-12-06,NASDAQ,1484.1,1525.06,1548.19,1441.14,172107590.0,-2.73,2.59,9.57,5.16,91.0,12334.0,2589.0,1.12,140.35,21.01,1887.6,479.23,6695.0,9.6,20.0,70.69,13708.0
2000-12-07,NASDAQ,4004.71,4035.78,4076.86,3984.78,405682035.0,6.4,4.29,13.88,6.84,101.0,20178.0,3536.0,1.41,139.89,72.28,2473.44,202.4,8731.0,8.54,28.0,34.03,3011.0
2000-12-08,NASDAQ,4004.71,4035.78,4076.86,3984.78,405682035.0,6.4,4.29,13.88,6.84,101.0,20178.0,3536.0,1.41,139.89,72.28,2473.44,202.4,8731.0,8.54,28.0,34.03,3011.0
2000-12-09,NASDAQ,4004.71,4035.78,4076.86,3984.78,405682035.0,6.4,4.29,13.88,6.84,101.0,20178.0,3536.0,1.41,139.89,72.28,2473.44,202.4,8731.0,8.54,28.0,34.03,3011.0
2000-12-10,NASDAQ,4004.71,4035.78,4076.86,3984.78,405682035.0,6.4,4.29,13.88,6.84,101.0,20178.0,3536.0,1.41,139.89,72.28,2473.44,202.4,8731.0,8.54,28.0,34.03,3011.0
2000-12-11,NASDAQ,4004.71,4035.78,4076.86,3984.78,405682035.0,6.4,4.29,13.88,6.84,101.0,20178.0,3536.0,1.41,139.89,72.28,2473.44,202.4,8731.0,8.54,28.0,34.03,3011.0
2000-12-12,NASDAQ,4004.71,4035.78,4076.86,3984.78,405682035.0,6.4,4.29,13.88,6.84,101.0,20178.0,3536.0,1.41,139.89,72.28,2473.44,202.4,8731.0,8.54,28.0,34.03,3011.0
2000-12-13,NASDAQ,3714.68,3666.1,3755.24,3618.78,418328413.0,3.61,6.5,5.11,4.81,76.0,9945.0,2942.0,1.42,85.92,89.75,2382.45,261.64,993.0,0.62,12.0,76.13,10393.0
2000-12-14,NASDAQ,3714.68,3666.1,3755.24,3618.78,418328413.0,3.61,6.5,5.11,4.81,76.0,9945.0,2942.0,1.42,85.92,89.75,2382.45,261.64,993.0,0.62,12.0,76.13,10393.0
2000-12-15,NASDAQ,3714.68,3666.1,3755.24,3618.78,418328413.0,3.61,6.5,5.11,4.81,76.0,9945.0,2942.0,1.42,85.92,89.75,2382.45,261.64,993.0,0.62,12.0,76.13,10393.0
2000-12-16,NASDAQ,3714.68,3666.1,3755.24,3618.78,418328413.0,3.61,6.5,5.11,4.81,76.0,9945.0,2942.0,1.42,85.92,89.75,2382.45,261.64,993.0,0.62,12.0,76.13,10393.0
2000-12-17,NASDAQ,3714.68,3666.1,3755.24,3618.78,418328413.0,3.61,6.5,5.11,4.81,76.0,9945.0,2942.0,1.42,85.92,89.75,2382.45,261.64,993.0,0.62,12.0,76.13,10393.0
2000-12-18,NASDAQ,3714.68,3666.1,3755.24,3618.78,418328413.0,3.61,6.5,5.11,4.81,76.0,9945.0,2942.0,1.42,85.92,89.75,2382.45,261.64,993.0,0.62,12.0,76.13,10393.0
2000-12-19,NASDAQ,3714.68,3666.1,3755.24,3618.78,418328413.0,3.61,6.5,5.11,4.81,76.0,9945.0,2942.0,1.42,85.92,89.75,2382.45,261.64,993.0,0.62,12.0,76.13,10393.0
2000-12-20,NASDAQ,3714.68,3666.1,3755.24,3618.78,418328413.0,3.61,6.5,5.11,4.81,76.0,9945.0,2942.0,1.42,85.92,89.75,2382.45,261.64,993.0,0.62,12.0,76.13,10393.0
2000-12-21,NASDAQ,3714.68,3666.1,3755.24,3618.78,418328413.0,3.61,6.5,5.11,4.81,76.0,9945.0,2942.0,1.42,85.92,89.75,2382.45,261.64,993.0,0.62,12.0,76.13,10393.0
2000-12-22,NASDAQ,3714.68,3666.1,3755.24,3618.78,418328413.0,3.61,6.5,5.11,4.81,76.0,9945.0,2942.0,1.42,85.92,89.75,2382.45,261.64,993.0,0.62,12.0,76.13,10393.0
2000-12-23,NASDAQ,3714.68,3666.1,3755.24,3618.78,418328413.0,3.61,6.5,5.11,4.81,76.0,9945.0,2942.0,1.42,85.92,89.75,2382.45,261.64,993.0,0.62,12.0,76.13,10393.0
2000-12-24,NASDAQ,1265.78,1313.53,1340.07,1219.68,547854448.0,2.67,7.04,14.84,1.11,57.0,19511.0,1016.0,1.46,139.58,131.52,1361.86,251.58,6813.0,4.42,26.0,90.45,13817.0
2000-12-25,NASDAQ,1265.78,1313.53,1340.07,1219.68,547854448.0,2.67,7.04,14.84,1.11,57.0,19511.0,1016.0,1.46,139.58,131.52,1361.86,251.58,6813.0,4.42,26.0,90.45,13817.0
2000-12-26,NASDAQ,1568.55,1568.38,1576.48,1538.89,731413626.0,7.83,8.81,13.53,1.69,115.0,19334.0,3538.0,1.03,146.32,54.0,985.24,253.8,7125.0,5.55,2.0,14.56,2448.0
2000-12-27,NASDAQ,1568.55,1568.38,1576.48,1538.89,731413626.0,7.83,8.81,13.53,1.69,115.0,19334.0,3538.0,1.03,146.32,54.0,985.24,253.8,7125.0,5.55,2.0,14.56,2448.0
2000-12-28,NASDAQ,2688.14,2660.87,2694.77,2639.43,263620848.0,7.52,7.13,5.2,5.85,76.0,28044.0,2764.0,0.9,103.52,98.93,1680.6,293.4,6609.0,3.46,43.0,88.25,5245.0
2000-12-29,NASDAQ,2180.16,2184.54,2196.21,2142.24,907047011.0,-2.34,2.77,14.39,5.27,69.0,15035.0,3338.0,0.93,103.71,52.8,2086.79,170.47,7001.0,0.94,33.0,66.6,5662.0
2000-12-30,NASDAQ,2180.16,2184.54,2196.21,2142.24,907047011.0,-2.34,2.77,14.39,5.27,69.0,15035.0,3338.0,0.93,103.71,52.8,2086.79,170.47,7001.0,0.94,33.0,66.6,5662.0
2000-12-31,NASDAQ,3308.8,3310.32,3336.1800000000003,3296.6000000000004,896031933.0,4.86,8.65,4.48,5.96,61.0,7557.0,2913.0,1.5,127.51,61.23,1218.66,331.64,2018.0,7.26,37.0,82.05,11303.0
2001-01-01,NASDAQ,1174.96,1223.99,1262.17,1138.51,425140770.0,8.05,8.22,7.47,3.23,91.0,12131.0,1985.0,1.41,131.06,65.21,1889.44,350.1,8630.0,2.8,25.0,23.75,13657.0
2001-01-02,NASDAQ,1174.96,1223.99,1262.17,1138.51,425140770.0,8.05,8.22,7.47,3.23,91.0,12131.0,1985.0,1.41,131.06,65.21,1889.44,350.1,8630.0,2.8,25.0,23.75,13657.0
2001-01-03,NASDAQ,3234.57,3221.67,3274.06,3172.6,299894690.0,4.66,3.74,9.85,5.27,80.0,11059.0,1328.0,1.31,91.91,74.4,1190.78,255.07,3797.0,9.48,17.0,56.77,9978.0
2001-01-04,NASDAQ,3234.57,3221.67,3274.06,3172.6,299894690.0,4.66,3.74,9.85,5.27,80.0,11059.0,1328.0,1.31,91.91,74.4,1190.78,255.07,3797.0,9.48,17.0,56.77,9978.0
2001-01-05,NASDAQ,3916.69,3883.74,3922.34,3837.65,660842336.0,-0.03,6.52,13.97,8.35,102.0,10156.0,3787.0,1.1,100.89,61.56,1462.97,395.46,4550.0,6.59,45.0,26.03,9980.0
2001-01-06,NASDAQ,3916.69,3883.74,3922.34,3837.65,660842336.0,-0.03,6.52,13.97,8.35,102.0,10156.0,3787.0,1.1,100.89,61.56,1462.97,395.46,4550.0,6.59,45.0,26.03,9980.0
2001-01-07,NASDAQ,3916.69,3883.74,3922.34,3837.65,660842336.0,-0.03,6.52,13.97,8.35,102.0,10156.0,3787.0,1.1,100.89,61.56,1462.97,395.46,4550.0,6.59,45.0,26.03,9980.0
2001-01-08,NASDAQ,3769.97,3763.15,3789.81,3723.24,963052845.0,6.16,4.3,7.65,8.55,59.0,18614.0,2793.0,0.82,90.39,143.12,1448.27,476.5,345.0,4.55,44.0,13.51,11544.0
2001-01-09,NASDAQ,2719.72,2747.9,2785.0799999999995,2698.07,183080684.0,2.98,0.97,11.13,9.24,78.0,8649.0,3853.0,1.02,109.88,84.08,1355.44,483.98,5895.0,9.49,48.0,74.81,480.0
2001-01-10,NASDAQ,3691.87,3690.29,3720.91,3644.41,280249196.0,4.13,3.9,10.62,5.6,89.0,14978.0,2071.0,1.03,98.27,33.9,2352.51,233.87,9278.0,7.6,37.0,57.78,10222.0
2001-01-11,NASDAQ,3691.87,3690.29,3720.91,3644.41,280249196.0,4.13,3.9,10.62,5.6,89.0,14978.0,2071.0,1.03,98.27,33.9,2352.51,233.87,9278.0,7.6,37.0,57.78,10222.0
2001-01-12,NASDAQ,3691.87,3690.29,3720.91,3644.41,280249196.0,4.13,3.9,10.62,5.6,89.0,14978.0,2071.0,1.03,98.27,33.9,2352.51,233.87,9278.0,7.6,37.0,57.78,10222.0
2001-01-13,NASDAQ,3691.87,3690.29,3720.91,3644.41,280249196.0,4.13,3.9,10.62,5.6,89.0,14978.0,2071.0,1.03,98.27,33.9,2352.51,233.87,9278.0,7.6,37.0,57.78,10222.0
2001-01-14,NASDAQ,3691.87,3690.29,3720.91,3644.41,280249196.0,4.13,3.9,10.62,5.6,89.0,14978.0,2071.0,1.03,98.27,33.9,2352.51,233.87,9278.0,7.6,37.0,57.78,10222.0
2001-01-15,NASDAQ,4193.52,4167.35,4214.6900000000005,4157.38,315112139.0,-4.89,0.6,7.96,3.61,81.0,18372.0,2966.0,1.09,122.01,63.33,1908.19,103.8,8578.0,0.95,37.0,42.1,11682.0
2001-01-16,NASDAQ,4193.52,4167.35,4214.6900000000005,4157.38,315112139.0,-4.89,0.6,7.96,3.61,81.0,18372.0,2966.0,1.09,122.01,63.33,1908.19,103.8,8578.0,0.95,37.0,42.1,11682.0
2001-01-17,NASDAQ,4193.52,4167.35,4214.6900000000005,4157.38,315112139.0,-4.89,0.6,7.96,3.61,81.0,18372.0,2966.0,1.09,122.01,63.33,1908.19,103.8,8578.0,0.95,37.0,42.1,11682.0
2001-01-18,NASDAQ,4666.54,4642.62,4699.69,4612.37,267039958.0,6.18,3.87,12.13,6.55,103.0,18913.0,4021.0,1.41,83.35,94.16,1939.19,376.16,9800.0,1.3,6.0,71.93,241.0
2001-01-19,NASDAQ,4666.54,4642.62,4699.69,4612.37,267039958.0,6.18,3.87,12.13,6.55,103.0,18913.0,4021.0,1.41,83.35,94.16,1939.19,376.16,9800.0,1.3,6.0,71.93,241.0
2001-01-20,NASDAQ,2275.47,2290.3,2303.2,2261.35,453415309.0,-4.93,3.87,11.94,1.38,80.0,26319.0,1866.0,0.81,88.48,20.24,1597.6,427.43,986.0,3.32,40.0,82.38,4723.0
2001-01-21,NASDAQ,2275.47,2290.3,2303.2,2261.35,453415309.0,-4.93,3.87,11.94,1.38,80.0,26319.0,1866.0,0.81,88.48,20.24,1597.6,427.43,986.0,3.32,40.0,82.38,4723.0
2001-01-22,NASDAQ,2484.69,2479.24,2533.4700000000003,2477.0200000000004,29231793.0,2.08,0.65,8.2,6.24,84.0,9087.0,393.0,0.89,110.93,27.32,1047.26,329.6,974.0,1.62,24.0,80.37,1624.0
2001-01-23,NASDAQ,2484.69,2479.24,2533.4700000000003,2477.0200000000004,29231793.0,2.08,0.65,8.2,6.24,84.0,9087.0,393.0,0.89,110.93,27.32,1047.26,329.6,974.0,1.62,24.0,80.37,1624.0
2001-01-24,NASDAQ,2484.69,2479.24,2533.4700000000003,2477.0200000000004,29231793.0,2.08,0.65,8.2,6.24,84.0,9087.0,393.0,0.89,110.93,27.32,1047.26,329.6,974.0,1.62,24.0,80.37,1624.0
2001-01-25,NASDAQ,3753.62,3789.96,3794.47,3733.28,493537197.0,-1.67,4.45,8.16,0.99,113.0,8799.0,175.0,1.27,141.14,30.54,1850.99,188.96,1873.0,2.89,47.0,75.62,9344.0
2001-01-26,NASDAQ,3753.62,3789.96,3794.47,3733.28,493537197.0,-1.67,4.45,8.16,0.99,113.0,8799.0,175.0,1.27,141.14,30.54,1850.99,188.96,1873.0,2.89,47.0,75.62,9344.0
2001-01-27,NASDAQ,3753.62,3789.96,3794.47,3733.28,493537197.0,-1.67,4.45,8.16,0.99,113.0,8799.0,175.0,1.27,141.14,30.54,1850.99,188.96,1873.0,2.89,47.0,75.62,9344.0
2001-01-28,NASDAQ,3753.62,3789.96,3794.47,3733.28,493537197.0,-1.67,4.45,8.16,0.99,113.0,8799.0,175.0,1.27,141.14,30.54,1850.99,188.96,1873.0,2.89,47.0,75.62,9344.0
2001-01-29,NASDAQ,3753.62,3789.96,3794.47,3733.28,493537197.0,-1.67,4.45,8.16,0.99,113.0,8799.0,175.0,1.27,141.14,30.54,1850.99,188.96,1873.0,2.89,47.0,75.62,9344.0
2001-01-30,NASDAQ,4560.39,4582.1900000000005,4621.6,4521.0,167664189.0,-4.33,7.55,14.75,9.1,113.0,8349.0,1399.0,0.92,138.85,41.64,1807.76,496.11,6730.0,3.33,49.0,81.84,3475.0
2001-01-31,NASDAQ,2383.51,2370.71,2418.7200000000003,2358.02,222426486.0,0.03,7.21,11.17,5.4,79.0,14271.0,2827.0,1.45,114.93,106.95,1963.47,197.06,8073.0,9.78,7.0,51.21,14690.0
2001-02-01,NASDAQ,2383.51,2370.71,2418.7200000000003,2358.02,222426486.0,0.03,7.21,11.17,5.4,79.0,14271.0,2827.0,1.45,114.93,106.95,1963.47,197.06,8073.0,9.78,7.0,51.21,14690.0
2001-02-02,NASDAQ,2383.51,2370.71,2418.7200000000003,2358.02,222426486.0,0.03,7.21,11.17,5.4,79.0,14271.0,2827.0,1.45,114.93,106.95,1963.47,197.06,8073.0,9.78,7.0,51.21,14690.0
2001-02-03,NASDAQ,2383.51,2370.71,2418.7200000000003,2358.02,222426486.0,0.03,7.21,11.17,5.4,79.0,14271.0,2827.0,1.45,114.93,106.95,1963.47,197.06,8073.0,9.78,7.0,51.21,14690.0
2001-02-04,NASDAQ,3547.61,3584.32,3632.16,3520.34,117653925.0,3.17,2.88,9.35,6.07,61.0,8459.0,1799.0,1.31,117.14,81.39,2243.4,440.06,4864.0,6.69,26.0,50.99,3474.0
2001-02-05,NASDAQ,2362.42,2336.82,2387.37,2329.46,564728104.0,9.81,0.09,12.36,8.93,116.0,3696.0,4563.0,1.29,146.32,50.2,2024.01,296.67,6736.0,2.79,20.0,91.22,12162.0
2001-02-06,NASDAQ,2362.42,2336.82,2387.37,2329.46,564728104.0,9.81,0.09,12.36,8.93,116.0,3696.0,4563.0,1.29,146.32,50.2,2024.01,296.67,6736.0,2.79,20.0,91.22,12162.0
2001-02-07,NASDAQ,2362.42,2336.82,2387.37,2329.46,564728104.0,9.81,0.09,12.36,8.93,116.0,3696.0,4563.0,1.29,146.32,50.2,2024.01,296.67,6736.0,2.79,20.0,91.22,12162.0
2001-02-08,NASDAQ,2244.87,2219.63,2271.79,2198.57,597120493.0,9.52,1.21,5.53,8.2,110.0,19959.0,2030.0,1.06,95.81,35.31,2090.89,396.99,145.0,2.05,46.0,24.34,4421.0
2001-02-09,NASDAQ,2244.87,2219.63,2271.79,2198.57,597120493.0,9.52,1.21,5.53,8.2,110.0,19959.0,2030.0,1.06,95.81,35.31,2090.89,396.99,145.0,2.05,46.0,24.34,4421.0
2001-02-10,NASDAQ,2244.87,2219.63,2271.79,2198.57,597120493.0,9.52,1.21,5.53,8.2,110.0,19959.0,2030.0,1.06,95.81,35.31,2090.89,396.99,145.0,2.05,46.0,24.34,4421.0
2001-02-11,NASDAQ,2458.37,2505.03,2505.22,2448.78,589396901.0,-3.34,5.85,8.32,6.75,65.0,9174.0,4473.0,1.48,119.74,49.69,2158.46,136.82,2883.0,8.7,40.0,13.06,9639.0
2001-02-12,NASDAQ,2458.37,2505.03,2505.22,2448.78,589396901.0,-3.34,5.85,8.32,6.75,65.0,9174.0,4473.0,1.48,119.74,49.69,2158.46,136.82,2883.0,8.7,40.0,13.06,9639.0
2001-02-13,NASDAQ,4952.14,4934.240000000001,4977.63,4908.9400000000005,280799810.0,7.14,3.46,5.85,3.26,63.0,4347.0,2962.0,0.99,132.51,27.11,2331.33,243.52,860.0,2.33,20.0,42.51,7438.0
2001-02-14,NASDAQ,4952.14,4934.240000000001,4977.63,4908.9400000000005,280799810.0,7.14,3.46,5.85,3.26,63.0,4347.0,2962.0,0.99,132.51,27.11,2331.33,243.52,860.0,2.33,20.0,42.51,7438.0
2001-02-15,NASDAQ,3753.1,3771.88,3794.3,3747.12,553470931.0,5.54,2.05,8.76,4.73,91.0,24858.0,1203.0,1.45,143.39,81.79,1107.72,491.23,6228.0,9.7,48.0,77.34,8041.0
2001-02-16,NASDAQ,1562.21,1539.56,1611.24,1518.72,463821194.0,6.19,6.18,8.87,9.15,66.0,1581.0,3877.0,1.01,120.43,94.12,861.64,473.1,1612.0,6.05,42.0,14.46,5524.0
2001-02-17,NASDAQ,2942.36,2966.01,2983.5200000000004,2938.7200000000003,219593975.0,-1.2,1.3,12.36,1.48,91.0,29343.0,892.0,1.34,128.04,45.69,1980.85,375.39,5450.0,3.27,5.0,46.83,9366.0
2001-02-18,NASDAQ,1110.15,1065.3200000000002,1132.76,1060.38,866426896.0,8.14,0.02,14.59,3.16,59.0,21239.0,166.0,1.25,137.33,133.26,1830.37,274.62,760.0,8.17,11.0,2.85,1644.0
2001-02-19,NASDAQ,1110.15,1065.3200000000002,1132.76,1060.38,866426896.0,8.14,0.02,14.59,3.16,59.0,21239.0,166.0,1.25,137.33,133.26,1830.37,274.62,760.0,8.17,11.0,2.85,1644.0
2001-02-20,NASDAQ,4856.07,4844.7,4858.469999999999,4829.429999999999,380207802.0,-1.85,5.55,9.69,7.13,98.0,8716.0,4611.0,0.93,124.88,91.36,1619.85,487.46,797.0,8.82,48.0,70.05,7633.0
2001-02-21,NASDAQ,2536.83,2522.18,2575.6,2475.9,823515184.0,7.98,9.27,10.86,6.49,58.0,8889.0,4747.0,0.82,131.07,53.3,1844.55,206.2,8066.0,9.75,28.0,23.29,11555.0
2001-02-22,NASDAQ,2536.83,2522.18,2575.6,2475.9,823515184.0,7.98,9.27,10.86,6.49,58.0,8889.0,4747.0,0.82,131.07,53.3,1844.55,206.2,8066.0,9.75,28.0,23.29,11555.0
2001-02-23,NASDAQ,1123.82,1122.9199999999998,1161.86,1085.0299999999995,79103714.0,6.25,3.28,14.25,8.06,51.0,9114.0,670.0,1.49,106.75,148.46,2418.4,377.16,924.0,1.48,37.0,5.41,3358.0
2001-02-24,NASDAQ,1123.82,1122.9199999999998,1161.86,1085.0299999999995,79103714.0,6.25,3.28,14.25,8.06,51.0,9114.0,670.0,1.49,106.75,148.46,2418.4,377.16,924.0,1.48,37.0,5.41,3358.0
2001-02-25,NASDAQ,1123.82,1122.9199999999998,1161.86,1085.0299999999995,79103714.0,6.25,3.28,14.25,8.06,51.0,9114.0,670.0,1.49,106.75,148.46,2418.4,377.16,924.0,1.48,37.0,5.41,3358.0
2001-02-26,NASDAQ,1123.82,1122.9199999999998,1161.86,1085.0299999999995,79103714.0,6.25,3.28,14.25,8.06,51.0,9114.0,670.0,1.49,106.75,148.46,2418.4,377.16,924.0,1.48,37.0,5.41,3358.0
2001-02-27,NASDAQ,1123.82,1122.9199999999998,1161.86,1085.0299999999995,79103714.0,6.25,3.28,14.25,8.06,51.0,9114.0,670.0,1.49,106.75,148.46,2418.4,377.16,924.0,1.48,37.0,5.41,3358.0
2001-02-28,NASDAQ,1123.82,1122.9199999999998,1161.86,1085.0299999999995,79103714.0,6.25,3.28,14.25,8.06,51.0,9114.0,670.0,1.49,106.75,148.46,2418.4,377.16,924.0,1.48,37.0,5.41,3358.0
2001-03-01,NASDAQ,1123.82,1122.9199999999998,1161.86,1085.0299999999995,79103714.0,6.25,3.28,14.25,8.06,51.0,9114.0,670.0,1.49,106.75,148.46,2418.4,377.16,924.0,1.48,37.0,5.41,3358.0
2001-03-02,NASDAQ,4600.33,4607.98,4623.44,4582.08,816133217.0,8.43,3.3,10.26,6.25,54.0,23990.0,2581.0,1.37,125.02,145.76,1465.79,477.83,2431.0,3.16,10.0,99.96,5180.0
2001-03-03,NASDAQ,4600.33,4607.98,4623.44,4582.08,816133217.0,8.43,3.3,10.26,6.25,54.0,23990.0,2581.0,1.37,125.02,145.76,1465.79,477.83,2431.0,3.16,10.0,99.96,5180.0
2001-03-04,NASDAQ,4823.68,4797.84,4872.97,4764.150000000001,809171632.0,7.95,5.1,7.58,0.67,54.0,26869.0,1734.0,1.43,145.67,41.71,802.16,380.51,3929.0,9.57,34.0,56.84,1626.0
2001-03-05,NASDAQ,4823.68,4797.84,4872.97,4764.150000000001,809171632.0,7.95,5.1,7.58,0.67,54.0,26869.0,1734.0,1.43,145.67,41.71,802.16,380.51,3929.0,9.57,34.0,56.84,1626.0
2001-03-06,NASDAQ,4823.68,4797.84,4872.97,4764.150000000001,809171632.0,7.95,5.1,7.58,0.67,54.0,26869.0,1734.0,1.43,145.67,41.71,802.16,380.51,3929.0,9.57,34.0,56.84,1626.0
2001-03-07,NASDAQ,4823.68,4797.84,4872.97,4764.150000000001,809171632.0,7.95,5.1,7.58,0.67,54.0,26869.0,1734.0,1.43,145.67,41.71,802.16,380.51,3929.0,9.57,34.0,56.84,1626.0
2001-03-08,NASDAQ,4823.68,4797.84,4872.97,4764.150000000001,809171632.0,7.95,5.1,7.58,0.67,54.0,26869.0,1734.0,1.43,145.67,41.71,802.16,380.51,3929.0,9.57,34.0,56.84,1626.0
2001-03-09,NASDAQ,4936.05,4953.74,4956.94,4887.08,437182298.0,3.5,4.09,13.58,3.7,75.0,13914.0,1978.0,0.81,81.57,45.43,2297.11,474.19,2215.0,1.81,11.0,23.17,12880.0
2001-03-10,NASDAQ,2153.62,2110.03,2196.74,2086.81,325963220.0,6.47,3.18,2.99,6.55,99.0,2763.0,4981.0,1.07,120.7,51.56,2344.76,127.26,2225.0,6.62,18.0,43.08,242.0
2001-03-11,NASDAQ,4844.54,4854.15,4902.219999999999,4803.67,881025512.0,6.36,1.49,12.42,5.59,75.0,25096.0,4736.0,0.84,96.24,107.76,1924.0,401.36,3317.0,6.21,30.0,53.3,11704.0
2001-03-12,NASDAQ,4844.54,4854.15,4902.219999999999,4803.67,881025512.0,6.36,1.49,12.42,5.59,75.0,25096.0,4736.0,0.84,96.24,107.76,1924.0,401.36,3317.0,6.21,30.0,53.3,11704.0
2001-03-13,NASDAQ,4844.54,4854.15,4902.219999999999,4803.67,881025512.0,6.36,1.49,12.42,5.59,75.0,25096.0,4736.0,0.84,96.24,107.76,1924.0,401.36,3317.0,6.21,30.0,53.3,11704.0
2001-03-14,NASDAQ,4844.54,4854.15,4902.219999999999,4803.67,881025512.0,6.36,1.49,12.42,5.59,75.0,25096.0,4736.0,0.84,96.24,107.76,1924.0,401.36,3317.0,6.21,30.0,53.3,11704.0
2001-03-15,NASDAQ,4844.54,4854.15,4902.219999999999,4803.67,881025512.0,6.36,1.49,12.42,5.59,75.0,25096.0,4736.0,0.84,96.24,107.76,1924.0,401.36,3317.0,6.21,30.0,53.3,11704.0
2001-03-16,NASDAQ,1616.58,1650.96,1671.66,1577.29,429862645.0,6.43,9.95,4.73,1.32,100.0,18878.0,2808.0,1.4,138.59,80.11,2447.58,473.05,7936.0,9.09,43.0,82.7,2008.0
2001-03-17,NASDAQ,1616.58,1650.96,1671.66,1577.29,429862645.0,6.43,9.95,4.73,1.32,100.0,18878.0,2808.0,1.4,138.59,80.11,2447.58,473.05,7936.0,9.09,43.0,82.7,2008.0
2001-03-18,NASDAQ,3166.82,3138.5800000000004,3177.1600000000003,3111.3300000000004,53599432.0,9.95,0.69,13.97,3.46,87.0,21167.0,3604.0,1.05,113.33,47.89,1792.34,414.31,7315.0,0.78,3.0,66.27,9709.0
2001-03-19,NASDAQ,3166.82,3138.5800000000004,3177.1600000000003,3111.3300000000004,53599432.0,9.95,0.69,13.97,3.46,87.0,21167.0,3604.0,1.05,113.33,47.89,1792.34,414.31,7315.0,0.78,3.0,66.27,9709.0
2001-03-20,NASDAQ,4334.6,4379.93,4400.740000000001,4312.400000000001,356296169.0,-4.63,9.16,9.63,1.53,94.0,14772.0,756.0,1.16,117.37,138.49,1191.48,327.77,7070.0,5.24,19.0,47.71,6835.0
2001-03-21,NASDAQ,4334.6,4379.93,4400.740000000001,4312.400000000001,356296169.0,-4.63,9.16,9.63,1.53,94.0,14772.0,756.0,1.16,117.37,138.49,1191.48,327.77,7070.0,5.24,19.0,47.71,6835.0
2001-03-22,NASDAQ,2209.33,2179.24,2243.79,2137.66,641856995.0,-3.08,8.43,6.92,4.58,119.0,15242.0,1048.0,1.5,123.18,36.91,1387.57,432.65,2131.0,7.17,5.0,48.19,853.0
2001-03-23,NASDAQ,2209.33,2179.24,2243.79,2137.66,641856995.0,-3.08,8.43,6.92,4.58,119.0,15242.0,1048.0,1.5,123.18,36.91,1387.57,432.65,2131.0,7.17,5.0,48.19,853.0
2001-03-24,NASDAQ,2209.33,2179.24,2243.79,2137.66,641856995.0,-3.08,8.43,6.92,4.58,119.0,15242.0,1048.0,1.5,123.18,36.91,1387.57,432.65,2131.0,7.17,5.0,48.19,853.0
2001-03-25,NASDAQ,2209.33,2179.24,2243.79,2137.66,641856995.0,-3.08,8.43,6.92,4.58,119.0,15242.0,1048.0,1.5,123.18,36.91,1387.57,432.65,2131.0,7.17,5.0,48.19,853.0
2001-03-26,NASDAQ,2209.33,2179.24,2243.79,2137.66,641856995.0,-3.08,8.43,6.92,4.58,119.0,15242.0,1048.0,1.5,123.18,36.91,1387.57,432.65,2131.0,7.17,5.0,48.19,853.0
2001-03-27,NASDAQ,2209.33,2179.24,2243.79,2137.66,641856995.0,-3.08,8.43,6.92,4.58,119.0,15242.0,1048.0,1.5,123.18,36.91,1387.57,432.65,2131.0,7.17,5.0,48.19,853.0
2001-03-28,NASDAQ,4865.67,4839.55,4871.42,4808.46,929319142.0,-1.95,1.89,13.11,9.11,109.0,16053.0,777.0,0.89,138.52,78.33,1621.29,395.15,1729.0,0.77,7.0,63.86,10799.0
2001-03-29,NASDAQ,3230.84,3202.19,3265.58,3200.94,242418630.0,-3.61,4.11,13.97,8.63,110.0,12013.0,3012.0,1.17,117.88,136.62,1915.05,459.15,3807.0,8.29,32.0,40.53,1360.0
2001-03-30,NASDAQ,3230.84,3202.19,3265.58,3200.94,242418630.0,-3.61,4.11,13.97,8.63,110.0,12013.0,3012.0,1.17,117.88,136.62,1915.05,459.15,3807.0,8.29,32.0,40.53,1360.0
2001-03-31,NASDAQ,3230.84,3202.19,3265.58,3200.94,242418630.0,-3.61,4.11,13.97,8.63,110.0,12013.0,3012.0,1.17,117.88,136.62,1915.05,459.15,3807.0,8.29,32.0,40.53,1360.0
2001-04-01,NASDAQ,1556.79,1528.54,1563.87,1523.51,849713419.0,3.58,4.46,13.18,2.34,111.0,15205.0,4594.0,1.12,102.2,90.33,1949.68,260.52,8959.0,5.77,11.0,31.77,4020.0
2001-04-02,NASDAQ,2776.17,2762.84,2808.31,2741.6600000000003,436032239.0,9.47,3.4,4.58,9.56,75.0,16903.0,1496.0,1.17,148.17,86.37,905.97,268.47,249.0,9.78,25.0,60.67,3346.0
2001-04-03,NASDAQ,3504.94,3494.03,3524.04,3478.67,569093445.0,8.13,4.68,2.05,2.43,116.0,17916.0,3560.0,0.98,126.7,21.69,1070.03,164.35,1232.0,9.16,18.0,57.0,1695.0
2001-04-04,NASDAQ,3504.94,3494.03,3524.04,3478.67,569093445.0,8.13,4.68,2.05,2.43,116.0,17916.0,3560.0,0.98,126.7,21.69,1070.03,164.35,1232.0,9.16,18.0,57.0,1695.0
2001-04-05,NASDAQ,3504.94,3494.03,3524.04,3478.67,569093445.0,8.13,4.68,2.05,2.43,116.0,17916.0,3560.0,0.98,126.7,21.69,1070.03,164.35,1232.0,9.16,18.0,57.0,1695.0
2001-04-06,NASDAQ,3504.94,3494.03,3524.04,3478.67,569093445.0,8.13,4.68,2.05,2.43,116.0,17916.0,3560.0,0.98,126.7,21.69,1070.03,164.35,1232.0,9.16,18.0,57.0,1695.0
2001-04-07,NASDAQ,3504.94,3494.03,3524.04,3478.67,569093445.0,8.13,4.68,2.05,2.43,116.0,17916.0,3560.0,0.98,126.7,21.69,1070.03,164.35,1232.0,9.16,18.0,57.0,1695.0
2001-04-08,NASDAQ,3504.94,3494.03,3524.04,3478.67,569093445.0,8.13,4.68,2.05,2.43,116.0,17916.0,3560.0,0.98,126.7,21.69,1070.03,164.35,1232.0,9.16,18.0,57.0,1695.0
2001-04-09,NASDAQ,3504.94,3494.03,3524.04,3478.67,569093445.0,8.13,4.68,2.05,2.43,116.0,17916.0,3560.0,0.98,126.7,21.69,1070.03,164.35,1232.0,9.16,18.0,57.0,1695.0
2001-04-10,NASDAQ,3504.94,3494.03,3524.04,3478.67,569093445.0,8.13,4.68,2.05,2.43,116.0,17916.0,3560.0,0.98,126.7,21.69,1070.03,164.35,1232.0,9.16,18.0,57.0,1695.0
2001-04-11,NASDAQ,3504.94,3494.03,3524.04,3478.67,569093445.0,8.13,4.68,2.05,2.43,116.0,17916.0,3560.0,0.98,126.7,21.69,1070.03,164.35,1232.0,9.16,18.0,57.0,1695.0
2001-04-12,NASDAQ,2580.55,2608.32,2630.1600000000003,2573.88,754288253.0,-1.35,2.15,8.85,7.22,65.0,11058.0,927.0,1.5,143.65,110.42,1267.22,337.42,2718.0,6.51,4.0,68.72,7600.0
2001-04-13,NASDAQ,2580.55,2608.32,2630.1600000000003,2573.88,754288253.0,-1.35,2.15,8.85,7.22,65.0,11058.0,927.0,1.5,143.65,110.42,1267.22,337.42,2718.0,6.51,4.0,68.72,7600.0
2001-04-14,NASDAQ,2580.55,2608.32,2630.1600000000003,2573.88,754288253.0,-1.35,2.15,8.85,7.22,65.0,11058.0,927.0,1.5,143.65,110.42,1267.22,337.42,2718.0,6.51,4.0,68.72,7600.0
2001-04-15,NASDAQ,2580.55,2608.32,2630.1600000000003,2573.88,754288253.0,-1.35,2.15,8.85,7.22,65.0,11058.0,927.0,1.5,143.65,110.42,1267.22,337.42,2718.0,6.51,4.0,68.72,7600.0
2001-04-16,NASDAQ,1911.0,1929.72,1940.73,1908.07,418703673.0,3.58,1.06,7.81,8.67,110.0,16141.0,4657.0,1.04,82.41,73.86,998.81,176.8,5444.0,3.22,47.0,38.75,10027.0
2001-04-17,NASDAQ,1911.0,1929.72,1940.73,1908.07,418703673.0,3.58,1.06,7.81,8.67,110.0,16141.0,4657.0,1.04,82.41,73.86,998.81,176.8,5444.0,3.22,47.0,38.75,10027.0
2001-04-18,NASDAQ,1911.0,1929.72,1940.73,1908.07,418703673.0,3.58,1.06,7.81,8.67,110.0,16141.0,4657.0,1.04,82.41,73.86,998.81,176.8,5444.0,3.22,47.0,38.75,10027.0
2001-04-19,NASDAQ,3888.57,3908.73,3917.29,3866.92,772232825.0,9.19,7.51,8.65,5.6,74.0,29511.0,1161.0,1.25,87.82,57.33,2224.33,206.02,3588.0,0.45,33.0,64.72,6251.0
2001-04-20,NASDAQ,3888.57,3908.73,3917.29,3866.92,772232825.0,9.19,7.51,8.65,5.6,74.0,29511.0,1161.0,1.25,87.82,57.33,2224.33,206.02,3588.0,0.45,33.0,64.72,6251.0
2001-04-21,NASDAQ,3888.57,3908.73,3917.29,3866.92,772232825.0,9.19,7.51,8.65,5.6,74.0,29511.0,1161.0,1.25,87.82,57.33,2224.33,206.02,3588.0,0.45,33.0,64.72,6251.0
2001-04-22,NASDAQ,1522.61,1505.55,1526.87,1475.06,332357559.0,5.35,1.38,7.52,3.88,99.0,23489.0,1226.0,1.41,109.0,84.64,1568.52,310.98,5894.0,1.05,2.0,88.5,5620.0
2001-04-23,NASDAQ,1522.61,1505.55,1526.87,1475.06,332357559.0,5.35,1.38,7.52,3.88,99.0,23489.0,1226.0,1.41,109.0,84.64,1568.52,310.98,5894.0,1.05,2.0,88.5,5620.0
2001-04-24,NASDAQ,1522.61,1505.55,1526.87,1475.06,332357559.0,5.35,1.38,7.52,3.88,99.0,23489.0,1226.0,1.41,109.0,84.64,1568.52,310.98,5894.0,1.05,2.0,88.5,5620.0
2001-04-25,NASDAQ,1522.61,1505.55,1526.87,1475.06,332357559.0,5.35,1.38,7.52,3.88,99.0,23489.0,1226.0,1.41,109.0,84.64,1568.52,310.98,5894.0,1.05,2.0,88.5,5620.0
2001-04-26,NASDAQ,2103.07,2134.23,2134.38,2072.9,713930215.0,2.41,6.61,9.69,5.23,96.0,9092.0,2870.0,1.07,115.58,144.45,1122.05,137.91,5869.0,0.29,36.0,39.98,9145.0
2001-04-27,NASDAQ,4508.36,4487.75,4520.759999999999,4468.29,168464779.0,0.86,6.08,9.94,9.08,63.0,27494.0,4280.0,0.94,120.61,103.62,999.76,224.08,2431.0,5.79,5.0,75.97,3281.0
2001-04-28,NASDAQ,4776.17,4770.8,4822.56,4742.92,206514227.0,2.08,1.08,11.34,6.37,52.0,21316.0,1482.0,1.05,97.01,127.28,2225.54,301.37,6924.0,2.32,20.0,5.96,13583.0
2001-04-29,NASDAQ,4776.17,4770.8,4822.56,4742.92,206514227.0,2.08,1.08,11.34,6.37,52.0,21316.0,1482.0,1.05,97.01,127.28,2225.54,301.37,6924.0,2.32,20.0,5.96,13583.0
2001-04-30,NASDAQ,2850.7,2869.99,2906.02,2842.42,859131707.0,4.68,9.24,2.44,2.08,65.0,26444.0,4267.0,1.5,108.04,54.01,1585.72,208.24,1824.0,3.12,4.0,33.25,9147.0
2001-05-01,NASDAQ,4923.95,4972.69,5010.98,4903.81,119279049.0,-4.33,1.61,12.54,9.06,110.0,11012.0,3266.0,1.35,139.19,58.29,1516.4,173.26,1686.0,8.59,2.0,19.77,2561.0
2001-05-02,NASDAQ,4923.95,4972.69,5010.98,4903.81,119279049.0,-4.33,1.61,12.54,9.06,110.0,11012.0,3266.0,1.35,139.19,58.29,1516.4,173.26,1686.0,8.59,2.0,19.77,2561.0
2001-05-03,NASDAQ,4923.95,4972.69,5010.98,4903.81,119279049.0,-4.33,1.61,12.54,9.06,110.0,11012.0,3266.0,1.35,139.19,58.29,1516.4,173.26,1686.0,8.59,2.0,19.77,2561.0
2001-05-04,NASDAQ,4923.95,4972.69,5010.98,4903.81,119279049.0,-4.33,1.61,12.54,9.06,110.0,11012.0,3266.0,1.35,139.19,58.29,1516.4,173.26,1686.0,8.59,2.0,19.77,2561.0
2001-05-05,NASDAQ,2501.32,2542.8300000000004,2551.8900000000003,2477.19,411322328.0,-0.08,2.87,6.88,9.54,110.0,11379.0,4347.0,0.92,86.35,82.5,1227.93,324.05,516.0,6.19,34.0,85.13,10702.0
2001-05-06,NASDAQ,2143.13,2108.77,2183.65,2061.75,781032710.0,2.08,3.54,2.82,1.25,105.0,26473.0,3728.0,1.33,82.82,130.8,1008.36,275.93,6705.0,7.89,31.0,98.26,10715.0
2001-05-07,NASDAQ,2143.13,2108.77,2183.65,2061.75,781032710.0,2.08,3.54,2.82,1.25,105.0,26473.0,3728.0,1.33,82.82,130.8,1008.36,275.93,6705.0,7.89,31.0,98.26,10715.0
2001-05-08,NASDAQ,2143.13,2108.77,2183.65,2061.75,781032710.0,2.08,3.54,2.82,1.25,105.0,26473.0,3728.0,1.33,82.82,130.8,1008.36,275.93,6705.0,7.89,31.0,98.26,10715.0
2001-05-09,NASDAQ,2546.16,2523.63,2593.09,2484.28,650928943.0,-2.62,6.25,4.23,0.59,98.0,10611.0,4083.0,0.82,149.54,21.72,2068.51,103.91,1669.0,1.92,9.0,36.87,4073.0
2001-05-10,NASDAQ,3045.1,3042.54,3054.39,3015.24,960586442.0,0.97,5.01,6.83,6.49,91.0,16889.0,1505.0,0.89,135.89,148.0,1983.74,175.03,8589.0,9.12,25.0,49.84,5546.0
2001-05-11,NASDAQ,2969.3,2952.6800000000003,3018.2000000000003,2925.3300000000004,176287417.0,-1.55,3.84,14.09,5.01,56.0,6033.0,4337.0,1.33,128.54,126.06,2379.05,238.23,3332.0,4.14,5.0,24.06,2073.0
2001-05-12,NASDAQ,2969.3,2952.6800000000003,3018.2000000000003,2925.3300000000004,176287417.0,-1.55,3.84,14.09,5.01,56.0,6033.0,4337.0,1.33,128.54,126.06,2379.05,238.23,3332.0,4.14,5.0,24.06,2073.0
2001-05-13,NASDAQ,4462.31,4501.21,4528.99,4442.38,940800112.0,9.97,3.8,12.43,6.46,92.0,10213.0,1984.0,1.0,98.39,97.4,1033.27,415.46,3132.0,6.68,46.0,78.84,3362.0
2001-05-14,NASDAQ,4462.31,4501.21,4528.99,4442.38,940800112.0,9.97,3.8,12.43,6.46,92.0,10213.0,1984.0,1.0,98.39,97.4,1033.27,415.46,3132.0,6.68,46.0,78.84,3362.0
2001-05-15,NASDAQ,2630.34,2643.51,2659.32,2580.3700000000003,968608434.0,8.26,4.64,14.67,7.65,98.0,4378.0,318.0,0.99,149.69,82.61,2423.52,378.01,4821.0,1.26,1.0,29.71,10049.0
2001-05-16,NASDAQ,4310.08,4311.95,4333.17,4294.66,900488086.0,9.06,2.76,13.68,0.54,109.0,20353.0,4450.0,1.25,100.29,26.64,1801.24,236.36,8714.0,9.6,48.0,50.82,12466.0
2001-05-17,NASDAQ,4310.08,4311.95,4333.17,4294.66,900488086.0,9.06,2.76,13.68,0.54,109.0,20353.0,4450.0,1.25,100.29,26.64,1801.24,236.36,8714.0,9.6,48.0,50.82,12466.0
2001-05-18,NASDAQ,3294.12,3267.41,3308.15,3233.6,855190058.0,-0.54,5.57,14.51,5.29,69.0,21217.0,369.0,1.47,102.43,87.21,1710.45,110.71,4738.0,4.69,31.0,72.14,799.0
2001-05-19,NASDAQ,3294.12,3267.41,3308.15,3233.6,855190058.0,-0.54,5.57,14.51,5.29,69.0,21217.0,369.0,1.47,102.43,87.21,1710.45,110.71,4738.0,4.69,31.0,72.14,799.0
2001-05-20,NASDAQ,3294.12,3267.41,3308.15,3233.6,855190058.0,-0.54,5.57,14.51,5.29,69.0,21217.0,369.0,1.47,102.43,87.21,1710.45,110.71,4738.0,4.69,31.0,72.14,799.0
2001-05-21,NASDAQ,3294.12,3267.41,3308.15,3233.6,855190058.0,-0.54,5.57,14.51,5.29,69.0,21217.0,369.0,1.47,102.43,87.21,1710.45,110.71,4738.0,4.69,31.0,72.14,799.0
2001-05-22,NASDAQ,3294.12,3267.41,3308.15,3233.6,855190058.0,-0.54,5.57,14.51,5.29,69.0,21217.0,369.0,1.47,102.43,87.21,1710.45,110.71,4738.0,4.69,31.0,72.14,799.0
2001-05-23,NASDAQ,2756.6,2738.88,2786.41,2730.86,881608400.0,0.65,9.8,12.12,8.8,83.0,17741.0,4896.0,0.98,128.68,76.54,2330.4,330.58,2365.0,5.68,29.0,99.61,7952.0
2001-05-24,NASDAQ,2756.6,2738.88,2786.41,2730.86,881608400.0,0.65,9.8,12.12,8.8,83.0,17741.0,4896.0,0.98,128.68,76.54,2330.4,330.58,2365.0,5.68,29.0,99.61,7952.0
2001-05-25,NASDAQ,2756.6,2738.88,2786.41,2730.86,881608400.0,0.65,9.8,12.12,8.8,83.0,17741.0,4896.0,0.98,128.68,76.54,2330.4,330.58,2365.0,5.68,29.0,99.61,7952.0
2001-05-26,NASDAQ,1249.83,1213.16,1259.11,1211.06,1636024.0,8.33,9.29,5.02,9.25,79.0,8477.0,4738.0,1.41,141.99,143.45,976.63,444.78,7994.0,6.36,19.0,82.56,7471.0
2001-05-27,NASDAQ,1249.83,1213.16,1259.11,1211.06,1636024.0,8.33,9.29,5.02,9.25,79.0,8477.0,4738.0,1.41,141.99,143.45,976.63,444.78,7994.0,6.36,19.0,82.56,7471.0
2001-05-28,NASDAQ,1249.83,1213.16,1259.11,1211.06,1636024.0,8.33,9.29,5.02,9.25,79.0,8477.0,4738.0,1.41,141.99,143.45,976.63,444.78,7994.0,6.36,19.0,82.56,7471.0
2001-05-29,NASDAQ,1249.83,1213.16,1259.11,1211.06,1636024.0,8.33,9.29,5.02,9.25,79.0,8477.0,4738.0,1.41,141.99,143.45,976.63,444.78,7994.0,6.36,19.0,82.56,7471.0
2001-05-30,NASDAQ,1249.83,1213.16,1259.11,1211.06,1636024.0,8.33,9.29,5.02,9.25,79.0,8477.0,4738.0,1.41,141.99,143.45,976.63,444.78,7994.0,6.36,19.0,82.56,7471.0
2001-05-31,NASDAQ,1249.83,1213.16,1259.11,1211.06,1636024.0,8.33,9.29,5.02,9.25,79.0,8477.0,4738.0,1.41,141.99,143.45,976.63,444.78,7994.0,6.36,19.0,82.56,7471.0
2001-06-01,NASDAQ,1249.83,1213.16,1259.11,1211.06,1636024.0,8.33,9.29,5.02,9.25,79.0,8477.0,4738.0,1.41,141.99,143.45,976.63,444.78,7994.0,6.36,19.0,82.56,7471.0
2001-06-02,NASDAQ,1249.83,1213.16,1259.11,1211.06,1636024.0,8.33,9.29,5.02,9.25,79.0,8477.0,4738.0,1.41,141.99,143.45,976.63,444.78,7994.0,6.36,19.0,82.56,7471.0
2001-06-03,NASDAQ,1249.83,1213.16,1259.11,1211.06,1636024.0,8.33,9.29,5.02,9.25,79.0,8477.0,4738.0,1.41,141.99,143.45,976.63,444.78,7994.0,6.36,19.0,82.56,7471.0
2001-06-04,NASDAQ,1249.83,1213.16,1259.11,1211.06,1636024.0,8.33,9.29,5.02,9.25,79.0,8477.0,4738.0,1.41,141.99,143.45,976.63,444.78,7994.0,6.36,19.0,82.56,7471.0
2001-06-05,NASDAQ,1249.83,1213.16,1259.11,1211.06,1636024.0,8.33,9.29,5.02,9.25,79.0,8477.0,4738.0,1.41,141.99,143.45,976.63,444.78,7994.0,6.36,19.0,82.56,7471.0
2001-06-06,NASDAQ,1537.74,1545.48,1566.7,1536.85,27797453.0,4.61,0.51,4.25,9.54,58.0,3217.0,1431.0,0.84,136.42,115.22,1568.05,490.02,2717.0,6.49,45.0,84.02,6673.0
2001-06-07,NASDAQ,1537.74,1545.48,1566.7,1536.85,27797453.0,4.61,0.51,4.25,9.54,58.0,3217.0,1431.0,0.84,136.42,115.22,1568.05,490.02,2717.0,6.49,45.0,84.02,6673.0
2001-06-08,NASDAQ,1537.74,1545.48,1566.7,1536.85,27797453.0,4.61,0.51,4.25,9.54,58.0,3217.0,1431.0,0.84,136.42,115.22,1568.05,490.02,2717.0,6.49,45.0,84.02,6673.0
2001-06-09,NASDAQ,1537.74,1545.48,1566.7,1536.85,27797453.0,4.61,0.51,4.25,9.54,58.0,3217.0,1431.0,0.84,136.42,115.22,1568.05,490.02,2717.0,6.49,45.0,84.02,6673.0
2001-06-10,NASDAQ,1537.74,1545.48,1566.7,1536.85,27797453.0,4.61,0.51,4.25,9.54,58.0,3217.0,1431.0,0.84,136.42,115.22,1568.05,490.02,2717.0,6.49,45.0,84.02,6673.0
2001-06-11,NASDAQ,1842.82,1856.72,1878.93,1837.29,995358224.0,8.41,6.83,4.07,6.21,107.0,6622.0,4495.0,1.14,127.94,70.16,1861.11,343.28,4143.0,0.08,10.0,76.71,12517.0
2001-06-12,NASDAQ,4829.79,4787.93,4868.86,4746.01,616067587.0,9.47,5.59,12.79,8.67,85.0,21412.0,745.0,1.05,93.32,147.86,1031.24,490.6,8536.0,0.33,36.0,1.97,3550.0
2001-06-13,NASDAQ,4829.79,4787.93,4868.86,4746.01,616067587.0,9.47,5.59,12.79,8.67,85.0,21412.0,745.0,1.05,93.32,147.86,1031.24,490.6,8536.0,0.33,36.0,1.97,3550.0
2001-06-14,NASDAQ,4829.79,4787.93,4868.86,4746.01,616067587.0,9.47,5.59,12.79,8.67,85.0,21412.0,745.0,1.05,93.32,147.86,1031.24,490.6,8536.0,0.33,36.0,1.97,3550.0
2001-06-15,NASDAQ,3707.29,3711.83,3757.31,3658.72,119927142.0,6.78,2.89,5.78,2.59,92.0,17965.0,3399.0,1.31,129.28,47.63,1601.47,428.52,1113.0,7.71,13.0,59.87,11223.0
2001-06-16,NASDAQ,3707.29,3711.83,3757.31,3658.72,119927142.0,6.78,2.89,5.78,2.59,92.0,17965.0,3399.0,1.31,129.28,47.63,1601.47,428.52,1113.0,7.71,13.0,59.87,11223.0
2001-06-17,NASDAQ,3707.29,3711.83,3757.31,3658.72,119927142.0,6.78,2.89,5.78,2.59,92.0,17965.0,3399.0,1.31,129.28,47.63,1601.47,428.52,1113.0,7.71,13.0,59.87,11223.0
2001-06-18,NASDAQ,3707.29,3711.83,3757.31,3658.72,119927142.0,6.78,2.89,5.78,2.59,92.0,17965.0,3399.0,1.31,129.28,47.63,1601.47,428.52,1113.0,7.71,13.0,59.87,11223.0
2001-06-19,NASDAQ,3951.48,3917.82,3978.55,3898.17,303075479.0,9.64,5.23,10.19,5.58,98.0,27724.0,2322.0,0.96,129.49,56.23,2047.07,490.38,3620.0,0.03,6.0,89.28,9085.0
2001-06-20,NASDAQ,3951.48,3917.82,3978.55,3898.17,303075479.0,9.64,5.23,10.19,5.58,98.0,27724.0,2322.0,0.96,129.49,56.23,2047.07,490.38,3620.0,0.03,6.0,89.28,9085.0
2001-06-21,NASDAQ,3961.9,3926.45,3968.71,3881.14,814204055.0,3.49,1.1,14.49,8.52,62.0,5250.0,4838.0,1.19,135.39,61.57,875.45,176.72,9931.0,2.43,25.0,54.76,10414.0
2001-06-22,NASDAQ,1571.4,1609.11,1653.4900000000002,1546.0800000000002,163740986.0,-0.54,2.69,4.15,9.51,117.0,14320.0,1835.0,0.99,114.62,99.72,1767.88,171.91,3576.0,2.99,2.0,17.58,7357.0
2001-06-23,NASDAQ,4013.71,4016.53,4040.07,3984.0,300392509.0,3.77,9.59,14.97,5.62,83.0,3154.0,4377.0,1.04,146.18,85.06,2078.36,431.36,7683.0,3.44,45.0,46.81,13020.0
2001-06-24,NASDAQ,4075.69,4072.42,4119.6,4037.01,452246414.0,1.59,2.66,7.1,9.33,58.0,17039.0,1041.0,0.95,102.65,112.41,996.44,179.56,3695.0,7.64,3.0,15.09,5830.0
2001-06-25,NASDAQ,3634.16,3594.83,3663.45,3553.19,472808464.0,-0.47,2.97,11.4,7.39,59.0,21180.0,449.0,1.12,121.38,63.4,2349.55,281.12,7933.0,2.66,31.0,63.4,11688.0
2001-06-26,NASDAQ,3634.16,3594.83,3663.45,3553.19,472808464.0,-0.47,2.97,11.4,7.39,59.0,21180.0,449.0,1.12,121.38,63.4,2349.55,281.12,7933.0,2.66,31.0,63.4,11688.0
2001-06-27,NASDAQ,3634.16,3594.83,3663.45,3553.19,472808464.0,-0.47,2.97,11.4,7.39,59.0,21180.0,449.0,1.12,121.38,63.4,2349.55,281.12,7933.0,2.66,31.0,63.4,11688.0
2001-06-28,NASDAQ,3634.16,3594.83,3663.45,3553.19,472808464.0,-0.47,2.97,11.4,7.39,59.0,21180.0,449.0,1.12,121.38,63.4,2349.55,281.12,7933.0,2.66,31.0,63.4,11688.0
2001-06-29,NASDAQ,1354.42,1367.03,1386.93,1331.89,350571006.0,3.13,6.42,7.14,4.43,108.0,14213.0,1645.0,1.25,132.67,32.74,1751.23,411.6,9278.0,9.56,12.0,28.75,2408.0
2001-06-30,NASDAQ,1354.42,1367.03,1386.93,1331.89,350571006.0,3.13,6.42,7.14,4.43,108.0,14213.0,1645.0,1.25,132.67,32.74,1751.23,411.6,9278.0,9.56,12.0,28.75,2408.0
2001-07-01,NASDAQ,1310.6,1271.84,1350.75,1246.38,173859030.0,4.13,5.54,8.36,4.31,116.0,6803.0,1851.0,1.3,138.71,47.64,2447.7,163.83,2352.0,0.92,37.0,17.62,6107.0
2001-07-02,NASDAQ,1310.6,1271.84,1350.75,1246.38,173859030.0,4.13,5.54,8.36,4.31,116.0,6803.0,1851.0,1.3,138.71,47.64,2447.7,163.83,2352.0,0.92,37.0,17.62,6107.0
2001-07-03,NASDAQ,1310.6,1271.84,1350.75,1246.38,173859030.0,4.13,5.54,8.36,4.31,116.0,6803.0,1851.0,1.3,138.71,47.64,2447.7,163.83,2352.0,0.92,37.0,17.62,6107.0
2001-07-04,NASDAQ,1310.6,1271.84,1350.75,1246.38,173859030.0,4.13,5.54,8.36,4.31,116.0,6803.0,1851.0,1.3,138.71,47.64,2447.7,163.83,2352.0,0.92,37.0,17.62,6107.0
2001-07-05,NASDAQ,1310.6,1271.84,1350.75,1246.38,173859030.0,4.13,5.54,8.36,4.31,116.0,6803.0,1851.0,1.3,138.71,47.64,2447.7,163.83,2352.0,0.92,37.0,17.62,6107.0
2001-07-06,NASDAQ,1310.6,1271.84,1350.75,1246.38,173859030.0,4.13,5.54,8.36,4.31,116.0,6803.0,1851.0,1.3,138.71,47.64,2447.7,163.83,2352.0,0.92,37.0,17.62,6107.0
2001-07-07,NASDAQ,1310.6,1271.84,1350.75,1246.38,173859030.0,4.13,5.54,8.36,4.31,116.0,6803.0,1851.0,1.3,138.71,47.64,2447.7,163.83,2352.0,0.92,37.0,17.62,6107.0
2001-07-08,NASDAQ,1310.6,1271.84,1350.75,1246.38,173859030.0,4.13,5.54,8.36,4.31,116.0,6803.0,1851.0,1.3,138.71,47.64,2447.7,163.83,2352.0,0.92,37.0,17.62,6107.0
2001-07-09,NASDAQ,1289.27,1322.77,1343.05,1258.92,26229298.0,-4.24,7.37,6.0,3.66,75.0,7074.0,4144.0,1.41,82.56,25.13,2071.01,432.83,6539.0,9.49,34.0,35.18,4980.0
2001-07-10,NASDAQ,1289.27,1322.77,1343.05,1258.92,26229298.0,-4.24,7.37,6.0,3.66,75.0,7074.0,4144.0,1.41,82.56,25.13,2071.01,432.83,6539.0,9.49,34.0,35.18,4980.0
2001-07-11,NASDAQ,1289.27,1322.77,1343.05,1258.92,26229298.0,-4.24,7.37,6.0,3.66,75.0,7074.0,4144.0,1.41,82.56,25.13,2071.01,432.83,6539.0,9.49,34.0,35.18,4980.0
2001-07-12,NASDAQ,1289.27,1322.77,1343.05,1258.92,26229298.0,-4.24,7.37,6.0,3.66,75.0,7074.0,4144.0,1.41,82.56,25.13,2071.01,432.83,6539.0,9.49,34.0,35.18,4980.0
2001-07-13,NASDAQ,1289.27,1322.77,1343.05,1258.92,26229298.0,-4.24,7.37,6.0,3.66,75.0,7074.0,4144.0,1.41,82.56,25.13,2071.01,432.83,6539.0,9.49,34.0,35.18,4980.0
2001-07-14,NASDAQ,1289.27,1322.77,1343.05,1258.92,26229298.0,-4.24,7.37,6.0,3.66,75.0,7074.0,4144.0,1.41,82.56,25.13,2071.01,432.83,6539.0,9.49,34.0,35.18,4980.0
2001-07-15,NASDAQ,4178.06,4162.160000000001,4186.59,4141.460000000001,6294512.0,3.63,5.22,6.43,9.9,54.0,1842.0,227.0,1.09,97.75,42.02,1715.55,209.59,5307.0,8.88,43.0,56.97,12622.0
2001-07-16,NASDAQ,4178.06,4162.160000000001,4186.59,4141.460000000001,6294512.0,3.63,5.22,6.43,9.9,54.0,1842.0,227.0,1.09,97.75,42.02,1715.55,209.59,5307.0,8.88,43.0,56.97,12622.0
2001-07-17,NASDAQ,4178.06,4162.160000000001,4186.59,4141.460000000001,6294512.0,3.63,5.22,6.43,9.9,54.0,1842.0,227.0,1.09,97.75,42.02,1715.55,209.59,5307.0,8.88,43.0,56.97,12622.0
2001-07-18,NASDAQ,4178.06,4162.160000000001,4186.59,4141.460000000001,6294512.0,3.63,5.22,6.43,9.9,54.0,1842.0,227.0,1.09,97.75,42.02,1715.55,209.59,5307.0,8.88,43.0,56.97,12622.0
2001-07-19,NASDAQ,2611.49,2654.56,2678.82,2571.07,668442778.0,7.84,8.29,14.1,8.51,107.0,12990.0,2595.0,1.32,87.12,103.19,893.27,453.97,1482.0,6.24,45.0,83.65,5532.0
2001-07-20,NASDAQ,2611.49,2654.56,2678.82,2571.07,668442778.0,7.84,8.29,14.1,8.51,107.0,12990.0,2595.0,1.32,87.12,103.19,893.27,453.97,1482.0,6.24,45.0,83.65,5532.0
2001-07-21,NASDAQ,2611.49,2654.56,2678.82,2571.07,668442778.0,7.84,8.29,14.1,8.51,107.0,12990.0,2595.0,1.32,87.12,103.19,893.27,453.97,1482.0,6.24,45.0,83.65,5532.0
2001-07-22,NASDAQ,2611.49,2654.56,2678.82,2571.07,668442778.0,7.84,8.29,14.1,8.51,107.0,12990.0,2595.0,1.32,87.12,103.19,893.27,453.97,1482.0,6.24,45.0,83.65,5532.0
2001-07-23,NASDAQ,2611.49,2654.56,2678.82,2571.07,668442778.0,7.84,8.29,14.1,8.51,107.0,12990.0,2595.0,1.32,87.12,103.19,893.27,453.97,1482.0,6.24,45.0,83.65,5532.0
2001-07-24,NASDAQ,2611.49,2654.56,2678.82,2571.07,668442778.0,7.84,8.29,14.1,8.51,107.0,12990.0,2595.0,1.32,87.12,103.19,893.27,453.97,1482.0,6.24,45.0,83.65,5532.0
2001-07-25,NASDAQ,2611.49,2654.56,2678.82,2571.07,668442778.0,7.84,8.29,14.1,8.51,107.0,12990.0,2595.0,1.32,87.12,103.19,893.27,453.97,1482.0,6.24,45.0,83.65,5532.0
2001-07-26,NASDAQ,2611.49,2654.56,2678.82,2571.07,668442778.0,7.84,8.29,14.1,8.51,107.0,12990.0,2595.0,1.32,87.12,103.19,893.27,453.97,1482.0,6.24,45.0,83.65,5532.0
2001-07-27,NASDAQ,2611.49,2654.56,2678.82,2571.07,668442778.0,7.84,8.29,14.1,8.51,107.0,12990.0,2595.0,1.32,87.12,103.19,893.27,453.97,1482.0,6.24,45.0,83.65,5532.0
2001-07-28,NASDAQ,2905.75,2920.38,2933.81,2891.42,660557292.0,4.69,6.77,11.0,5.93,110.0,17399.0,455.0,1.0,135.41,142.26,1090.2,339.09,6321.0,1.51,10.0,48.91,6163.0
2001-07-29,NASDAQ,2905.75,2920.38,2933.81,2891.42,660557292.0,4.69,6.77,11.0,5.93,110.0,17399.0,455.0,1.0,135.41,142.26,1090.2,339.09,6321.0,1.51,10.0,48.91,6163.0
2001-07-30,NASDAQ,2905.75,2920.38,2933.81,2891.42,660557292.0,4.69,6.77,11.0,5.93,110.0,17399.0,455.0,1.0,135.41,142.26,1090.2,339.09,6321.0,1.51,10.0,48.91,6163.0
2001-07-31,NASDAQ,4915.92,4930.9400000000005,4964.820000000001,4883.56,237633386.0,8.98,5.41,4.99,2.66,86.0,22334.0,2759.0,1.47,89.44,137.58,1440.7,490.47,4711.0,2.08,2.0,15.44,2270.0
2001-08-01,NASDAQ,4915.92,4930.9400000000005,4964.820000000001,4883.56,237633386.0,8.98,5.41,4.99,2.66,86.0,22334.0,2759.0,1.47,89.44,137.58,1440.7,490.47,4711.0,2.08,2.0,15.44,2270.0
2001-08-02,NASDAQ,2431.26,2472.44,2489.67,2397.2700000000004,588211573.0,9.91,6.84,4.99,6.93,54.0,23374.0,4074.0,1.19,127.77,117.04,1262.29,374.93,6018.0,1.33,34.0,73.89,8173.0
2001-08-03,NASDAQ,2431.26,2472.44,2489.67,2397.2700000000004,588211573.0,9.91,6.84,4.99,6.93,54.0,23374.0,4074.0,1.19,127.77,117.04,1262.29,374.93,6018.0,1.33,34.0,73.89,8173.0
2001-08-04,NASDAQ,2431.26,2472.44,2489.67,2397.2700000000004,588211573.0,9.91,6.84,4.99,6.93,54.0,23374.0,4074.0,1.19,127.77,117.04,1262.29,374.93,6018.0,1.33,34.0,73.89,8173.0
2001-08-05,NASDAQ,2431.26,2472.44,2489.67,2397.2700000000004,588211573.0,9.91,6.84,4.99,6.93,54.0,23374.0,4074.0,1.19,127.77,117.04,1262.29,374.93,6018.0,1.33,34.0,73.89,8173.0
2001-08-06,NASDAQ,2431.26,2472.44,2489.67,2397.2700000000004,588211573.0,9.91,6.84,4.99,6.93,54.0,23374.0,4074.0,1.19,127.77,117.04,1262.29,374.93,6018.0,1.33,34.0,73.89,8173.0
2001-08-07,NASDAQ,2431.26,2472.44,2489.67,2397.2700000000004,588211573.0,9.91,6.84,4.99,6.93,54.0,23374.0,4074.0,1.19,127.77,117.04,1262.29,374.93,6018.0,1.33,34.0,73.89,8173.0
2001-08-08,NASDAQ,2431.26,2472.44,2489.67,2397.2700000000004,588211573.0,9.91,6.84,4.99,6.93,54.0,23374.0,4074.0,1.19,127.77,117.04,1262.29,374.93,6018.0,1.33,34.0,73.89,8173.0
2001-08-09,NASDAQ,2431.26,2472.44,2489.67,2397.2700000000004,588211573.0,9.91,6.84,4.99,6.93,54.0,23374.0,4074.0,1.19,127.77,117.04,1262.29,374.93,6018.0,1.33,34.0,73.89,8173.0
2001-08-10,NASDAQ,2431.26,2472.44,2489.67,2397.2700000000004,588211573.0,9.91,6.84,4.99,6.93,54.0,23374.0,4074.0,1.19,127.77,117.04,1262.29,374.93,6018.0,1.33,34.0,73.89,8173.0
2001-08-11,NASDAQ,2431.26,2472.44,2489.67,2397.2700000000004,588211573.0,9.91,6.84,4.99,6.93,54.0,23374.0,4074.0,1.19,127.77,117.04,1262.29,374.93,6018.0,1.33,34.0,73.89,8173.0
2001-08-12,NASDAQ,1967.73,2010.59,2036.24,1928.51,808590365.0,9.93,4.29,10.55,5.5,92.0,24447.0,3534.0,0.85,108.92,81.3,1773.89,340.03,4588.0,3.72,19.0,67.49,4032.0
2001-08-13,NASDAQ,1967.73,2010.59,2036.24,1928.51,808590365.0,9.93,4.29,10.55,5.5,92.0,24447.0,3534.0,0.85,108.92,81.3,1773.89,340.03,4588.0,3.72,19.0,67.49,4032.0
2001-08-14,NASDAQ,1967.73,2010.59,2036.24,1928.51,808590365.0,9.93,4.29,10.55,5.5,92.0,24447.0,3534.0,0.85,108.92,81.3,1773.89,340.03,4588.0,3.72,19.0,67.49,4032.0
2001-08-15,NASDAQ,4215.83,4218.36,4218.839999999999,4170.84,85564950.0,-0.66,9.85,5.62,3.69,107.0,1475.0,3881.0,0.89,123.52,78.81,1792.94,103.02,9057.0,7.45,43.0,50.95,1728.0
2001-08-16,NASDAQ,4215.83,4218.36,4218.839999999999,4170.84,85564950.0,-0.66,9.85,5.62,3.69,107.0,1475.0,3881.0,0.89,123.52,78.81,1792.94,103.02,9057.0,7.45,43.0,50.95,1728.0
2001-08-17,NASDAQ,4215.83,4218.36,4218.839999999999,4170.84,85564950.0,-0.66,9.85,5.62,3.69,107.0,1475.0,3881.0,0.89,123.52,78.81,1792.94,103.02,9057.0,7.45,43.0,50.95,1728.0
2001-08-18,NASDAQ,4215.83,4218.36,4218.839999999999,4170.84,85564950.0,-0.66,9.85,5.62,3.69,107.0,1475.0,3881.0,0.89,123.52,78.81,1792.94,103.02,9057.0,7.45,43.0,50.95,1728.0
2001-08-19,NASDAQ,4215.83,4218.36,4218.839999999999,4170.84,85564950.0,-0.66,9.85,5.62,3.69,107.0,1475.0,3881.0,0.89,123.52,78.81,1792.94,103.02,9057.0,7.45,43.0,50.95,1728.0
2001-08-20,NASDAQ,4215.83,4218.36,4218.839999999999,4170.84,85564950.0,-0.66,9.85,5.62,3.69,107.0,1475.0,3881.0,0.89,123.52,78.81,1792.94,103.02,9057.0,7.45,43.0,50.95,1728.0
2001-08-21,NASDAQ,4215.83,4218.36,4218.839999999999,4170.84,85564950.0,-0.66,9.85,5.62,3.69,107.0,1475.0,3881.0,0.89,123.52,78.81,1792.94,103.02,9057.0,7.45,43.0,50.95,1728.0
2001-08-22,NASDAQ,4215.83,4218.36,4218.839999999999,4170.84,85564950.0,-0.66,9.85,5.62,3.69,107.0,1475.0,3881.0,0.89,123.52,78.81,1792.94,103.02,9057.0,7.45,43.0,50.95,1728.0
2001-08-23,NASDAQ,4215.83,4218.36,4218.839999999999,4170.84,85564950.0,-0.66,9.85,5.62,3.69,107.0,1475.0,3881.0,0.89,123.52,78.81,1792.94,103.02,9057.0,7.45,43.0,50.95,1728.0
2001-08-24,NASDAQ,4215.83,4218.36,4218.839999999999,4170.84,85564950.0,-0.66,9.85,5.62,3.69,107.0,1475.0,3881.0,0.89,123.52,78.81,1792.94,103.02,9057.0,7.45,43.0,50.95,1728.0
2001-08-25,NASDAQ,4215.83,4218.36,4218.839999999999,4170.84,85564950.0,-0.66,9.85,5.62,3.69,107.0,1475.0,3881.0,0.89,123.52,78.81,1792.94,103.02,9057.0,7.45,43.0,50.95,1728.0
2001-08-26,NASDAQ,4215.83,4218.36,4218.839999999999,4170.84,85564950.0,-0.66,9.85,5.62,3.69,107.0,1475.0,3881.0,0.89,123.52,78.81,1792.94,103.02,9057.0,7.45,43.0,50.95,1728.0
2001-08-27,NASDAQ,4215.83,4218.36,4218.839999999999,4170.84,85564950.0,-0.66,9.85,5.62,3.69,107.0,1475.0,3881.0,0.89,123.52,78.81,1792.94,103.02,9057.0,7.45,43.0,50.95,1728.0
2001-08-28,NASDAQ,4215.83,4218.36,4218.839999999999,4170.84,85564950.0,-0.66,9.85,5.62,3.69,107.0,1475.0,3881.0,0.89,123.52,78.81,1792.94,103.02,9057.0,7.45,43.0,50.95,1728.0
2001-08-29,NASDAQ,3044.52,3054.29,3074.69,3005.09,896966900.0,0.39,9.92,11.65,9.48,95.0,28875.0,3969.0,1.14,126.73,128.86,1852.54,447.71,7622.0,9.12,18.0,27.66,13268.0
2001-08-30,NASDAQ,1187.41,1224.38,1258.75,1169.84,552200481.0,-0.13,7.53,2.71,3.42,60.0,803.0,891.0,1.42,134.6,59.78,988.28,153.25,9728.0,2.71,18.0,81.12,9823.0
2001-08-31,NASDAQ,1187.41,1224.38,1258.75,1169.84,552200481.0,-0.13,7.53,2.71,3.42,60.0,803.0,891.0,1.42,134.6,59.78,988.28,153.25,9728.0,2.71,18.0,81.12,9823.0
2001-09-01,NASDAQ,3827.91,3822.81,3859.92,3821.14,354778851.0,-4.31,2.96,6.56,6.14,67.0,23884.0,2651.0,0.8,115.76,24.06,1653.05,121.04,8130.0,2.38,23.0,67.94,3103.0
2001-09-02,NASDAQ,3827.91,3822.81,3859.92,3821.14,354778851.0,-4.31,2.96,6.56,6.14,67.0,23884.0,2651.0,0.8,115.76,24.06,1653.05,121.04,8130.0,2.38,23.0,67.94,3103.0
2001-09-03,NASDAQ,4357.35,4315.05,4378.26,4269.87,489809693.0,-2.84,5.03,13.22,5.04,70.0,25058.0,3314.0,1.23,124.18,36.97,2287.32,232.48,9776.0,0.48,21.0,76.48,4526.0
2001-09-04,NASDAQ,4357.35,4315.05,4378.26,4269.87,489809693.0,-2.84,5.03,13.22,5.04,70.0,25058.0,3314.0,1.23,124.18,36.97,2287.32,232.48,9776.0,0.48,21.0,76.48,4526.0
2001-09-05,NASDAQ,4357.35,4315.05,4378.26,4269.87,489809693.0,-2.84,5.03,13.22,5.04,70.0,25058.0,3314.0,1.23,124.18,36.97,2287.32,232.48,9776.0,0.48,21.0,76.48,4526.0
2001-09-06,NASDAQ,4357.35,4315.05,4378.26,4269.87,489809693.0,-2.84,5.03,13.22,5.04,70.0,25058.0,3314.0,1.23,124.18,36.97,2287.32,232.48,9776.0,0.48,21.0,76.48,4526.0
2001-09-07,NASDAQ,4357.35,4315.05,4378.26,4269.87,489809693.0,-2.84,5.03,13.22,5.04,70.0,25058.0,3314.0,1.23,124.18,36.97,2287.32,232.48,9776.0,0.48,21.0,76.48,4526.0
2001-09-08,NASDAQ,4357.35,4315.05,4378.26,4269.87,489809693.0,-2.84,5.03,13.22,5.04,70.0,25058.0,3314.0,1.23,124.18,36.97,2287.32,232.48,9776.0,0.48,21.0,76.48,4526.0
2001-09-09,NASDAQ,4357.35,4315.05,4378.26,4269.87,489809693.0,-2.84,5.03,13.22,5.04,70.0,25058.0,3314.0,1.23,124.18,36.97,2287.32,232.48,9776.0,0.48,21.0,76.48,4526.0
2001-09-10,NASDAQ,2081.57,2055.8900000000003,2086.46,2054.0200000000004,202227957.0,-0.8,5.64,13.63,4.54,76.0,6459.0,4093.0,1.03,106.58,115.53,1950.05,185.81,1380.0,0.78,16.0,56.57,14009.0
2001-09-11,NASDAQ,2081.57,2055.8900000000003,2086.46,2054.0200000000004,202227957.0,-0.8,5.64,13.63,4.54,76.0,6459.0,4093.0,1.03,106.58,115.53,1950.05,185.81,1380.0,0.78,16.0,56.57,14009.0
2001-09-12,NASDAQ,2081.57,2055.8900000000003,2086.46,2054.0200000000004,202227957.0,-0.8,5.64,13.63,4.54,76.0,6459.0,4093.0,1.03,106.58,115.53,1950.05,185.81,1380.0,0.78,16.0,56.57,14009.0
2001-09-13,NASDAQ,4155.73,4115.919999999999,4205.53,4088.329999999999,168341049.0,-3.37,5.26,13.57,6.53,117.0,14355.0,2330.0,1.09,105.03,115.15,1236.2,284.63,1505.0,3.4,28.0,95.31,12016.0
2001-09-14,NASDAQ,4567.49,4608.599999999999,4617.599999999999,4553.79,594064794.0,8.98,1.39,13.86,6.43,86.0,21924.0,1672.0,1.11,89.96,92.43,1339.97,209.73,7703.0,4.58,44.0,49.19,5946.0
2001-09-15,NASDAQ,4567.49,4608.599999999999,4617.599999999999,4553.79,594064794.0,8.98,1.39,13.86,6.43,86.0,21924.0,1672.0,1.11,89.96,92.43,1339.97,209.73,7703.0,4.58,44.0,49.19,5946.0
2001-09-16,NASDAQ,4567.49,4608.599999999999,4617.599999999999,4553.79,594064794.0,8.98,1.39,13.86,6.43,86.0,21924.0,1672.0,1.11,89.96,92.43,1339.97,209.73,7703.0,4.58,44.0,49.19,5946.0
2001-09-17,NASDAQ,2509.27,2464.15,2510.29,2458.37,491119158.0,2.52,6.83,12.63,7.22,102.0,27758.0,604.0,0.81,94.26,31.33,1154.63,218.99,8184.0,5.24,39.0,50.46,14714.0
2001-09-18,NASDAQ,2509.27,2464.15,2510.29,2458.37,491119158.0,2.52,6.83,12.63,7.22,102.0,27758.0,604.0,0.81,94.26,31.33,1154.63,218.99,8184.0,5.24,39.0,50.46,14714.0
2001-09-19,NASDAQ,1357.16,1350.96,1371.01,1312.93,595040448.0,-0.46,5.37,13.99,2.1,59.0,21543.0,1961.0,1.13,99.0,130.65,1973.03,236.28,6227.0,2.12,15.0,24.88,6403.0
2001-09-20,NASDAQ,1357.16,1350.96,1371.01,1312.93,595040448.0,-0.46,5.37,13.99,2.1,59.0,21543.0,1961.0,1.13,99.0,130.65,1973.03,236.28,6227.0,2.12,15.0,24.88,6403.0
2001-09-21,NASDAQ,2975.26,2979.9100000000003,2994.0800000000004,2958.1200000000003,256543746.0,3.14,9.95,12.21,1.4,62.0,21269.0,3783.0,1.36,118.56,144.58,928.31,495.31,5532.0,4.59,10.0,17.97,7113.0
2001-09-22,NASDAQ,2975.26,2979.9100000000003,2994.0800000000004,2958.1200000000003,256543746.0,3.14,9.95,12.21,1.4,62.0,21269.0,3783.0,1.36,118.56,144.58,928.31,495.31,5532.0,4.59,10.0,17.97,7113.0
2001-09-23,NASDAQ,3530.85,3556.51,3590.22,3484.4,153132429.0,0.85,8.58,9.58,4.08,61.0,25561.0,4431.0,1.36,80.58,135.74,1080.05,332.59,5879.0,8.72,10.0,86.14,9220.0
2001-09-24,NASDAQ,3530.85,3556.51,3590.22,3484.4,153132429.0,0.85,8.58,9.58,4.08,61.0,25561.0,4431.0,1.36,80.58,135.74,1080.05,332.59,5879.0,8.72,10.0,86.14,9220.0
2001-09-25,NASDAQ,1017.45,986.11,1019.19,950.33,895413349.0,5.36,9.53,13.2,2.69,56.0,7775.0,3006.0,1.37,101.44,93.04,916.53,231.58,4352.0,5.87,41.0,3.05,11773.0
2001-09-26,NASDAQ,1667.81,1636.63,1688.27,1592.4,162374323.0,-4.31,6.13,2.37,2.66,64.0,15985.0,3113.0,1.47,115.94,103.63,2304.07,148.81,6033.0,2.81,37.0,53.67,10327.0
2001-09-27,NASDAQ,1667.81,1636.63,1688.27,1592.4,162374323.0,-4.31,6.13,2.37,2.66,64.0,15985.0,3113.0,1.47,115.94,103.63,2304.07,148.81,6033.0,2.81,37.0,53.67,10327.0
2001-09-28,NASDAQ,1667.81,1636.63,1688.27,1592.4,162374323.0,-4.31,6.13,2.37,2.66,64.0,15985.0,3113.0,1.47,115.94,103.63,2304.07,148.81,6033.0,2.81,37.0,53.67,10327.0
2001-09-29,NASDAQ,1667.81,1636.63,1688.27,1592.4,162374323.0,-4.31,6.13,2.37,2.66,64.0,15985.0,3113.0,1.47,115.94,103.63,2304.07,148.81,6033.0,2.81,37.0,53.67,10327.0
2001-09-30,NASDAQ,4044.15,4078.18,4101.030000000001,4012.97,321312909.0,-1.46,4.63,11.01,7.04,75.0,13845.0,3816.0,1.25,100.93,40.85,906.12,198.75,9638.0,0.16,24.0,3.89,7653.0
2001-10-01,NASDAQ,4044.15,4078.18,4101.030000000001,4012.97,321312909.0,-1.46,4.63,11.01,7.04,75.0,13845.0,3816.0,1.25,100.93,40.85,906.12,198.75,9638.0,0.16,24.0,3.89,7653.0
2001-10-02,NASDAQ,4044.15,4078.18,4101.030000000001,4012.97,321312909.0,-1.46,4.63,11.01,7.04,75.0,13845.0,3816.0,1.25,100.93,40.85,906.12,198.75,9638.0,0.16,24.0,3.89,7653.0
2001-10-03,NASDAQ,4044.15,4078.18,4101.030000000001,4012.97,321312909.0,-1.46,4.63,11.01,7.04,75.0,13845.0,3816.0,1.25,100.93,40.85,906.12,198.75,9638.0,0.16,24.0,3.89,7653.0
2001-10-04,NASDAQ,1421.46,1453.41,1474.66,1380.4,615887727.0,-3.69,0.38,7.0,8.13,82.0,25257.0,3478.0,1.34,95.79,106.55,1820.53,101.45,6197.0,7.51,25.0,38.32,10965.0
2001-10-05,NASDAQ,1421.46,1453.41,1474.66,1380.4,615887727.0,-3.69,0.38,7.0,8.13,82.0,25257.0,3478.0,1.34,95.79,106.55,1820.53,101.45,6197.0,7.51,25.0,38.32,10965.0
2001-10-06,NASDAQ,1421.46,1453.41,1474.66,1380.4,615887727.0,-3.69,0.38,7.0,8.13,82.0,25257.0,3478.0,1.34,95.79,106.55,1820.53,101.45,6197.0,7.51,25.0,38.32,10965.0
2001-10-07,NASDAQ,1421.46,1453.41,1474.66,1380.4,615887727.0,-3.69,0.38,7.0,8.13,82.0,25257.0,3478.0,1.34,95.79,106.55,1820.53,101.45,6197.0,7.51,25.0,38.32,10965.0
2001-10-08,NASDAQ,1421.46,1453.41,1474.66,1380.4,615887727.0,-3.69,0.38,7.0,8.13,82.0,25257.0,3478.0,1.34,95.79,106.55,1820.53,101.45,6197.0,7.51,25.0,38.32,10965.0
2001-10-09,NASDAQ,1421.46,1453.41,1474.66,1380.4,615887727.0,-3.69,0.38,7.0,8.13,82.0,25257.0,3478.0,1.34,95.79,106.55,1820.53,101.45,6197.0,7.51,25.0,38.32,10965.0
2001-10-10,NASDAQ,3001.6,3025.12,3029.68,2981.45,374773321.0,3.99,1.45,2.2,6.01,113.0,2339.0,3143.0,1.26,139.48,43.43,1573.77,446.86,1232.0,9.21,27.0,17.73,1214.0
2001-10-11,NASDAQ,3001.6,3025.12,3029.68,2981.45,374773321.0,3.99,1.45,2.2,6.01,113.0,2339.0,3143.0,1.26,139.48,43.43,1573.77,446.86,1232.0,9.21,27.0,17.73,1214.0
2001-10-12,NASDAQ,3001.6,3025.12,3029.68,2981.45,374773321.0,3.99,1.45,2.2,6.01,113.0,2339.0,3143.0,1.26,139.48,43.43,1573.77,446.86,1232.0,9.21,27.0,17.73,1214.0
2001-10-13,NASDAQ,3001.6,3025.12,3029.68,2981.45,374773321.0,3.99,1.45,2.2,6.01,113.0,2339.0,3143.0,1.26,139.48,43.43,1573.77,446.86,1232.0,9.21,27.0,17.73,1214.0
2001-10-14,NASDAQ,2474.83,2492.35,2512.99,2445.81,739328739.0,3.7,7.52,12.57,2.12,87.0,20834.0,4534.0,0.92,114.78,133.01,2084.82,214.71,4761.0,9.39,9.0,50.92,11284.0
2001-10-15,NASDAQ,2474.83,2492.35,2512.99,2445.81,739328739.0,3.7,7.52,12.57,2.12,87.0,20834.0,4534.0,0.92,114.78,133.01,2084.82,214.71,4761.0,9.39,9.0,50.92,11284.0
2001-10-16,NASDAQ,2474.83,2492.35,2512.99,2445.81,739328739.0,3.7,7.52,12.57,2.12,87.0,20834.0,4534.0,0.92,114.78,133.01,2084.82,214.71,4761.0,9.39,9.0,50.92,11284.0
2001-10-17,NASDAQ,4070.27,4032.88,4088.84,3988.4,490112547.0,0.72,4.95,14.22,3.45,53.0,23002.0,4391.0,1.24,94.4,64.86,1318.87,188.67,6547.0,4.7,8.0,79.03,7265.0
2001-10-18,NASDAQ,2666.02,2629.01,2688.47,2598.58,844299471.0,6.02,9.91,9.09,4.69,52.0,5126.0,4387.0,1.1,122.65,83.7,2118.05,359.28,2648.0,2.66,17.0,68.95,8609.0
2001-10-19,NASDAQ,2666.02,2629.01,2688.47,2598.58,844299471.0,6.02,9.91,9.09,4.69,52.0,5126.0,4387.0,1.1,122.65,83.7,2118.05,359.28,2648.0,2.66,17.0,68.95,8609.0
2001-10-20,NASDAQ,2666.02,2629.01,2688.47,2598.58,844299471.0,6.02,9.91,9.09,4.69,52.0,5126.0,4387.0,1.1,122.65,83.7,2118.05,359.28,2648.0,2.66,17.0,68.95,8609.0
2001-10-21,NASDAQ,1847.98,1894.25,1902.04,1829.39,887961222.0,6.85,3.97,14.11,4.97,76.0,3440.0,1775.0,1.38,106.69,132.51,1413.02,399.16,438.0,2.57,39.0,64.02,9632.0
2001-10-22,NASDAQ,1847.98,1894.25,1902.04,1829.39,887961222.0,6.85,3.97,14.11,4.97,76.0,3440.0,1775.0,1.38,106.69,132.51,1413.02,399.16,438.0,2.57,39.0,64.02,9632.0
2001-10-23,NASDAQ,1847.98,1894.25,1902.04,1829.39,887961222.0,6.85,3.97,14.11,4.97,76.0,3440.0,1775.0,1.38,106.69,132.51,1413.02,399.16,438.0,2.57,39.0,64.02,9632.0
2001-10-24,NASDAQ,1847.98,1894.25,1902.04,1829.39,887961222.0,6.85,3.97,14.11,4.97,76.0,3440.0,1775.0,1.38,106.69,132.51,1413.02,399.16,438.0,2.57,39.0,64.02,9632.0
2001-10-25,NASDAQ,1862.96,1894.25,1896.03,1831.48,438678890.0,-2.35,0.45,10.85,2.94,74.0,5958.0,472.0,1.06,105.24,139.86,2414.2,411.14,4096.0,3.25,36.0,31.51,7500.0
2001-10-26,NASDAQ,3711.25,3719.13,3744.03,3671.49,239975314.0,4.52,4.08,7.31,5.33,114.0,2552.0,4589.0,0.94,128.68,68.89,2135.43,399.84,9145.0,8.73,31.0,80.14,12971.0
2001-10-27,NASDAQ,3431.01,3442.84,3470.55,3391.92,406069735.0,-0.63,4.16,9.28,5.75,60.0,23338.0,517.0,1.26,142.82,74.16,1404.54,311.78,4370.0,4.03,9.0,50.14,9279.0
2001-10-28,NASDAQ,3431.01,3442.84,3470.55,3391.92,406069735.0,-0.63,4.16,9.28,5.75,60.0,23338.0,517.0,1.26,142.82,74.16,1404.54,311.78,4370.0,4.03,9.0,50.14,9279.0
2001-10-29,NASDAQ,3431.01,3442.84,3470.55,3391.92,406069735.0,-0.63,4.16,9.28,5.75,60.0,23338.0,517.0,1.26,142.82,74.16,1404.54,311.78,4370.0,4.03,9.0,50.14,9279.0
2001-10-30,NASDAQ,3431.01,3442.84,3470.55,3391.92,406069735.0,-0.63,4.16,9.28,5.75,60.0,23338.0,517.0,1.26,142.82,74.16,1404.54,311.78,4370.0,4.03,9.0,50.14,9279.0
2001-10-31,NASDAQ,3431.01,3442.84,3470.55,3391.92,406069735.0,-0.63,4.16,9.28,5.75,60.0,23338.0,517.0,1.26,142.82,74.16,1404.54,311.78,4370.0,4.03,9.0,50.14,9279.0
2001-11-01,NASDAQ,3431.01,3442.84,3470.55,3391.92,406069735.0,-0.63,4.16,9.28,5.75,60.0,23338.0,517.0,1.26,142.82,74.16,1404.54,311.78,4370.0,4.03,9.0,50.14,9279.0
2001-11-02,NASDAQ,3431.01,3442.84,3470.55,3391.92,406069735.0,-0.63,4.16,9.28,5.75,60.0,23338.0,517.0,1.26,142.82,74.16,1404.54,311.78,4370.0,4.03,9.0,50.14,9279.0
2001-11-03,NASDAQ,3431.01,3442.84,3470.55,3391.92,406069735.0,-0.63,4.16,9.28,5.75,60.0,23338.0,517.0,1.26,142.82,74.16,1404.54,311.78,4370.0,4.03,9.0,50.14,9279.0
2001-11-04,NASDAQ,3852.83,3866.87,3891.75,3841.18,95657658.0,-4.46,8.74,13.11,3.16,59.0,24222.0,3346.0,1.37,105.94,104.77,1319.74,302.24,8416.0,1.24,39.0,71.89,969.0
2001-11-05,NASDAQ,3852.83,3866.87,3891.75,3841.18,95657658.0,-4.46,8.74,13.11,3.16,59.0,24222.0,3346.0,1.37,105.94,104.77,1319.74,302.24,8416.0,1.24,39.0,71.89,969.0
2001-11-06,NASDAQ,3852.83,3866.87,3891.75,3841.18,95657658.0,-4.46,8.74,13.11,3.16,59.0,24222.0,3346.0,1.37,105.94,104.77,1319.74,302.24,8416.0,1.24,39.0,71.89,969.0
2001-11-07,NASDAQ,3852.83,3866.87,3891.75,3841.18,95657658.0,-4.46,8.74,13.11,3.16,59.0,24222.0,3346.0,1.37,105.94,104.77,1319.74,302.24,8416.0,1.24,39.0,71.89,969.0
2001-11-08,NASDAQ,3852.83,3866.87,3891.75,3841.18,95657658.0,-4.46,8.74,13.11,3.16,59.0,24222.0,3346.0,1.37,105.94,104.77,1319.74,302.24,8416.0,1.24,39.0,71.89,969.0
2001-11-09,NASDAQ,3852.83,3866.87,3891.75,3841.18,95657658.0,-4.46,8.74,13.11,3.16,59.0,24222.0,3346.0,1.37,105.94,104.77,1319.74,302.24,8416.0,1.24,39.0,71.89,969.0
2001-11-10,NASDAQ,1446.05,1467.27,1493.96,1419.34,463471600.0,-1.12,9.51,3.5,2.45,70.0,22937.0,2277.0,1.43,114.18,40.32,1992.55,272.3,8432.0,9.83,11.0,2.03,12086.0
2001-11-11,NASDAQ,1446.05,1467.27,1493.96,1419.34,463471600.0,-1.12,9.51,3.5,2.45,70.0,22937.0,2277.0,1.43,114.18,40.32,1992.55,272.3,8432.0,9.83,11.0,2.03,12086.0
2001-11-12,NASDAQ,2070.37,2043.91,2070.83,2035.7,103405247.0,-1.46,4.98,11.76,8.26,116.0,22640.0,2150.0,0.91,94.78,96.15,1845.02,148.06,5874.0,4.5,29.0,70.16,10723.0
2001-11-13,NASDAQ,4341.92,4341.36,4382.33,4329.52,458776675.0,8.63,5.81,11.24,2.49,82.0,7945.0,2089.0,1.02,91.78,69.71,1767.45,356.14,3763.0,3.48,30.0,58.3,12866.0
2001-11-14,NASDAQ,4341.92,4341.36,4382.33,4329.52,458776675.0,8.63,5.81,11.24,2.49,82.0,7945.0,2089.0,1.02,91.78,69.71,1767.45,356.14,3763.0,3.48,30.0,58.3,12866.0
2001-11-15,NASDAQ,4341.92,4341.36,4382.33,4329.52,458776675.0,8.63,5.81,11.24,2.49,82.0,7945.0,2089.0,1.02,91.78,69.71,1767.45,356.14,3763.0,3.48,30.0,58.3,12866.0
2001-11-16,NASDAQ,4341.92,4341.36,4382.33,4329.52,458776675.0,8.63,5.81,11.24,2.49,82.0,7945.0,2089.0,1.02,91.78,69.71,1767.45,356.14,3763.0,3.48,30.0,58.3,12866.0
2001-11-17,NASDAQ,4341.92,4341.36,4382.33,4329.52,458776675.0,8.63,5.81,11.24,2.49,82.0,7945.0,2089.0,1.02,91.78,69.71,1767.45,356.14,3763.0,3.48,30.0,58.3,12866.0
2001-11-18,NASDAQ,4341.92,4341.36,4382.33,4329.52,458776675.0,8.63,5.81,11.24,2.49,82.0,7945.0,2089.0,1.02,91.78,69.71,1767.45,356.14,3763.0,3.48,30.0,58.3,12866.0
2001-11-19,NASDAQ,2654.57,2695.75,2700.1,2618.11,29944126.0,0.1,2.59,11.51,2.59,61.0,7735.0,4083.0,0.82,103.64,33.79,848.82,123.83,9099.0,5.55,9.0,32.96,6271.0
2001-11-20,NASDAQ,2654.57,2695.75,2700.1,2618.11,29944126.0,0.1,2.59,11.51,2.59,61.0,7735.0,4083.0,0.82,103.64,33.79,848.82,123.83,9099.0,5.55,9.0,32.96,6271.0
2001-11-21,NASDAQ,2654.57,2695.75,2700.1,2618.11,29944126.0,0.1,2.59,11.51,2.59,61.0,7735.0,4083.0,0.82,103.64,33.79,848.82,123.83,9099.0,5.55,9.0,32.96,6271.0
2001-11-22,NASDAQ,2654.57,2695.75,2700.1,2618.11,29944126.0,0.1,2.59,11.51,2.59,61.0,7735.0,4083.0,0.82,103.64,33.79,848.82,123.83,9099.0,5.55,9.0,32.96,6271.0
2001-11-23,NASDAQ,2654.57,2695.75,2700.1,2618.11,29944126.0,0.1,2.59,11.51,2.59,61.0,7735.0,4083.0,0.82,103.64,33.79,848.82,123.83,9099.0,5.55,9.0,32.96,6271.0
2001-11-24,NASDAQ,2654.57,2695.75,2700.1,2618.11,29944126.0,0.1,2.59,11.51,2.59,61.0,7735.0,4083.0,0.82,103.64,33.79,848.82,123.83,9099.0,5.55,9.0,32.96,6271.0
2001-11-25,NASDAQ,2654.57,2695.75,2700.1,2618.11,29944126.0,0.1,2.59,11.51,2.59,61.0,7735.0,4083.0,0.82,103.64,33.79,848.82,123.83,9099.0,5.55,9.0,32.96,6271.0
2001-11-26,NASDAQ,4854.0,4879.48,4905.429999999999,4840.94,537363965.0,4.43,8.25,7.62,8.29,95.0,24195.0,4945.0,0.93,105.2,53.42,1674.57,398.28,7942.0,7.78,46.0,29.2,5192.0
2001-11-27,NASDAQ,4854.0,4879.48,4905.429999999999,4840.94,537363965.0,4.43,8.25,7.62,8.29,95.0,24195.0,4945.0,0.93,105.2,53.42,1674.57,398.28,7942.0,7.78,46.0,29.2,5192.0
2001-11-28,NASDAQ,4854.0,4879.48,4905.429999999999,4840.94,537363965.0,4.43,8.25,7.62,8.29,95.0,24195.0,4945.0,0.93,105.2,53.42,1674.57,398.28,7942.0,7.78,46.0,29.2,5192.0
2001-11-29,NASDAQ,4854.0,4879.48,4905.429999999999,4840.94,537363965.0,4.43,8.25,7.62,8.29,95.0,24195.0,4945.0,0.93,105.2,53.42,1674.57,398.28,7942.0,7.78,46.0,29.2,5192.0
2001-11-30,NASDAQ,4095.97,4144.38,4167.9400000000005,4050.9,46105783.0,-2.09,3.82,14.81,5.98,97.0,10737.0,1558.0,0.97,129.37,136.89,1292.08,413.39,3412.0,4.33,33.0,56.74,12302.0
2001-12-01,NASDAQ,4095.97,4144.38,4167.9400000000005,4050.9,46105783.0,-2.09,3.82,14.81,5.98,97.0,10737.0,1558.0,0.97,129.37,136.89,1292.08,413.39,3412.0,4.33,33.0,56.74,12302.0
2001-12-02,NASDAQ,4095.97,4144.38,4167.9400000000005,4050.9,46105783.0,-2.09,3.82,14.81,5.98,97.0,10737.0,1558.0,0.97,129.37,136.89,1292.08,413.39,3412.0,4.33,33.0,56.74,12302.0
2001-12-03,NASDAQ,4095.97,4144.38,4167.9400000000005,4050.9,46105783.0,-2.09,3.82,14.81,5.98,97.0,10737.0,1558.0,0.97,129.37,136.89,1292.08,413.39,3412.0,4.33,33.0,56.74,12302.0
2001-12-04,NASDAQ,4095.97,4144.38,4167.9400000000005,4050.9,46105783.0,-2.09,3.82,14.81,5.98,97.0,10737.0,1558.0,0.97,129.37,136.89,1292.08,413.39,3412.0,4.33,33.0,56.74,12302.0
2001-12-05,NASDAQ,1067.79,1043.02,1079.65,1025.74,367002873.0,3.92,9.96,4.66,5.38,76.0,6836.0,662.0,0.95,114.98,98.37,1280.05,434.37,7719.0,4.65,18.0,66.23,578.0
2001-12-06,NASDAQ,4080.63,4122.16,4135.29,4073.21,323289695.0,8.26,4.77,8.12,1.16,104.0,7024.0,4126.0,1.13,84.88,90.57,1385.77,411.62,9533.0,5.9,49.0,86.1,7825.0
2001-12-07,NASDAQ,4080.63,4122.16,4135.29,4073.21,323289695.0,8.26,4.77,8.12,1.16,104.0,7024.0,4126.0,1.13,84.88,90.57,1385.77,411.62,9533.0,5.9,49.0,86.1,7825.0
2001-12-08,NASDAQ,4080.63,4122.16,4135.29,4073.21,323289695.0,8.26,4.77,8.12,1.16,104.0,7024.0,4126.0,1.13,84.88,90.57,1385.77,411.62,9533.0,5.9,49.0,86.1,7825.0
2001-12-09,NASDAQ,4080.63,4122.16,4135.29,4073.21,323289695.0,8.26,4.77,8.12,1.16,104.0,7024.0,4126.0,1.13,84.88,90.57,1385.77,411.62,9533.0,5.9,49.0,86.1,7825.0
2001-12-10,NASDAQ,4080.63,4122.16,4135.29,4073.21,323289695.0,8.26,4.77,8.12,1.16,104.0,7024.0,4126.0,1.13,84.88,90.57,1385.77,411.62,9533.0,5.9,49.0,86.1,7825.0
2001-12-11,NASDAQ,2173.23,2213.93,2250.11,2143.28,879679482.0,-1.48,9.45,9.35,7.2,116.0,9630.0,1772.0,1.25,90.09,42.94,2270.18,401.69,5986.0,7.24,20.0,0.76,3911.0
2001-12-12,NASDAQ,4092.57,4059.44,4132.87,4016.63,235419091.0,-2.04,0.14,10.0,0.95,101.0,4598.0,3227.0,1.01,100.15,80.68,1030.55,226.72,2807.0,6.76,9.0,87.69,4670.0
2001-12-13,NASDAQ,4092.57,4059.44,4132.87,4016.63,235419091.0,-2.04,0.14,10.0,0.95,101.0,4598.0,3227.0,1.01,100.15,80.68,1030.55,226.72,2807.0,6.76,9.0,87.69,4670.0
2001-12-14,NASDAQ,2392.38,2387.67,2425.59,2353.19,801450405.0,5.6,0.76,2.22,1.08,59.0,24899.0,4053.0,1.44,99.88,42.84,1267.86,146.79,2481.0,7.83,22.0,34.76,9159.0
2001-12-15,NASDAQ,2486.96,2531.53,2552.86,2466.52,798382704.0,9.06,2.86,13.7,4.52,87.0,10164.0,1219.0,1.24,140.69,141.25,1279.18,210.51,1734.0,6.1,43.0,10.05,7521.0
2001-12-16,NASDAQ,1005.41,1023.09,1067.55,995.1,692038994.0,-2.2,0.88,12.75,0.9,61.0,28723.0,2012.0,1.01,101.5,30.01,1358.61,319.23,9887.0,7.15,43.0,98.97,14681.0
2001-12-17,NASDAQ,2199.2,2179.36,2241.46,2159.22,370884086.0,4.55,8.6,4.26,7.59,95.0,14102.0,3102.0,1.25,112.92,99.43,1371.28,463.16,8978.0,2.62,6.0,82.64,3561.0
2001-12-18,NASDAQ,2199.2,2179.36,2241.46,2159.22,370884086.0,4.55,8.6,4.26,7.59,95.0,14102.0,3102.0,1.25,112.92,99.43,1371.28,463.16,8978.0,2.62,6.0,82.64,3561.0
2001-12-19,NASDAQ,2199.2,2179.36,2241.46,2159.22,370884086.0,4.55,8.6,4.26,7.59,95.0,14102.0,3102.0,1.25,112.92,99.43,1371.28,463.16,8978.0,2.62,6.0,82.64,3561.0
2001-12-20,NASDAQ,2199.2,2179.36,2241.46,2159.22,370884086.0,4.55,8.6,4.26,7.59,95.0,14102.0,3102.0,1.25,112.92,99.43,1371.28,463.16,8978.0,2.62,6.0,82.64,3561.0
2001-12-21,NASDAQ,1094.38,1058.7700000000002,1119.17,1043.2000000000005,641530414.0,9.55,9.71,14.36,4.74,92.0,15117.0,2552.0,1.02,139.71,149.66,2259.52,162.65,8132.0,5.75,45.0,65.71,633.0
2001-12-22,NASDAQ,1094.38,1058.7700000000002,1119.17,1043.2000000000005,641530414.0,9.55,9.71,14.36,4.74,92.0,15117.0,2552.0,1.02,139.71,149.66,2259.52,162.65,8132.0,5.75,45.0,65.71,633.0
2001-12-23,NASDAQ,1094.38,1058.7700000000002,1119.17,1043.2000000000005,641530414.0,9.55,9.71,14.36,4.74,92.0,15117.0,2552.0,1.02,139.71,149.66,2259.52,162.65,8132.0,5.75,45.0,65.71,633.0
2001-12-24,NASDAQ,1094.38,1058.7700000000002,1119.17,1043.2000000000005,641530414.0,9.55,9.71,14.36,4.74,92.0,15117.0,2552.0,1.02,139.71,149.66,2259.52,162.65,8132.0,5.75,45.0,65.71,633.0
2001-12-25,NASDAQ,1094.38,1058.7700000000002,1119.17,1043.2000000000005,641530414.0,9.55,9.71,14.36,4.74,92.0,15117.0,2552.0,1.02,139.71,149.66,2259.52,162.65,8132.0,5.75,45.0,65.71,633.0
2001-12-26,NASDAQ,1094.38,1058.7700000000002,1119.17,1043.2000000000005,641530414.0,9.55,9.71,14.36,4.74,92.0,15117.0,2552.0,1.02,139.71,149.66,2259.52,162.65,8132.0,5.75,45.0,65.71,633.0
2001-12-27,NASDAQ,1094.38,1058.7700000000002,1119.17,1043.2000000000005,641530414.0,9.55,9.71,14.36,4.74,92.0,15117.0,2552.0,1.02,139.71,149.66,2259.52,162.65,8132.0,5.75,45.0,65.71,633.0
2001-12-28,NASDAQ,1094.38,1058.7700000000002,1119.17,1043.2000000000005,641530414.0,9.55,9.71,14.36,4.74,92.0,15117.0,2552.0,1.02,139.71,149.66,2259.52,162.65,8132.0,5.75,45.0,65.71,633.0
2001-12-29,NASDAQ,1094.38,1058.7700000000002,1119.17,1043.2000000000005,641530414.0,9.55,9.71,14.36,4.74,92.0,15117.0,2552.0,1.02,139.71,149.66,2259.52,162.65,8132.0,5.75,45.0,65.71,633.0
2001-12-30,NASDAQ,1986.41,1953.09,2004.21,1946.74,163804637.0,0.18,1.91,5.39,2.97,107.0,3244.0,2686.0,1.01,118.98,99.51,1989.39,108.63,6395.0,7.82,17.0,84.29,14665.0
2001-12-31,NASDAQ,1986.41,1953.09,2004.21,1946.74,163804637.0,0.18,1.91,5.39,2.97,107.0,3244.0,2686.0,1.01,118.98,99.51,1989.39,108.63,6395.0,7.82,17.0,84.29,14665.0
2002-01-01,NASDAQ,1986.41,1953.09,2004.21,1946.74,163804637.0,0.18,1.91,5.39,2.97,107.0,3244.0,2686.0,1.01,118.98,99.51,1989.39,108.63,6395.0,7.82,17.0,84.29,14665.0
2002-01-02,NASDAQ,2895.24,2880.65,2932.41,2870.21,110603623.0,-4.76,5.83,7.72,2.52,91.0,21554.0,3893.0,1.08,99.48,50.51,1999.52,466.64,1087.0,4.2,36.0,50.37,11732.0
2002-01-03,NASDAQ,1231.38,1246.96,1259.56,1216.0400000000002,37742450.0,3.44,6.77,5.67,2.68,110.0,2420.0,2937.0,1.18,100.21,83.84,1478.87,157.14,8904.0,3.55,48.0,58.49,5217.0
2002-01-04,NASDAQ,1231.38,1246.96,1259.56,1216.0400000000002,37742450.0,3.44,6.77,5.67,2.68,110.0,2420.0,2937.0,1.18,100.21,83.84,1478.87,157.14,8904.0,3.55,48.0,58.49,5217.0
2002-01-05,NASDAQ,1231.38,1246.96,1259.56,1216.0400000000002,37742450.0,3.44,6.77,5.67,2.68,110.0,2420.0,2937.0,1.18,100.21,83.84,1478.87,157.14,8904.0,3.55,48.0,58.49,5217.0
2002-01-06,NASDAQ,1231.38,1246.96,1259.56,1216.0400000000002,37742450.0,3.44,6.77,5.67,2.68,110.0,2420.0,2937.0,1.18,100.21,83.84,1478.87,157.14,8904.0,3.55,48.0,58.49,5217.0
2002-01-07,NASDAQ,1231.38,1246.96,1259.56,1216.0400000000002,37742450.0,3.44,6.77,5.67,2.68,110.0,2420.0,2937.0,1.18,100.21,83.84,1478.87,157.14,8904.0,3.55,48.0,58.49,5217.0
2002-01-08,NASDAQ,3177.93,3154.54,3181.93,3122.32,46131515.0,9.39,3.98,13.81,8.36,85.0,6672.0,829.0,0.85,129.85,123.26,2191.22,268.04,5066.0,1.67,13.0,52.34,8220.0
2002-01-09,NASDAQ,4851.07,4804.969999999999,4855.56,4769.27,562588422.0,2.73,8.22,11.61,5.66,77.0,6430.0,416.0,1.19,143.02,102.73,1370.35,318.01,3606.0,7.72,33.0,29.53,14147.0
2002-01-10,NASDAQ,1302.42,1297.98,1331.96,1283.35,51149267.0,9.75,8.44,3.39,1.15,59.0,4308.0,175.0,1.13,104.9,51.61,1357.9,283.78,7819.0,9.21,31.0,90.97,14637.0
2002-01-11,NASDAQ,2462.72,2501.82,2531.7899999999995,2446.6,18501784.0,-4.13,7.37,7.7,1.45,72.0,13472.0,3146.0,0.95,120.06,141.05,1858.07,109.27,8520.0,1.69,30.0,75.47,14524.0
2002-01-12,NASDAQ,2462.72,2501.82,2531.7899999999995,2446.6,18501784.0,-4.13,7.37,7.7,1.45,72.0,13472.0,3146.0,0.95,120.06,141.05,1858.07,109.27,8520.0,1.69,30.0,75.47,14524.0
2002-01-13,NASDAQ,2462.72,2501.82,2531.7899999999995,2446.6,18501784.0,-4.13,7.37,7.7,1.45,72.0,13472.0,3146.0,0.95,120.06,141.05,1858.07,109.27,8520.0,1.69,30.0,75.47,14524.0
2002-01-14,NASDAQ,2462.72,2501.82,2531.7899999999995,2446.6,18501784.0,-4.13,7.37,7.7,1.45,72.0,13472.0,3146.0,0.95,120.06,141.05,1858.07,109.27,8520.0,1.69,30.0,75.47,14524.0
2002-01-15,NASDAQ,2462.72,2501.82,2531.7899999999995,2446.6,18501784.0,-4.13,7.37,7.7,1.45,72.0,13472.0,3146.0,0.95,120.06,141.05,1858.07,109.27,8520.0,1.69,30.0,75.47,14524.0
2002-01-16,NASDAQ,2462.72,2501.82,2531.7899999999995,2446.6,18501784.0,-4.13,7.37,7.7,1.45,72.0,13472.0,3146.0,0.95,120.06,141.05,1858.07,109.27,8520.0,1.69,30.0,75.47,14524.0
2002-01-17,NASDAQ,3313.19,3330.62,3338.1,3312.91,136785420.0,7.86,7.3,13.97,4.16,62.0,14104.0,3151.0,1.11,111.08,84.26,2345.87,198.08,3457.0,0.44,22.0,8.04,8167.0
2002-01-18,NASDAQ,3313.19,3330.62,3338.1,3312.91,136785420.0,7.86,7.3,13.97,4.16,62.0,14104.0,3151.0,1.11,111.08,84.26,2345.87,198.08,3457.0,0.44,22.0,8.04,8167.0
2002-01-19,NASDAQ,4244.5,4293.06,4299.240000000001,4232.3,224563331.0,-4.75,3.4,10.77,7.52,56.0,14308.0,531.0,0.95,134.39,91.53,1118.9,368.73,1646.0,2.03,20.0,62.24,7447.0
2002-01-20,NASDAQ,4244.5,4293.06,4299.240000000001,4232.3,224563331.0,-4.75,3.4,10.77,7.52,56.0,14308.0,531.0,0.95,134.39,91.53,1118.9,368.73,1646.0,2.03,20.0,62.24,7447.0
2002-01-21,NASDAQ,4244.5,4293.06,4299.240000000001,4232.3,224563331.0,-4.75,3.4,10.77,7.52,56.0,14308.0,531.0,0.95,134.39,91.53,1118.9,368.73,1646.0,2.03,20.0,62.24,7447.0
2002-01-22,NASDAQ,4244.5,4293.06,4299.240000000001,4232.3,224563331.0,-4.75,3.4,10.77,7.52,56.0,14308.0,531.0,0.95,134.39,91.53,1118.9,368.73,1646.0,2.03,20.0,62.24,7447.0
2002-01-23,NASDAQ,4244.5,4293.06,4299.240000000001,4232.3,224563331.0,-4.75,3.4,10.77,7.52,56.0,14308.0,531.0,0.95,134.39,91.53,1118.9,368.73,1646.0,2.03,20.0,62.24,7447.0
2002-01-24,NASDAQ,2380.77,2408.84,2417.52,2369.99,639773821.0,-4.15,3.1,9.07,8.63,51.0,16541.0,138.0,1.27,123.06,86.29,878.08,301.69,4712.0,2.36,29.0,3.37,11353.0
2002-01-25,NASDAQ,2380.77,2408.84,2417.52,2369.99,639773821.0,-4.15,3.1,9.07,8.63,51.0,16541.0,138.0,1.27,123.06,86.29,878.08,301.69,4712.0,2.36,29.0,3.37,11353.0
2002-01-26,NASDAQ,2380.77,2408.84,2417.52,2369.99,639773821.0,-4.15,3.1,9.07,8.63,51.0,16541.0,138.0,1.27,123.06,86.29,878.08,301.69,4712.0,2.36,29.0,3.37,11353.0
2002-01-27,NASDAQ,2879.95,2893.01,2904.53,2839.44,169121989.0,1.2,3.31,8.36,4.44,76.0,20736.0,828.0,1.33,84.6,100.2,2208.33,434.5,655.0,3.93,32.0,18.46,7490.0
2002-01-28,NASDAQ,2879.95,2893.01,2904.53,2839.44,169121989.0,1.2,3.31,8.36,4.44,76.0,20736.0,828.0,1.33,84.6,100.2,2208.33,434.5,655.0,3.93,32.0,18.46,7490.0
2002-01-29,NASDAQ,2879.95,2893.01,2904.53,2839.44,169121989.0,1.2,3.31,8.36,4.44,76.0,20736.0,828.0,1.33,84.6,100.2,2208.33,434.5,655.0,3.93,32.0,18.46,7490.0
2002-01-30,NASDAQ,2879.95,2893.01,2904.53,2839.44,169121989.0,1.2,3.31,8.36,4.44,76.0,20736.0,828.0,1.33,84.6,100.2,2208.33,434.5,655.0,3.93,32.0,18.46,7490.0
2002-01-31,NASDAQ,2879.95,2893.01,2904.53,2839.44,169121989.0,1.2,3.31,8.36,4.44,76.0,20736.0,828.0,1.33,84.6,100.2,2208.33,434.5,655.0,3.93,32.0,18.46,7490.0
2002-02-01,NASDAQ,2879.95,2893.01,2904.53,2839.44,169121989.0,1.2,3.31,8.36,4.44,76.0,20736.0,828.0,1.33,84.6,100.2,2208.33,434.5,655.0,3.93,32.0,18.46,7490.0
2002-02-02,NASDAQ,3523.69,3567.77,3593.93,3495.43,174949137.0,2.94,2.87,13.38,7.1,110.0,24197.0,4234.0,0.99,127.96,29.46,1018.16,494.91,3951.0,7.96,49.0,59.5,2625.0
2002-02-03,NASDAQ,3523.69,3567.77,3593.93,3495.43,174949137.0,2.94,2.87,13.38,7.1,110.0,24197.0,4234.0,0.99,127.96,29.46,1018.16,494.91,3951.0,7.96,49.0,59.5,2625.0
2002-02-04,NASDAQ,3523.69,3567.77,3593.93,3495.43,174949137.0,2.94,2.87,13.38,7.1,110.0,24197.0,4234.0,0.99,127.96,29.46,1018.16,494.91,3951.0,7.96,49.0,59.5,2625.0
2002-02-05,NASDAQ,3523.69,3567.77,3593.93,3495.43,174949137.0,2.94,2.87,13.38,7.1,110.0,24197.0,4234.0,0.99,127.96,29.46,1018.16,494.91,3951.0,7.96,49.0,59.5,2625.0
2002-02-06,NASDAQ,3523.69,3567.77,3593.93,3495.43,174949137.0,2.94,2.87,13.38,7.1,110.0,24197.0,4234.0,0.99,127.96,29.46,1018.16,494.91,3951.0,7.96,49.0,59.5,2625.0
2002-02-07,NASDAQ,3523.69,3567.77,3593.93,3495.43,174949137.0,2.94,2.87,13.38,7.1,110.0,24197.0,4234.0,0.99,127.96,29.46,1018.16,494.91,3951.0,7.96,49.0,59.5,2625.0
2002-02-08,NASDAQ,3523.69,3567.77,3593.93,3495.43,174949137.0,2.94,2.87,13.38,7.1,110.0,24197.0,4234.0,0.99,127.96,29.46,1018.16,494.91,3951.0,7.96,49.0,59.5,2625.0
2002-02-09,NASDAQ,3718.48,3759.7,3768.21,3717.37,676018814.0,-1.92,8.83,4.48,4.5,54.0,3254.0,1344.0,1.46,148.94,124.52,2148.57,303.92,4736.0,7.39,0.0,92.16,13321.0
2002-02-10,NASDAQ,3718.48,3759.7,3768.21,3717.37,676018814.0,-1.92,8.83,4.48,4.5,54.0,3254.0,1344.0,1.46,148.94,124.52,2148.57,303.92,4736.0,7.39,0.0,92.16,13321.0
2002-02-11,NASDAQ,3718.48,3759.7,3768.21,3717.37,676018814.0,-1.92,8.83,4.48,4.5,54.0,3254.0,1344.0,1.46,148.94,124.52,2148.57,303.92,4736.0,7.39,0.0,92.16,13321.0
2002-02-12,NASDAQ,3718.48,3759.7,3768.21,3717.37,676018814.0,-1.92,8.83,4.48,4.5,54.0,3254.0,1344.0,1.46,148.94,124.52,2148.57,303.92,4736.0,7.39,0.0,92.16,13321.0
2002-02-13,NASDAQ,3718.48,3759.7,3768.21,3717.37,676018814.0,-1.92,8.83,4.48,4.5,54.0,3254.0,1344.0,1.46,148.94,124.52,2148.57,303.92,4736.0,7.39,0.0,92.16,13321.0
2002-02-14,NASDAQ,3186.31,3139.12,3233.7,3089.78,475620403.0,-1.23,8.95,2.07,2.36,76.0,2303.0,4556.0,1.33,129.7,115.84,1550.01,380.62,5615.0,7.41,22.0,31.79,1849.0
2002-02-15,NASDAQ,3186.31,3139.12,3233.7,3089.78,475620403.0,-1.23,8.95,2.07,2.36,76.0,2303.0,4556.0,1.33,129.7,115.84,1550.01,380.62,5615.0,7.41,22.0,31.79,1849.0
2002-02-16,NASDAQ,3186.31,3139.12,3233.7,3089.78,475620403.0,-1.23,8.95,2.07,2.36,76.0,2303.0,4556.0,1.33,129.7,115.84,1550.01,380.62,5615.0,7.41,22.0,31.79,1849.0
2002-02-17,NASDAQ,3186.31,3139.12,3233.7,3089.78,475620403.0,-1.23,8.95,2.07,2.36,76.0,2303.0,4556.0,1.33,129.7,115.84,1550.01,380.62,5615.0,7.41,22.0,31.79,1849.0
2002-02-18,NASDAQ,3186.31,3139.12,3233.7,3089.78,475620403.0,-1.23,8.95,2.07,2.36,76.0,2303.0,4556.0,1.33,129.7,115.84,1550.01,380.62,5615.0,7.41,22.0,31.79,1849.0
2002-02-19,NASDAQ,3186.31,3139.12,3233.7,3089.78,475620403.0,-1.23,8.95,2.07,2.36,76.0,2303.0,4556.0,1.33,129.7,115.84,1550.01,380.62,5615.0,7.41,22.0,31.79,1849.0
2002-02-20,NASDAQ,3186.31,3139.12,3233.7,3089.78,475620403.0,-1.23,8.95,2.07,2.36,76.0,2303.0,4556.0,1.33,129.7,115.84,1550.01,380.62,5615.0,7.41,22.0,31.79,1849.0
2002-02-21,NASDAQ,4374.6,4365.120000000001,4417.490000000001,4337.040000000001,193423023.0,9.61,7.69,2.12,4.48,72.0,27617.0,2076.0,1.18,96.24,96.21,2101.57,323.7,3540.0,8.99,35.0,33.79,9763.0
2002-02-22,NASDAQ,4924.77,4934.370000000001,4949.81,4889.030000000001,356641644.0,-4.32,3.5,14.69,9.54,85.0,22239.0,3769.0,1.25,136.61,148.44,2498.81,301.01,2096.0,9.53,37.0,24.35,7635.0
2002-02-23,NASDAQ,4924.77,4934.370000000001,4949.81,4889.030000000001,356641644.0,-4.32,3.5,14.69,9.54,85.0,22239.0,3769.0,1.25,136.61,148.44,2498.81,301.01,2096.0,9.53,37.0,24.35,7635.0
2002-02-24,NASDAQ,4924.77,4934.370000000001,4949.81,4889.030000000001,356641644.0,-4.32,3.5,14.69,9.54,85.0,22239.0,3769.0,1.25,136.61,148.44,2498.81,301.01,2096.0,9.53,37.0,24.35,7635.0
2002-02-25,NASDAQ,4924.77,4934.370000000001,4949.81,4889.030000000001,356641644.0,-4.32,3.5,14.69,9.54,85.0,22239.0,3769.0,1.25,136.61,148.44,2498.81,301.01,2096.0,9.53,37.0,24.35,7635.0
2002-02-26,NASDAQ,4842.51,4819.47,4867.3,4775.96,567753010.0,1.46,5.71,9.0,1.05,118.0,13528.0,4770.0,0.87,103.85,88.16,1398.5,342.34,966.0,1.83,31.0,42.66,5102.0
2002-02-27,NASDAQ,4842.51,4819.47,4867.3,4775.96,567753010.0,1.46,5.71,9.0,1.05,118.0,13528.0,4770.0,0.87,103.85,88.16,1398.5,342.34,966.0,1.83,31.0,42.66,5102.0
2002-02-28,NASDAQ,4805.72,4855.66,4860.05,4784.2300000000005,245673670.0,8.19,7.78,5.92,7.22,70.0,9016.0,612.0,0.91,136.96,34.21,1777.1,348.49,9484.0,7.73,37.0,72.79,12252.0
2002-03-01,NASDAQ,4805.72,4855.66,4860.05,4784.2300000000005,245673670.0,8.19,7.78,5.92,7.22,70.0,9016.0,612.0,0.91,136.96,34.21,1777.1,348.49,9484.0,7.73,37.0,72.79,12252.0
2002-03-02,NASDAQ,4805.72,4855.66,4860.05,4784.2300000000005,245673670.0,8.19,7.78,5.92,7.22,70.0,9016.0,612.0,0.91,136.96,34.21,1777.1,348.49,9484.0,7.73,37.0,72.79,12252.0
2002-03-03,NASDAQ,4805.72,4855.66,4860.05,4784.2300000000005,245673670.0,8.19,7.78,5.92,7.22,70.0,9016.0,612.0,0.91,136.96,34.21,1777.1,348.49,9484.0,7.73,37.0,72.79,12252.0
2002-03-04,NASDAQ,4805.72,4855.66,4860.05,4784.2300000000005,245673670.0,8.19,7.78,5.92,7.22,70.0,9016.0,612.0,0.91,136.96,34.21,1777.1,348.49,9484.0,7.73,37.0,72.79,12252.0
2002-03-05,NASDAQ,2038.17,2079.75,2115.58,2029.03,739545996.0,8.5,3.42,8.84,6.71,111.0,5412.0,4592.0,0.94,141.96,63.3,1844.53,418.16,690.0,9.1,14.0,54.68,4126.0
2002-03-06,NASDAQ,2038.17,2079.75,2115.58,2029.03,739545996.0,8.5,3.42,8.84,6.71,111.0,5412.0,4592.0,0.94,141.96,63.3,1844.53,418.16,690.0,9.1,14.0,54.68,4126.0
2002-03-07,NASDAQ,2038.17,2079.75,2115.58,2029.03,739545996.0,8.5,3.42,8.84,6.71,111.0,5412.0,4592.0,0.94,141.96,63.3,1844.53,418.16,690.0,9.1,14.0,54.68,4126.0
2002-03-08,NASDAQ,1292.33,1255.9,1299.1799999999998,1244.65,561819412.0,5.62,5.1,13.57,8.26,95.0,5408.0,2453.0,1.39,89.27,132.24,1517.44,319.82,7454.0,4.3,29.0,55.65,10869.0
2002-03-09,NASDAQ,1292.33,1255.9,1299.1799999999998,1244.65,561819412.0,5.62,5.1,13.57,8.26,95.0,5408.0,2453.0,1.39,89.27,132.24,1517.44,319.82,7454.0,4.3,29.0,55.65,10869.0
2002-03-10,NASDAQ,1292.33,1255.9,1299.1799999999998,1244.65,561819412.0,5.62,5.1,13.57,8.26,95.0,5408.0,2453.0,1.39,89.27,132.24,1517.44,319.82,7454.0,4.3,29.0,55.65,10869.0
2002-03-11,NASDAQ,1760.43,1726.8,1784.26,1707.05,39080363.0,1.04,4.23,3.93,2.49,93.0,26323.0,680.0,0.97,83.07,45.71,1256.75,298.36,4945.0,2.54,8.0,40.17,9216.0
2002-03-12,NASDAQ,4170.38,4150.32,4208.56,4141.46,889676059.0,9.51,2.84,14.92,4.46,64.0,3564.0,2312.0,1.15,132.17,143.52,1941.58,231.89,9908.0,4.04,27.0,80.78,11686.0
2002-03-13,NASDAQ,4631.6,4591.620000000001,4644.51,4573.4400000000005,407991932.0,4.17,9.04,10.38,9.31,117.0,22296.0,3429.0,1.31,127.59,92.01,1944.49,270.76,5004.0,6.2,43.0,26.77,9862.0
2002-03-14,NASDAQ,4774.81,4751.9800000000005,4798.85,4733.31,173397362.0,5.93,1.85,9.38,5.88,100.0,2219.0,201.0,0.94,84.53,64.82,1910.11,340.51,4998.0,2.06,42.0,38.2,4297.0
2002-03-15,NASDAQ,4840.54,4872.14,4921.740000000001,4790.88,201120843.0,0.17,6.81,8.7,9.07,103.0,19086.0,4650.0,1.13,124.49,25.78,2414.9,392.33,2595.0,9.99,24.0,1.45,4466.0
2002-03-16,NASDAQ,4840.54,4872.14,4921.740000000001,4790.88,201120843.0,0.17,6.81,8.7,9.07,103.0,19086.0,4650.0,1.13,124.49,25.78,2414.9,392.33,2595.0,9.99,24.0,1.45,4466.0
2002-03-17,NASDAQ,4840.54,4872.14,4921.740000000001,4790.88,201120843.0,0.17,6.81,8.7,9.07,103.0,19086.0,4650.0,1.13,124.49,25.78,2414.9,392.33,2595.0,9.99,24.0,1.45,4466.0
2002-03-18,NASDAQ,4029.24,4013.46,4049.98,3977.16,381043841.0,-1.32,8.76,10.37,9.01,95.0,6526.0,3063.0,1.2,106.94,86.7,2179.74,354.6,2583.0,5.54,3.0,2.89,10616.0
2002-03-19,NASDAQ,4029.24,4013.46,4049.98,3977.16,381043841.0,-1.32,8.76,10.37,9.01,95.0,6526.0,3063.0,1.2,106.94,86.7,2179.74,354.6,2583.0,5.54,3.0,2.89,10616.0
2002-03-20,NASDAQ,2907.6,2920.57,2922.6,2906.09,881853414.0,2.82,4.94,2.27,9.37,116.0,14573.0,4216.0,1.13,137.72,128.53,1206.79,394.74,3427.0,2.42,6.0,84.56,8550.0
2002-03-21,NASDAQ,2907.6,2920.57,2922.6,2906.09,881853414.0,2.82,4.94,2.27,9.37,116.0,14573.0,4216.0,1.13,137.72,128.53,1206.79,394.74,3427.0,2.42,6.0,84.56,8550.0
2002-03-22,NASDAQ,1989.36,1956.01,1999.51,1907.74,419577830.0,-0.96,0.08,9.92,0.88,71.0,22336.0,2643.0,1.5,148.65,33.12,1291.36,232.06,5355.0,0.91,3.0,31.37,3718.0
2002-03-23,NASDAQ,3562.46,3611.08,3631.18,3515.42,467646386.0,3.98,4.43,9.98,1.03,58.0,7684.0,3959.0,1.24,117.39,122.9,1473.47,299.69,4672.0,3.87,22.0,99.66,13333.0
2002-03-24,NASDAQ,3562.46,3611.08,3631.18,3515.42,467646386.0,3.98,4.43,9.98,1.03,58.0,7684.0,3959.0,1.24,117.39,122.9,1473.47,299.69,4672.0,3.87,22.0,99.66,13333.0
2002-03-25,NASDAQ,3562.46,3611.08,3631.18,3515.42,467646386.0,3.98,4.43,9.98,1.03,58.0,7684.0,3959.0,1.24,117.39,122.9,1473.47,299.69,4672.0,3.87,22.0,99.66,13333.0
2002-03-26,NASDAQ,3562.46,3611.08,3631.18,3515.42,467646386.0,3.98,4.43,9.98,1.03,58.0,7684.0,3959.0,1.24,117.39,122.9,1473.47,299.69,4672.0,3.87,22.0,99.66,13333.0
2002-03-27,NASDAQ,3562.46,3611.08,3631.18,3515.42,467646386.0,3.98,4.43,9.98,1.03,58.0,7684.0,3959.0,1.24,117.39,122.9,1473.47,299.69,4672.0,3.87,22.0,99.66,13333.0
2002-03-28,NASDAQ,3562.46,3611.08,3631.18,3515.42,467646386.0,3.98,4.43,9.98,1.03,58.0,7684.0,3959.0,1.24,117.39,122.9,1473.47,299.69,4672.0,3.87,22.0,99.66,13333.0
2002-03-29,NASDAQ,3562.46,3611.08,3631.18,3515.42,467646386.0,3.98,4.43,9.98,1.03,58.0,7684.0,3959.0,1.24,117.39,122.9,1473.47,299.69,4672.0,3.87,22.0,99.66,13333.0
2002-03-30,NASDAQ,3562.46,3611.08,3631.18,3515.42,467646386.0,3.98,4.43,9.98,1.03,58.0,7684.0,3959.0,1.24,117.39,122.9,1473.47,299.69,4672.0,3.87,22.0,99.66,13333.0
2002-03-31,NASDAQ,3562.46,3611.08,3631.18,3515.42,467646386.0,3.98,4.43,9.98,1.03,58.0,7684.0,3959.0,1.24,117.39,122.9,1473.47,299.69,4672.0,3.87,22.0,99.66,13333.0
2002-04-01,NASDAQ,3562.46,3611.08,3631.18,3515.42,467646386.0,3.98,4.43,9.98,1.03,58.0,7684.0,3959.0,1.24,117.39,122.9,1473.47,299.69,4672.0,3.87,22.0,99.66,13333.0
2002-04-02,NASDAQ,1914.71,1909.3,1964.35,1876.46,667718449.0,5.56,0.27,14.95,2.93,85.0,759.0,4537.0,1.34,105.48,64.47,1670.05,183.51,8333.0,7.28,37.0,52.34,12918.0
2002-04-03,NASDAQ,3537.45,3558.31,3564.67,3515.63,609304618.0,5.24,7.1,5.93,3.39,76.0,18802.0,4281.0,1.01,97.18,127.03,2270.98,399.85,1848.0,5.71,17.0,17.85,3573.0
2002-04-04,NASDAQ,3537.45,3558.31,3564.67,3515.63,609304618.0,5.24,7.1,5.93,3.39,76.0,18802.0,4281.0,1.01,97.18,127.03,2270.98,399.85,1848.0,5.71,17.0,17.85,3573.0
2002-04-05,NASDAQ,3537.45,3558.31,3564.67,3515.63,609304618.0,5.24,7.1,5.93,3.39,76.0,18802.0,4281.0,1.01,97.18,127.03,2270.98,399.85,1848.0,5.71,17.0,17.85,3573.0
2002-04-06,NASDAQ,3537.45,3558.31,3564.67,3515.63,609304618.0,5.24,7.1,5.93,3.39,76.0,18802.0,4281.0,1.01,97.18,127.03,2270.98,399.85,1848.0,5.71,17.0,17.85,3573.0
2002-04-07,NASDAQ,3915.45,3929.18,3961.69,3898.46,586540018.0,-2.65,1.63,4.89,4.06,52.0,14734.0,4176.0,1.09,85.94,111.29,2223.94,375.91,1660.0,6.52,1.0,72.22,8526.0
2002-04-08,NASDAQ,1381.6,1338.6699999999998,1398.05,1291.87,750187852.0,5.39,2.21,11.6,4.02,68.0,25059.0,4036.0,0.86,126.68,110.24,2336.12,417.24,3877.0,8.23,30.0,91.3,1921.0
2002-04-09,NASDAQ,2714.81,2700.96,2734.38,2692.7200000000003,626208766.0,-3.6,2.35,13.75,9.74,90.0,15766.0,1269.0,1.23,106.92,67.65,2462.46,472.53,6302.0,4.78,37.0,89.02,11189.0
2002-04-10,NASDAQ,1116.68,1120.16,1133.27,1114.5700000000002,372046783.0,9.07,4.31,5.06,2.71,89.0,26862.0,1090.0,1.19,141.47,110.56,2468.06,409.82,7885.0,6.77,6.0,77.84,4585.0
2002-04-11,NASDAQ,2923.56,2973.18,2990.33,2900.86,349489213.0,7.4,9.28,4.28,8.27,107.0,7752.0,3805.0,1.47,116.79,27.88,2466.72,135.43,2666.0,7.34,39.0,89.82,13540.0
2002-04-12,NASDAQ,3649.74,3647.19,3670.28,3607.13,897745641.0,7.86,5.22,11.05,7.23,88.0,24114.0,1951.0,0.91,85.92,57.7,2010.33,192.26,7956.0,6.13,9.0,16.81,5612.0
2002-04-13,NASDAQ,1474.01,1505.62,1541.64,1435.43,424904252.0,8.6,1.92,14.7,0.55,56.0,599.0,2809.0,1.26,80.65,110.19,1756.51,300.0,7119.0,3.52,12.0,73.16,2611.0
2002-04-14,NASDAQ,1474.01,1505.62,1541.64,1435.43,424904252.0,8.6,1.92,14.7,0.55,56.0,599.0,2809.0,1.26,80.65,110.19,1756.51,300.0,7119.0,3.52,12.0,73.16,2611.0
2002-04-15,NASDAQ,1474.01,1505.62,1541.64,1435.43,424904252.0,8.6,1.92,14.7,0.55,56.0,599.0,2809.0,1.26,80.65,110.19,1756.51,300.0,7119.0,3.52,12.0,73.16,2611.0
2002-04-16,NASDAQ,1474.01,1505.62,1541.64,1435.43,424904252.0,8.6,1.92,14.7,0.55,56.0,599.0,2809.0,1.26,80.65,110.19,1756.51,300.0,7119.0,3.52,12.0,73.16,2611.0
2002-04-17,NASDAQ,1474.01,1505.62,1541.64,1435.43,424904252.0,8.6,1.92,14.7,0.55,56.0,599.0,2809.0,1.26,80.65,110.19,1756.51,300.0,7119.0,3.52,12.0,73.16,2611.0
2002-04-18,NASDAQ,1179.65,1170.74,1208.86,1131.82,191069094.0,6.77,3.92,13.08,5.77,115.0,20117.0,1655.0,1.3,85.07,127.24,1586.17,322.29,7251.0,4.95,1.0,43.52,10038.0
2002-04-19,NASDAQ,1179.65,1170.74,1208.86,1131.82,191069094.0,6.77,3.92,13.08,5.77,115.0,20117.0,1655.0,1.3,85.07,127.24,1586.17,322.29,7251.0,4.95,1.0,43.52,10038.0
2002-04-20,NASDAQ,2486.9,2499.9,2502.36,2478.27,887902701.0,9.83,2.42,9.66,0.84,72.0,11941.0,2143.0,1.04,102.03,132.11,2021.75,442.22,8574.0,2.06,23.0,52.38,3860.0
2002-04-21,NASDAQ,2486.9,2499.9,2502.36,2478.27,887902701.0,9.83,2.42,9.66,0.84,72.0,11941.0,2143.0,1.04,102.03,132.11,2021.75,442.22,8574.0,2.06,23.0,52.38,3860.0
2002-04-22,NASDAQ,2486.9,2499.9,2502.36,2478.27,887902701.0,9.83,2.42,9.66,0.84,72.0,11941.0,2143.0,1.04,102.03,132.11,2021.75,442.22,8574.0,2.06,23.0,52.38,3860.0
2002-04-23,NASDAQ,4673.71,4633.07,4685.81,4588.73,15508208.0,-1.31,2.51,10.49,2.04,102.0,10043.0,1047.0,1.25,132.94,85.34,2184.25,118.41,7144.0,4.19,14.0,76.67,6325.0
2002-04-24,NASDAQ,4673.71,4633.07,4685.81,4588.73,15508208.0,-1.31,2.51,10.49,2.04,102.0,10043.0,1047.0,1.25,132.94,85.34,2184.25,118.41,7144.0,4.19,14.0,76.67,6325.0
2002-04-25,NASDAQ,3308.49,3345.84,3346.7899999999995,3259.39,596470400.0,-4.35,3.36,9.54,7.54,117.0,2789.0,4659.0,1.29,85.73,137.66,1223.32,323.26,3910.0,5.54,48.0,72.25,7251.0
2002-04-26,NASDAQ,3308.49,3345.84,3346.7899999999995,3259.39,596470400.0,-4.35,3.36,9.54,7.54,117.0,2789.0,4659.0,1.29,85.73,137.66,1223.32,323.26,3910.0,5.54,48.0,72.25,7251.0
2002-04-27,NASDAQ,3308.49,3345.84,3346.7899999999995,3259.39,596470400.0,-4.35,3.36,9.54,7.54,117.0,2789.0,4659.0,1.29,85.73,137.66,1223.32,323.26,3910.0,5.54,48.0,72.25,7251.0
2002-04-28,NASDAQ,3308.49,3345.84,3346.7899999999995,3259.39,596470400.0,-4.35,3.36,9.54,7.54,117.0,2789.0,4659.0,1.29,85.73,137.66,1223.32,323.26,3910.0,5.54,48.0,72.25,7251.0
2002-04-29,NASDAQ,3308.49,3345.84,3346.7899999999995,3259.39,596470400.0,-4.35,3.36,9.54,7.54,117.0,2789.0,4659.0,1.29,85.73,137.66,1223.32,323.26,3910.0,5.54,48.0,72.25,7251.0
2002-04-30,NASDAQ,2434.31,2434.91,2437.15,2385.63,526559262.0,-3.97,2.82,2.29,8.46,66.0,28778.0,3563.0,1.11,143.0,46.88,1400.51,457.79,8855.0,5.02,3.0,68.13,8001.0
2002-05-01,NASDAQ,2434.31,2434.91,2437.15,2385.63,526559262.0,-3.97,2.82,2.29,8.46,66.0,28778.0,3563.0,1.11,143.0,46.88,1400.51,457.79,8855.0,5.02,3.0,68.13,8001.0
2002-05-02,NASDAQ,1961.6,2007.57,2031.08,1917.13,523152532.0,-2.46,3.99,14.55,5.85,115.0,10202.0,260.0,1.38,131.18,92.7,2285.2,293.82,7776.0,7.71,15.0,32.57,13646.0
2002-05-03,NASDAQ,1961.6,2007.57,2031.08,1917.13,523152532.0,-2.46,3.99,14.55,5.85,115.0,10202.0,260.0,1.38,131.18,92.7,2285.2,293.82,7776.0,7.71,15.0,32.57,13646.0
2002-05-04,NASDAQ,1961.6,2007.57,2031.08,1917.13,523152532.0,-2.46,3.99,14.55,5.85,115.0,10202.0,260.0,1.38,131.18,92.7,2285.2,293.82,7776.0,7.71,15.0,32.57,13646.0
2002-05-05,NASDAQ,1407.21,1397.89,1431.3,1369.72,439317188.0,0.14,0.98,9.31,1.91,77.0,10860.0,3282.0,1.21,149.28,49.55,2202.92,241.51,1180.0,3.54,2.0,16.58,14869.0
2002-05-06,NASDAQ,3023.83,3050.07,3056.2899999999995,3017.83,492014024.0,3.51,9.75,11.9,5.49,52.0,15905.0,4074.0,1.2,97.04,91.41,1884.8,421.37,9947.0,6.95,48.0,54.51,6672.0
2002-05-07,NASDAQ,3023.83,3050.07,3056.2899999999995,3017.83,492014024.0,3.51,9.75,11.9,5.49,52.0,15905.0,4074.0,1.2,97.04,91.41,1884.8,421.37,9947.0,6.95,48.0,54.51,6672.0
2002-05-08,NASDAQ,1155.72,1106.58,1158.94,1088.74,184752785.0,0.67,3.41,9.84,3.53,101.0,28262.0,3844.0,0.96,148.42,131.75,1849.71,339.49,3869.0,7.44,21.0,44.42,1570.0
2002-05-09,NASDAQ,1155.72,1106.58,1158.94,1088.74,184752785.0,0.67,3.41,9.84,3.53,101.0,28262.0,3844.0,0.96,148.42,131.75,1849.71,339.49,3869.0,7.44,21.0,44.42,1570.0
2002-05-10,NASDAQ,1700.89,1709.5500000000002,1740.65,1662.98,941653525.0,-2.31,0.75,6.06,8.14,107.0,29606.0,2127.0,1.49,116.51,46.85,1823.59,307.23,4995.0,7.9,29.0,64.32,13566.0
2002-05-11,NASDAQ,1700.89,1709.5500000000002,1740.65,1662.98,941653525.0,-2.31,0.75,6.06,8.14,107.0,29606.0,2127.0,1.49,116.51,46.85,1823.59,307.23,4995.0,7.9,29.0,64.32,13566.0
2002-05-12,NASDAQ,1700.89,1709.5500000000002,1740.65,1662.98,941653525.0,-2.31,0.75,6.06,8.14,107.0,29606.0,2127.0,1.49,116.51,46.85,1823.59,307.23,4995.0,7.9,29.0,64.32,13566.0
2002-05-13,NASDAQ,1700.89,1709.5500000000002,1740.65,1662.98,941653525.0,-2.31,0.75,6.06,8.14,107.0,29606.0,2127.0,1.49,116.51,46.85,1823.59,307.23,4995.0,7.9,29.0,64.32,13566.0
2002-05-14,NASDAQ,1700.89,1709.5500000000002,1740.65,1662.98,941653525.0,-2.31,0.75,6.06,8.14,107.0,29606.0,2127.0,1.49,116.51,46.85,1823.59,307.23,4995.0,7.9,29.0,64.32,13566.0
2002-05-15,NASDAQ,1700.89,1709.5500000000002,1740.65,1662.98,941653525.0,-2.31,0.75,6.06,8.14,107.0,29606.0,2127.0,1.49,116.51,46.85,1823.59,307.23,4995.0,7.9,29.0,64.32,13566.0
2002-05-16,NASDAQ,1700.89,1709.5500000000002,1740.65,1662.98,941653525.0,-2.31,0.75,6.06,8.14,107.0,29606.0,2127.0,1.49,116.51,46.85,1823.59,307.23,4995.0,7.9,29.0,64.32,13566.0
2002-05-17,NASDAQ,1700.89,1709.5500000000002,1740.65,1662.98,941653525.0,-2.31,0.75,6.06,8.14,107.0,29606.0,2127.0,1.49,116.51,46.85,1823.59,307.23,4995.0,7.9,29.0,64.32,13566.0
2002-05-18,NASDAQ,1700.89,1709.5500000000002,1740.65,1662.98,941653525.0,-2.31,0.75,6.06,8.14,107.0,29606.0,2127.0,1.49,116.51,46.85,1823.59,307.23,4995.0,7.9,29.0,64.32,13566.0
2002-05-19,NASDAQ,1700.89,1709.5500000000002,1740.65,1662.98,941653525.0,-2.31,0.75,6.06,8.14,107.0,29606.0,2127.0,1.49,116.51,46.85,1823.59,307.23,4995.0,7.9,29.0,64.32,13566.0
2002-05-20,NASDAQ,1700.89,1709.5500000000002,1740.65,1662.98,941653525.0,-2.31,0.75,6.06,8.14,107.0,29606.0,2127.0,1.49,116.51,46.85,1823.59,307.23,4995.0,7.9,29.0,64.32,13566.0
2002-05-21,NASDAQ,4576.38,4547.46,4622.2300000000005,4498.11,670822510.0,9.49,9.72,14.23,5.41,116.0,22267.0,477.0,0.83,99.96,136.33,1791.98,206.82,9583.0,6.69,9.0,30.12,10537.0
2002-05-22,NASDAQ,4576.38,4547.46,4622.2300000000005,4498.11,670822510.0,9.49,9.72,14.23,5.41,116.0,22267.0,477.0,0.83,99.96,136.33,1791.98,206.82,9583.0,6.69,9.0,30.12,10537.0
2002-05-23,NASDAQ,4576.38,4547.46,4622.2300000000005,4498.11,670822510.0,9.49,9.72,14.23,5.41,116.0,22267.0,477.0,0.83,99.96,136.33,1791.98,206.82,9583.0,6.69,9.0,30.12,10537.0
2002-05-24,NASDAQ,4576.38,4547.46,4622.2300000000005,4498.11,670822510.0,9.49,9.72,14.23,5.41,116.0,22267.0,477.0,0.83,99.96,136.33,1791.98,206.82,9583.0,6.69,9.0,30.12,10537.0
2002-05-25,NASDAQ,4576.38,4547.46,4622.2300000000005,4498.11,670822510.0,9.49,9.72,14.23,5.41,116.0,22267.0,477.0,0.83,99.96,136.33,1791.98,206.82,9583.0,6.69,9.0,30.12,10537.0
2002-05-26,NASDAQ,4576.38,4547.46,4622.2300000000005,4498.11,670822510.0,9.49,9.72,14.23,5.41,116.0,22267.0,477.0,0.83,99.96,136.33,1791.98,206.82,9583.0,6.69,9.0,30.12,10537.0
2002-05-27,NASDAQ,2990.16,3026.86,3031.5999999999995,2950.0,598413816.0,0.93,8.15,13.31,8.86,75.0,790.0,255.0,1.34,123.63,142.52,1575.02,331.4,9039.0,7.22,21.0,99.01,9597.0
2002-05-28,NASDAQ,2990.16,3026.86,3031.5999999999995,2950.0,598413816.0,0.93,8.15,13.31,8.86,75.0,790.0,255.0,1.34,123.63,142.52,1575.02,331.4,9039.0,7.22,21.0,99.01,9597.0
2002-05-29,NASDAQ,3364.52,3359.33,3383.2,3327.58,213965847.0,-3.54,4.03,7.52,1.2,97.0,24611.0,1802.0,1.45,93.36,52.67,1055.62,120.52,455.0,0.23,43.0,18.87,9113.0
2002-05-30,NASDAQ,3364.52,3359.33,3383.2,3327.58,213965847.0,-3.54,4.03,7.52,1.2,97.0,24611.0,1802.0,1.45,93.36,52.67,1055.62,120.52,455.0,0.23,43.0,18.87,9113.0
2002-05-31,NASDAQ,3364.52,3359.33,3383.2,3327.58,213965847.0,-3.54,4.03,7.52,1.2,97.0,24611.0,1802.0,1.45,93.36,52.67,1055.62,120.52,455.0,0.23,43.0,18.87,9113.0
2002-06-01,NASDAQ,3364.52,3359.33,3383.2,3327.58,213965847.0,-3.54,4.03,7.52,1.2,97.0,24611.0,1802.0,1.45,93.36,52.67,1055.62,120.52,455.0,0.23,43.0,18.87,9113.0
2002-06-02,NASDAQ,3364.52,3359.33,3383.2,3327.58,213965847.0,-3.54,4.03,7.52,1.2,97.0,24611.0,1802.0,1.45,93.36,52.67,1055.62,120.52,455.0,0.23,43.0,18.87,9113.0
2002-06-03,NASDAQ,1284.63,1334.19,1350.17,1284.62,604510329.0,8.3,6.57,6.23,6.86,56.0,18147.0,144.0,1.44,149.8,112.56,1321.83,366.41,9007.0,0.02,40.0,42.6,12059.0
2002-06-04,NASDAQ,1276.03,1274.05,1316.55,1238.14,823633218.0,-0.47,1.66,7.48,6.68,101.0,18710.0,1786.0,0.97,114.92,130.61,1107.74,368.53,4030.0,2.19,43.0,85.31,4416.0
2002-06-05,NASDAQ,1276.03,1274.05,1316.55,1238.14,823633218.0,-0.47,1.66,7.48,6.68,101.0,18710.0,1786.0,0.97,114.92,130.61,1107.74,368.53,4030.0,2.19,43.0,85.31,4416.0
2002-06-06,NASDAQ,3027.68,3034.27,3070.51,3015.49,333994860.0,4.18,6.31,5.22,9.64,51.0,18489.0,3341.0,1.18,115.24,100.56,1246.57,469.5,4866.0,4.13,16.0,47.24,10914.0
2002-06-07,NASDAQ,3027.68,3034.27,3070.51,3015.49,333994860.0,4.18,6.31,5.22,9.64,51.0,18489.0,3341.0,1.18,115.24,100.56,1246.57,469.5,4866.0,4.13,16.0,47.24,10914.0
2002-06-08,NASDAQ,4243.51,4273.59,4289.14,4215.49,238420545.0,-1.41,3.58,6.69,5.99,61.0,3898.0,1523.0,1.14,82.13,41.64,1657.63,119.01,4596.0,1.53,23.0,21.6,4749.0
2002-06-09,NASDAQ,4243.51,4273.59,4289.14,4215.49,238420545.0,-1.41,3.58,6.69,5.99,61.0,3898.0,1523.0,1.14,82.13,41.64,1657.63,119.01,4596.0,1.53,23.0,21.6,4749.0
2002-06-10,NASDAQ,4243.51,4273.59,4289.14,4215.49,238420545.0,-1.41,3.58,6.69,5.99,61.0,3898.0,1523.0,1.14,82.13,41.64,1657.63,119.01,4596.0,1.53,23.0,21.6,4749.0
2002-06-11,NASDAQ,4243.51,4273.59,4289.14,4215.49,238420545.0,-1.41,3.58,6.69,5.99,61.0,3898.0,1523.0,1.14,82.13,41.64,1657.63,119.01,4596.0,1.53,23.0,21.6,4749.0
2002-06-12,NASDAQ,4084.49,4083.73,4133.51,4077.53,725409019.0,-1.78,9.69,4.38,0.94,107.0,15312.0,3118.0,1.35,147.99,142.69,1383.74,309.45,5232.0,5.84,2.0,74.79,8235.0
2002-06-13,NASDAQ,3618.6,3587.83,3643.29,3562.87,915187103.0,-3.25,7.19,5.96,8.2,117.0,6467.0,1660.0,1.29,124.28,27.91,1643.72,109.83,8185.0,5.42,18.0,35.92,11223.0
2002-06-14,NASDAQ,1606.38,1602.7700000000002,1606.87,1585.9200000000003,564877716.0,8.2,5.49,7.83,4.63,72.0,6928.0,991.0,1.27,128.41,102.09,1711.34,371.23,9974.0,5.82,5.0,99.23,5941.0
2002-06-15,NASDAQ,1606.38,1602.7700000000002,1606.87,1585.9200000000003,564877716.0,8.2,5.49,7.83,4.63,72.0,6928.0,991.0,1.27,128.41,102.09,1711.34,371.23,9974.0,5.82,5.0,99.23,5941.0
2002-06-16,NASDAQ,3156.38,3197.86,3213.96,3153.03,260981264.0,4.38,9.99,14.78,6.27,70.0,19379.0,1989.0,1.32,116.16,119.53,2468.88,112.77,7288.0,2.0,39.0,91.79,14819.0
2002-06-17,NASDAQ,2129.89,2113.43,2158.82,2068.64,266419745.0,2.36,5.9,12.85,7.17,104.0,2761.0,1346.0,1.25,102.39,32.44,2186.42,433.5,9811.0,6.84,6.0,58.69,552.0
2002-06-18,NASDAQ,2129.89,2113.43,2158.82,2068.64,266419745.0,2.36,5.9,12.85,7.17,104.0,2761.0,1346.0,1.25,102.39,32.44,2186.42,433.5,9811.0,6.84,6.0,58.69,552.0
2002-06-19,NASDAQ,2129.89,2113.43,2158.82,2068.64,266419745.0,2.36,5.9,12.85,7.17,104.0,2761.0,1346.0,1.25,102.39,32.44,2186.42,433.5,9811.0,6.84,6.0,58.69,552.0
2002-06-20,NASDAQ,2129.89,2113.43,2158.82,2068.64,266419745.0,2.36,5.9,12.85,7.17,104.0,2761.0,1346.0,1.25,102.39,32.44,2186.42,433.5,9811.0,6.84,6.0,58.69,552.0
2002-06-21,NASDAQ,4062.19,4066.48,4112.11,4013.45,696347891.0,8.87,0.1,12.22,6.1,56.0,8427.0,800.0,1.45,103.89,148.96,1984.04,120.38,5098.0,0.13,8.0,63.22,104.0
2002-06-22,NASDAQ,4062.19,4066.48,4112.11,4013.45,696347891.0,8.87,0.1,12.22,6.1,56.0,8427.0,800.0,1.45,103.89,148.96,1984.04,120.38,5098.0,0.13,8.0,63.22,104.0
2002-06-23,NASDAQ,4062.19,4066.48,4112.11,4013.45,696347891.0,8.87,0.1,12.22,6.1,56.0,8427.0,800.0,1.45,103.89,148.96,1984.04,120.38,5098.0,0.13,8.0,63.22,104.0
2002-06-24,NASDAQ,4062.19,4066.48,4112.11,4013.45,696347891.0,8.87,0.1,12.22,6.1,56.0,8427.0,800.0,1.45,103.89,148.96,1984.04,120.38,5098.0,0.13,8.0,63.22,104.0
2002-06-25,NASDAQ,1218.54,1230.84,1262.1799999999998,1180.72,695910248.0,6.81,6.85,3.4,2.8,99.0,9659.0,238.0,1.02,100.03,142.72,1617.26,401.2,4281.0,6.22,44.0,13.86,3612.0
2002-06-26,NASDAQ,1218.54,1230.84,1262.1799999999998,1180.72,695910248.0,6.81,6.85,3.4,2.8,99.0,9659.0,238.0,1.02,100.03,142.72,1617.26,401.2,4281.0,6.22,44.0,13.86,3612.0
2002-06-27,NASDAQ,1904.5,1932.3,1963.74,1880.61,934279544.0,3.18,3.62,7.23,4.27,104.0,21882.0,2237.0,1.49,125.96,134.59,1225.86,154.5,583.0,2.54,46.0,36.11,14059.0
2002-06-28,NASDAQ,1904.5,1932.3,1963.74,1880.61,934279544.0,3.18,3.62,7.23,4.27,104.0,21882.0,2237.0,1.49,125.96,134.59,1225.86,154.5,583.0,2.54,46.0,36.11,14059.0
2002-06-29,NASDAQ,1904.5,1932.3,1963.74,1880.61,934279544.0,3.18,3.62,7.23,4.27,104.0,21882.0,2237.0,1.49,125.96,134.59,1225.86,154.5,583.0,2.54,46.0,36.11,14059.0
2002-06-30,NASDAQ,1904.5,1932.3,1963.74,1880.61,934279544.0,3.18,3.62,7.23,4.27,104.0,21882.0,2237.0,1.49,125.96,134.59,1225.86,154.5,583.0,2.54,46.0,36.11,14059.0
2002-07-01,NASDAQ,1904.5,1932.3,1963.74,1880.61,934279544.0,3.18,3.62,7.23,4.27,104.0,21882.0,2237.0,1.49,125.96,134.59,1225.86,154.5,583.0,2.54,46.0,36.11,14059.0
2002-07-02,NASDAQ,3917.38,3938.42,3982.04,3907.22,803510420.0,-3.37,9.25,10.5,1.66,60.0,11298.0,4749.0,0.92,122.27,87.48,2130.61,199.92,7550.0,5.64,29.0,14.96,11802.0
2002-07-03,NASDAQ,3917.38,3938.42,3982.04,3907.22,803510420.0,-3.37,9.25,10.5,1.66,60.0,11298.0,4749.0,0.92,122.27,87.48,2130.61,199.92,7550.0,5.64,29.0,14.96,11802.0
2002-07-04,NASDAQ,3917.38,3938.42,3982.04,3907.22,803510420.0,-3.37,9.25,10.5,1.66,60.0,11298.0,4749.0,0.92,122.27,87.48,2130.61,199.92,7550.0,5.64,29.0,14.96,11802.0
2002-07-05,NASDAQ,3917.38,3938.42,3982.04,3907.22,803510420.0,-3.37,9.25,10.5,1.66,60.0,11298.0,4749.0,0.92,122.27,87.48,2130.61,199.92,7550.0,5.64,29.0,14.96,11802.0
2002-07-06,NASDAQ,3917.38,3938.42,3982.04,3907.22,803510420.0,-3.37,9.25,10.5,1.66,60.0,11298.0,4749.0,0.92,122.27,87.48,2130.61,199.92,7550.0,5.64,29.0,14.96,11802.0
2002-07-07,NASDAQ,3917.38,3938.42,3982.04,3907.22,803510420.0,-3.37,9.25,10.5,1.66,60.0,11298.0,4749.0,0.92,122.27,87.48,2130.61,199.92,7550.0,5.64,29.0,14.96,11802.0
2002-07-08,NASDAQ,3917.38,3938.42,3982.04,3907.22,803510420.0,-3.37,9.25,10.5,1.66,60.0,11298.0,4749.0,0.92,122.27,87.48,2130.61,199.92,7550.0,5.64,29.0,14.96,11802.0
2002-07-09,NASDAQ,3917.38,3938.42,3982.04,3907.22,803510420.0,-3.37,9.25,10.5,1.66,60.0,11298.0,4749.0,0.92,122.27,87.48,2130.61,199.92,7550.0,5.64,29.0,14.96,11802.0
2002-07-10,NASDAQ,2301.18,2262.13,2327.53,2220.98,605312836.0,4.51,4.82,6.33,6.96,78.0,17727.0,3016.0,1.27,84.98,23.86,1595.41,496.64,6193.0,4.95,33.0,48.0,14587.0
2002-07-11,NASDAQ,3850.49,3897.07,3898.98,3838.94,761908760.0,0.74,7.51,11.11,6.55,65.0,2125.0,1115.0,1.37,111.24,76.43,2328.02,162.77,946.0,0.2,38.0,2.76,4896.0
2002-07-12,NASDAQ,4267.12,4234.599999999999,4297.88,4229.679999999999,70063065.0,4.2,2.82,13.91,5.25,116.0,18764.0,4637.0,1.12,96.82,72.78,1405.54,275.14,987.0,2.85,15.0,48.87,822.0
2002-07-13,NASDAQ,4267.12,4234.599999999999,4297.88,4229.679999999999,70063065.0,4.2,2.82,13.91,5.25,116.0,18764.0,4637.0,1.12,96.82,72.78,1405.54,275.14,987.0,2.85,15.0,48.87,822.0
2002-07-14,NASDAQ,2483.76,2458.3100000000004,2491.6400000000003,2443.51,839784669.0,-4.61,9.26,13.31,6.54,53.0,27193.0,4361.0,1.14,97.95,53.38,2058.2,185.24,9603.0,5.12,3.0,89.26,7327.0
2002-07-15,NASDAQ,4607.76,4629.52,4659.240000000001,4564.22,595758115.0,1.76,5.72,4.84,7.06,65.0,25580.0,2035.0,0.98,117.02,62.73,1137.86,422.76,4153.0,7.98,31.0,65.05,8385.0
2002-07-16,NASDAQ,4607.76,4629.52,4659.240000000001,4564.22,595758115.0,1.76,5.72,4.84,7.06,65.0,25580.0,2035.0,0.98,117.02,62.73,1137.86,422.76,4153.0,7.98,31.0,65.05,8385.0
2002-07-17,NASDAQ,4939.43,4956.77,4964.9800000000005,4938.38,8115375.0,3.19,1.93,13.08,6.08,55.0,26481.0,4638.0,1.26,108.84,138.1,957.64,130.11,4364.0,6.77,45.0,82.72,2994.0
2002-07-18,NASDAQ,4016.99,4028.44,4034.61,3993.7,865170639.0,4.77,9.99,12.71,1.98,91.0,21376.0,4526.0,1.16,122.92,50.58,1992.69,117.1,1917.0,1.69,21.0,36.22,12501.0
2002-07-19,NASDAQ,4016.99,4028.44,4034.61,3993.7,865170639.0,4.77,9.99,12.71,1.98,91.0,21376.0,4526.0,1.16,122.92,50.58,1992.69,117.1,1917.0,1.69,21.0,36.22,12501.0
2002-07-20,NASDAQ,4016.99,4028.44,4034.61,3993.7,865170639.0,4.77,9.99,12.71,1.98,91.0,21376.0,4526.0,1.16,122.92,50.58,1992.69,117.1,1917.0,1.69,21.0,36.22,12501.0
2002-07-21,NASDAQ,4016.99,4028.44,4034.61,3993.7,865170639.0,4.77,9.99,12.71,1.98,91.0,21376.0,4526.0,1.16,122.92,50.58,1992.69,117.1,1917.0,1.69,21.0,36.22,12501.0
2002-07-22,NASDAQ,4016.99,4028.44,4034.61,3993.7,865170639.0,4.77,9.99,12.71,1.98,91.0,21376.0,4526.0,1.16,122.92,50.58,1992.69,117.1,1917.0,1.69,21.0,36.22,12501.0
2002-07-23,NASDAQ,4016.99,4028.44,4034.61,3993.7,865170639.0,4.77,9.99,12.71,1.98,91.0,21376.0,4526.0,1.16,122.92,50.58,1992.69,117.1,1917.0,1.69,21.0,36.22,12501.0
2002-07-24,NASDAQ,4016.99,4028.44,4034.61,3993.7,865170639.0,4.77,9.99,12.71,1.98,91.0,21376.0,4526.0,1.16,122.92,50.58,1992.69,117.1,1917.0,1.69,21.0,36.22,12501.0
2002-07-25,NASDAQ,1669.29,1692.55,1724.73,1660.01,104558274.0,0.75,0.11,7.61,1.55,107.0,24962.0,2916.0,0.93,111.52,33.57,963.7,274.17,6302.0,6.37,33.0,98.19,4935.0
2002-07-26,NASDAQ,1669.29,1692.55,1724.73,1660.01,104558274.0,0.75,0.11,7.61,1.55,107.0,24962.0,2916.0,0.93,111.52,33.57,963.7,274.17,6302.0,6.37,33.0,98.19,4935.0
2002-07-27,NASDAQ,1669.29,1692.55,1724.73,1660.01,104558274.0,0.75,0.11,7.61,1.55,107.0,24962.0,2916.0,0.93,111.52,33.57,963.7,274.17,6302.0,6.37,33.0,98.19,4935.0
2002-07-28,NASDAQ,1669.29,1692.55,1724.73,1660.01,104558274.0,0.75,0.11,7.61,1.55,107.0,24962.0,2916.0,0.93,111.52,33.57,963.7,274.17,6302.0,6.37,33.0,98.19,4935.0
2002-07-29,NASDAQ,1169.69,1147.8200000000002,1185.36,1123.6,939061831.0,0.04,4.96,11.69,8.07,94.0,21901.0,325.0,0.87,110.77,100.04,1085.6,136.28,2957.0,5.75,30.0,24.17,1308.0
2002-07-30,NASDAQ,2061.3,2052.4100000000003,2084.42,2047.8700000000003,673948928.0,4.6,6.94,2.27,4.74,103.0,10733.0,2078.0,1.18,132.88,48.34,1124.72,241.38,3996.0,0.08,10.0,24.13,2182.0
2002-07-31,NASDAQ,3406.22,3379.65,3425.72,3373.2,582035325.0,3.01,0.69,10.19,3.58,115.0,25186.0,4077.0,0.99,115.91,33.23,2253.45,454.16,5587.0,1.67,37.0,90.52,6792.0
2002-08-01,NASDAQ,3406.22,3379.65,3425.72,3373.2,582035325.0,3.01,0.69,10.19,3.58,115.0,25186.0,4077.0,0.99,115.91,33.23,2253.45,454.16,5587.0,1.67,37.0,90.52,6792.0
2002-08-02,NASDAQ,3406.22,3379.65,3425.72,3373.2,582035325.0,3.01,0.69,10.19,3.58,115.0,25186.0,4077.0,0.99,115.91,33.23,2253.45,454.16,5587.0,1.67,37.0,90.52,6792.0
2002-08-03,NASDAQ,3406.22,3379.65,3425.72,3373.2,582035325.0,3.01,0.69,10.19,3.58,115.0,25186.0,4077.0,0.99,115.91,33.23,2253.45,454.16,5587.0,1.67,37.0,90.52,6792.0
2002-08-04,NASDAQ,3406.22,3379.65,3425.72,3373.2,582035325.0,3.01,0.69,10.19,3.58,115.0,25186.0,4077.0,0.99,115.91,33.23,2253.45,454.16,5587.0,1.67,37.0,90.52,6792.0
2002-08-05,NASDAQ,3406.22,3379.65,3425.72,3373.2,582035325.0,3.01,0.69,10.19,3.58,115.0,25186.0,4077.0,0.99,115.91,33.23,2253.45,454.16,5587.0,1.67,37.0,90.52,6792.0
2002-08-06,NASDAQ,3406.22,3379.65,3425.72,3373.2,582035325.0,3.01,0.69,10.19,3.58,115.0,25186.0,4077.0,0.99,115.91,33.23,2253.45,454.16,5587.0,1.67,37.0,90.52,6792.0
2002-08-07,NASDAQ,2477.12,2495.15,2507.44,2449.66,791941160.0,8.54,3.28,9.19,3.63,73.0,27548.0,4826.0,0.91,136.94,50.32,1191.66,154.29,3329.0,4.45,9.0,19.85,3605.0
2002-08-08,NASDAQ,2477.12,2495.15,2507.44,2449.66,791941160.0,8.54,3.28,9.19,3.63,73.0,27548.0,4826.0,0.91,136.94,50.32,1191.66,154.29,3329.0,4.45,9.0,19.85,3605.0
2002-08-09,NASDAQ,2477.12,2495.15,2507.44,2449.66,791941160.0,8.54,3.28,9.19,3.63,73.0,27548.0,4826.0,0.91,136.94,50.32,1191.66,154.29,3329.0,4.45,9.0,19.85,3605.0
2002-08-10,NASDAQ,2477.12,2495.15,2507.44,2449.66,791941160.0,8.54,3.28,9.19,3.63,73.0,27548.0,4826.0,0.91,136.94,50.32,1191.66,154.29,3329.0,4.45,9.0,19.85,3605.0
2002-08-11,NASDAQ,2477.12,2495.15,2507.44,2449.66,791941160.0,8.54,3.28,9.19,3.63,73.0,27548.0,4826.0,0.91,136.94,50.32,1191.66,154.29,3329.0,4.45,9.0,19.85,3605.0
2002-08-12,NASDAQ,2846.86,2858.49,2886.73,2812.1400000000003,271145981.0,-0.52,5.91,7.69,7.49,82.0,16507.0,3443.0,0.9,84.95,61.88,1724.66,287.91,6506.0,6.26,42.0,65.88,12515.0
2002-08-13,NASDAQ,4683.98,4638.469999999999,4700.94,4596.86,993787569.0,-0.13,4.82,5.06,6.23,73.0,27377.0,2577.0,1.03,148.15,103.89,837.18,342.21,5374.0,0.13,20.0,3.61,3841.0
2002-08-14,NASDAQ,3778.38,3790.63,3806.76,3736.06,552282355.0,-2.26,9.78,14.8,6.71,119.0,10281.0,619.0,1.08,133.1,135.4,2223.4,375.88,1428.0,5.74,21.0,55.58,10279.0
2002-08-15,NASDAQ,3778.38,3790.63,3806.76,3736.06,552282355.0,-2.26,9.78,14.8,6.71,119.0,10281.0,619.0,1.08,133.1,135.4,2223.4,375.88,1428.0,5.74,21.0,55.58,10279.0
2002-08-16,NASDAQ,3778.38,3790.63,3806.76,3736.06,552282355.0,-2.26,9.78,14.8,6.71,119.0,10281.0,619.0,1.08,133.1,135.4,2223.4,375.88,1428.0,5.74,21.0,55.58,10279.0
2002-08-17,NASDAQ,3778.38,3790.63,3806.76,3736.06,552282355.0,-2.26,9.78,14.8,6.71,119.0,10281.0,619.0,1.08,133.1,135.4,2223.4,375.88,1428.0,5.74,21.0,55.58,10279.0
2002-08-18,NASDAQ,3778.38,3790.63,3806.76,3736.06,552282355.0,-2.26,9.78,14.8,6.71,119.0,10281.0,619.0,1.08,133.1,135.4,2223.4,375.88,1428.0,5.74,21.0,55.58,10279.0
2002-08-19,NASDAQ,1780.96,1771.0,1794.19,1722.61,662241674.0,5.96,5.62,6.36,3.02,80.0,21079.0,4630.0,1.04,88.48,86.98,2020.57,361.87,1632.0,7.67,47.0,6.81,14809.0
2002-08-20,NASDAQ,1780.96,1771.0,1794.19,1722.61,662241674.0,5.96,5.62,6.36,3.02,80.0,21079.0,4630.0,1.04,88.48,86.98,2020.57,361.87,1632.0,7.67,47.0,6.81,14809.0
2002-08-21,NASDAQ,1780.96,1771.0,1794.19,1722.61,662241674.0,5.96,5.62,6.36,3.02,80.0,21079.0,4630.0,1.04,88.48,86.98,2020.57,361.87,1632.0,7.67,47.0,6.81,14809.0
2002-08-22,NASDAQ,1780.96,1771.0,1794.19,1722.61,662241674.0,5.96,5.62,6.36,3.02,80.0,21079.0,4630.0,1.04,88.48,86.98,2020.57,361.87,1632.0,7.67,47.0,6.81,14809.0
2002-08-23,NASDAQ,4426.15,4424.54,4453.99,4397.13,809902143.0,5.48,7.19,9.7,1.46,85.0,10368.0,2281.0,0.91,100.37,99.62,2208.28,281.86,8380.0,5.86,3.0,23.21,4259.0
2002-08-24,NASDAQ,4426.15,4424.54,4453.99,4397.13,809902143.0,5.48,7.19,9.7,1.46,85.0,10368.0,2281.0,0.91,100.37,99.62,2208.28,281.86,8380.0,5.86,3.0,23.21,4259.0
2002-08-25,NASDAQ,4426.15,4424.54,4453.99,4397.13,809902143.0,5.48,7.19,9.7,1.46,85.0,10368.0,2281.0,0.91,100.37,99.62,2208.28,281.86,8380.0,5.86,3.0,23.21,4259.0
2002-08-26,NASDAQ,3248.29,3207.03,3285.1,3202.03,154015957.0,7.27,5.15,12.1,6.86,73.0,26920.0,524.0,1.15,149.14,125.15,2412.35,333.9,5993.0,8.82,16.0,86.16,2946.0
2002-08-27,NASDAQ,4788.36,4832.009999999999,4860.579999999999,4775.469999999999,977829045.0,0.62,0.86,9.32,6.61,86.0,12327.0,1651.0,1.31,92.5,146.54,1236.83,160.58,7824.0,6.08,2.0,41.52,1327.0
2002-08-28,NASDAQ,4788.36,4832.009999999999,4860.579999999999,4775.469999999999,977829045.0,0.62,0.86,9.32,6.61,86.0,12327.0,1651.0,1.31,92.5,146.54,1236.83,160.58,7824.0,6.08,2.0,41.52,1327.0
2002-08-29,NASDAQ,4788.36,4832.009999999999,4860.579999999999,4775.469999999999,977829045.0,0.62,0.86,9.32,6.61,86.0,12327.0,1651.0,1.31,92.5,146.54,1236.83,160.58,7824.0,6.08,2.0,41.52,1327.0
2002-08-30,NASDAQ,4788.36,4832.009999999999,4860.579999999999,4775.469999999999,977829045.0,0.62,0.86,9.32,6.61,86.0,12327.0,1651.0,1.31,92.5,146.54,1236.83,160.58,7824.0,6.08,2.0,41.52,1327.0
2002-08-31,NASDAQ,4144.82,4175.33,4189.08,4125.46,536601195.0,-4.35,5.72,5.01,1.36,50.0,26446.0,1110.0,1.48,110.19,147.85,2045.3,222.52,4005.0,6.23,18.0,15.58,486.0
2002-09-01,NASDAQ,4144.82,4175.33,4189.08,4125.46,536601195.0,-4.35,5.72,5.01,1.36,50.0,26446.0,1110.0,1.48,110.19,147.85,2045.3,222.52,4005.0,6.23,18.0,15.58,486.0
2002-09-02,NASDAQ,4144.82,4175.33,4189.08,4125.46,536601195.0,-4.35,5.72,5.01,1.36,50.0,26446.0,1110.0,1.48,110.19,147.85,2045.3,222.52,4005.0,6.23,18.0,15.58,486.0
2002-09-03,NASDAQ,1100.77,1146.0,1173.72,1057.74,760311436.0,7.08,1.56,14.95,7.92,118.0,8874.0,961.0,1.22,100.86,76.28,2270.28,143.6,3873.0,0.16,27.0,41.97,13631.0
2002-09-04,NASDAQ,4355.99,4310.98,4372.429999999999,4288.599999999999,420789173.0,4.8,1.64,8.37,7.37,101.0,17234.0,448.0,1.15,84.16,124.07,1621.32,202.28,568.0,0.51,14.0,8.32,5429.0
2002-09-05,NASDAQ,1045.67,1010.66,1081.69,964.81,65311923.0,1.55,0.71,4.86,5.56,113.0,20470.0,3877.0,1.19,111.01,133.26,1480.37,417.98,8932.0,9.12,25.0,92.15,7375.0
2002-09-06,NASDAQ,1045.67,1010.66,1081.69,964.81,65311923.0,1.55,0.71,4.86,5.56,113.0,20470.0,3877.0,1.19,111.01,133.26,1480.37,417.98,8932.0,9.12,25.0,92.15,7375.0
2002-09-07,NASDAQ,1045.67,1010.66,1081.69,964.81,65311923.0,1.55,0.71,4.86,5.56,113.0,20470.0,3877.0,1.19,111.01,133.26,1480.37,417.98,8932.0,9.12,25.0,92.15,7375.0
2002-09-08,NASDAQ,1045.67,1010.66,1081.69,964.81,65311923.0,1.55,0.71,4.86,5.56,113.0,20470.0,3877.0,1.19,111.01,133.26,1480.37,417.98,8932.0,9.12,25.0,92.15,7375.0
2002-09-09,NASDAQ,1939.89,1891.59,1972.32,1891.4,926975643.0,4.4,4.31,12.64,8.46,75.0,6084.0,1030.0,1.44,113.48,70.54,1438.92,147.9,4717.0,4.1,4.0,17.58,5277.0
2002-09-10,NASDAQ,1939.89,1891.59,1972.32,1891.4,926975643.0,4.4,4.31,12.64,8.46,75.0,6084.0,1030.0,1.44,113.48,70.54,1438.92,147.9,4717.0,4.1,4.0,17.58,5277.0
2002-09-11,NASDAQ,1939.89,1891.59,1972.32,1891.4,926975643.0,4.4,4.31,12.64,8.46,75.0,6084.0,1030.0,1.44,113.48,70.54,1438.92,147.9,4717.0,4.1,4.0,17.58,5277.0
2002-09-12,NASDAQ,1939.89,1891.59,1972.32,1891.4,926975643.0,4.4,4.31,12.64,8.46,75.0,6084.0,1030.0,1.44,113.48,70.54,1438.92,147.9,4717.0,4.1,4.0,17.58,5277.0
2002-09-13,NASDAQ,1939.89,1891.59,1972.32,1891.4,926975643.0,4.4,4.31,12.64,8.46,75.0,6084.0,1030.0,1.44,113.48,70.54,1438.92,147.9,4717.0,4.1,4.0,17.58,5277.0
2002-09-14,NASDAQ,1206.67,1213.36,1232.16,1192.89,102766387.0,5.26,5.46,5.61,6.27,107.0,29282.0,457.0,1.48,131.9,20.44,1759.68,163.9,2584.0,3.97,44.0,16.6,13769.0
2002-09-15,NASDAQ,1206.67,1213.36,1232.16,1192.89,102766387.0,5.26,5.46,5.61,6.27,107.0,29282.0,457.0,1.48,131.9,20.44,1759.68,163.9,2584.0,3.97,44.0,16.6,13769.0
2002-09-16,NASDAQ,3873.82,3890.41,3931.31,3835.08,999353798.0,-1.77,9.98,9.56,7.41,84.0,12659.0,353.0,0.85,96.13,134.73,1253.83,476.37,9729.0,4.64,30.0,39.86,1607.0
2002-09-17,NASDAQ,4450.56,4482.830000000001,4512.210000000001,4403.22,612874576.0,3.28,3.59,14.69,7.85,95.0,13999.0,4094.0,1.17,86.89,29.83,1445.31,436.57,1671.0,5.03,29.0,50.87,5572.0
2002-09-18,NASDAQ,4450.56,4482.830000000001,4512.210000000001,4403.22,612874576.0,3.28,3.59,14.69,7.85,95.0,13999.0,4094.0,1.17,86.89,29.83,1445.31,436.57,1671.0,5.03,29.0,50.87,5572.0
2002-09-19,NASDAQ,4200.01,4204.21,4214.4,4192.2300000000005,605039565.0,9.98,3.82,14.98,6.06,55.0,23398.0,1290.0,0.99,90.0,79.34,2321.87,231.84,7963.0,5.02,36.0,6.08,2003.0
2002-09-20,NASDAQ,4200.01,4204.21,4214.4,4192.2300000000005,605039565.0,9.98,3.82,14.98,6.06,55.0,23398.0,1290.0,0.99,90.0,79.34,2321.87,231.84,7963.0,5.02,36.0,6.08,2003.0
2002-09-21,NASDAQ,2586.21,2586.11,2610.04,2584.2200000000003,104344224.0,2.85,5.98,4.66,7.65,95.0,24324.0,4991.0,1.14,147.25,52.84,2000.76,296.94,489.0,3.63,11.0,78.63,8720.0
2002-09-22,NASDAQ,1526.86,1484.08,1541.66,1435.1999999999998,594175882.0,0.19,0.53,8.55,2.95,82.0,22700.0,4664.0,1.38,89.51,60.25,1506.45,482.49,656.0,7.1,39.0,44.3,4337.0
2002-09-23,NASDAQ,4461.18,4479.62,4505.37,4460.950000000001,650235660.0,2.89,0.78,11.24,3.45,111.0,14610.0,592.0,0.98,106.32,21.86,2391.2,195.85,6649.0,3.92,36.0,54.79,9948.0
2002-09-24,NASDAQ,4461.18,4479.62,4505.37,4460.950000000001,650235660.0,2.89,0.78,11.24,3.45,111.0,14610.0,592.0,0.98,106.32,21.86,2391.2,195.85,6649.0,3.92,36.0,54.79,9948.0
2002-09-25,NASDAQ,4461.18,4479.62,4505.37,4460.950000000001,650235660.0,2.89,0.78,11.24,3.45,111.0,14610.0,592.0,0.98,106.32,21.86,2391.2,195.85,6649.0,3.92,36.0,54.79,9948.0
2002-09-26,NASDAQ,4461.18,4479.62,4505.37,4460.950000000001,650235660.0,2.89,0.78,11.24,3.45,111.0,14610.0,592.0,0.98,106.32,21.86,2391.2,195.85,6649.0,3.92,36.0,54.79,9948.0
2002-09-27,NASDAQ,4461.18,4479.62,4505.37,4460.950000000001,650235660.0,2.89,0.78,11.24,3.45,111.0,14610.0,592.0,0.98,106.32,21.86,2391.2,195.85,6649.0,3.92,36.0,54.79,9948.0
2002-09-28,NASDAQ,4461.18,4479.62,4505.37,4460.950000000001,650235660.0,2.89,0.78,11.24,3.45,111.0,14610.0,592.0,0.98,106.32,21.86,2391.2,195.85,6649.0,3.92,36.0,54.79,9948.0
2002-09-29,NASDAQ,4461.18,4479.62,4505.37,4460.950000000001,650235660.0,2.89,0.78,11.24,3.45,111.0,14610.0,592.0,0.98,106.32,21.86,2391.2,195.85,6649.0,3.92,36.0,54.79,9948.0
2002-09-30,NASDAQ,4461.18,4479.62,4505.37,4460.950000000001,650235660.0,2.89,0.78,11.24,3.45,111.0,14610.0,592.0,0.98,106.32,21.86,2391.2,195.85,6649.0,3.92,36.0,54.79,9948.0
2002-10-01,NASDAQ,4461.18,4479.62,4505.37,4460.950000000001,650235660.0,2.89,0.78,11.24,3.45,111.0,14610.0,592.0,0.98,106.32,21.86,2391.2,195.85,6649.0,3.92,36.0,54.79,9948.0
2002-10-02,NASDAQ,4461.18,4479.62,4505.37,4460.950000000001,650235660.0,2.89,0.78,11.24,3.45,111.0,14610.0,592.0,0.98,106.32,21.86,2391.2,195.85,6649.0,3.92,36.0,54.79,9948.0
2002-10-03,NASDAQ,4331.32,4377.549999999999,4394.579999999999,4284.92,661222766.0,7.22,5.25,14.23,5.69,111.0,10635.0,3746.0,1.48,145.45,58.69,1605.09,287.4,3366.0,3.08,2.0,2.34,3784.0
2002-10-04,NASDAQ,4624.35,4626.1900000000005,4641.250000000001,4602.910000000001,422739517.0,1.35,2.85,5.13,5.01,50.0,20883.0,2477.0,1.09,127.95,118.52,1364.9,390.16,9692.0,9.63,3.0,54.63,4546.0
2002-10-05,NASDAQ,4624.35,4626.1900000000005,4641.250000000001,4602.910000000001,422739517.0,1.35,2.85,5.13,5.01,50.0,20883.0,2477.0,1.09,127.95,118.52,1364.9,390.16,9692.0,9.63,3.0,54.63,4546.0
2002-10-06,NASDAQ,4624.35,4626.1900000000005,4641.250000000001,4602.910000000001,422739517.0,1.35,2.85,5.13,5.01,50.0,20883.0,2477.0,1.09,127.95,118.52,1364.9,390.16,9692.0,9.63,3.0,54.63,4546.0
2002-10-07,NASDAQ,1207.34,1182.66,1236.32,1133.6999999999998,958463805.0,3.61,2.9,8.56,1.89,104.0,9347.0,1725.0,1.33,83.35,116.25,2268.77,392.69,2135.0,1.92,44.0,46.94,4586.0
2002-10-08,NASDAQ,3195.43,3225.8,3240.13,3147.44,150845551.0,2.38,1.84,10.34,8.02,115.0,23176.0,1328.0,1.11,148.19,138.55,1960.0,240.23,5910.0,10.0,12.0,83.42,2535.0
2002-10-09,NASDAQ,3195.43,3225.8,3240.13,3147.44,150845551.0,2.38,1.84,10.34,8.02,115.0,23176.0,1328.0,1.11,148.19,138.55,1960.0,240.23,5910.0,10.0,12.0,83.42,2535.0
2002-10-10,NASDAQ,2227.11,2275.0,2279.19,2182.81,716678341.0,3.5,6.86,10.97,8.01,103.0,15158.0,1489.0,1.16,112.35,96.65,1858.22,146.13,1452.0,7.13,19.0,82.73,11330.0
2002-10-11,NASDAQ,2411.83,2412.02,2414.63,2369.45,368064865.0,-0.93,6.53,2.79,7.19,112.0,23892.0,1587.0,0.92,146.9,109.42,971.97,425.97,9223.0,7.4,19.0,71.68,1581.0
2002-10-12,NASDAQ,2411.83,2412.02,2414.63,2369.45,368064865.0,-0.93,6.53,2.79,7.19,112.0,23892.0,1587.0,0.92,146.9,109.42,971.97,425.97,9223.0,7.4,19.0,71.68,1581.0
2002-10-13,NASDAQ,2336.2,2361.55,2365.26,2304.99,110266418.0,4.09,1.0,12.62,5.35,101.0,18027.0,2241.0,1.46,116.24,45.74,2128.07,132.02,3047.0,7.78,45.0,81.26,2901.0
2002-10-14,NASDAQ,2336.2,2361.55,2365.26,2304.99,110266418.0,4.09,1.0,12.62,5.35,101.0,18027.0,2241.0,1.46,116.24,45.74,2128.07,132.02,3047.0,7.78,45.0,81.26,2901.0
2002-10-15,NASDAQ,2618.11,2622.8,2663.4500000000003,2576.27,772676643.0,-3.56,5.08,14.17,4.53,116.0,1145.0,1986.0,1.23,87.8,116.25,1652.61,460.72,5064.0,0.54,34.0,36.87,2960.0
2002-10-16,NASDAQ,2618.11,2622.8,2663.4500000000003,2576.27,772676643.0,-3.56,5.08,14.17,4.53,116.0,1145.0,1986.0,1.23,87.8,116.25,1652.61,460.72,5064.0,0.54,34.0,36.87,2960.0
2002-10-17,NASDAQ,2618.11,2622.8,2663.4500000000003,2576.27,772676643.0,-3.56,5.08,14.17,4.53,116.0,1145.0,1986.0,1.23,87.8,116.25,1652.61,460.72,5064.0,0.54,34.0,36.87,2960.0
2002-10-18,NASDAQ,2143.03,2134.8300000000004,2156.6600000000003,2114.82,287334533.0,7.4,1.93,11.7,8.22,108.0,21016.0,2663.0,1.17,113.1,80.37,1395.39,474.69,220.0,6.46,14.0,9.03,12945.0
2002-10-19,NASDAQ,2143.03,2134.8300000000004,2156.6600000000003,2114.82,287334533.0,7.4,1.93,11.7,8.22,108.0,21016.0,2663.0,1.17,113.1,80.37,1395.39,474.69,220.0,6.46,14.0,9.03,12945.0
2002-10-20,NASDAQ,2143.03,2134.8300000000004,2156.6600000000003,2114.82,287334533.0,7.4,1.93,11.7,8.22,108.0,21016.0,2663.0,1.17,113.1,80.37,1395.39,474.69,220.0,6.46,14.0,9.03,12945.0
2002-10-21,NASDAQ,2143.03,2134.8300000000004,2156.6600000000003,2114.82,287334533.0,7.4,1.93,11.7,8.22,108.0,21016.0,2663.0,1.17,113.1,80.37,1395.39,474.69,220.0,6.46,14.0,9.03,12945.0
2002-10-22,NASDAQ,1226.34,1185.41,1252.22,1163.4399999999998,249032259.0,4.73,2.44,7.91,1.31,115.0,26559.0,500.0,1.26,81.61,50.28,2065.14,197.25,4507.0,7.29,35.0,64.68,7272.0
2002-10-23,NASDAQ,2495.68,2471.95,2514.78,2468.93,697643295.0,-0.65,8.93,9.18,3.0,104.0,27310.0,850.0,1.02,95.52,114.04,1355.58,190.82,8080.0,8.53,42.0,88.99,14545.0
2002-10-24,NASDAQ,4777.79,4815.27,4843.49,4740.33,543996480.0,7.68,5.31,4.75,4.7,65.0,27059.0,1987.0,1.19,110.16,116.15,1682.74,310.27,599.0,0.86,14.0,86.11,9558.0
2002-10-25,NASDAQ,4777.79,4815.27,4843.49,4740.33,543996480.0,7.68,5.31,4.75,4.7,65.0,27059.0,1987.0,1.19,110.16,116.15,1682.74,310.27,599.0,0.86,14.0,86.11,9558.0
2002-10-26,NASDAQ,4777.79,4815.27,4843.49,4740.33,543996480.0,7.68,5.31,4.75,4.7,65.0,27059.0,1987.0,1.19,110.16,116.15,1682.74,310.27,599.0,0.86,14.0,86.11,9558.0
2002-10-27,NASDAQ,4777.79,4815.27,4843.49,4740.33,543996480.0,7.68,5.31,4.75,4.7,65.0,27059.0,1987.0,1.19,110.16,116.15,1682.74,310.27,599.0,0.86,14.0,86.11,9558.0
2002-10-28,NASDAQ,4777.79,4815.27,4843.49,4740.33,543996480.0,7.68,5.31,4.75,4.7,65.0,27059.0,1987.0,1.19,110.16,116.15,1682.74,310.27,599.0,0.86,14.0,86.11,9558.0
2002-10-29,NASDAQ,4777.79,4815.27,4843.49,4740.33,543996480.0,7.68,5.31,4.75,4.7,65.0,27059.0,1987.0,1.19,110.16,116.15,1682.74,310.27,599.0,0.86,14.0,86.11,9558.0
2002-10-30,NASDAQ,4003.76,4032.65,4050.84,3965.91,304805577.0,-2.89,5.84,10.63,8.6,54.0,4915.0,2136.0,1.18,119.99,103.79,2004.93,332.62,8977.0,5.54,46.0,90.06,11640.0
2002-10-31,NASDAQ,1405.49,1378.86,1447.15,1351.6699999999998,675704817.0,-0.11,1.46,7.65,5.08,115.0,23502.0,1745.0,0.89,99.47,120.24,828.34,376.43,5780.0,6.16,20.0,8.76,4354.0
2002-11-01,NASDAQ,2111.41,2125.33,2148.04,2067.57,828232299.0,-4.54,2.97,2.78,4.81,54.0,16348.0,3587.0,1.38,147.05,104.85,1362.01,217.41,854.0,5.03,2.0,37.37,1100.0
2002-11-02,NASDAQ,2111.41,2125.33,2148.04,2067.57,828232299.0,-4.54,2.97,2.78,4.81,54.0,16348.0,3587.0,1.38,147.05,104.85,1362.01,217.41,854.0,5.03,2.0,37.37,1100.0
2002-11-03,NASDAQ,2728.08,2749.45,2754.82,2716.17,144137711.0,0.93,6.91,8.72,1.38,52.0,25409.0,4833.0,1.06,107.79,148.95,2364.84,400.02,6190.0,0.96,12.0,91.2,8685.0
2002-11-04,NASDAQ,2728.08,2749.45,2754.82,2716.17,144137711.0,0.93,6.91,8.72,1.38,52.0,25409.0,4833.0,1.06,107.79,148.95,2364.84,400.02,6190.0,0.96,12.0,91.2,8685.0
2002-11-05,NASDAQ,2728.08,2749.45,2754.82,2716.17,144137711.0,0.93,6.91,8.72,1.38,52.0,25409.0,4833.0,1.06,107.79,148.95,2364.84,400.02,6190.0,0.96,12.0,91.2,8685.0
2002-11-06,NASDAQ,2728.08,2749.45,2754.82,2716.17,144137711.0,0.93,6.91,8.72,1.38,52.0,25409.0,4833.0,1.06,107.79,148.95,2364.84,400.02,6190.0,0.96,12.0,91.2,8685.0
2002-11-07,NASDAQ,2728.08,2749.45,2754.82,2716.17,144137711.0,0.93,6.91,8.72,1.38,52.0,25409.0,4833.0,1.06,107.79,148.95,2364.84,400.02,6190.0,0.96,12.0,91.2,8685.0
2002-11-08,NASDAQ,2728.08,2749.45,2754.82,2716.17,144137711.0,0.93,6.91,8.72,1.38,52.0,25409.0,4833.0,1.06,107.79,148.95,2364.84,400.02,6190.0,0.96,12.0,91.2,8685.0
2002-11-09,NASDAQ,2728.08,2749.45,2754.82,2716.17,144137711.0,0.93,6.91,8.72,1.38,52.0,25409.0,4833.0,1.06,107.79,148.95,2364.84,400.02,6190.0,0.96,12.0,91.2,8685.0
2002-11-10,NASDAQ,2614.4,2580.49,2627.24,2557.8300000000004,424603191.0,-4.63,4.71,7.94,2.08,76.0,12951.0,955.0,0.81,102.12,77.64,2217.49,290.1,1585.0,8.68,3.0,40.55,6344.0
2002-11-11,NASDAQ,3951.54,3971.57,3994.38,3915.22,267163433.0,6.32,9.73,14.8,3.57,117.0,25016.0,1266.0,1.16,135.7,76.11,2119.48,215.06,2643.0,2.14,23.0,42.92,6821.0
2002-11-12,NASDAQ,3818.22,3844.11,3845.61,3813.44,38145438.0,-2.82,0.76,8.69,1.48,78.0,13568.0,2854.0,0.88,111.15,120.51,2046.57,388.66,4811.0,1.9,41.0,71.84,9250.0
2002-11-13,NASDAQ,3818.22,3844.11,3845.61,3813.44,38145438.0,-2.82,0.76,8.69,1.48,78.0,13568.0,2854.0,0.88,111.15,120.51,2046.57,388.66,4811.0,1.9,41.0,71.84,9250.0
2002-11-14,NASDAQ,3818.22,3844.11,3845.61,3813.44,38145438.0,-2.82,0.76,8.69,1.48,78.0,13568.0,2854.0,0.88,111.15,120.51,2046.57,388.66,4811.0,1.9,41.0,71.84,9250.0
2002-11-15,NASDAQ,2590.45,2621.91,2669.57,2550.03,334594984.0,-1.56,6.01,13.05,9.77,58.0,26374.0,2072.0,0.86,110.66,148.9,1556.99,181.54,8428.0,1.91,27.0,99.9,13527.0
2002-11-16,NASDAQ,2057.11,2100.73,2126.57,2049.11,418802559.0,-2.63,6.29,4.8,7.17,50.0,13708.0,3787.0,1.05,85.66,142.24,1280.8,359.57,2149.0,1.66,37.0,86.44,12659.0
2002-11-17,NASDAQ,2057.11,2100.73,2126.57,2049.11,418802559.0,-2.63,6.29,4.8,7.17,50.0,13708.0,3787.0,1.05,85.66,142.24,1280.8,359.57,2149.0,1.66,37.0,86.44,12659.0
2002-11-18,NASDAQ,2932.16,2977.19,3004.55,2915.67,804307447.0,8.51,1.25,13.46,5.02,116.0,22620.0,3468.0,1.1,88.88,138.61,958.21,125.07,956.0,6.0,41.0,94.0,5524.0
2002-11-19,NASDAQ,2932.16,2977.19,3004.55,2915.67,804307447.0,8.51,1.25,13.46,5.02,116.0,22620.0,3468.0,1.1,88.88,138.61,958.21,125.07,956.0,6.0,41.0,94.0,5524.0
2002-11-20,NASDAQ,2932.16,2977.19,3004.55,2915.67,804307447.0,8.51,1.25,13.46,5.02,116.0,22620.0,3468.0,1.1,88.88,138.61,958.21,125.07,956.0,6.0,41.0,94.0,5524.0
2002-11-21,NASDAQ,2932.16,2977.19,3004.55,2915.67,804307447.0,8.51,1.25,13.46,5.02,116.0,22620.0,3468.0,1.1,88.88,138.61,958.21,125.07,956.0,6.0,41.0,94.0,5524.0
2002-11-22,NASDAQ,2932.16,2977.19,3004.55,2915.67,804307447.0,8.51,1.25,13.46,5.02,116.0,22620.0,3468.0,1.1,88.88,138.61,958.21,125.07,956.0,6.0,41.0,94.0,5524.0
2002-11-23,NASDAQ,2932.16,2977.19,3004.55,2915.67,804307447.0,8.51,1.25,13.46,5.02,116.0,22620.0,3468.0,1.1,88.88,138.61,958.21,125.07,956.0,6.0,41.0,94.0,5524.0
2002-11-24,NASDAQ,2932.16,2977.19,3004.55,2915.67,804307447.0,8.51,1.25,13.46,5.02,116.0,22620.0,3468.0,1.1,88.88,138.61,958.21,125.07,956.0,6.0,41.0,94.0,5524.0
2002-11-25,NASDAQ,2932.16,2977.19,3004.55,2915.67,804307447.0,8.51,1.25,13.46,5.02,116.0,22620.0,3468.0,1.1,88.88,138.61,958.21,125.07,956.0,6.0,41.0,94.0,5524.0
2002-11-26,NASDAQ,2932.16,2977.19,3004.55,2915.67,804307447.0,8.51,1.25,13.46,5.02,116.0,22620.0,3468.0,1.1,88.88,138.61,958.21,125.07,956.0,6.0,41.0,94.0,5524.0
2002-11-27,NASDAQ,2189.16,2179.51,2235.28,2131.89,588423680.0,4.27,6.96,6.62,2.69,108.0,1179.0,1224.0,0.98,96.01,52.59,1023.45,297.12,3545.0,1.77,11.0,32.28,248.0
2002-11-28,NASDAQ,2189.16,2179.51,2235.28,2131.89,588423680.0,4.27,6.96,6.62,2.69,108.0,1179.0,1224.0,0.98,96.01,52.59,1023.45,297.12,3545.0,1.77,11.0,32.28,248.0
2002-11-29,NASDAQ,2189.16,2179.51,2235.28,2131.89,588423680.0,4.27,6.96,6.62,2.69,108.0,1179.0,1224.0,0.98,96.01,52.59,1023.45,297.12,3545.0,1.77,11.0,32.28,248.0
2002-11-30,NASDAQ,3494.6,3501.88,3521.52,3462.26,823104763.0,0.93,9.54,12.12,9.79,117.0,13225.0,1958.0,1.21,132.95,129.72,1111.72,279.72,5604.0,2.83,30.0,51.65,2123.0
2002-12-01,NASDAQ,3494.6,3501.88,3521.52,3462.26,823104763.0,0.93,9.54,12.12,9.79,117.0,13225.0,1958.0,1.21,132.95,129.72,1111.72,279.72,5604.0,2.83,30.0,51.65,2123.0
2002-12-02,NASDAQ,3494.6,3501.88,3521.52,3462.26,823104763.0,0.93,9.54,12.12,9.79,117.0,13225.0,1958.0,1.21,132.95,129.72,1111.72,279.72,5604.0,2.83,30.0,51.65,2123.0
2002-12-03,NASDAQ,3494.6,3501.88,3521.52,3462.26,823104763.0,0.93,9.54,12.12,9.79,117.0,13225.0,1958.0,1.21,132.95,129.72,1111.72,279.72,5604.0,2.83,30.0,51.65,2123.0
2002-12-04,NASDAQ,4860.06,4843.46,4885.31,4794.6,440613349.0,8.27,9.23,5.31,3.23,65.0,11515.0,2100.0,1.32,146.89,110.19,2459.73,295.02,9218.0,6.29,35.0,73.76,6314.0
2002-12-05,NASDAQ,2003.57,1964.25,2005.09,1921.08,394428718.0,-0.97,0.96,7.56,3.62,71.0,509.0,1897.0,1.06,90.76,44.87,2132.62,349.63,8499.0,6.61,11.0,0.4,4792.0
2002-12-06,NASDAQ,3704.11,3677.99,3710.7,3661.84,396545051.0,-1.34,5.03,13.72,4.53,112.0,16487.0,2416.0,1.45,145.7,67.69,1749.12,288.44,5603.0,7.55,15.0,94.69,6893.0
2002-12-07,NASDAQ,3704.11,3677.99,3710.7,3661.84,396545051.0,-1.34,5.03,13.72,4.53,112.0,16487.0,2416.0,1.45,145.7,67.69,1749.12,288.44,5603.0,7.55,15.0,94.69,6893.0
2002-12-08,NASDAQ,3704.11,3677.99,3710.7,3661.84,396545051.0,-1.34,5.03,13.72,4.53,112.0,16487.0,2416.0,1.45,145.7,67.69,1749.12,288.44,5603.0,7.55,15.0,94.69,6893.0
2002-12-09,NASDAQ,3704.11,3677.99,3710.7,3661.84,396545051.0,-1.34,5.03,13.72,4.53,112.0,16487.0,2416.0,1.45,145.7,67.69,1749.12,288.44,5603.0,7.55,15.0,94.69,6893.0
2002-12-10,NASDAQ,2084.39,2080.46,2110.25,2032.57,722973054.0,2.37,3.81,8.15,4.05,74.0,23347.0,3128.0,0.98,125.95,126.83,1310.12,197.04,5984.0,8.24,25.0,96.58,12476.0
2002-12-11,NASDAQ,2084.39,2080.46,2110.25,2032.57,722973054.0,2.37,3.81,8.15,4.05,74.0,23347.0,3128.0,0.98,125.95,126.83,1310.12,197.04,5984.0,8.24,25.0,96.58,12476.0
2002-12-12,NASDAQ,2084.39,2080.46,2110.25,2032.57,722973054.0,2.37,3.81,8.15,4.05,74.0,23347.0,3128.0,0.98,125.95,126.83,1310.12,197.04,5984.0,8.24,25.0,96.58,12476.0
2002-12-13,NASDAQ,2084.39,2080.46,2110.25,2032.57,722973054.0,2.37,3.81,8.15,4.05,74.0,23347.0,3128.0,0.98,125.95,126.83,1310.12,197.04,5984.0,8.24,25.0,96.58,12476.0
2002-12-14,NASDAQ,1423.62,1428.03,1466.19,1396.2299999999998,561864154.0,-2.37,4.09,13.4,5.28,80.0,10878.0,4331.0,1.45,127.5,54.85,1780.62,440.93,8999.0,2.76,19.0,73.9,7061.0
2002-12-15,NASDAQ,1423.62,1428.03,1466.19,1396.2299999999998,561864154.0,-2.37,4.09,13.4,5.28,80.0,10878.0,4331.0,1.45,127.5,54.85,1780.62,440.93,8999.0,2.76,19.0,73.9,7061.0
2002-12-16,NASDAQ,1423.62,1428.03,1466.19,1396.2299999999998,561864154.0,-2.37,4.09,13.4,5.28,80.0,10878.0,4331.0,1.45,127.5,54.85,1780.62,440.93,8999.0,2.76,19.0,73.9,7061.0
2002-12-17,NASDAQ,1423.62,1428.03,1466.19,1396.2299999999998,561864154.0,-2.37,4.09,13.4,5.28,80.0,10878.0,4331.0,1.45,127.5,54.85,1780.62,440.93,8999.0,2.76,19.0,73.9,7061.0
2002-12-18,NASDAQ,1423.62,1428.03,1466.19,1396.2299999999998,561864154.0,-2.37,4.09,13.4,5.28,80.0,10878.0,4331.0,1.45,127.5,54.85,1780.62,440.93,8999.0,2.76,19.0,73.9,7061.0
2002-12-19,NASDAQ,1810.53,1798.26,1827.07,1795.67,183411197.0,5.01,2.55,7.15,6.24,71.0,10719.0,176.0,1.15,91.7,42.67,2128.14,194.15,8221.0,2.48,42.0,59.6,8258.0
2002-12-20,NASDAQ,3350.34,3326.1600000000003,3388.09,3315.61,481374669.0,-3.8,6.01,13.98,7.67,102.0,1956.0,2728.0,1.07,131.55,119.46,2444.56,256.02,4536.0,5.17,32.0,99.37,12510.0
2002-12-21,NASDAQ,3350.34,3326.1600000000003,3388.09,3315.61,481374669.0,-3.8,6.01,13.98,7.67,102.0,1956.0,2728.0,1.07,131.55,119.46,2444.56,256.02,4536.0,5.17,32.0,99.37,12510.0
2002-12-22,NASDAQ,3350.34,3326.1600000000003,3388.09,3315.61,481374669.0,-3.8,6.01,13.98,7.67,102.0,1956.0,2728.0,1.07,131.55,119.46,2444.56,256.02,4536.0,5.17,32.0,99.37,12510.0
2002-12-23,NASDAQ,3350.34,3326.1600000000003,3388.09,3315.61,481374669.0,-3.8,6.01,13.98,7.67,102.0,1956.0,2728.0,1.07,131.55,119.46,2444.56,256.02,4536.0,5.17,32.0,99.37,12510.0
2002-12-24,NASDAQ,3350.34,3326.1600000000003,3388.09,3315.61,481374669.0,-3.8,6.01,13.98,7.67,102.0,1956.0,2728.0,1.07,131.55,119.46,2444.56,256.02,4536.0,5.17,32.0,99.37,12510.0
2002-12-25,NASDAQ,3350.34,3326.1600000000003,3388.09,3315.61,481374669.0,-3.8,6.01,13.98,7.67,102.0,1956.0,2728.0,1.07,131.55,119.46,2444.56,256.02,4536.0,5.17,32.0,99.37,12510.0
2002-12-26,NASDAQ,3350.34,3326.1600000000003,3388.09,3315.61,481374669.0,-3.8,6.01,13.98,7.67,102.0,1956.0,2728.0,1.07,131.55,119.46,2444.56,256.02,4536.0,5.17,32.0,99.37,12510.0
2002-12-27,NASDAQ,2801.02,2792.91,2822.67,2779.26,196862194.0,8.81,3.92,9.24,6.32,51.0,28857.0,3592.0,1.33,137.73,139.0,2155.8,107.86,8662.0,8.87,26.0,31.21,12112.0
2002-12-28,NASDAQ,4830.32,4857.91,4861.46,4818.09,999789343.0,9.6,4.64,6.77,1.92,108.0,8276.0,2343.0,0.94,108.79,86.73,1037.84,377.49,7277.0,2.87,9.0,63.31,7515.0
2002-12-29,NASDAQ,2596.14,2580.01,2620.53,2573.16,744281933.0,4.09,0.76,4.55,4.47,53.0,27362.0,133.0,1.44,120.02,72.1,1988.56,402.32,1908.0,3.88,44.0,62.24,1484.0
2002-12-30,NASDAQ,2596.14,2580.01,2620.53,2573.16,744281933.0,4.09,0.76,4.55,4.47,53.0,27362.0,133.0,1.44,120.02,72.1,1988.56,402.32,1908.0,3.88,44.0,62.24,1484.0
2002-12-31,NASDAQ,2596.14,2580.01,2620.53,2573.16,744281933.0,4.09,0.76,4.55,4.47,53.0,27362.0,133.0,1.44,120.02,72.1,1988.56,402.32,1908.0,3.88,44.0,62.24,1484.0
2003-01-01,NASDAQ,3689.84,3714.04,3757.65,3680.51,391784860.0,-0.07,1.21,9.13,1.37,55.0,15392.0,2555.0,1.09,135.73,122.93,1982.51,293.29,1716.0,1.38,47.0,69.79,6017.0
2003-01-02,NASDAQ,3689.84,3714.04,3757.65,3680.51,391784860.0,-0.07,1.21,9.13,1.37,55.0,15392.0,2555.0,1.09,135.73,122.93,1982.51,293.29,1716.0,1.38,47.0,69.79,6017.0
2003-01-03,NASDAQ,1407.57,1442.82,1447.13,1363.9199999999998,386255537.0,8.74,0.03,13.87,2.04,96.0,8700.0,4732.0,1.46,88.35,71.22,1865.12,391.97,5078.0,9.64,48.0,13.08,14895.0
2003-01-04,NASDAQ,1407.57,1442.82,1447.13,1363.9199999999998,386255537.0,8.74,0.03,13.87,2.04,96.0,8700.0,4732.0,1.46,88.35,71.22,1865.12,391.97,5078.0,9.64,48.0,13.08,14895.0
2003-01-05,NASDAQ,2734.33,2771.77,2790.68,2701.36,399146186.0,8.91,1.06,3.04,9.0,110.0,14200.0,1505.0,1.16,120.11,106.38,2359.56,162.95,970.0,9.34,25.0,5.82,682.0
2003-01-06,NASDAQ,2734.33,2771.77,2790.68,2701.36,399146186.0,8.91,1.06,3.04,9.0,110.0,14200.0,1505.0,1.16,120.11,106.38,2359.56,162.95,970.0,9.34,25.0,5.82,682.0
2003-01-07,NASDAQ,2734.33,2771.77,2790.68,2701.36,399146186.0,8.91,1.06,3.04,9.0,110.0,14200.0,1505.0,1.16,120.11,106.38,2359.56,162.95,970.0,9.34,25.0,5.82,682.0
2003-01-08,NASDAQ,4658.19,4640.11,4674.41,4591.139999999999,542333878.0,-0.54,9.16,3.23,3.46,62.0,20009.0,4638.0,1.22,82.26,46.97,1861.16,439.92,9225.0,0.93,0.0,92.55,9795.0
2003-01-09,NASDAQ,4658.19,4640.11,4674.41,4591.139999999999,542333878.0,-0.54,9.16,3.23,3.46,62.0,20009.0,4638.0,1.22,82.26,46.97,1861.16,439.92,9225.0,0.93,0.0,92.55,9795.0
2003-01-10,NASDAQ,4658.19,4640.11,4674.41,4591.139999999999,542333878.0,-0.54,9.16,3.23,3.46,62.0,20009.0,4638.0,1.22,82.26,46.97,1861.16,439.92,9225.0,0.93,0.0,92.55,9795.0
2003-01-11,NASDAQ,4658.19,4640.11,4674.41,4591.139999999999,542333878.0,-0.54,9.16,3.23,3.46,62.0,20009.0,4638.0,1.22,82.26,46.97,1861.16,439.92,9225.0,0.93,0.0,92.55,9795.0
2003-01-12,NASDAQ,4658.19,4640.11,4674.41,4591.139999999999,542333878.0,-0.54,9.16,3.23,3.46,62.0,20009.0,4638.0,1.22,82.26,46.97,1861.16,439.92,9225.0,0.93,0.0,92.55,9795.0
2003-01-13,NASDAQ,4658.19,4640.11,4674.41,4591.139999999999,542333878.0,-0.54,9.16,3.23,3.46,62.0,20009.0,4638.0,1.22,82.26,46.97,1861.16,439.92,9225.0,0.93,0.0,92.55,9795.0
2003-01-14,NASDAQ,4658.19,4640.11,4674.41,4591.139999999999,542333878.0,-0.54,9.16,3.23,3.46,62.0,20009.0,4638.0,1.22,82.26,46.97,1861.16,439.92,9225.0,0.93,0.0,92.55,9795.0
2003-01-15,NASDAQ,4658.19,4640.11,4674.41,4591.139999999999,542333878.0,-0.54,9.16,3.23,3.46,62.0,20009.0,4638.0,1.22,82.26,46.97,1861.16,439.92,9225.0,0.93,0.0,92.55,9795.0
2003-01-16,NASDAQ,4658.19,4640.11,4674.41,4591.139999999999,542333878.0,-0.54,9.16,3.23,3.46,62.0,20009.0,4638.0,1.22,82.26,46.97,1861.16,439.92,9225.0,0.93,0.0,92.55,9795.0
2003-01-17,NASDAQ,4658.19,4640.11,4674.41,4591.139999999999,542333878.0,-0.54,9.16,3.23,3.46,62.0,20009.0,4638.0,1.22,82.26,46.97,1861.16,439.92,9225.0,0.93,0.0,92.55,9795.0
2003-01-18,NASDAQ,4658.19,4640.11,4674.41,4591.139999999999,542333878.0,-0.54,9.16,3.23,3.46,62.0,20009.0,4638.0,1.22,82.26,46.97,1861.16,439.92,9225.0,0.93,0.0,92.55,9795.0
2003-01-19,NASDAQ,1365.57,1370.05,1393.1,1324.57,440876455.0,3.0,6.66,3.79,8.07,99.0,3214.0,4550.0,0.97,101.37,22.73,2404.37,358.15,2948.0,4.66,31.0,73.06,13479.0
2003-01-20,NASDAQ,1797.08,1774.05,1813.37,1724.27,670698146.0,3.67,4.99,8.08,5.21,64.0,21430.0,3468.0,1.26,95.46,142.12,1171.5,374.43,8573.0,7.45,24.0,59.17,7884.0
2003-01-21,NASDAQ,1797.08,1774.05,1813.37,1724.27,670698146.0,3.67,4.99,8.08,5.21,64.0,21430.0,3468.0,1.26,95.46,142.12,1171.5,374.43,8573.0,7.45,24.0,59.17,7884.0
2003-01-22,NASDAQ,1797.08,1774.05,1813.37,1724.27,670698146.0,3.67,4.99,8.08,5.21,64.0,21430.0,3468.0,1.26,95.46,142.12,1171.5,374.43,8573.0,7.45,24.0,59.17,7884.0
2003-01-23,NASDAQ,1797.08,1774.05,1813.37,1724.27,670698146.0,3.67,4.99,8.08,5.21,64.0,21430.0,3468.0,1.26,95.46,142.12,1171.5,374.43,8573.0,7.45,24.0,59.17,7884.0
2003-01-24,NASDAQ,1797.08,1774.05,1813.37,1724.27,670698146.0,3.67,4.99,8.08,5.21,64.0,21430.0,3468.0,1.26,95.46,142.12,1171.5,374.43,8573.0,7.45,24.0,59.17,7884.0
2003-01-25,NASDAQ,1857.63,1874.84,1917.95,1819.63,74650760.0,8.75,5.0,2.36,3.43,99.0,12498.0,749.0,1.02,115.4,138.78,854.83,257.88,8027.0,4.33,34.0,88.05,7898.0
2003-01-26,NASDAQ,2083.23,2038.43,2127.69,2020.98,94366238.0,2.51,5.29,9.21,6.7,103.0,24520.0,3078.0,0.83,128.9,36.18,1813.39,297.44,9229.0,5.69,15.0,81.36,3205.0
2003-01-27,NASDAQ,2083.23,2038.43,2127.69,2020.98,94366238.0,2.51,5.29,9.21,6.7,103.0,24520.0,3078.0,0.83,128.9,36.18,1813.39,297.44,9229.0,5.69,15.0,81.36,3205.0
2003-01-28,NASDAQ,2083.23,2038.43,2127.69,2020.98,94366238.0,2.51,5.29,9.21,6.7,103.0,24520.0,3078.0,0.83,128.9,36.18,1813.39,297.44,9229.0,5.69,15.0,81.36,3205.0
2003-01-29,NASDAQ,2083.23,2038.43,2127.69,2020.98,94366238.0,2.51,5.29,9.21,6.7,103.0,24520.0,3078.0,0.83,128.9,36.18,1813.39,297.44,9229.0,5.69,15.0,81.36,3205.0
2003-01-30,NASDAQ,3930.93,3961.16,3980.81,3914.55,443056767.0,2.75,4.14,10.73,1.64,82.0,25369.0,2580.0,1.35,110.66,86.73,1246.11,438.47,9470.0,4.78,23.0,21.44,5057.0
2003-01-31,NASDAQ,3930.93,3961.16,3980.81,3914.55,443056767.0,2.75,4.14,10.73,1.64,82.0,25369.0,2580.0,1.35,110.66,86.73,1246.11,438.47,9470.0,4.78,23.0,21.44,5057.0
2003-02-01,NASDAQ,3930.93,3961.16,3980.81,3914.55,443056767.0,2.75,4.14,10.73,1.64,82.0,25369.0,2580.0,1.35,110.66,86.73,1246.11,438.47,9470.0,4.78,23.0,21.44,5057.0
2003-02-02,NASDAQ,3930.93,3961.16,3980.81,3914.55,443056767.0,2.75,4.14,10.73,1.64,82.0,25369.0,2580.0,1.35,110.66,86.73,1246.11,438.47,9470.0,4.78,23.0,21.44,5057.0
2003-02-03,NASDAQ,3930.93,3961.16,3980.81,3914.55,443056767.0,2.75,4.14,10.73,1.64,82.0,25369.0,2580.0,1.35,110.66,86.73,1246.11,438.47,9470.0,4.78,23.0,21.44,5057.0
2003-02-04,NASDAQ,4353.97,4332.4400000000005,4401.5,4309.26,921068765.0,2.87,6.96,7.45,5.81,94.0,13739.0,2073.0,1.02,114.18,130.9,2108.46,357.29,6605.0,9.01,32.0,82.96,13815.0
2003-02-05,NASDAQ,4353.97,4332.4400000000005,4401.5,4309.26,921068765.0,2.87,6.96,7.45,5.81,94.0,13739.0,2073.0,1.02,114.18,130.9,2108.46,357.29,6605.0,9.01,32.0,82.96,13815.0
2003-02-06,NASDAQ,4353.97,4332.4400000000005,4401.5,4309.26,921068765.0,2.87,6.96,7.45,5.81,94.0,13739.0,2073.0,1.02,114.18,130.9,2108.46,357.29,6605.0,9.01,32.0,82.96,13815.0
2003-02-07,NASDAQ,4353.97,4332.4400000000005,4401.5,4309.26,921068765.0,2.87,6.96,7.45,5.81,94.0,13739.0,2073.0,1.02,114.18,130.9,2108.46,357.29,6605.0,9.01,32.0,82.96,13815.0
2003-02-08,NASDAQ,3177.02,3134.77,3190.45,3129.09,95964079.0,-2.26,6.36,6.28,2.22,73.0,21992.0,591.0,1.42,118.23,43.22,2487.05,155.11,7605.0,3.45,20.0,21.61,7273.0
2003-02-09,NASDAQ,3177.02,3134.77,3190.45,3129.09,95964079.0,-2.26,6.36,6.28,2.22,73.0,21992.0,591.0,1.42,118.23,43.22,2487.05,155.11,7605.0,3.45,20.0,21.61,7273.0
2003-02-10,NASDAQ,3177.02,3134.77,3190.45,3129.09,95964079.0,-2.26,6.36,6.28,2.22,73.0,21992.0,591.0,1.42,118.23,43.22,2487.05,155.11,7605.0,3.45,20.0,21.61,7273.0
2003-02-11,NASDAQ,3177.02,3134.77,3190.45,3129.09,95964079.0,-2.26,6.36,6.28,2.22,73.0,21992.0,591.0,1.42,118.23,43.22,2487.05,155.11,7605.0,3.45,20.0,21.61,7273.0
2003-02-12,NASDAQ,3177.02,3134.77,3190.45,3129.09,95964079.0,-2.26,6.36,6.28,2.22,73.0,21992.0,591.0,1.42,118.23,43.22,2487.05,155.11,7605.0,3.45,20.0,21.61,7273.0
2003-02-13,NASDAQ,3177.02,3134.77,3190.45,3129.09,95964079.0,-2.26,6.36,6.28,2.22,73.0,21992.0,591.0,1.42,118.23,43.22,2487.05,155.11,7605.0,3.45,20.0,21.61,7273.0
2003-02-14,NASDAQ,3177.02,3134.77,3190.45,3129.09,95964079.0,-2.26,6.36,6.28,2.22,73.0,21992.0,591.0,1.42,118.23,43.22,2487.05,155.11,7605.0,3.45,20.0,21.61,7273.0
2003-02-15,NASDAQ,3177.02,3134.77,3190.45,3129.09,95964079.0,-2.26,6.36,6.28,2.22,73.0,21992.0,591.0,1.42,118.23,43.22,2487.05,155.11,7605.0,3.45,20.0,21.61,7273.0
2003-02-16,NASDAQ,4683.07,4669.24,4692.99,4621.2,155343923.0,8.49,5.22,14.78,6.9,117.0,11724.0,1091.0,1.42,91.55,23.12,2018.72,288.17,9104.0,8.42,13.0,70.54,14917.0
2003-02-17,NASDAQ,3337.8,3298.6400000000003,3385.88,3265.13,435683187.0,2.79,6.49,2.09,4.02,75.0,25920.0,4306.0,1.3,146.84,70.12,972.99,348.96,4859.0,4.89,17.0,96.41,12810.0
2003-02-18,NASDAQ,3153.33,3190.92,3216.49,3144.57,581804076.0,2.59,3.15,10.24,2.31,103.0,26783.0,1883.0,1.24,112.48,20.77,884.35,360.04,8789.0,5.04,36.0,45.26,5794.0
2003-02-19,NASDAQ,2075.41,2103.73,2140.43,2051.72,89353774.0,-4.07,7.15,11.61,8.26,62.0,18891.0,1284.0,0.85,92.86,24.69,1448.11,136.4,6143.0,0.98,27.0,49.47,7506.0
2003-02-20,NASDAQ,2075.41,2103.73,2140.43,2051.72,89353774.0,-4.07,7.15,11.61,8.26,62.0,18891.0,1284.0,0.85,92.86,24.69,1448.11,136.4,6143.0,0.98,27.0,49.47,7506.0
2003-02-21,NASDAQ,2075.41,2103.73,2140.43,2051.72,89353774.0,-4.07,7.15,11.61,8.26,62.0,18891.0,1284.0,0.85,92.86,24.69,1448.11,136.4,6143.0,0.98,27.0,49.47,7506.0
2003-02-22,NASDAQ,3665.85,3664.59,3686.21,3663.84,564274891.0,2.93,2.92,12.95,4.72,76.0,29510.0,2413.0,1.48,137.13,92.61,1718.22,258.97,3383.0,5.94,6.0,96.13,346.0
2003-02-23,NASDAQ,3665.85,3664.59,3686.21,3663.84,564274891.0,2.93,2.92,12.95,4.72,76.0,29510.0,2413.0,1.48,137.13,92.61,1718.22,258.97,3383.0,5.94,6.0,96.13,346.0
2003-02-24,NASDAQ,2817.38,2862.0,2889.21,2804.8,119723911.0,-1.77,3.72,8.99,3.72,59.0,11659.0,4400.0,1.24,83.14,96.48,843.0,122.09,9641.0,6.02,26.0,40.4,4160.0
2003-02-25,NASDAQ,3520.99,3528.97,3556.14,3499.51,637604879.0,2.91,3.95,2.09,1.35,109.0,12934.0,3838.0,1.49,131.75,28.45,1574.13,332.17,1225.0,0.42,7.0,71.41,6307.0
2003-02-26,NASDAQ,3520.99,3528.97,3556.14,3499.51,637604879.0,2.91,3.95,2.09,1.35,109.0,12934.0,3838.0,1.49,131.75,28.45,1574.13,332.17,1225.0,0.42,7.0,71.41,6307.0
2003-02-27,NASDAQ,3520.99,3528.97,3556.14,3499.51,637604879.0,2.91,3.95,2.09,1.35,109.0,12934.0,3838.0,1.49,131.75,28.45,1574.13,332.17,1225.0,0.42,7.0,71.41,6307.0
2003-02-28,NASDAQ,3520.99,3528.97,3556.14,3499.51,637604879.0,2.91,3.95,2.09,1.35,109.0,12934.0,3838.0,1.49,131.75,28.45,1574.13,332.17,1225.0,0.42,7.0,71.41,6307.0
2003-03-01,NASDAQ,3520.99,3528.97,3556.14,3499.51,637604879.0,2.91,3.95,2.09,1.35,109.0,12934.0,3838.0,1.49,131.75,28.45,1574.13,332.17,1225.0,0.42,7.0,71.41,6307.0
2003-03-02,NASDAQ,3520.99,3528.97,3556.14,3499.51,637604879.0,2.91,3.95,2.09,1.35,109.0,12934.0,3838.0,1.49,131.75,28.45,1574.13,332.17,1225.0,0.42,7.0,71.41,6307.0
2003-03-03,NASDAQ,3520.99,3528.97,3556.14,3499.51,637604879.0,2.91,3.95,2.09,1.35,109.0,12934.0,3838.0,1.49,131.75,28.45,1574.13,332.17,1225.0,0.42,7.0,71.41,6307.0
2003-03-04,NASDAQ,3520.99,3528.97,3556.14,3499.51,637604879.0,2.91,3.95,2.09,1.35,109.0,12934.0,3838.0,1.49,131.75,28.45,1574.13,332.17,1225.0,0.42,7.0,71.41,6307.0
2003-03-05,NASDAQ,3520.99,3528.97,3556.14,3499.51,637604879.0,2.91,3.95,2.09,1.35,109.0,12934.0,3838.0,1.49,131.75,28.45,1574.13,332.17,1225.0,0.42,7.0,71.41,6307.0
2003-03-06,NASDAQ,3520.99,3528.97,3556.14,3499.51,637604879.0,2.91,3.95,2.09,1.35,109.0,12934.0,3838.0,1.49,131.75,28.45,1574.13,332.17,1225.0,0.42,7.0,71.41,6307.0
2003-03-07,NASDAQ,3520.99,3528.97,3556.14,3499.51,637604879.0,2.91,3.95,2.09,1.35,109.0,12934.0,3838.0,1.49,131.75,28.45,1574.13,332.17,1225.0,0.42,7.0,71.41,6307.0
2003-03-08,NASDAQ,1087.65,1067.77,1119.5500000000002,1036.36,325124417.0,8.62,5.19,7.81,4.4,80.0,2764.0,3862.0,1.3,87.9,83.89,945.27,214.03,620.0,5.73,2.0,7.31,8310.0
2003-03-09,NASDAQ,1087.65,1067.77,1119.5500000000002,1036.36,325124417.0,8.62,5.19,7.81,4.4,80.0,2764.0,3862.0,1.3,87.9,83.89,945.27,214.03,620.0,5.73,2.0,7.31,8310.0
2003-03-10,NASDAQ,1087.65,1067.77,1119.5500000000002,1036.36,325124417.0,8.62,5.19,7.81,4.4,80.0,2764.0,3862.0,1.3,87.9,83.89,945.27,214.03,620.0,5.73,2.0,7.31,8310.0
2003-03-11,NASDAQ,1087.65,1067.77,1119.5500000000002,1036.36,325124417.0,8.62,5.19,7.81,4.4,80.0,2764.0,3862.0,1.3,87.9,83.89,945.27,214.03,620.0,5.73,2.0,7.31,8310.0
2003-03-12,NASDAQ,1087.65,1067.77,1119.5500000000002,1036.36,325124417.0,8.62,5.19,7.81,4.4,80.0,2764.0,3862.0,1.3,87.9,83.89,945.27,214.03,620.0,5.73,2.0,7.31,8310.0
2003-03-13,NASDAQ,4708.44,4699.179999999999,4751.139999999999,4656.139999999999,115546552.0,-3.9,2.75,5.44,0.71,64.0,18670.0,133.0,1.43,92.34,23.31,998.98,485.04,7387.0,7.54,5.0,25.02,13766.0
2003-03-14,NASDAQ,4708.44,4699.179999999999,4751.139999999999,4656.139999999999,115546552.0,-3.9,2.75,5.44,0.71,64.0,18670.0,133.0,1.43,92.34,23.31,998.98,485.04,7387.0,7.54,5.0,25.02,13766.0
2003-03-15,NASDAQ,4708.44,4699.179999999999,4751.139999999999,4656.139999999999,115546552.0,-3.9,2.75,5.44,0.71,64.0,18670.0,133.0,1.43,92.34,23.31,998.98,485.04,7387.0,7.54,5.0,25.02,13766.0
2003-03-16,NASDAQ,4708.44,4699.179999999999,4751.139999999999,4656.139999999999,115546552.0,-3.9,2.75,5.44,0.71,64.0,18670.0,133.0,1.43,92.34,23.31,998.98,485.04,7387.0,7.54,5.0,25.02,13766.0
2003-03-17,NASDAQ,4708.44,4699.179999999999,4751.139999999999,4656.139999999999,115546552.0,-3.9,2.75,5.44,0.71,64.0,18670.0,133.0,1.43,92.34,23.31,998.98,485.04,7387.0,7.54,5.0,25.02,13766.0
2003-03-18,NASDAQ,2040.95,2053.53,2096.3,1996.98,276210216.0,4.2,0.72,14.41,4.23,112.0,10569.0,2785.0,1.05,104.51,91.43,1325.17,295.52,2082.0,3.51,23.0,22.55,8083.0
2003-03-19,NASDAQ,1637.97,1593.42,1639.56,1591.46,556221791.0,8.17,8.93,10.91,8.31,73.0,11599.0,1157.0,1.16,149.75,57.12,1913.04,151.35,6739.0,8.87,18.0,48.8,10320.0
2003-03-20,NASDAQ,1641.85,1675.49,1679.29,1592.4499999999998,826189157.0,9.33,6.11,14.05,2.46,93.0,16686.0,4601.0,0.96,105.76,43.24,854.37,202.56,4412.0,6.95,12.0,61.76,6625.0
2003-03-21,NASDAQ,1281.97,1283.16,1296.86,1248.75,126426523.0,3.75,1.16,12.19,8.72,63.0,9071.0,3061.0,0.9,108.89,23.5,1553.17,493.78,5859.0,3.95,42.0,14.45,5990.0
2003-03-22,NASDAQ,1281.97,1283.16,1296.86,1248.75,126426523.0,3.75,1.16,12.19,8.72,63.0,9071.0,3061.0,0.9,108.89,23.5,1553.17,493.78,5859.0,3.95,42.0,14.45,5990.0
2003-03-23,NASDAQ,1281.97,1283.16,1296.86,1248.75,126426523.0,3.75,1.16,12.19,8.72,63.0,9071.0,3061.0,0.9,108.89,23.5,1553.17,493.78,5859.0,3.95,42.0,14.45,5990.0
2003-03-24,NASDAQ,4526.76,4493.84,4566.66,4463.56,321137047.0,5.59,0.6,6.22,6.79,105.0,17577.0,3920.0,1.36,133.44,80.02,1176.29,190.41,3834.0,5.99,31.0,3.87,11838.0
2003-03-25,NASDAQ,4256.5,4226.27,4284.66,4202.030000000001,834309324.0,0.04,6.07,13.0,3.74,83.0,28652.0,3257.0,0.9,116.09,45.19,2294.52,329.38,7840.0,9.88,20.0,86.35,13809.0
2003-03-26,NASDAQ,4256.5,4226.27,4284.66,4202.030000000001,834309324.0,0.04,6.07,13.0,3.74,83.0,28652.0,3257.0,0.9,116.09,45.19,2294.52,329.38,7840.0,9.88,20.0,86.35,13809.0
2003-03-27,NASDAQ,1441.73,1451.08,1472.55,1427.83,441805045.0,-2.85,7.49,7.87,7.47,105.0,29221.0,3862.0,0.87,118.96,144.61,2248.8,177.24,769.0,1.02,45.0,78.13,8270.0
2003-03-28,NASDAQ,1441.73,1451.08,1472.55,1427.83,441805045.0,-2.85,7.49,7.87,7.47,105.0,29221.0,3862.0,0.87,118.96,144.61,2248.8,177.24,769.0,1.02,45.0,78.13,8270.0
2003-03-29,NASDAQ,2239.23,2200.86,2244.93,2173.36,793572031.0,-4.32,8.62,12.3,2.41,110.0,11082.0,706.0,1.37,103.25,67.25,1398.49,238.34,1745.0,2.57,28.0,32.28,11515.0
2003-03-30,NASDAQ,1999.83,2046.84,2080.65,1979.16,100658278.0,8.53,3.43,5.71,8.17,89.0,23909.0,2455.0,1.02,128.6,25.05,2348.34,316.69,9721.0,9.62,32.0,44.43,9943.0
2003-03-31,NASDAQ,1999.83,2046.84,2080.65,1979.16,100658278.0,8.53,3.43,5.71,8.17,89.0,23909.0,2455.0,1.02,128.6,25.05,2348.34,316.69,9721.0,9.62,32.0,44.43,9943.0
2003-04-01,NASDAQ,1999.83,2046.84,2080.65,1979.16,100658278.0,8.53,3.43,5.71,8.17,89.0,23909.0,2455.0,1.02,128.6,25.05,2348.34,316.69,9721.0,9.62,32.0,44.43,9943.0
2003-04-02,NASDAQ,1999.83,2046.84,2080.65,1979.16,100658278.0,8.53,3.43,5.71,8.17,89.0,23909.0,2455.0,1.02,128.6,25.05,2348.34,316.69,9721.0,9.62,32.0,44.43,9943.0
2003-04-03,NASDAQ,1999.83,2046.84,2080.65,1979.16,100658278.0,8.53,3.43,5.71,8.17,89.0,23909.0,2455.0,1.02,128.6,25.05,2348.34,316.69,9721.0,9.62,32.0,44.43,9943.0
2003-04-04,NASDAQ,1999.83,2046.84,2080.65,1979.16,100658278.0,8.53,3.43,5.71,8.17,89.0,23909.0,2455.0,1.02,128.6,25.05,2348.34,316.69,9721.0,9.62,32.0,44.43,9943.0
2003-04-05,NASDAQ,1999.83,2046.84,2080.65,1979.16,100658278.0,8.53,3.43,5.71,8.17,89.0,23909.0,2455.0,1.02,128.6,25.05,2348.34,316.69,9721.0,9.62,32.0,44.43,9943.0
2003-04-06,NASDAQ,1999.83,2046.84,2080.65,1979.16,100658278.0,8.53,3.43,5.71,8.17,89.0,23909.0,2455.0,1.02,128.6,25.05,2348.34,316.69,9721.0,9.62,32.0,44.43,9943.0
2003-04-07,NASDAQ,4655.15,4669.429999999999,4670.209999999999,4643.48,76559156.0,9.26,0.18,5.78,1.9,100.0,11663.0,3833.0,1.12,106.69,57.25,1159.75,378.48,7519.0,4.61,49.0,20.05,6747.0
2003-04-08,NASDAQ,4655.15,4669.429999999999,4670.209999999999,4643.48,76559156.0,9.26,0.18,5.78,1.9,100.0,11663.0,3833.0,1.12,106.69,57.25,1159.75,378.48,7519.0,4.61,49.0,20.05,6747.0
2003-04-09,NASDAQ,4655.15,4669.429999999999,4670.209999999999,4643.48,76559156.0,9.26,0.18,5.78,1.9,100.0,11663.0,3833.0,1.12,106.69,57.25,1159.75,378.48,7519.0,4.61,49.0,20.05,6747.0
2003-04-10,NASDAQ,2417.7,2436.89,2478.75,2402.14,35092321.0,5.23,1.96,7.84,7.03,73.0,10204.0,475.0,0.85,125.43,77.08,1624.05,420.17,2958.0,9.41,32.0,13.59,14727.0
2003-04-11,NASDAQ,2417.7,2436.89,2478.75,2402.14,35092321.0,5.23,1.96,7.84,7.03,73.0,10204.0,475.0,0.85,125.43,77.08,1624.05,420.17,2958.0,9.41,32.0,13.59,14727.0
2003-04-12,NASDAQ,4764.48,4738.82,4801.419999999999,4698.54,507201199.0,8.59,8.97,3.23,3.7,112.0,22362.0,3810.0,1.09,138.86,142.45,819.57,161.59,2850.0,2.8,33.0,96.53,13552.0
2003-04-13,NASDAQ,4764.48,4738.82,4801.419999999999,4698.54,507201199.0,8.59,8.97,3.23,3.7,112.0,22362.0,3810.0,1.09,138.86,142.45,819.57,161.59,2850.0,2.8,33.0,96.53,13552.0
2003-04-14,NASDAQ,4764.48,4738.82,4801.419999999999,4698.54,507201199.0,8.59,8.97,3.23,3.7,112.0,22362.0,3810.0,1.09,138.86,142.45,819.57,161.59,2850.0,2.8,33.0,96.53,13552.0
2003-04-15,NASDAQ,2570.92,2528.17,2599.4500000000003,2494.19,861890997.0,-4.82,3.17,10.49,4.24,73.0,6148.0,3655.0,0.95,108.91,29.43,2236.86,448.35,1586.0,3.47,46.0,63.35,5052.0
2003-04-16,NASDAQ,2570.92,2528.17,2599.4500000000003,2494.19,861890997.0,-4.82,3.17,10.49,4.24,73.0,6148.0,3655.0,0.95,108.91,29.43,2236.86,448.35,1586.0,3.47,46.0,63.35,5052.0
2003-04-17,NASDAQ,3012.53,3002.78,3034.6800000000003,2963.15,930765780.0,-4.07,9.3,3.87,1.9,69.0,19341.0,171.0,0.86,144.86,105.04,1722.54,436.87,3471.0,5.39,5.0,19.24,12472.0
2003-04-18,NASDAQ,3012.53,3002.78,3034.6800000000003,2963.15,930765780.0,-4.07,9.3,3.87,1.9,69.0,19341.0,171.0,0.86,144.86,105.04,1722.54,436.87,3471.0,5.39,5.0,19.24,12472.0
2003-04-19,NASDAQ,3012.53,3002.78,3034.6800000000003,2963.15,930765780.0,-4.07,9.3,3.87,1.9,69.0,19341.0,171.0,0.86,144.86,105.04,1722.54,436.87,3471.0,5.39,5.0,19.24,12472.0
2003-04-20,NASDAQ,3012.53,3002.78,3034.6800000000003,2963.15,930765780.0,-4.07,9.3,3.87,1.9,69.0,19341.0,171.0,0.86,144.86,105.04,1722.54,436.87,3471.0,5.39,5.0,19.24,12472.0
2003-04-21,NASDAQ,4351.63,4396.42,4400.22,4351.0,311798927.0,2.91,3.97,10.97,5.2,114.0,16450.0,4166.0,1.16,142.07,100.3,1618.36,262.44,2469.0,5.64,27.0,73.51,11781.0
2003-04-22,NASDAQ,4351.63,4396.42,4400.22,4351.0,311798927.0,2.91,3.97,10.97,5.2,114.0,16450.0,4166.0,1.16,142.07,100.3,1618.36,262.44,2469.0,5.64,27.0,73.51,11781.0
2003-04-23,NASDAQ,4351.63,4396.42,4400.22,4351.0,311798927.0,2.91,3.97,10.97,5.2,114.0,16450.0,4166.0,1.16,142.07,100.3,1618.36,262.44,2469.0,5.64,27.0,73.51,11781.0
2003-04-24,NASDAQ,2756.84,2747.07,2796.44,2729.48,210705348.0,2.66,4.67,3.96,6.56,88.0,16205.0,828.0,1.34,117.67,52.46,2259.18,444.91,3870.0,0.62,39.0,66.55,2274.0
2003-04-25,NASDAQ,3442.19,3397.31,3471.34,3385.68,939185119.0,-3.81,6.72,14.24,5.65,56.0,918.0,2379.0,1.18,134.35,116.23,2006.37,445.75,7668.0,9.02,33.0,44.83,7200.0
2003-04-26,NASDAQ,1641.46,1641.11,1686.91,1610.2700000000002,862948687.0,3.81,2.61,10.07,2.59,103.0,16622.0,1652.0,1.34,101.05,59.94,1293.82,443.81,1191.0,0.48,47.0,6.93,11314.0
2003-04-27,NASDAQ,1641.46,1641.11,1686.91,1610.2700000000002,862948687.0,3.81,2.61,10.07,2.59,103.0,16622.0,1652.0,1.34,101.05,59.94,1293.82,443.81,1191.0,0.48,47.0,6.93,11314.0
2003-04-28,NASDAQ,1641.46,1641.11,1686.91,1610.2700000000002,862948687.0,3.81,2.61,10.07,2.59,103.0,16622.0,1652.0,1.34,101.05,59.94,1293.82,443.81,1191.0,0.48,47.0,6.93,11314.0
2003-04-29,NASDAQ,1641.46,1641.11,1686.91,1610.2700000000002,862948687.0,3.81,2.61,10.07,2.59,103.0,16622.0,1652.0,1.34,101.05,59.94,1293.82,443.81,1191.0,0.48,47.0,6.93,11314.0
2003-04-30,NASDAQ,1641.46,1641.11,1686.91,1610.2700000000002,862948687.0,3.81,2.61,10.07,2.59,103.0,16622.0,1652.0,1.34,101.05,59.94,1293.82,443.81,1191.0,0.48,47.0,6.93,11314.0
2003-05-01,NASDAQ,1470.21,1500.53,1517.0,1448.07,849251894.0,-4.57,2.71,7.17,6.92,76.0,29948.0,3206.0,0.8,105.93,91.14,2054.13,422.5,9954.0,4.5,33.0,0.87,12128.0
2003-05-02,NASDAQ,1470.21,1500.53,1517.0,1448.07,849251894.0,-4.57,2.71,7.17,6.92,76.0,29948.0,3206.0,0.8,105.93,91.14,2054.13,422.5,9954.0,4.5,33.0,0.87,12128.0
2003-05-03,NASDAQ,1470.21,1500.53,1517.0,1448.07,849251894.0,-4.57,2.71,7.17,6.92,76.0,29948.0,3206.0,0.8,105.93,91.14,2054.13,422.5,9954.0,4.5,33.0,0.87,12128.0
2003-05-04,NASDAQ,1470.21,1500.53,1517.0,1448.07,849251894.0,-4.57,2.71,7.17,6.92,76.0,29948.0,3206.0,0.8,105.93,91.14,2054.13,422.5,9954.0,4.5,33.0,0.87,12128.0
2003-05-05,NASDAQ,1470.21,1500.53,1517.0,1448.07,849251894.0,-4.57,2.71,7.17,6.92,76.0,29948.0,3206.0,0.8,105.93,91.14,2054.13,422.5,9954.0,4.5,33.0,0.87,12128.0
2003-05-06,NASDAQ,1470.21,1500.53,1517.0,1448.07,849251894.0,-4.57,2.71,7.17,6.92,76.0,29948.0,3206.0,0.8,105.93,91.14,2054.13,422.5,9954.0,4.5,33.0,0.87,12128.0
2003-05-07,NASDAQ,1470.21,1500.53,1517.0,1448.07,849251894.0,-4.57,2.71,7.17,6.92,76.0,29948.0,3206.0,0.8,105.93,91.14,2054.13,422.5,9954.0,4.5,33.0,0.87,12128.0
2003-05-08,NASDAQ,1470.21,1500.53,1517.0,1448.07,849251894.0,-4.57,2.71,7.17,6.92,76.0,29948.0,3206.0,0.8,105.93,91.14,2054.13,422.5,9954.0,4.5,33.0,0.87,12128.0
2003-05-09,NASDAQ,1470.21,1500.53,1517.0,1448.07,849251894.0,-4.57,2.71,7.17,6.92,76.0,29948.0,3206.0,0.8,105.93,91.14,2054.13,422.5,9954.0,4.5,33.0,0.87,12128.0
2003-05-10,NASDAQ,1662.99,1623.57,1707.96,1584.33,71920510.0,8.59,9.91,14.63,8.52,115.0,6013.0,4182.0,1.32,126.17,90.71,1173.06,317.46,2254.0,1.44,42.0,26.71,14944.0
2003-05-11,NASDAQ,1662.99,1623.57,1707.96,1584.33,71920510.0,8.59,9.91,14.63,8.52,115.0,6013.0,4182.0,1.32,126.17,90.71,1173.06,317.46,2254.0,1.44,42.0,26.71,14944.0
2003-05-12,NASDAQ,1662.99,1623.57,1707.96,1584.33,71920510.0,8.59,9.91,14.63,8.52,115.0,6013.0,4182.0,1.32,126.17,90.71,1173.06,317.46,2254.0,1.44,42.0,26.71,14944.0
2003-05-13,NASDAQ,2417.09,2465.6800000000003,2510.2000000000003,2412.9700000000003,394742041.0,6.17,8.59,12.65,1.25,78.0,16430.0,609.0,1.39,135.11,109.72,1980.9,200.37,6179.0,9.94,27.0,10.94,1387.0
2003-05-14,NASDAQ,2417.09,2465.6800000000003,2510.2000000000003,2412.9700000000003,394742041.0,6.17,8.59,12.65,1.25,78.0,16430.0,609.0,1.39,135.11,109.72,1980.9,200.37,6179.0,9.94,27.0,10.94,1387.0
2003-05-15,NASDAQ,2417.09,2465.6800000000003,2510.2000000000003,2412.9700000000003,394742041.0,6.17,8.59,12.65,1.25,78.0,16430.0,609.0,1.39,135.11,109.72,1980.9,200.37,6179.0,9.94,27.0,10.94,1387.0
2003-05-16,NASDAQ,2417.09,2465.6800000000003,2510.2000000000003,2412.9700000000003,394742041.0,6.17,8.59,12.65,1.25,78.0,16430.0,609.0,1.39,135.11,109.72,1980.9,200.37,6179.0,9.94,27.0,10.94,1387.0
2003-05-17,NASDAQ,2417.09,2465.6800000000003,2510.2000000000003,2412.9700000000003,394742041.0,6.17,8.59,12.65,1.25,78.0,16430.0,609.0,1.39,135.11,109.72,1980.9,200.37,6179.0,9.94,27.0,10.94,1387.0
2003-05-18,NASDAQ,1981.41,1986.82,2033.2200000000005,1975.84,154036780.0,-0.08,0.1,7.37,9.74,58.0,24478.0,3343.0,1.13,130.84,108.18,1549.83,301.09,5162.0,4.74,16.0,12.75,12622.0
2003-05-19,NASDAQ,1981.41,1986.82,2033.2200000000005,1975.84,154036780.0,-0.08,0.1,7.37,9.74,58.0,24478.0,3343.0,1.13,130.84,108.18,1549.83,301.09,5162.0,4.74,16.0,12.75,12622.0
2003-05-20,NASDAQ,2564.13,2552.0,2600.85,2528.35,666260777.0,8.46,3.92,11.28,2.87,115.0,29283.0,1037.0,1.07,92.27,124.91,1099.14,332.41,4506.0,5.08,46.0,33.01,6501.0
2003-05-21,NASDAQ,1936.81,1971.12,1989.48,1888.38,166253065.0,-4.74,2.41,2.39,5.11,108.0,27751.0,3127.0,1.47,141.67,147.11,2125.5,442.64,2412.0,9.1,38.0,89.15,6260.0
2003-05-22,NASDAQ,1936.81,1971.12,1989.48,1888.38,166253065.0,-4.74,2.41,2.39,5.11,108.0,27751.0,3127.0,1.47,141.67,147.11,2125.5,442.64,2412.0,9.1,38.0,89.15,6260.0
2003-05-23,NASDAQ,4839.45,4854.52,4859.549999999999,4794.54,627589562.0,9.32,5.3,9.91,7.78,92.0,19681.0,2882.0,1.28,94.24,30.02,2206.38,396.1,2758.0,1.2,13.0,79.1,11012.0
2003-05-24,NASDAQ,4839.45,4854.52,4859.549999999999,4794.54,627589562.0,9.32,5.3,9.91,7.78,92.0,19681.0,2882.0,1.28,94.24,30.02,2206.38,396.1,2758.0,1.2,13.0,79.1,11012.0
2003-05-25,NASDAQ,3227.51,3266.9100000000003,3301.4100000000003,3177.9100000000003,228795791.0,9.91,7.96,12.08,4.68,79.0,19015.0,2074.0,0.86,82.17,116.31,2224.5,268.27,1600.0,1.29,15.0,80.31,1856.0
2003-05-26,NASDAQ,3227.51,3266.9100000000003,3301.4100000000003,3177.9100000000003,228795791.0,9.91,7.96,12.08,4.68,79.0,19015.0,2074.0,0.86,82.17,116.31,2224.5,268.27,1600.0,1.29,15.0,80.31,1856.0
2003-05-27,NASDAQ,3227.51,3266.9100000000003,3301.4100000000003,3177.9100000000003,228795791.0,9.91,7.96,12.08,4.68,79.0,19015.0,2074.0,0.86,82.17,116.31,2224.5,268.27,1600.0,1.29,15.0,80.31,1856.0
2003-05-28,NASDAQ,3227.51,3266.9100000000003,3301.4100000000003,3177.9100000000003,228795791.0,9.91,7.96,12.08,4.68,79.0,19015.0,2074.0,0.86,82.17,116.31,2224.5,268.27,1600.0,1.29,15.0,80.31,1856.0
2003-05-29,NASDAQ,3227.51,3266.9100000000003,3301.4100000000003,3177.9100000000003,228795791.0,9.91,7.96,12.08,4.68,79.0,19015.0,2074.0,0.86,82.17,116.31,2224.5,268.27,1600.0,1.29,15.0,80.31,1856.0
2003-05-30,NASDAQ,3227.51,3266.9100000000003,3301.4100000000003,3177.9100000000003,228795791.0,9.91,7.96,12.08,4.68,79.0,19015.0,2074.0,0.86,82.17,116.31,2224.5,268.27,1600.0,1.29,15.0,80.31,1856.0
2003-05-31,NASDAQ,3227.51,3266.9100000000003,3301.4100000000003,3177.9100000000003,228795791.0,9.91,7.96,12.08,4.68,79.0,19015.0,2074.0,0.86,82.17,116.31,2224.5,268.27,1600.0,1.29,15.0,80.31,1856.0
2003-06-01,NASDAQ,3000.45,2967.13,3024.91,2965.47,540677211.0,-0.97,2.09,6.24,9.06,112.0,13832.0,2775.0,1.16,116.38,131.96,1438.58,488.12,8291.0,2.57,25.0,64.66,11152.0
2003-06-02,NASDAQ,3000.45,2967.13,3024.91,2965.47,540677211.0,-0.97,2.09,6.24,9.06,112.0,13832.0,2775.0,1.16,116.38,131.96,1438.58,488.12,8291.0,2.57,25.0,64.66,11152.0
2003-06-03,NASDAQ,3000.45,2967.13,3024.91,2965.47,540677211.0,-0.97,2.09,6.24,9.06,112.0,13832.0,2775.0,1.16,116.38,131.96,1438.58,488.12,8291.0,2.57,25.0,64.66,11152.0
2003-06-04,NASDAQ,3525.68,3484.29,3541.06,3435.79,544512316.0,4.5,7.27,9.11,1.95,85.0,3862.0,752.0,1.5,122.32,133.7,1338.42,246.11,4247.0,7.18,43.0,96.62,494.0
2003-06-05,NASDAQ,3525.68,3484.29,3541.06,3435.79,544512316.0,4.5,7.27,9.11,1.95,85.0,3862.0,752.0,1.5,122.32,133.7,1338.42,246.11,4247.0,7.18,43.0,96.62,494.0
2003-06-06,NASDAQ,3525.68,3484.29,3541.06,3435.79,544512316.0,4.5,7.27,9.11,1.95,85.0,3862.0,752.0,1.5,122.32,133.7,1338.42,246.11,4247.0,7.18,43.0,96.62,494.0
2003-06-07,NASDAQ,3525.68,3484.29,3541.06,3435.79,544512316.0,4.5,7.27,9.11,1.95,85.0,3862.0,752.0,1.5,122.32,133.7,1338.42,246.11,4247.0,7.18,43.0,96.62,494.0
2003-06-08,NASDAQ,3525.68,3484.29,3541.06,3435.79,544512316.0,4.5,7.27,9.11,1.95,85.0,3862.0,752.0,1.5,122.32,133.7,1338.42,246.11,4247.0,7.18,43.0,96.62,494.0
2003-06-09,NASDAQ,3525.68,3484.29,3541.06,3435.79,544512316.0,4.5,7.27,9.11,1.95,85.0,3862.0,752.0,1.5,122.32,133.7,1338.42,246.11,4247.0,7.18,43.0,96.62,494.0
2003-06-10,NASDAQ,3525.68,3484.29,3541.06,3435.79,544512316.0,4.5,7.27,9.11,1.95,85.0,3862.0,752.0,1.5,122.32,133.7,1338.42,246.11,4247.0,7.18,43.0,96.62,494.0
2003-06-11,NASDAQ,3768.29,3780.25,3792.36,3752.56,798036857.0,-4.76,3.56,10.79,9.79,98.0,16232.0,4832.0,1.29,84.16,34.37,2195.12,269.93,9648.0,6.85,28.0,71.5,14941.0
2003-06-12,NASDAQ,1825.01,1841.36,1849.81,1796.95,236977902.0,7.8,4.34,11.05,8.35,113.0,8405.0,1659.0,1.47,95.13,91.63,851.17,341.2,1719.0,4.96,48.0,90.16,5901.0
2003-06-13,NASDAQ,2567.44,2601.07,2639.81,2540.76,65609985.0,2.82,2.61,11.48,7.42,112.0,20987.0,4227.0,1.04,84.42,92.1,1394.41,347.23,1970.0,0.92,39.0,28.38,8895.0
2003-06-14,NASDAQ,2567.44,2601.07,2639.81,2540.76,65609985.0,2.82,2.61,11.48,7.42,112.0,20987.0,4227.0,1.04,84.42,92.1,1394.41,347.23,1970.0,0.92,39.0,28.38,8895.0
2003-06-15,NASDAQ,2567.44,2601.07,2639.81,2540.76,65609985.0,2.82,2.61,11.48,7.42,112.0,20987.0,4227.0,1.04,84.42,92.1,1394.41,347.23,1970.0,0.92,39.0,28.38,8895.0
2003-06-16,NASDAQ,2567.44,2601.07,2639.81,2540.76,65609985.0,2.82,2.61,11.48,7.42,112.0,20987.0,4227.0,1.04,84.42,92.1,1394.41,347.23,1970.0,0.92,39.0,28.38,8895.0
2003-06-17,NASDAQ,2567.44,2601.07,2639.81,2540.76,65609985.0,2.82,2.61,11.48,7.42,112.0,20987.0,4227.0,1.04,84.42,92.1,1394.41,347.23,1970.0,0.92,39.0,28.38,8895.0
2003-06-18,NASDAQ,2567.44,2601.07,2639.81,2540.76,65609985.0,2.82,2.61,11.48,7.42,112.0,20987.0,4227.0,1.04,84.42,92.1,1394.41,347.23,1970.0,0.92,39.0,28.38,8895.0
2003-06-19,NASDAQ,2567.44,2601.07,2639.81,2540.76,65609985.0,2.82,2.61,11.48,7.42,112.0,20987.0,4227.0,1.04,84.42,92.1,1394.41,347.23,1970.0,0.92,39.0,28.38,8895.0
2003-06-20,NASDAQ,1276.18,1276.27,1278.51,1257.61,181174538.0,7.19,7.65,10.93,7.4,108.0,24436.0,1743.0,1.27,80.78,34.69,1804.04,287.52,9150.0,7.88,14.0,11.68,10023.0
2003-06-21,NASDAQ,2897.02,2945.16,2959.98,2895.05,96564537.0,6.16,7.31,8.69,6.79,71.0,22083.0,123.0,1.39,111.55,141.1,1453.05,458.56,9069.0,6.56,42.0,55.2,3313.0
2003-06-22,NASDAQ,2897.02,2945.16,2959.98,2895.05,96564537.0,6.16,7.31,8.69,6.79,71.0,22083.0,123.0,1.39,111.55,141.1,1453.05,458.56,9069.0,6.56,42.0,55.2,3313.0
2003-06-23,NASDAQ,2897.02,2945.16,2959.98,2895.05,96564537.0,6.16,7.31,8.69,6.79,71.0,22083.0,123.0,1.39,111.55,141.1,1453.05,458.56,9069.0,6.56,42.0,55.2,3313.0
2003-06-24,NASDAQ,2897.02,2945.16,2959.98,2895.05,96564537.0,6.16,7.31,8.69,6.79,71.0,22083.0,123.0,1.39,111.55,141.1,1453.05,458.56,9069.0,6.56,42.0,55.2,3313.0
2003-06-25,NASDAQ,2897.02,2945.16,2959.98,2895.05,96564537.0,6.16,7.31,8.69,6.79,71.0,22083.0,123.0,1.39,111.55,141.1,1453.05,458.56,9069.0,6.56,42.0,55.2,3313.0
2003-06-26,NASDAQ,2897.02,2945.16,2959.98,2895.05,96564537.0,6.16,7.31,8.69,6.79,71.0,22083.0,123.0,1.39,111.55,141.1,1453.05,458.56,9069.0,6.56,42.0,55.2,3313.0
2003-06-27,NASDAQ,2897.02,2945.16,2959.98,2895.05,96564537.0,6.16,7.31,8.69,6.79,71.0,22083.0,123.0,1.39,111.55,141.1,1453.05,458.56,9069.0,6.56,42.0,55.2,3313.0
2003-06-28,NASDAQ,3142.63,3147.57,3166.63,3107.27,785829133.0,-1.55,8.51,11.21,4.48,73.0,17165.0,844.0,0.87,114.64,75.04,1969.25,392.45,492.0,7.25,23.0,59.26,9658.0
2003-06-29,NASDAQ,3142.63,3147.57,3166.63,3107.27,785829133.0,-1.55,8.51,11.21,4.48,73.0,17165.0,844.0,0.87,114.64,75.04,1969.25,392.45,492.0,7.25,23.0,59.26,9658.0
2003-06-30,NASDAQ,3142.63,3147.57,3166.63,3107.27,785829133.0,-1.55,8.51,11.21,4.48,73.0,17165.0,844.0,0.87,114.64,75.04,1969.25,392.45,492.0,7.25,23.0,59.26,9658.0
2003-07-01,NASDAQ,3142.63,3147.57,3166.63,3107.27,785829133.0,-1.55,8.51,11.21,4.48,73.0,17165.0,844.0,0.87,114.64,75.04,1969.25,392.45,492.0,7.25,23.0,59.26,9658.0
2003-07-02,NASDAQ,3142.63,3147.57,3166.63,3107.27,785829133.0,-1.55,8.51,11.21,4.48,73.0,17165.0,844.0,0.87,114.64,75.04,1969.25,392.45,492.0,7.25,23.0,59.26,9658.0
2003-07-03,NASDAQ,2334.51,2368.88,2370.07,2300.9300000000003,49410427.0,5.56,1.15,11.88,0.63,52.0,7484.0,3989.0,1.0,105.82,88.21,1359.39,282.75,7601.0,4.66,47.0,17.56,4090.0
2003-07-04,NASDAQ,4166.23,4135.719999999999,4170.219999999999,4116.259999999999,755315491.0,4.93,7.45,5.12,9.05,80.0,4094.0,1722.0,0.85,136.37,98.6,2252.52,248.87,8775.0,2.66,28.0,12.26,13072.0
2003-07-05,NASDAQ,4166.23,4135.719999999999,4170.219999999999,4116.259999999999,755315491.0,4.93,7.45,5.12,9.05,80.0,4094.0,1722.0,0.85,136.37,98.6,2252.52,248.87,8775.0,2.66,28.0,12.26,13072.0
2003-07-06,NASDAQ,4166.23,4135.719999999999,4170.219999999999,4116.259999999999,755315491.0,4.93,7.45,5.12,9.05,80.0,4094.0,1722.0,0.85,136.37,98.6,2252.52,248.87,8775.0,2.66,28.0,12.26,13072.0
2003-07-07,NASDAQ,4166.23,4135.719999999999,4170.219999999999,4116.259999999999,755315491.0,4.93,7.45,5.12,9.05,80.0,4094.0,1722.0,0.85,136.37,98.6,2252.52,248.87,8775.0,2.66,28.0,12.26,13072.0
2003-07-08,NASDAQ,4166.23,4135.719999999999,4170.219999999999,4116.259999999999,755315491.0,4.93,7.45,5.12,9.05,80.0,4094.0,1722.0,0.85,136.37,98.6,2252.52,248.87,8775.0,2.66,28.0,12.26,13072.0
2003-07-09,NASDAQ,2865.24,2835.99,2907.56,2821.4,342021362.0,-0.72,2.17,3.47,3.56,109.0,27968.0,253.0,1.1,122.6,135.99,2105.58,148.52,1743.0,1.68,17.0,56.62,12888.0
2003-07-10,NASDAQ,2865.24,2835.99,2907.56,2821.4,342021362.0,-0.72,2.17,3.47,3.56,109.0,27968.0,253.0,1.1,122.6,135.99,2105.58,148.52,1743.0,1.68,17.0,56.62,12888.0
2003-07-11,NASDAQ,2551.3,2588.07,2618.6200000000003,2513.1000000000004,820446546.0,1.74,1.3,14.03,8.55,119.0,21614.0,2414.0,0.8,128.77,53.8,1755.26,421.93,4932.0,9.31,1.0,15.97,1445.0
2003-07-12,NASDAQ,2551.3,2588.07,2618.6200000000003,2513.1000000000004,820446546.0,1.74,1.3,14.03,8.55,119.0,21614.0,2414.0,0.8,128.77,53.8,1755.26,421.93,4932.0,9.31,1.0,15.97,1445.0
2003-07-13,NASDAQ,4607.1,4653.76,4673.97,4603.030000000001,246585222.0,5.23,0.88,5.07,6.59,107.0,2620.0,2402.0,1.04,146.87,75.22,2115.56,244.1,2569.0,7.35,40.0,45.95,2515.0
2003-07-14,NASDAQ,4607.1,4653.76,4673.97,4603.030000000001,246585222.0,5.23,0.88,5.07,6.59,107.0,2620.0,2402.0,1.04,146.87,75.22,2115.56,244.1,2569.0,7.35,40.0,45.95,2515.0
2003-07-15,NASDAQ,4607.1,4653.76,4673.97,4603.030000000001,246585222.0,5.23,0.88,5.07,6.59,107.0,2620.0,2402.0,1.04,146.87,75.22,2115.56,244.1,2569.0,7.35,40.0,45.95,2515.0
2003-07-16,NASDAQ,4509.4,4498.339999999999,4536.839999999999,4477.819999999999,245260798.0,-4.07,7.07,13.71,7.9,95.0,1285.0,716.0,1.49,100.39,80.18,1162.41,412.76,682.0,4.36,23.0,0.72,4604.0
2003-07-17,NASDAQ,2557.62,2602.79,2629.71,2508.2,828827054.0,8.46,8.7,12.24,5.25,93.0,24657.0,3149.0,1.02,145.61,38.9,1723.9,103.73,4219.0,6.77,1.0,49.49,11124.0
2003-07-18,NASDAQ,3167.04,3149.01,3195.29,3125.52,536993476.0,-4.43,7.85,2.96,2.52,74.0,1437.0,4743.0,1.22,113.8,112.24,1293.29,273.26,972.0,1.01,43.0,62.71,14081.0
2003-07-19,NASDAQ,3167.04,3149.01,3195.29,3125.52,536993476.0,-4.43,7.85,2.96,2.52,74.0,1437.0,4743.0,1.22,113.8,112.24,1293.29,273.26,972.0,1.01,43.0,62.71,14081.0
2003-07-20,NASDAQ,1266.26,1304.39,1349.5,1221.7,84187277.0,4.97,1.02,6.39,1.98,95.0,28787.0,2557.0,1.16,119.61,90.51,2071.76,223.31,8264.0,0.33,27.0,6.92,3906.0
2003-07-21,NASDAQ,3593.27,3578.29,3637.06,3553.74,566951676.0,9.13,7.1,12.21,2.31,112.0,9948.0,1711.0,1.21,145.15,98.6,1190.4,144.87,3821.0,9.02,33.0,53.54,7894.0
2003-07-22,NASDAQ,1296.42,1254.75,1336.49,1224.79,147180451.0,-2.01,3.63,7.33,6.45,61.0,3612.0,4341.0,0.93,101.58,128.75,1890.28,270.8,9784.0,5.74,11.0,54.8,7009.0
2003-07-23,NASDAQ,1296.42,1254.75,1336.49,1224.79,147180451.0,-2.01,3.63,7.33,6.45,61.0,3612.0,4341.0,0.93,101.58,128.75,1890.28,270.8,9784.0,5.74,11.0,54.8,7009.0
2003-07-24,NASDAQ,1296.42,1254.75,1336.49,1224.79,147180451.0,-2.01,3.63,7.33,6.45,61.0,3612.0,4341.0,0.93,101.58,128.75,1890.28,270.8,9784.0,5.74,11.0,54.8,7009.0
2003-07-25,NASDAQ,1296.42,1254.75,1336.49,1224.79,147180451.0,-2.01,3.63,7.33,6.45,61.0,3612.0,4341.0,0.93,101.58,128.75,1890.28,270.8,9784.0,5.74,11.0,54.8,7009.0
2003-07-26,NASDAQ,1296.42,1254.75,1336.49,1224.79,147180451.0,-2.01,3.63,7.33,6.45,61.0,3612.0,4341.0,0.93,101.58,128.75,1890.28,270.8,9784.0,5.74,11.0,54.8,7009.0
2003-07-27,NASDAQ,1296.42,1254.75,1336.49,1224.79,147180451.0,-2.01,3.63,7.33,6.45,61.0,3612.0,4341.0,0.93,101.58,128.75,1890.28,270.8,9784.0,5.74,11.0,54.8,7009.0
2003-07-28,NASDAQ,1296.42,1254.75,1336.49,1224.79,147180451.0,-2.01,3.63,7.33,6.45,61.0,3612.0,4341.0,0.93,101.58,128.75,1890.28,270.8,9784.0,5.74,11.0,54.8,7009.0
2003-07-29,NASDAQ,1296.42,1254.75,1336.49,1224.79,147180451.0,-2.01,3.63,7.33,6.45,61.0,3612.0,4341.0,0.93,101.58,128.75,1890.28,270.8,9784.0,5.74,11.0,54.8,7009.0
2003-07-30,NASDAQ,2402.08,2396.39,2409.03,2382.69,52578953.0,-2.56,3.55,13.69,9.14,114.0,6671.0,1231.0,1.0,149.69,31.05,1396.52,114.35,5271.0,4.11,20.0,52.74,14298.0
2003-07-31,NASDAQ,2490.13,2477.75,2502.75,2452.49,363286590.0,6.01,5.8,2.89,2.72,71.0,8961.0,2092.0,1.18,109.51,102.03,1243.84,145.31,2405.0,7.93,45.0,76.49,4146.0
2003-08-01,NASDAQ,2490.13,2477.75,2502.75,2452.49,363286590.0,6.01,5.8,2.89,2.72,71.0,8961.0,2092.0,1.18,109.51,102.03,1243.84,145.31,2405.0,7.93,45.0,76.49,4146.0
2003-08-02,NASDAQ,2478.3,2480.8900000000003,2489.13,2469.6800000000003,514701448.0,1.38,0.63,6.16,6.52,108.0,6541.0,812.0,0.82,85.25,63.96,1559.74,414.39,8697.0,4.94,33.0,27.95,8067.0
2003-08-03,NASDAQ,2856.95,2887.83,2905.4,2820.97,317395621.0,8.87,5.93,7.65,1.41,78.0,27197.0,3261.0,1.29,138.21,96.12,1666.95,261.95,1754.0,1.27,3.0,60.46,464.0
2003-08-04,NASDAQ,2856.95,2887.83,2905.4,2820.97,317395621.0,8.87,5.93,7.65,1.41,78.0,27197.0,3261.0,1.29,138.21,96.12,1666.95,261.95,1754.0,1.27,3.0,60.46,464.0
2003-08-05,NASDAQ,2856.95,2887.83,2905.4,2820.97,317395621.0,8.87,5.93,7.65,1.41,78.0,27197.0,3261.0,1.29,138.21,96.12,1666.95,261.95,1754.0,1.27,3.0,60.46,464.0
2003-08-06,NASDAQ,2856.95,2887.83,2905.4,2820.97,317395621.0,8.87,5.93,7.65,1.41,78.0,27197.0,3261.0,1.29,138.21,96.12,1666.95,261.95,1754.0,1.27,3.0,60.46,464.0
2003-08-07,NASDAQ,1033.45,1010.39,1051.84,994.7,26792704.0,6.93,9.5,8.47,9.92,81.0,28929.0,4967.0,1.4,103.63,86.06,1552.66,244.17,3873.0,7.8,49.0,53.72,9590.0
2003-08-08,NASDAQ,1033.45,1010.39,1051.84,994.7,26792704.0,6.93,9.5,8.47,9.92,81.0,28929.0,4967.0,1.4,103.63,86.06,1552.66,244.17,3873.0,7.8,49.0,53.72,9590.0
2003-08-09,NASDAQ,1033.45,1010.39,1051.84,994.7,26792704.0,6.93,9.5,8.47,9.92,81.0,28929.0,4967.0,1.4,103.63,86.06,1552.66,244.17,3873.0,7.8,49.0,53.72,9590.0
2003-08-10,NASDAQ,1033.45,1010.39,1051.84,994.7,26792704.0,6.93,9.5,8.47,9.92,81.0,28929.0,4967.0,1.4,103.63,86.06,1552.66,244.17,3873.0,7.8,49.0,53.72,9590.0
2003-08-11,NASDAQ,1033.45,1010.39,1051.84,994.7,26792704.0,6.93,9.5,8.47,9.92,81.0,28929.0,4967.0,1.4,103.63,86.06,1552.66,244.17,3873.0,7.8,49.0,53.72,9590.0
2003-08-12,NASDAQ,1033.45,1010.39,1051.84,994.7,26792704.0,6.93,9.5,8.47,9.92,81.0,28929.0,4967.0,1.4,103.63,86.06,1552.66,244.17,3873.0,7.8,49.0,53.72,9590.0
2003-08-13,NASDAQ,1033.45,1010.39,1051.84,994.7,26792704.0,6.93,9.5,8.47,9.92,81.0,28929.0,4967.0,1.4,103.63,86.06,1552.66,244.17,3873.0,7.8,49.0,53.72,9590.0
2003-08-14,NASDAQ,1033.45,1010.39,1051.84,994.7,26792704.0,6.93,9.5,8.47,9.92,81.0,28929.0,4967.0,1.4,103.63,86.06,1552.66,244.17,3873.0,7.8,49.0,53.72,9590.0
2003-08-15,NASDAQ,1033.45,1010.39,1051.84,994.7,26792704.0,6.93,9.5,8.47,9.92,81.0,28929.0,4967.0,1.4,103.63,86.06,1552.66,244.17,3873.0,7.8,49.0,53.72,9590.0
2003-08-16,NASDAQ,1033.45,1010.39,1051.84,994.7,26792704.0,6.93,9.5,8.47,9.92,81.0,28929.0,4967.0,1.4,103.63,86.06,1552.66,244.17,3873.0,7.8,49.0,53.72,9590.0
2003-08-17,NASDAQ,1033.45,1010.39,1051.84,994.7,26792704.0,6.93,9.5,8.47,9.92,81.0,28929.0,4967.0,1.4,103.63,86.06,1552.66,244.17,3873.0,7.8,49.0,53.72,9590.0
2003-08-18,NASDAQ,4127.84,4085.99,4136.96,4075.94,584901802.0,5.94,0.92,6.21,4.35,87.0,25498.0,586.0,1.25,123.16,126.78,1822.31,141.71,2534.0,5.85,15.0,16.95,11535.0
2003-08-19,NASDAQ,4127.84,4085.99,4136.96,4075.94,584901802.0,5.94,0.92,6.21,4.35,87.0,25498.0,586.0,1.25,123.16,126.78,1822.31,141.71,2534.0,5.85,15.0,16.95,11535.0
2003-08-20,NASDAQ,4127.84,4085.99,4136.96,4075.94,584901802.0,5.94,0.92,6.21,4.35,87.0,25498.0,586.0,1.25,123.16,126.78,1822.31,141.71,2534.0,5.85,15.0,16.95,11535.0
2003-08-21,NASDAQ,4127.84,4085.99,4136.96,4075.94,584901802.0,5.94,0.92,6.21,4.35,87.0,25498.0,586.0,1.25,123.16,126.78,1822.31,141.71,2534.0,5.85,15.0,16.95,11535.0
2003-08-22,NASDAQ,4127.84,4085.99,4136.96,4075.94,584901802.0,5.94,0.92,6.21,4.35,87.0,25498.0,586.0,1.25,123.16,126.78,1822.31,141.71,2534.0,5.85,15.0,16.95,11535.0
2003-08-23,NASDAQ,4127.84,4085.99,4136.96,4075.94,584901802.0,5.94,0.92,6.21,4.35,87.0,25498.0,586.0,1.25,123.16,126.78,1822.31,141.71,2534.0,5.85,15.0,16.95,11535.0
2003-08-24,NASDAQ,4127.84,4085.99,4136.96,4075.94,584901802.0,5.94,0.92,6.21,4.35,87.0,25498.0,586.0,1.25,123.16,126.78,1822.31,141.71,2534.0,5.85,15.0,16.95,11535.0
2003-08-25,NASDAQ,4127.84,4085.99,4136.96,4075.94,584901802.0,5.94,0.92,6.21,4.35,87.0,25498.0,586.0,1.25,123.16,126.78,1822.31,141.71,2534.0,5.85,15.0,16.95,11535.0
2003-08-26,NASDAQ,1679.52,1683.33,1705.39,1635.4,577801069.0,-3.82,4.82,6.37,1.02,61.0,13755.0,2501.0,0.87,149.33,60.11,2400.99,267.81,1873.0,2.61,4.0,72.65,4579.0
2003-08-27,NASDAQ,1679.52,1683.33,1705.39,1635.4,577801069.0,-3.82,4.82,6.37,1.02,61.0,13755.0,2501.0,0.87,149.33,60.11,2400.99,267.81,1873.0,2.61,4.0,72.65,4579.0
2003-08-28,NASDAQ,4561.64,4535.950000000001,4580.96,4518.820000000001,785389743.0,9.37,5.22,7.02,7.6,56.0,21514.0,3171.0,1.27,93.49,29.49,1620.38,366.13,9916.0,1.7,9.0,79.61,13213.0
2003-08-29,NASDAQ,3999.91,4024.39,4034.95,3994.63,285561744.0,-3.75,9.53,8.97,6.04,51.0,28805.0,2416.0,0.85,83.67,112.91,1182.96,433.25,7269.0,2.72,13.0,67.33,14336.0
2003-08-30,NASDAQ,3999.91,4024.39,4034.95,3994.63,285561744.0,-3.75,9.53,8.97,6.04,51.0,28805.0,2416.0,0.85,83.67,112.91,1182.96,433.25,7269.0,2.72,13.0,67.33,14336.0
2003-08-31,NASDAQ,3999.91,4024.39,4034.95,3994.63,285561744.0,-3.75,9.53,8.97,6.04,51.0,28805.0,2416.0,0.85,83.67,112.91,1182.96,433.25,7269.0,2.72,13.0,67.33,14336.0
2003-09-01,NASDAQ,3388.62,3384.69,3404.15,3345.03,817028769.0,9.67,1.28,5.82,3.52,78.0,4400.0,406.0,1.47,94.68,104.82,1473.12,108.94,4342.0,6.08,43.0,89.35,2755.0
2003-09-02,NASDAQ,3388.62,3384.69,3404.15,3345.03,817028769.0,9.67,1.28,5.82,3.52,78.0,4400.0,406.0,1.47,94.68,104.82,1473.12,108.94,4342.0,6.08,43.0,89.35,2755.0
2003-09-03,NASDAQ,4556.51,4531.26,4590.21,4498.27,402340150.0,-2.56,7.73,4.79,3.76,94.0,8962.0,2685.0,1.44,143.94,84.79,1017.69,167.76,1571.0,3.9,24.0,20.0,14454.0
2003-09-04,NASDAQ,4556.51,4531.26,4590.21,4498.27,402340150.0,-2.56,7.73,4.79,3.76,94.0,8962.0,2685.0,1.44,143.94,84.79,1017.69,167.76,1571.0,3.9,24.0,20.0,14454.0
2003-09-05,NASDAQ,4556.51,4531.26,4590.21,4498.27,402340150.0,-2.56,7.73,4.79,3.76,94.0,8962.0,2685.0,1.44,143.94,84.79,1017.69,167.76,1571.0,3.9,24.0,20.0,14454.0
2003-09-06,NASDAQ,1625.91,1658.36,1696.45,1592.8100000000002,999129180.0,8.68,5.02,5.95,7.55,88.0,6113.0,1813.0,1.4,139.87,40.92,1421.77,209.78,9406.0,7.97,4.0,37.32,5272.0
2003-09-07,NASDAQ,1625.91,1658.36,1696.45,1592.8100000000002,999129180.0,8.68,5.02,5.95,7.55,88.0,6113.0,1813.0,1.4,139.87,40.92,1421.77,209.78,9406.0,7.97,4.0,37.32,5272.0
2003-09-08,NASDAQ,3865.59,3822.9,3915.51,3782.3,411322927.0,6.49,1.94,14.5,8.89,57.0,29634.0,1683.0,1.05,97.75,129.82,2411.26,454.2,9463.0,0.33,26.0,20.94,11336.0
2003-09-09,NASDAQ,3865.59,3822.9,3915.51,3782.3,411322927.0,6.49,1.94,14.5,8.89,57.0,29634.0,1683.0,1.05,97.75,129.82,2411.26,454.2,9463.0,0.33,26.0,20.94,11336.0
2003-09-10,NASDAQ,3865.59,3822.9,3915.51,3782.3,411322927.0,6.49,1.94,14.5,8.89,57.0,29634.0,1683.0,1.05,97.75,129.82,2411.26,454.2,9463.0,0.33,26.0,20.94,11336.0
2003-09-11,NASDAQ,3865.59,3822.9,3915.51,3782.3,411322927.0,6.49,1.94,14.5,8.89,57.0,29634.0,1683.0,1.05,97.75,129.82,2411.26,454.2,9463.0,0.33,26.0,20.94,11336.0
2003-09-12,NASDAQ,3865.59,3822.9,3915.51,3782.3,411322927.0,6.49,1.94,14.5,8.89,57.0,29634.0,1683.0,1.05,97.75,129.82,2411.26,454.2,9463.0,0.33,26.0,20.94,11336.0
2003-09-13,NASDAQ,3865.59,3822.9,3915.51,3782.3,411322927.0,6.49,1.94,14.5,8.89,57.0,29634.0,1683.0,1.05,97.75,129.82,2411.26,454.2,9463.0,0.33,26.0,20.94,11336.0
2003-09-14,NASDAQ,3865.59,3822.9,3915.51,3782.3,411322927.0,6.49,1.94,14.5,8.89,57.0,29634.0,1683.0,1.05,97.75,129.82,2411.26,454.2,9463.0,0.33,26.0,20.94,11336.0
2003-09-15,NASDAQ,3865.59,3822.9,3915.51,3782.3,411322927.0,6.49,1.94,14.5,8.89,57.0,29634.0,1683.0,1.05,97.75,129.82,2411.26,454.2,9463.0,0.33,26.0,20.94,11336.0
2003-09-16,NASDAQ,3865.59,3822.9,3915.51,3782.3,411322927.0,6.49,1.94,14.5,8.89,57.0,29634.0,1683.0,1.05,97.75,129.82,2411.26,454.2,9463.0,0.33,26.0,20.94,11336.0
2003-09-17,NASDAQ,1751.68,1793.76,1797.67,1724.8200000000002,343879021.0,-0.58,3.22,9.0,4.49,119.0,8191.0,3241.0,1.48,81.67,134.67,1486.62,122.25,5820.0,1.81,11.0,58.56,13243.0
2003-09-18,NASDAQ,1307.89,1354.73,1394.14,1297.3100000000002,657487064.0,7.03,8.15,12.97,8.26,76.0,942.0,2877.0,0.98,85.69,94.94,2226.05,150.92,958.0,2.76,40.0,17.39,1087.0
2003-09-19,NASDAQ,1307.89,1354.73,1394.14,1297.3100000000002,657487064.0,7.03,8.15,12.97,8.26,76.0,942.0,2877.0,0.98,85.69,94.94,2226.05,150.92,958.0,2.76,40.0,17.39,1087.0
2003-09-20,NASDAQ,1307.89,1354.73,1394.14,1297.3100000000002,657487064.0,7.03,8.15,12.97,8.26,76.0,942.0,2877.0,0.98,85.69,94.94,2226.05,150.92,958.0,2.76,40.0,17.39,1087.0
2003-09-21,NASDAQ,1307.89,1354.73,1394.14,1297.3100000000002,657487064.0,7.03,8.15,12.97,8.26,76.0,942.0,2877.0,0.98,85.69,94.94,2226.05,150.92,958.0,2.76,40.0,17.39,1087.0
2003-09-22,NASDAQ,1307.89,1354.73,1394.14,1297.3100000000002,657487064.0,7.03,8.15,12.97,8.26,76.0,942.0,2877.0,0.98,85.69,94.94,2226.05,150.92,958.0,2.76,40.0,17.39,1087.0
2003-09-23,NASDAQ,4184.97,4141.46,4210.97,4102.72,784521373.0,-1.34,0.2,12.49,5.42,116.0,28003.0,4466.0,0.81,97.16,75.08,2237.06,154.86,1922.0,6.37,26.0,40.31,6389.0
2003-09-24,NASDAQ,4184.97,4141.46,4210.97,4102.72,784521373.0,-1.34,0.2,12.49,5.42,116.0,28003.0,4466.0,0.81,97.16,75.08,2237.06,154.86,1922.0,6.37,26.0,40.31,6389.0
2003-09-25,NASDAQ,3769.44,3743.46,3790.4,3711.8,943015732.0,-3.51,0.9,11.22,7.97,114.0,16309.0,2714.0,1.06,132.5,123.5,1925.12,392.0,645.0,6.44,20.0,65.58,10853.0
2003-09-26,NASDAQ,3769.44,3743.46,3790.4,3711.8,943015732.0,-3.51,0.9,11.22,7.97,114.0,16309.0,2714.0,1.06,132.5,123.5,1925.12,392.0,645.0,6.44,20.0,65.58,10853.0
2003-09-27,NASDAQ,3769.44,3743.46,3790.4,3711.8,943015732.0,-3.51,0.9,11.22,7.97,114.0,16309.0,2714.0,1.06,132.5,123.5,1925.12,392.0,645.0,6.44,20.0,65.58,10853.0
2003-09-28,NASDAQ,3769.44,3743.46,3790.4,3711.8,943015732.0,-3.51,0.9,11.22,7.97,114.0,16309.0,2714.0,1.06,132.5,123.5,1925.12,392.0,645.0,6.44,20.0,65.58,10853.0
2003-09-29,NASDAQ,3769.44,3743.46,3790.4,3711.8,943015732.0,-3.51,0.9,11.22,7.97,114.0,16309.0,2714.0,1.06,132.5,123.5,1925.12,392.0,645.0,6.44,20.0,65.58,10853.0
2003-09-30,NASDAQ,3769.44,3743.46,3790.4,3711.8,943015732.0,-3.51,0.9,11.22,7.97,114.0,16309.0,2714.0,1.06,132.5,123.5,1925.12,392.0,645.0,6.44,20.0,65.58,10853.0
2003-10-01,NASDAQ,1763.71,1764.08,1803.65,1749.63,760078337.0,-0.58,3.4,3.36,9.61,93.0,1394.0,443.0,1.22,133.07,132.65,1643.8,420.34,8756.0,5.09,27.0,77.53,8338.0
2003-10-02,NASDAQ,3778.56,3811.58,3840.65,3736.52,649690360.0,-4.89,8.96,12.35,7.6,54.0,12594.0,3581.0,1.16,99.42,103.92,2177.67,479.41,6544.0,0.96,23.0,30.77,599.0
2003-10-03,NASDAQ,3778.56,3811.58,3840.65,3736.52,649690360.0,-4.89,8.96,12.35,7.6,54.0,12594.0,3581.0,1.16,99.42,103.92,2177.67,479.41,6544.0,0.96,23.0,30.77,599.0
2003-10-04,NASDAQ,3381.21,3365.05,3390.8,3345.2200000000003,264893638.0,-0.78,7.9,2.76,2.83,114.0,2510.0,555.0,1.0,97.16,91.46,1145.5,499.81,2058.0,2.69,30.0,68.22,7858.0
2003-10-05,NASDAQ,3381.21,3365.05,3390.8,3345.2200000000003,264893638.0,-0.78,7.9,2.76,2.83,114.0,2510.0,555.0,1.0,97.16,91.46,1145.5,499.81,2058.0,2.69,30.0,68.22,7858.0
2003-10-06,NASDAQ,3381.21,3365.05,3390.8,3345.2200000000003,264893638.0,-0.78,7.9,2.76,2.83,114.0,2510.0,555.0,1.0,97.16,91.46,1145.5,499.81,2058.0,2.69,30.0,68.22,7858.0
2003-10-07,NASDAQ,4259.76,4230.6900000000005,4263.54,4185.1,267180743.0,-3.94,5.75,3.65,8.51,55.0,21877.0,3015.0,0.86,136.23,45.55,2424.91,162.98,8648.0,7.19,20.0,23.15,4624.0
2003-10-08,NASDAQ,4112.1,4066.04,4124.43,4028.49,100778655.0,2.07,7.59,10.73,3.88,115.0,29266.0,2510.0,0.8,144.55,46.73,1708.6,281.52,2478.0,3.67,28.0,33.27,13176.0
2003-10-09,NASDAQ,4112.1,4066.04,4124.43,4028.49,100778655.0,2.07,7.59,10.73,3.88,115.0,29266.0,2510.0,0.8,144.55,46.73,1708.6,281.52,2478.0,3.67,28.0,33.27,13176.0
2003-10-10,NASDAQ,1750.89,1783.65,1804.12,1715.16,809090997.0,-3.61,4.93,3.43,8.4,88.0,28291.0,1517.0,0.85,145.28,78.93,2246.74,340.98,984.0,1.37,41.0,89.63,5251.0
2003-10-11,NASDAQ,1353.54,1400.33,1444.15,1327.18,511546193.0,0.66,9.01,6.56,1.36,78.0,24692.0,770.0,1.06,123.19,86.04,2293.3,211.82,6685.0,0.68,0.0,68.07,2133.0
2003-10-12,NASDAQ,1353.54,1400.33,1444.15,1327.18,511546193.0,0.66,9.01,6.56,1.36,78.0,24692.0,770.0,1.06,123.19,86.04,2293.3,211.82,6685.0,0.68,0.0,68.07,2133.0
2003-10-13,NASDAQ,2473.39,2483.44,2484.03,2457.74,461725101.0,3.04,0.47,13.0,9.54,80.0,29680.0,4656.0,0.91,142.11,73.61,844.19,481.72,6443.0,4.01,41.0,87.96,9461.0
2003-10-14,NASDAQ,2473.39,2483.44,2484.03,2457.74,461725101.0,3.04,0.47,13.0,9.54,80.0,29680.0,4656.0,0.91,142.11,73.61,844.19,481.72,6443.0,4.01,41.0,87.96,9461.0
2003-10-15,NASDAQ,2473.39,2483.44,2484.03,2457.74,461725101.0,3.04,0.47,13.0,9.54,80.0,29680.0,4656.0,0.91,142.11,73.61,844.19,481.72,6443.0,4.01,41.0,87.96,9461.0
2003-10-16,NASDAQ,2038.31,2012.98,2057.11,1988.5,376443304.0,-2.95,1.72,5.15,7.7,69.0,9737.0,507.0,0.91,80.81,93.1,2017.59,318.16,9682.0,5.9,13.0,52.79,10957.0
2003-10-17,NASDAQ,2038.31,2012.98,2057.11,1988.5,376443304.0,-2.95,1.72,5.15,7.7,69.0,9737.0,507.0,0.91,80.81,93.1,2017.59,318.16,9682.0,5.9,13.0,52.79,10957.0
2003-10-18,NASDAQ,2038.31,2012.98,2057.11,1988.5,376443304.0,-2.95,1.72,5.15,7.7,69.0,9737.0,507.0,0.91,80.81,93.1,2017.59,318.16,9682.0,5.9,13.0,52.79,10957.0
2003-10-19,NASDAQ,1973.59,1979.32,2024.94,1935.8,241112916.0,8.34,3.47,5.66,5.17,110.0,3434.0,242.0,1.25,100.26,59.2,2242.57,117.02,4874.0,6.71,31.0,80.57,3512.0
2003-10-20,NASDAQ,1973.59,1979.32,2024.94,1935.8,241112916.0,8.34,3.47,5.66,5.17,110.0,3434.0,242.0,1.25,100.26,59.2,2242.57,117.02,4874.0,6.71,31.0,80.57,3512.0
2003-10-21,NASDAQ,1155.92,1133.9,1179.03,1085.97,763060649.0,8.41,4.82,11.56,4.4,90.0,13071.0,819.0,1.16,90.86,98.78,1388.83,330.22,153.0,4.6,11.0,47.85,403.0
2003-10-22,NASDAQ,1155.92,1133.9,1179.03,1085.97,763060649.0,8.41,4.82,11.56,4.4,90.0,13071.0,819.0,1.16,90.86,98.78,1388.83,330.22,153.0,4.6,11.0,47.85,403.0
2003-10-23,NASDAQ,1155.92,1133.9,1179.03,1085.97,763060649.0,8.41,4.82,11.56,4.4,90.0,13071.0,819.0,1.16,90.86,98.78,1388.83,330.22,153.0,4.6,11.0,47.85,403.0
2003-10-24,NASDAQ,1155.92,1133.9,1179.03,1085.97,763060649.0,8.41,4.82,11.56,4.4,90.0,13071.0,819.0,1.16,90.86,98.78,1388.83,330.22,153.0,4.6,11.0,47.85,403.0
2003-10-25,NASDAQ,1155.92,1133.9,1179.03,1085.97,763060649.0,8.41,4.82,11.56,4.4,90.0,13071.0,819.0,1.16,90.86,98.78,1388.83,330.22,153.0,4.6,11.0,47.85,403.0
2003-10-26,NASDAQ,2301.16,2320.5,2356.85,2257.6,891345844.0,5.73,2.3,14.21,1.1,92.0,14964.0,3388.0,1.5,125.36,112.68,1452.78,279.08,9545.0,7.29,23.0,61.65,633.0
2003-10-27,NASDAQ,4603.84,4652.900000000001,4671.8,4562.47,653846205.0,8.92,4.14,14.89,4.38,53.0,18287.0,872.0,1.31,89.2,144.78,1368.19,380.27,9621.0,5.89,43.0,50.02,10907.0
2003-10-28,NASDAQ,4603.84,4652.900000000001,4671.8,4562.47,653846205.0,8.92,4.14,14.89,4.38,53.0,18287.0,872.0,1.31,89.2,144.78,1368.19,380.27,9621.0,5.89,43.0,50.02,10907.0
2003-10-29,NASDAQ,4301.66,4301.48,4302.12,4271.469999999999,868915538.0,4.14,1.36,5.74,1.88,108.0,20830.0,1168.0,1.25,99.25,147.44,1377.17,363.63,5459.0,0.53,42.0,94.47,6281.0
2003-10-30,NASDAQ,4379.49,4362.44,4402.52,4354.629999999999,454474286.0,-3.26,3.2,12.28,5.77,90.0,16757.0,3803.0,1.44,135.0,32.36,1599.18,295.33,5752.0,0.18,43.0,8.88,2678.0
2003-10-31,NASDAQ,1996.03,1990.09,2020.45,1963.31,396603519.0,-0.63,3.42,4.07,6.95,110.0,29151.0,4323.0,1.46,100.13,77.65,1944.34,344.29,1180.0,0.47,31.0,65.9,8182.0
2003-11-01,NASDAQ,1996.03,1990.09,2020.45,1963.31,396603519.0,-0.63,3.42,4.07,6.95,110.0,29151.0,4323.0,1.46,100.13,77.65,1944.34,344.29,1180.0,0.47,31.0,65.9,8182.0
2003-11-02,NASDAQ,1996.03,1990.09,2020.45,1963.31,396603519.0,-0.63,3.42,4.07,6.95,110.0,29151.0,4323.0,1.46,100.13,77.65,1944.34,344.29,1180.0,0.47,31.0,65.9,8182.0
2003-11-03,NASDAQ,1379.67,1417.91,1432.61,1353.27,853776093.0,-3.6,9.72,7.64,9.16,79.0,11212.0,2753.0,1.46,88.35,43.2,1624.16,439.62,2365.0,7.01,21.0,80.94,10197.0
2003-11-04,NASDAQ,1379.67,1417.91,1432.61,1353.27,853776093.0,-3.6,9.72,7.64,9.16,79.0,11212.0,2753.0,1.46,88.35,43.2,1624.16,439.62,2365.0,7.01,21.0,80.94,10197.0
2003-11-05,NASDAQ,1379.67,1417.91,1432.61,1353.27,853776093.0,-3.6,9.72,7.64,9.16,79.0,11212.0,2753.0,1.46,88.35,43.2,1624.16,439.62,2365.0,7.01,21.0,80.94,10197.0
2003-11-06,NASDAQ,1379.67,1417.91,1432.61,1353.27,853776093.0,-3.6,9.72,7.64,9.16,79.0,11212.0,2753.0,1.46,88.35,43.2,1624.16,439.62,2365.0,7.01,21.0,80.94,10197.0
2003-11-07,NASDAQ,4226.66,4265.52,4285.879999999999,4223.07,221754362.0,-0.53,3.2,3.63,6.13,72.0,16825.0,1658.0,1.22,84.22,78.09,981.2,116.92,4761.0,3.02,26.0,91.25,3997.0
2003-11-08,NASDAQ,4432.09,4415.0,4443.7,4412.82,816273870.0,2.03,3.26,5.6,0.76,86.0,1946.0,230.0,1.29,104.93,70.51,1389.12,185.4,7811.0,8.87,38.0,43.75,1052.0
2003-11-09,NASDAQ,4432.09,4415.0,4443.7,4412.82,816273870.0,2.03,3.26,5.6,0.76,86.0,1946.0,230.0,1.29,104.93,70.51,1389.12,185.4,7811.0,8.87,38.0,43.75,1052.0
2003-11-10,NASDAQ,1965.99,1967.2,1977.14,1917.44,95026053.0,6.84,5.31,6.94,1.99,94.0,20850.0,4699.0,1.27,105.05,88.49,1441.89,442.17,5761.0,6.45,45.0,48.62,13917.0
2003-11-11,NASDAQ,1965.99,1967.2,1977.14,1917.44,95026053.0,6.84,5.31,6.94,1.99,94.0,20850.0,4699.0,1.27,105.05,88.49,1441.89,442.17,5761.0,6.45,45.0,48.62,13917.0
2003-11-12,NASDAQ,2644.77,2599.55,2652.64,2566.8,72530109.0,7.81,1.49,11.28,2.96,98.0,27443.0,2331.0,0.97,104.8,33.0,2180.61,351.22,6211.0,0.6,40.0,11.58,13843.0
2003-11-13,NASDAQ,1520.32,1505.54,1553.87,1461.53,331689340.0,7.04,0.22,10.61,4.81,96.0,27181.0,925.0,0.89,101.67,81.29,1785.6,486.7,5615.0,1.0,30.0,26.27,9790.0
2003-11-14,NASDAQ,1520.32,1505.54,1553.87,1461.53,331689340.0,7.04,0.22,10.61,4.81,96.0,27181.0,925.0,0.89,101.67,81.29,1785.6,486.7,5615.0,1.0,30.0,26.27,9790.0
2003-11-15,NASDAQ,1520.32,1505.54,1553.87,1461.53,331689340.0,7.04,0.22,10.61,4.81,96.0,27181.0,925.0,0.89,101.67,81.29,1785.6,486.7,5615.0,1.0,30.0,26.27,9790.0
2003-11-16,NASDAQ,1520.32,1505.54,1553.87,1461.53,331689340.0,7.04,0.22,10.61,4.81,96.0,27181.0,925.0,0.89,101.67,81.29,1785.6,486.7,5615.0,1.0,30.0,26.27,9790.0
2003-11-17,NASDAQ,3264.72,3257.2,3268.26,3252.14,108482006.0,1.67,1.12,5.54,8.82,72.0,3529.0,4326.0,1.3,90.25,55.73,1343.97,271.51,6129.0,5.48,31.0,74.54,3675.0
2003-11-18,NASDAQ,2251.11,2239.67,2281.02,2234.06,107821964.0,0.08,7.24,3.9,5.51,66.0,8732.0,796.0,1.21,116.28,145.46,1774.82,428.94,6389.0,0.1,29.0,34.93,11391.0
2003-11-19,NASDAQ,2251.11,2239.67,2281.02,2234.06,107821964.0,0.08,7.24,3.9,5.51,66.0,8732.0,796.0,1.21,116.28,145.46,1774.82,428.94,6389.0,0.1,29.0,34.93,11391.0
2003-11-20,NASDAQ,2251.11,2239.67,2281.02,2234.06,107821964.0,0.08,7.24,3.9,5.51,66.0,8732.0,796.0,1.21,116.28,145.46,1774.82,428.94,6389.0,0.1,29.0,34.93,11391.0
2003-11-21,NASDAQ,1057.53,1058.04,1083.91,1039.2,577360888.0,7.49,8.13,11.75,8.31,109.0,24074.0,3937.0,1.13,132.71,45.59,1524.2,493.37,9481.0,3.61,18.0,93.59,1013.0
2003-11-22,NASDAQ,4057.41,4106.25,4152.47,4008.52,166068925.0,-3.42,5.8,12.24,2.34,102.0,21688.0,758.0,1.29,121.96,36.75,1433.76,169.77,5628.0,9.83,27.0,83.96,3137.0
2003-11-23,NASDAQ,4057.41,4106.25,4152.47,4008.52,166068925.0,-3.42,5.8,12.24,2.34,102.0,21688.0,758.0,1.29,121.96,36.75,1433.76,169.77,5628.0,9.83,27.0,83.96,3137.0
2003-11-24,NASDAQ,4057.41,4106.25,4152.47,4008.52,166068925.0,-3.42,5.8,12.24,2.34,102.0,21688.0,758.0,1.29,121.96,36.75,1433.76,169.77,5628.0,9.83,27.0,83.96,3137.0
2003-11-25,NASDAQ,4057.41,4106.25,4152.47,4008.52,166068925.0,-3.42,5.8,12.24,2.34,102.0,21688.0,758.0,1.29,121.96,36.75,1433.76,169.77,5628.0,9.83,27.0,83.96,3137.0
2003-11-26,NASDAQ,4057.41,4106.25,4152.47,4008.52,166068925.0,-3.42,5.8,12.24,2.34,102.0,21688.0,758.0,1.29,121.96,36.75,1433.76,169.77,5628.0,9.83,27.0,83.96,3137.0
2003-11-27,NASDAQ,3478.1,3443.79,3516.96,3402.18,757891108.0,2.85,7.52,4.63,1.78,118.0,25954.0,2724.0,1.07,136.59,45.83,917.69,234.3,7990.0,2.19,9.0,28.63,5185.0
2003-11-28,NASDAQ,3478.1,3443.79,3516.96,3402.18,757891108.0,2.85,7.52,4.63,1.78,118.0,25954.0,2724.0,1.07,136.59,45.83,917.69,234.3,7990.0,2.19,9.0,28.63,5185.0
2003-11-29,NASDAQ,3498.46,3525.14,3567.35,3468.78,444044774.0,5.78,2.89,12.95,6.98,55.0,13615.0,2097.0,1.41,108.62,108.65,809.33,148.1,2801.0,9.47,27.0,31.7,3593.0
2003-11-30,NASDAQ,3498.46,3525.14,3567.35,3468.78,444044774.0,5.78,2.89,12.95,6.98,55.0,13615.0,2097.0,1.41,108.62,108.65,809.33,148.1,2801.0,9.47,27.0,31.7,3593.0
2003-12-01,NASDAQ,3498.46,3525.14,3567.35,3468.78,444044774.0,5.78,2.89,12.95,6.98,55.0,13615.0,2097.0,1.41,108.62,108.65,809.33,148.1,2801.0,9.47,27.0,31.7,3593.0
2003-12-02,NASDAQ,3498.46,3525.14,3567.35,3468.78,444044774.0,5.78,2.89,12.95,6.98,55.0,13615.0,2097.0,1.41,108.62,108.65,809.33,148.1,2801.0,9.47,27.0,31.7,3593.0
2003-12-03,NASDAQ,3498.46,3525.14,3567.35,3468.78,444044774.0,5.78,2.89,12.95,6.98,55.0,13615.0,2097.0,1.41,108.62,108.65,809.33,148.1,2801.0,9.47,27.0,31.7,3593.0
2003-12-04,NASDAQ,4026.92,4065.08,4100.14,3982.59,913090718.0,2.89,5.16,7.21,2.86,66.0,9216.0,4443.0,1.03,125.0,57.11,1393.24,171.05,2759.0,9.84,27.0,69.84,1050.0
2003-12-05,NASDAQ,4026.92,4065.08,4100.14,3982.59,913090718.0,2.89,5.16,7.21,2.86,66.0,9216.0,4443.0,1.03,125.0,57.11,1393.24,171.05,2759.0,9.84,27.0,69.84,1050.0
2003-12-06,NASDAQ,4026.92,4065.08,4100.14,3982.59,913090718.0,2.89,5.16,7.21,2.86,66.0,9216.0,4443.0,1.03,125.0,57.11,1393.24,171.05,2759.0,9.84,27.0,69.84,1050.0
2003-12-07,NASDAQ,2556.92,2563.13,2577.9500000000003,2509.1800000000003,965514867.0,-3.63,7.66,5.14,4.6,92.0,4741.0,3707.0,0.91,122.18,93.3,948.19,398.09,7048.0,3.82,38.0,40.38,9922.0
2003-12-08,NASDAQ,2556.92,2563.13,2577.9500000000003,2509.1800000000003,965514867.0,-3.63,7.66,5.14,4.6,92.0,4741.0,3707.0,0.91,122.18,93.3,948.19,398.09,7048.0,3.82,38.0,40.38,9922.0
2003-12-09,NASDAQ,3387.41,3348.88,3398.9,3332.3,161107108.0,-4.53,4.25,10.95,2.23,112.0,9426.0,609.0,1.21,119.37,47.86,1053.78,254.37,8758.0,4.3,7.0,91.05,4164.0
2003-12-10,NASDAQ,4712.73,4675.339999999999,4712.78,4666.27,509804749.0,2.7,7.44,3.82,2.94,50.0,23755.0,1368.0,1.26,129.23,143.53,1273.34,311.28,4157.0,4.19,29.0,15.68,8879.0
2003-12-11,NASDAQ,4716.56,4719.51,4755.27,4704.34,835378440.0,-3.73,9.66,6.66,2.59,108.0,14711.0,4366.0,1.18,138.72,101.51,2467.82,295.41,4950.0,4.21,35.0,87.91,9562.0
2003-12-12,NASDAQ,2367.62,2344.51,2376.18,2302.87,954817033.0,2.04,2.29,13.77,1.17,112.0,17052.0,4916.0,0.99,101.3,27.5,2473.52,414.16,4134.0,6.95,2.0,70.42,11770.0
2003-12-13,NASDAQ,3110.71,3062.81,3115.93,3032.09,687812478.0,8.99,1.44,9.37,3.8,67.0,14349.0,3142.0,1.22,81.03,27.73,1602.63,497.68,1235.0,4.06,9.0,16.84,8974.0
2003-12-14,NASDAQ,3110.71,3062.81,3115.93,3032.09,687812478.0,8.99,1.44,9.37,3.8,67.0,14349.0,3142.0,1.22,81.03,27.73,1602.63,497.68,1235.0,4.06,9.0,16.84,8974.0
2003-12-15,NASDAQ,3110.71,3062.81,3115.93,3032.09,687812478.0,8.99,1.44,9.37,3.8,67.0,14349.0,3142.0,1.22,81.03,27.73,1602.63,497.68,1235.0,4.06,9.0,16.84,8974.0
2003-12-16,NASDAQ,3110.71,3062.81,3115.93,3032.09,687812478.0,8.99,1.44,9.37,3.8,67.0,14349.0,3142.0,1.22,81.03,27.73,1602.63,497.68,1235.0,4.06,9.0,16.84,8974.0
2003-12-17,NASDAQ,3110.71,3062.81,3115.93,3032.09,687812478.0,8.99,1.44,9.37,3.8,67.0,14349.0,3142.0,1.22,81.03,27.73,1602.63,497.68,1235.0,4.06,9.0,16.84,8974.0
2003-12-18,NASDAQ,3110.71,3062.81,3115.93,3032.09,687812478.0,8.99,1.44,9.37,3.8,67.0,14349.0,3142.0,1.22,81.03,27.73,1602.63,497.68,1235.0,4.06,9.0,16.84,8974.0
2003-12-19,NASDAQ,3860.4,3858.82,3896.2,3808.9,66064475.0,-4.51,7.73,10.2,9.52,103.0,25693.0,3781.0,1.43,108.16,122.53,1325.03,196.38,285.0,3.56,23.0,19.14,9149.0
2003-12-20,NASDAQ,3860.4,3858.82,3896.2,3808.9,66064475.0,-4.51,7.73,10.2,9.52,103.0,25693.0,3781.0,1.43,108.16,122.53,1325.03,196.38,285.0,3.56,23.0,19.14,9149.0
2003-12-21,NASDAQ,3860.4,3858.82,3896.2,3808.9,66064475.0,-4.51,7.73,10.2,9.52,103.0,25693.0,3781.0,1.43,108.16,122.53,1325.03,196.38,285.0,3.56,23.0,19.14,9149.0
2003-12-22,NASDAQ,3860.4,3858.82,3896.2,3808.9,66064475.0,-4.51,7.73,10.2,9.52,103.0,25693.0,3781.0,1.43,108.16,122.53,1325.03,196.38,285.0,3.56,23.0,19.14,9149.0
2003-12-23,NASDAQ,3860.4,3858.82,3896.2,3808.9,66064475.0,-4.51,7.73,10.2,9.52,103.0,25693.0,3781.0,1.43,108.16,122.53,1325.03,196.38,285.0,3.56,23.0,19.14,9149.0
2003-12-24,NASDAQ,3860.4,3858.82,3896.2,3808.9,66064475.0,-4.51,7.73,10.2,9.52,103.0,25693.0,3781.0,1.43,108.16,122.53,1325.03,196.38,285.0,3.56,23.0,19.14,9149.0
2003-12-25,NASDAQ,3860.4,3858.82,3896.2,3808.9,66064475.0,-4.51,7.73,10.2,9.52,103.0,25693.0,3781.0,1.43,108.16,122.53,1325.03,196.38,285.0,3.56,23.0,19.14,9149.0
2003-12-26,NASDAQ,3860.4,3858.82,3896.2,3808.9,66064475.0,-4.51,7.73,10.2,9.52,103.0,25693.0,3781.0,1.43,108.16,122.53,1325.03,196.38,285.0,3.56,23.0,19.14,9149.0
2003-12-27,NASDAQ,3860.4,3858.82,3896.2,3808.9,66064475.0,-4.51,7.73,10.2,9.52,103.0,25693.0,3781.0,1.43,108.16,122.53,1325.03,196.38,285.0,3.56,23.0,19.14,9149.0
2003-12-28,NASDAQ,3001.44,3012.98,3031.99,2990.12,886734770.0,4.23,4.69,7.2,1.45,94.0,27713.0,348.0,1.48,96.89,124.49,1815.89,216.19,6415.0,9.17,20.0,57.46,7973.0
2003-12-29,NASDAQ,3763.54,3754.11,3807.1,3730.68,540626660.0,-0.18,6.91,11.94,4.67,90.0,19163.0,1995.0,1.24,84.17,38.29,1927.68,205.4,4309.0,9.87,28.0,17.71,11333.0
2003-12-30,NASDAQ,3763.54,3754.11,3807.1,3730.68,540626660.0,-0.18,6.91,11.94,4.67,90.0,19163.0,1995.0,1.24,84.17,38.29,1927.68,205.4,4309.0,9.87,28.0,17.71,11333.0
2003-12-31,NASDAQ,3763.54,3754.11,3807.1,3730.68,540626660.0,-0.18,6.91,11.94,4.67,90.0,19163.0,1995.0,1.24,84.17,38.29,1927.68,205.4,4309.0,9.87,28.0,17.71,11333.0
2004-01-01,NASDAQ,2101.15,2077.67,2135.33,2069.06,344784471.0,-2.85,1.65,8.57,7.53,80.0,2181.0,1384.0,1.09,109.14,26.67,963.15,452.21,3193.0,1.5,15.0,86.5,9203.0
2004-01-02,NASDAQ,1624.83,1643.4399999999998,1644.4199999999998,1586.72,572888327.0,0.61,4.15,9.71,0.79,53.0,13616.0,2975.0,1.19,112.41,31.51,1905.78,185.75,9436.0,9.33,8.0,42.8,9871.0
2004-01-03,NASDAQ,1624.83,1643.4399999999998,1644.4199999999998,1586.72,572888327.0,0.61,4.15,9.71,0.79,53.0,13616.0,2975.0,1.19,112.41,31.51,1905.78,185.75,9436.0,9.33,8.0,42.8,9871.0
2004-01-04,NASDAQ,1624.83,1643.4399999999998,1644.4199999999998,1586.72,572888327.0,0.61,4.15,9.71,0.79,53.0,13616.0,2975.0,1.19,112.41,31.51,1905.78,185.75,9436.0,9.33,8.0,42.8,9871.0
2004-01-05,NASDAQ,1717.42,1748.5700000000002,1789.2300000000002,1702.62,107729248.0,1.87,6.97,10.0,4.14,54.0,16647.0,2998.0,1.34,95.65,110.92,1706.55,181.24,2963.0,4.69,28.0,98.67,4354.0
2004-01-06,NASDAQ,1717.42,1748.5700000000002,1789.2300000000002,1702.62,107729248.0,1.87,6.97,10.0,4.14,54.0,16647.0,2998.0,1.34,95.65,110.92,1706.55,181.24,2963.0,4.69,28.0,98.67,4354.0
2004-01-07,NASDAQ,1717.42,1748.5700000000002,1789.2300000000002,1702.62,107729248.0,1.87,6.97,10.0,4.14,54.0,16647.0,2998.0,1.34,95.65,110.92,1706.55,181.24,2963.0,4.69,28.0,98.67,4354.0
2004-01-08,NASDAQ,1717.42,1748.5700000000002,1789.2300000000002,1702.62,107729248.0,1.87,6.97,10.0,4.14,54.0,16647.0,2998.0,1.34,95.65,110.92,1706.55,181.24,2963.0,4.69,28.0,98.67,4354.0
2004-01-09,NASDAQ,1717.42,1748.5700000000002,1789.2300000000002,1702.62,107729248.0,1.87,6.97,10.0,4.14,54.0,16647.0,2998.0,1.34,95.65,110.92,1706.55,181.24,2963.0,4.69,28.0,98.67,4354.0
2004-01-10,NASDAQ,1717.42,1748.5700000000002,1789.2300000000002,1702.62,107729248.0,1.87,6.97,10.0,4.14,54.0,16647.0,2998.0,1.34,95.65,110.92,1706.55,181.24,2963.0,4.69,28.0,98.67,4354.0
2004-01-11,NASDAQ,1076.58,1092.37,1115.62,1041.3,159945066.0,6.92,2.09,6.66,1.02,64.0,29790.0,2819.0,1.12,141.8,115.73,2014.12,309.96,9906.0,3.25,18.0,98.29,13489.0
2004-01-12,NASDAQ,1076.58,1092.37,1115.62,1041.3,159945066.0,6.92,2.09,6.66,1.02,64.0,29790.0,2819.0,1.12,141.8,115.73,2014.12,309.96,9906.0,3.25,18.0,98.29,13489.0
2004-01-13,NASDAQ,1076.58,1092.37,1115.62,1041.3,159945066.0,6.92,2.09,6.66,1.02,64.0,29790.0,2819.0,1.12,141.8,115.73,2014.12,309.96,9906.0,3.25,18.0,98.29,13489.0
2004-01-14,NASDAQ,1076.58,1092.37,1115.62,1041.3,159945066.0,6.92,2.09,6.66,1.02,64.0,29790.0,2819.0,1.12,141.8,115.73,2014.12,309.96,9906.0,3.25,18.0,98.29,13489.0
2004-01-15,NASDAQ,4352.62,4374.02,4419.929999999999,4318.54,879354696.0,-3.66,7.07,11.5,3.36,87.0,12729.0,1590.0,1.07,100.67,120.06,1783.18,316.39,2025.0,9.19,25.0,85.06,6561.0
2004-01-16,NASDAQ,4352.62,4374.02,4419.929999999999,4318.54,879354696.0,-3.66,7.07,11.5,3.36,87.0,12729.0,1590.0,1.07,100.67,120.06,1783.18,316.39,2025.0,9.19,25.0,85.06,6561.0
2004-01-17,NASDAQ,4843.68,4845.39,4894.33,4833.05,922049275.0,9.43,7.28,8.04,5.49,109.0,25132.0,1558.0,0.83,101.81,145.36,1713.95,341.13,5552.0,6.92,42.0,13.74,1450.0
2004-01-18,NASDAQ,3143.74,3105.45,3187.75,3086.73,557487742.0,-0.49,4.1,13.72,9.59,51.0,12651.0,3559.0,1.06,137.11,61.32,880.39,252.46,6433.0,1.53,21.0,3.8,11779.0
2004-01-19,NASDAQ,3143.74,3105.45,3187.75,3086.73,557487742.0,-0.49,4.1,13.72,9.59,51.0,12651.0,3559.0,1.06,137.11,61.32,880.39,252.46,6433.0,1.53,21.0,3.8,11779.0
2004-01-20,NASDAQ,3143.74,3105.45,3187.75,3086.73,557487742.0,-0.49,4.1,13.72,9.59,51.0,12651.0,3559.0,1.06,137.11,61.32,880.39,252.46,6433.0,1.53,21.0,3.8,11779.0
2004-01-21,NASDAQ,3143.74,3105.45,3187.75,3086.73,557487742.0,-0.49,4.1,13.72,9.59,51.0,12651.0,3559.0,1.06,137.11,61.32,880.39,252.46,6433.0,1.53,21.0,3.8,11779.0
2004-01-22,NASDAQ,3143.74,3105.45,3187.75,3086.73,557487742.0,-0.49,4.1,13.72,9.59,51.0,12651.0,3559.0,1.06,137.11,61.32,880.39,252.46,6433.0,1.53,21.0,3.8,11779.0
2004-01-23,NASDAQ,3143.74,3105.45,3187.75,3086.73,557487742.0,-0.49,4.1,13.72,9.59,51.0,12651.0,3559.0,1.06,137.11,61.32,880.39,252.46,6433.0,1.53,21.0,3.8,11779.0
2004-01-24,NASDAQ,3143.74,3105.45,3187.75,3086.73,557487742.0,-0.49,4.1,13.72,9.59,51.0,12651.0,3559.0,1.06,137.11,61.32,880.39,252.46,6433.0,1.53,21.0,3.8,11779.0
2004-01-25,NASDAQ,3143.74,3105.45,3187.75,3086.73,557487742.0,-0.49,4.1,13.72,9.59,51.0,12651.0,3559.0,1.06,137.11,61.32,880.39,252.46,6433.0,1.53,21.0,3.8,11779.0
2004-01-26,NASDAQ,3143.74,3105.45,3187.75,3086.73,557487742.0,-0.49,4.1,13.72,9.59,51.0,12651.0,3559.0,1.06,137.11,61.32,880.39,252.46,6433.0,1.53,21.0,3.8,11779.0
2004-01-27,NASDAQ,2419.7,2464.75,2465.03,2400.03,964307720.0,4.49,3.08,11.77,5.23,61.0,7874.0,1520.0,1.1,131.64,148.35,1142.0,168.43,3810.0,0.39,11.0,67.36,528.0
2004-01-28,NASDAQ,2419.7,2464.75,2465.03,2400.03,964307720.0,4.49,3.08,11.77,5.23,61.0,7874.0,1520.0,1.1,131.64,148.35,1142.0,168.43,3810.0,0.39,11.0,67.36,528.0
2004-01-29,NASDAQ,2419.7,2464.75,2465.03,2400.03,964307720.0,4.49,3.08,11.77,5.23,61.0,7874.0,1520.0,1.1,131.64,148.35,1142.0,168.43,3810.0,0.39,11.0,67.36,528.0
2004-01-30,NASDAQ,2419.7,2464.75,2465.03,2400.03,964307720.0,4.49,3.08,11.77,5.23,61.0,7874.0,1520.0,1.1,131.64,148.35,1142.0,168.43,3810.0,0.39,11.0,67.36,528.0
2004-01-31,NASDAQ,2419.7,2464.75,2465.03,2400.03,964307720.0,4.49,3.08,11.77,5.23,61.0,7874.0,1520.0,1.1,131.64,148.35,1142.0,168.43,3810.0,0.39,11.0,67.36,528.0
2004-02-01,NASDAQ,3427.39,3407.28,3429.56,3396.93,991248022.0,8.69,8.29,12.29,3.17,78.0,26756.0,2245.0,1.06,146.61,133.46,2347.82,391.05,8530.0,6.57,3.0,75.31,9706.0
2004-02-02,NASDAQ,3427.39,3407.28,3429.56,3396.93,991248022.0,8.69,8.29,12.29,3.17,78.0,26756.0,2245.0,1.06,146.61,133.46,2347.82,391.05,8530.0,6.57,3.0,75.31,9706.0
2004-02-03,NASDAQ,3427.39,3407.28,3429.56,3396.93,991248022.0,8.69,8.29,12.29,3.17,78.0,26756.0,2245.0,1.06,146.61,133.46,2347.82,391.05,8530.0,6.57,3.0,75.31,9706.0
2004-02-04,NASDAQ,3636.18,3682.78,3715.13,3632.47,813646468.0,6.19,9.33,3.59,8.35,71.0,10698.0,1791.0,1.03,116.27,61.88,941.76,154.14,8853.0,6.3,40.0,88.08,7995.0
2004-02-05,NASDAQ,1844.93,1807.99,1868.14,1758.38,255611077.0,4.46,8.31,4.82,9.3,59.0,29781.0,2804.0,1.49,87.84,94.28,1839.41,249.67,5312.0,3.06,38.0,2.94,10713.0
2004-02-06,NASDAQ,4451.99,4439.17,4476.76,4406.39,503086514.0,1.4,4.99,13.24,4.42,97.0,5064.0,3535.0,1.05,104.49,87.31,1562.3,280.84,3513.0,7.95,37.0,30.79,4363.0
2004-02-07,NASDAQ,4451.99,4439.17,4476.76,4406.39,503086514.0,1.4,4.99,13.24,4.42,97.0,5064.0,3535.0,1.05,104.49,87.31,1562.3,280.84,3513.0,7.95,37.0,30.79,4363.0
2004-02-08,NASDAQ,4451.99,4439.17,4476.76,4406.39,503086514.0,1.4,4.99,13.24,4.42,97.0,5064.0,3535.0,1.05,104.49,87.31,1562.3,280.84,3513.0,7.95,37.0,30.79,4363.0
2004-02-09,NASDAQ,4451.99,4439.17,4476.76,4406.39,503086514.0,1.4,4.99,13.24,4.42,97.0,5064.0,3535.0,1.05,104.49,87.31,1562.3,280.84,3513.0,7.95,37.0,30.79,4363.0
2004-02-10,NASDAQ,4451.99,4439.17,4476.76,4406.39,503086514.0,1.4,4.99,13.24,4.42,97.0,5064.0,3535.0,1.05,104.49,87.31,1562.3,280.84,3513.0,7.95,37.0,30.79,4363.0
2004-02-11,NASDAQ,4451.99,4439.17,4476.76,4406.39,503086514.0,1.4,4.99,13.24,4.42,97.0,5064.0,3535.0,1.05,104.49,87.31,1562.3,280.84,3513.0,7.95,37.0,30.79,4363.0
2004-02-12,NASDAQ,4451.99,4439.17,4476.76,4406.39,503086514.0,1.4,4.99,13.24,4.42,97.0,5064.0,3535.0,1.05,104.49,87.31,1562.3,280.84,3513.0,7.95,37.0,30.79,4363.0
2004-02-13,NASDAQ,4451.99,4439.17,4476.76,4406.39,503086514.0,1.4,4.99,13.24,4.42,97.0,5064.0,3535.0,1.05,104.49,87.31,1562.3,280.84,3513.0,7.95,37.0,30.79,4363.0
2004-02-14,NASDAQ,4589.46,4547.94,4608.36,4529.15,163755040.0,-1.68,6.96,12.01,6.65,104.0,26676.0,1029.0,0.98,88.88,80.94,831.89,412.34,8833.0,1.96,24.0,93.18,10416.0
2004-02-15,NASDAQ,4589.46,4547.94,4608.36,4529.15,163755040.0,-1.68,6.96,12.01,6.65,104.0,26676.0,1029.0,0.98,88.88,80.94,831.89,412.34,8833.0,1.96,24.0,93.18,10416.0
2004-02-16,NASDAQ,4589.46,4547.94,4608.36,4529.15,163755040.0,-1.68,6.96,12.01,6.65,104.0,26676.0,1029.0,0.98,88.88,80.94,831.89,412.34,8833.0,1.96,24.0,93.18,10416.0
2004-02-17,NASDAQ,4589.46,4547.94,4608.36,4529.15,163755040.0,-1.68,6.96,12.01,6.65,104.0,26676.0,1029.0,0.98,88.88,80.94,831.89,412.34,8833.0,1.96,24.0,93.18,10416.0
2004-02-18,NASDAQ,4589.46,4547.94,4608.36,4529.15,163755040.0,-1.68,6.96,12.01,6.65,104.0,26676.0,1029.0,0.98,88.88,80.94,831.89,412.34,8833.0,1.96,24.0,93.18,10416.0
2004-02-19,NASDAQ,1249.58,1267.9,1275.9199999999998,1206.38,739682284.0,3.61,1.86,6.55,1.2,66.0,18627.0,2345.0,1.11,111.9,79.8,1576.07,293.69,2636.0,7.84,19.0,29.04,8125.0
2004-02-20,NASDAQ,1249.58,1267.9,1275.9199999999998,1206.38,739682284.0,3.61,1.86,6.55,1.2,66.0,18627.0,2345.0,1.11,111.9,79.8,1576.07,293.69,2636.0,7.84,19.0,29.04,8125.0
2004-02-21,NASDAQ,1249.58,1267.9,1275.9199999999998,1206.38,739682284.0,3.61,1.86,6.55,1.2,66.0,18627.0,2345.0,1.11,111.9,79.8,1576.07,293.69,2636.0,7.84,19.0,29.04,8125.0
2004-02-22,NASDAQ,1249.58,1267.9,1275.9199999999998,1206.38,739682284.0,3.61,1.86,6.55,1.2,66.0,18627.0,2345.0,1.11,111.9,79.8,1576.07,293.69,2636.0,7.84,19.0,29.04,8125.0
2004-02-23,NASDAQ,1249.58,1267.9,1275.9199999999998,1206.38,739682284.0,3.61,1.86,6.55,1.2,66.0,18627.0,2345.0,1.11,111.9,79.8,1576.07,293.69,2636.0,7.84,19.0,29.04,8125.0
2004-02-24,NASDAQ,1249.58,1267.9,1275.9199999999998,1206.38,739682284.0,3.61,1.86,6.55,1.2,66.0,18627.0,2345.0,1.11,111.9,79.8,1576.07,293.69,2636.0,7.84,19.0,29.04,8125.0
2004-02-25,NASDAQ,1249.58,1267.9,1275.9199999999998,1206.38,739682284.0,3.61,1.86,6.55,1.2,66.0,18627.0,2345.0,1.11,111.9,79.8,1576.07,293.69,2636.0,7.84,19.0,29.04,8125.0
2004-02-26,NASDAQ,1340.41,1374.94,1398.41,1317.01,6327826.0,4.24,8.32,3.74,8.25,98.0,11043.0,4277.0,0.95,108.29,31.36,2195.46,196.38,3410.0,4.02,46.0,0.23,11343.0
2004-02-27,NASDAQ,2542.39,2565.11,2601.13,2493.07,265854358.0,-1.35,3.1,4.51,2.61,100.0,19588.0,3710.0,1.1,82.57,115.72,1695.46,372.64,782.0,0.53,26.0,0.2,11419.0
2004-02-28,NASDAQ,2542.39,2565.11,2601.13,2493.07,265854358.0,-1.35,3.1,4.51,2.61,100.0,19588.0,3710.0,1.1,82.57,115.72,1695.46,372.64,782.0,0.53,26.0,0.2,11419.0
2004-02-29,NASDAQ,1843.17,1808.74,1862.94,1778.54,589740236.0,9.28,0.75,9.14,5.26,80.0,7287.0,2053.0,1.38,102.29,23.91,1158.97,192.37,3929.0,0.56,23.0,48.05,13441.0
2004-03-01,NASDAQ,1843.17,1808.74,1862.94,1778.54,589740236.0,9.28,0.75,9.14,5.26,80.0,7287.0,2053.0,1.38,102.29,23.91,1158.97,192.37,3929.0,0.56,23.0,48.05,13441.0
2004-03-02,NASDAQ,1843.17,1808.74,1862.94,1778.54,589740236.0,9.28,0.75,9.14,5.26,80.0,7287.0,2053.0,1.38,102.29,23.91,1158.97,192.37,3929.0,0.56,23.0,48.05,13441.0
2004-03-03,NASDAQ,1843.17,1808.74,1862.94,1778.54,589740236.0,9.28,0.75,9.14,5.26,80.0,7287.0,2053.0,1.38,102.29,23.91,1158.97,192.37,3929.0,0.56,23.0,48.05,13441.0
2004-03-04,NASDAQ,1403.91,1372.6,1437.5,1352.4,188198887.0,5.81,3.22,13.69,1.04,112.0,7876.0,4923.0,0.86,147.58,123.89,1214.78,226.31,1920.0,2.48,49.0,49.59,3292.0
2004-03-05,NASDAQ,1403.91,1372.6,1437.5,1352.4,188198887.0,5.81,3.22,13.69,1.04,112.0,7876.0,4923.0,0.86,147.58,123.89,1214.78,226.31,1920.0,2.48,49.0,49.59,3292.0
2004-03-06,NASDAQ,1403.91,1372.6,1437.5,1352.4,188198887.0,5.81,3.22,13.69,1.04,112.0,7876.0,4923.0,0.86,147.58,123.89,1214.78,226.31,1920.0,2.48,49.0,49.59,3292.0
2004-03-07,NASDAQ,4892.31,4844.79,4936.85,4844.16,73711026.0,3.95,4.93,8.56,7.71,114.0,1194.0,2186.0,1.22,127.46,27.86,1438.45,233.58,7062.0,6.0,44.0,57.97,7349.0
2004-03-08,NASDAQ,4892.31,4844.79,4936.85,4844.16,73711026.0,3.95,4.93,8.56,7.71,114.0,1194.0,2186.0,1.22,127.46,27.86,1438.45,233.58,7062.0,6.0,44.0,57.97,7349.0
2004-03-09,NASDAQ,4871.05,4857.59,4920.49,4826.79,95898331.0,7.74,6.52,13.29,3.17,53.0,10885.0,1476.0,1.01,128.31,43.25,834.01,344.13,8896.0,0.52,24.0,21.49,11220.0
2004-03-10,NASDAQ,4871.05,4857.59,4920.49,4826.79,95898331.0,7.74,6.52,13.29,3.17,53.0,10885.0,1476.0,1.01,128.31,43.25,834.01,344.13,8896.0,0.52,24.0,21.49,11220.0
2004-03-11,NASDAQ,4871.05,4857.59,4920.49,4826.79,95898331.0,7.74,6.52,13.29,3.17,53.0,10885.0,1476.0,1.01,128.31,43.25,834.01,344.13,8896.0,0.52,24.0,21.49,11220.0
2004-03-12,NASDAQ,4871.05,4857.59,4920.49,4826.79,95898331.0,7.74,6.52,13.29,3.17,53.0,10885.0,1476.0,1.01,128.31,43.25,834.01,344.13,8896.0,0.52,24.0,21.49,11220.0
2004-03-13,NASDAQ,2305.02,2347.64,2365.8,2302.34,285904075.0,0.57,4.94,14.68,3.56,68.0,25167.0,4976.0,0.99,116.27,62.72,2050.48,169.84,1647.0,4.0,45.0,21.77,10746.0
2004-03-14,NASDAQ,2305.02,2347.64,2365.8,2302.34,285904075.0,0.57,4.94,14.68,3.56,68.0,25167.0,4976.0,0.99,116.27,62.72,2050.48,169.84,1647.0,4.0,45.0,21.77,10746.0
2004-03-15,NASDAQ,1930.02,1887.56,1950.94,1880.09,191184244.0,2.59,0.78,12.15,9.75,87.0,671.0,2093.0,1.05,144.19,131.4,858.43,482.7,2872.0,1.34,26.0,10.36,5503.0
2004-03-16,NASDAQ,1518.72,1493.76,1540.76,1464.75,123957749.0,1.84,0.56,7.85,4.29,74.0,3249.0,4625.0,1.25,109.57,95.14,969.79,413.3,2087.0,8.39,25.0,49.7,7903.0
2004-03-17,NASDAQ,1518.72,1493.76,1540.76,1464.75,123957749.0,1.84,0.56,7.85,4.29,74.0,3249.0,4625.0,1.25,109.57,95.14,969.79,413.3,2087.0,8.39,25.0,49.7,7903.0
2004-03-18,NASDAQ,2421.28,2460.11,2498.83,2385.2200000000003,617105123.0,4.17,6.33,7.58,2.08,77.0,17504.0,556.0,1.29,87.91,101.53,2080.66,452.92,2996.0,4.12,37.0,0.7,1970.0
2004-03-19,NASDAQ,2421.28,2460.11,2498.83,2385.2200000000003,617105123.0,4.17,6.33,7.58,2.08,77.0,17504.0,556.0,1.29,87.91,101.53,2080.66,452.92,2996.0,4.12,37.0,0.7,1970.0
2004-03-20,NASDAQ,2421.28,2460.11,2498.83,2385.2200000000003,617105123.0,4.17,6.33,7.58,2.08,77.0,17504.0,556.0,1.29,87.91,101.53,2080.66,452.92,2996.0,4.12,37.0,0.7,1970.0
2004-03-21,NASDAQ,2421.28,2460.11,2498.83,2385.2200000000003,617105123.0,4.17,6.33,7.58,2.08,77.0,17504.0,556.0,1.29,87.91,101.53,2080.66,452.92,2996.0,4.12,37.0,0.7,1970.0
2004-03-22,NASDAQ,2421.28,2460.11,2498.83,2385.2200000000003,617105123.0,4.17,6.33,7.58,2.08,77.0,17504.0,556.0,1.29,87.91,101.53,2080.66,452.92,2996.0,4.12,37.0,0.7,1970.0
2004-03-23,NASDAQ,2421.28,2460.11,2498.83,2385.2200000000003,617105123.0,4.17,6.33,7.58,2.08,77.0,17504.0,556.0,1.29,87.91,101.53,2080.66,452.92,2996.0,4.12,37.0,0.7,1970.0
2004-03-24,NASDAQ,2370.58,2347.44,2394.03,2336.55,604453589.0,-0.58,3.01,4.3,5.47,72.0,4737.0,1952.0,1.28,87.77,70.36,1980.2,101.41,8450.0,8.17,30.0,82.13,3647.0
2004-03-25,NASDAQ,2370.58,2347.44,2394.03,2336.55,604453589.0,-0.58,3.01,4.3,5.47,72.0,4737.0,1952.0,1.28,87.77,70.36,1980.2,101.41,8450.0,8.17,30.0,82.13,3647.0
2004-03-26,NASDAQ,2370.58,2347.44,2394.03,2336.55,604453589.0,-0.58,3.01,4.3,5.47,72.0,4737.0,1952.0,1.28,87.77,70.36,1980.2,101.41,8450.0,8.17,30.0,82.13,3647.0
2004-03-27,NASDAQ,2370.58,2347.44,2394.03,2336.55,604453589.0,-0.58,3.01,4.3,5.47,72.0,4737.0,1952.0,1.28,87.77,70.36,1980.2,101.41,8450.0,8.17,30.0,82.13,3647.0
2004-03-28,NASDAQ,2938.15,2938.4300000000003,2940.1000000000004,2904.1600000000003,780518928.0,8.73,7.83,11.3,4.98,105.0,10867.0,2152.0,1.37,131.39,149.83,1871.8,334.89,7157.0,9.35,7.0,5.06,12517.0
2004-03-29,NASDAQ,2938.15,2938.4300000000003,2940.1000000000004,2904.1600000000003,780518928.0,8.73,7.83,11.3,4.98,105.0,10867.0,2152.0,1.37,131.39,149.83,1871.8,334.89,7157.0,9.35,7.0,5.06,12517.0
2004-03-30,NASDAQ,3253.63,3247.84,3301.35,3204.78,863411105.0,9.56,2.72,14.18,3.02,116.0,22739.0,2292.0,0.92,134.49,123.67,2127.68,341.46,8085.0,2.81,18.0,47.84,10171.0
2004-03-31,NASDAQ,3253.63,3247.84,3301.35,3204.78,863411105.0,9.56,2.72,14.18,3.02,116.0,22739.0,2292.0,0.92,134.49,123.67,2127.68,341.46,8085.0,2.81,18.0,47.84,10171.0
2004-04-01,NASDAQ,3253.63,3247.84,3301.35,3204.78,863411105.0,9.56,2.72,14.18,3.02,116.0,22739.0,2292.0,0.92,134.49,123.67,2127.68,341.46,8085.0,2.81,18.0,47.84,10171.0
2004-04-02,NASDAQ,3322.8,3331.3700000000003,3368.0400000000004,3308.3300000000004,260424374.0,7.49,4.56,4.18,4.65,106.0,28688.0,2928.0,1.33,136.61,31.47,1997.24,406.64,3130.0,2.55,44.0,26.31,1575.0
2004-04-03,NASDAQ,3322.8,3331.3700000000003,3368.0400000000004,3308.3300000000004,260424374.0,7.49,4.56,4.18,4.65,106.0,28688.0,2928.0,1.33,136.61,31.47,1997.24,406.64,3130.0,2.55,44.0,26.31,1575.0
2004-04-04,NASDAQ,1576.32,1602.4199999999998,1634.6799999999998,1545.66,764220734.0,1.41,9.89,12.04,1.32,51.0,3357.0,4174.0,0.9,96.06,139.13,1851.43,249.01,468.0,1.36,20.0,29.73,9449.0
2004-04-05,NASDAQ,1576.32,1602.4199999999998,1634.6799999999998,1545.66,764220734.0,1.41,9.89,12.04,1.32,51.0,3357.0,4174.0,0.9,96.06,139.13,1851.43,249.01,468.0,1.36,20.0,29.73,9449.0
2004-04-06,NASDAQ,1576.32,1602.4199999999998,1634.6799999999998,1545.66,764220734.0,1.41,9.89,12.04,1.32,51.0,3357.0,4174.0,0.9,96.06,139.13,1851.43,249.01,468.0,1.36,20.0,29.73,9449.0
2004-04-07,NASDAQ,2951.34,2906.63,2976.58,2874.76,902088147.0,-2.18,1.5,12.12,7.09,105.0,13056.0,1737.0,1.47,95.63,101.72,2142.89,351.52,3460.0,1.04,47.0,33.97,4885.0
2004-04-08,NASDAQ,2951.34,2906.63,2976.58,2874.76,902088147.0,-2.18,1.5,12.12,7.09,105.0,13056.0,1737.0,1.47,95.63,101.72,2142.89,351.52,3460.0,1.04,47.0,33.97,4885.0
2004-04-09,NASDAQ,2951.34,2906.63,2976.58,2874.76,902088147.0,-2.18,1.5,12.12,7.09,105.0,13056.0,1737.0,1.47,95.63,101.72,2142.89,351.52,3460.0,1.04,47.0,33.97,4885.0
2004-04-10,NASDAQ,2951.34,2906.63,2976.58,2874.76,902088147.0,-2.18,1.5,12.12,7.09,105.0,13056.0,1737.0,1.47,95.63,101.72,2142.89,351.52,3460.0,1.04,47.0,33.97,4885.0
2004-04-11,NASDAQ,4289.52,4271.870000000001,4293.13,4259.430000000001,777135006.0,-0.31,0.23,5.96,2.32,103.0,2127.0,338.0,0.93,146.65,122.09,1602.8,313.85,3116.0,4.16,43.0,14.64,7833.0
2004-04-12,NASDAQ,4289.52,4271.870000000001,4293.13,4259.430000000001,777135006.0,-0.31,0.23,5.96,2.32,103.0,2127.0,338.0,0.93,146.65,122.09,1602.8,313.85,3116.0,4.16,43.0,14.64,7833.0
2004-04-13,NASDAQ,4289.52,4271.870000000001,4293.13,4259.430000000001,777135006.0,-0.31,0.23,5.96,2.32,103.0,2127.0,338.0,0.93,146.65,122.09,1602.8,313.85,3116.0,4.16,43.0,14.64,7833.0
2004-04-14,NASDAQ,4289.52,4271.870000000001,4293.13,4259.430000000001,777135006.0,-0.31,0.23,5.96,2.32,103.0,2127.0,338.0,0.93,146.65,122.09,1602.8,313.85,3116.0,4.16,43.0,14.64,7833.0
2004-04-15,NASDAQ,3900.02,3885.64,3917.03,3846.68,381473839.0,4.63,6.69,7.41,6.2,84.0,20088.0,2189.0,1.33,109.47,36.71,1396.58,240.96,2108.0,9.4,5.0,70.49,8512.0
2004-04-16,NASDAQ,3900.02,3885.64,3917.03,3846.68,381473839.0,4.63,6.69,7.41,6.2,84.0,20088.0,2189.0,1.33,109.47,36.71,1396.58,240.96,2108.0,9.4,5.0,70.49,8512.0
2004-04-17,NASDAQ,3900.02,3885.64,3917.03,3846.68,381473839.0,4.63,6.69,7.41,6.2,84.0,20088.0,2189.0,1.33,109.47,36.71,1396.58,240.96,2108.0,9.4,5.0,70.49,8512.0
2004-04-18,NASDAQ,3900.02,3885.64,3917.03,3846.68,381473839.0,4.63,6.69,7.41,6.2,84.0,20088.0,2189.0,1.33,109.47,36.71,1396.58,240.96,2108.0,9.4,5.0,70.49,8512.0
2004-04-19,NASDAQ,3900.02,3885.64,3917.03,3846.68,381473839.0,4.63,6.69,7.41,6.2,84.0,20088.0,2189.0,1.33,109.47,36.71,1396.58,240.96,2108.0,9.4,5.0,70.49,8512.0
2004-04-20,NASDAQ,3900.02,3885.64,3917.03,3846.68,381473839.0,4.63,6.69,7.41,6.2,84.0,20088.0,2189.0,1.33,109.47,36.71,1396.58,240.96,2108.0,9.4,5.0,70.49,8512.0
2004-04-21,NASDAQ,3900.02,3885.64,3917.03,3846.68,381473839.0,4.63,6.69,7.41,6.2,84.0,20088.0,2189.0,1.33,109.47,36.71,1396.58,240.96,2108.0,9.4,5.0,70.49,8512.0
2004-04-22,NASDAQ,4360.43,4318.280000000001,4363.51,4312.790000000001,342044591.0,-4.99,7.09,2.86,8.47,75.0,15244.0,2006.0,1.03,128.86,103.28,1033.03,319.42,3769.0,3.52,26.0,55.63,14129.0
2004-04-23,NASDAQ,4360.43,4318.280000000001,4363.51,4312.790000000001,342044591.0,-4.99,7.09,2.86,8.47,75.0,15244.0,2006.0,1.03,128.86,103.28,1033.03,319.42,3769.0,3.52,26.0,55.63,14129.0
2004-04-24,NASDAQ,4360.43,4318.280000000001,4363.51,4312.790000000001,342044591.0,-4.99,7.09,2.86,8.47,75.0,15244.0,2006.0,1.03,128.86,103.28,1033.03,319.42,3769.0,3.52,26.0,55.63,14129.0
2004-04-25,NASDAQ,2485.87,2506.55,2523.41,2468.63,788283168.0,5.76,6.08,4.05,8.04,76.0,13607.0,4771.0,1.26,145.22,115.88,1357.48,393.06,4548.0,3.64,28.0,60.29,12529.0
2004-04-26,NASDAQ,2485.87,2506.55,2523.41,2468.63,788283168.0,5.76,6.08,4.05,8.04,76.0,13607.0,4771.0,1.26,145.22,115.88,1357.48,393.06,4548.0,3.64,28.0,60.29,12529.0
2004-04-27,NASDAQ,2485.87,2506.55,2523.41,2468.63,788283168.0,5.76,6.08,4.05,8.04,76.0,13607.0,4771.0,1.26,145.22,115.88,1357.48,393.06,4548.0,3.64,28.0,60.29,12529.0
2004-04-28,NASDAQ,3966.57,3953.62,3969.11,3934.230000000001,492777900.0,-2.77,3.72,7.19,1.91,52.0,10195.0,1718.0,0.82,112.83,25.74,2135.82,489.92,7764.0,1.17,6.0,84.42,13768.0
2004-04-29,NASDAQ,2970.28,2977.17,2988.23,2965.23,282524239.0,1.07,8.06,4.92,8.62,81.0,5576.0,908.0,0.93,89.39,65.35,2486.93,351.35,2900.0,1.56,5.0,87.14,9256.0
2004-04-30,NASDAQ,2932.72,2970.89,2984.6,2892.62,926503682.0,-3.45,5.34,6.58,6.38,64.0,11554.0,3886.0,1.22,126.33,138.5,1021.47,353.39,8601.0,3.66,18.0,3.04,6155.0
2004-05-01,NASDAQ,2932.72,2970.89,2984.6,2892.62,926503682.0,-3.45,5.34,6.58,6.38,64.0,11554.0,3886.0,1.22,126.33,138.5,1021.47,353.39,8601.0,3.66,18.0,3.04,6155.0
2004-05-02,NASDAQ,2932.72,2970.89,2984.6,2892.62,926503682.0,-3.45,5.34,6.58,6.38,64.0,11554.0,3886.0,1.22,126.33,138.5,1021.47,353.39,8601.0,3.66,18.0,3.04,6155.0
2004-05-03,NASDAQ,4439.18,4397.84,4445.88,4356.72,642669422.0,6.86,9.53,3.06,2.86,50.0,10037.0,1438.0,1.35,82.27,75.01,2286.97,128.31,8447.0,6.53,20.0,58.73,11966.0
2004-05-04,NASDAQ,2627.22,2644.14,2691.33,2616.4,289609327.0,3.5,0.6,10.29,2.78,54.0,22446.0,4752.0,1.29,81.15,139.8,1493.71,494.25,9928.0,5.18,13.0,17.21,6743.0
2004-05-05,NASDAQ,2312.93,2303.96,2353.14,2290.78,368388394.0,5.86,3.91,8.2,5.38,55.0,25057.0,1421.0,0.99,115.95,140.71,2278.41,464.23,5157.0,0.1,39.0,87.77,6950.0
2004-05-06,NASDAQ,2312.93,2303.96,2353.14,2290.78,368388394.0,5.86,3.91,8.2,5.38,55.0,25057.0,1421.0,0.99,115.95,140.71,2278.41,464.23,5157.0,0.1,39.0,87.77,6950.0
2004-05-07,NASDAQ,2312.93,2303.96,2353.14,2290.78,368388394.0,5.86,3.91,8.2,5.38,55.0,25057.0,1421.0,0.99,115.95,140.71,2278.41,464.23,5157.0,0.1,39.0,87.77,6950.0
2004-05-08,NASDAQ,2312.93,2303.96,2353.14,2290.78,368388394.0,5.86,3.91,8.2,5.38,55.0,25057.0,1421.0,0.99,115.95,140.71,2278.41,464.23,5157.0,0.1,39.0,87.77,6950.0
2004-05-09,NASDAQ,2312.93,2303.96,2353.14,2290.78,368388394.0,5.86,3.91,8.2,5.38,55.0,25057.0,1421.0,0.99,115.95,140.71,2278.41,464.23,5157.0,0.1,39.0,87.77,6950.0
2004-05-10,NASDAQ,4805.78,4801.179999999999,4831.29,4757.11,843412072.0,2.72,7.83,4.88,6.3,65.0,15085.0,891.0,0.94,100.36,61.84,2135.91,489.6,3230.0,8.26,14.0,11.61,6488.0
2004-05-11,NASDAQ,4805.78,4801.179999999999,4831.29,4757.11,843412072.0,2.72,7.83,4.88,6.3,65.0,15085.0,891.0,0.94,100.36,61.84,2135.91,489.6,3230.0,8.26,14.0,11.61,6488.0
2004-05-12,NASDAQ,4805.78,4801.179999999999,4831.29,4757.11,843412072.0,2.72,7.83,4.88,6.3,65.0,15085.0,891.0,0.94,100.36,61.84,2135.91,489.6,3230.0,8.26,14.0,11.61,6488.0
2004-05-13,NASDAQ,4805.78,4801.179999999999,4831.29,4757.11,843412072.0,2.72,7.83,4.88,6.3,65.0,15085.0,891.0,0.94,100.36,61.84,2135.91,489.6,3230.0,8.26,14.0,11.61,6488.0
2004-05-14,NASDAQ,2958.5,2983.4,2996.55,2954.73,481298165.0,6.26,2.21,3.9,7.98,117.0,15855.0,4472.0,0.81,92.98,117.83,844.69,446.37,4569.0,0.16,46.0,70.55,4738.0
2004-05-15,NASDAQ,2958.5,2983.4,2996.55,2954.73,481298165.0,6.26,2.21,3.9,7.98,117.0,15855.0,4472.0,0.81,92.98,117.83,844.69,446.37,4569.0,0.16,46.0,70.55,4738.0
2004-05-16,NASDAQ,1919.31,1881.06,1944.2,1846.29,18343120.0,4.33,2.41,9.62,3.57,75.0,24274.0,4374.0,1.34,105.27,83.43,1632.34,148.8,1730.0,9.49,46.0,41.24,3522.0
2004-05-17,NASDAQ,1919.31,1881.06,1944.2,1846.29,18343120.0,4.33,2.41,9.62,3.57,75.0,24274.0,4374.0,1.34,105.27,83.43,1632.34,148.8,1730.0,9.49,46.0,41.24,3522.0
2004-05-18,NASDAQ,1919.31,1881.06,1944.2,1846.29,18343120.0,4.33,2.41,9.62,3.57,75.0,24274.0,4374.0,1.34,105.27,83.43,1632.34,148.8,1730.0,9.49,46.0,41.24,3522.0
2004-05-19,NASDAQ,3646.67,3654.83,3674.76,3618.79,719721254.0,0.73,3.66,6.86,3.62,80.0,20875.0,3682.0,0.83,98.81,33.76,1305.46,457.12,135.0,4.16,40.0,69.58,10072.0
2004-05-20,NASDAQ,3646.67,3654.83,3674.76,3618.79,719721254.0,0.73,3.66,6.86,3.62,80.0,20875.0,3682.0,0.83,98.81,33.76,1305.46,457.12,135.0,4.16,40.0,69.58,10072.0
2004-05-21,NASDAQ,3646.67,3654.83,3674.76,3618.79,719721254.0,0.73,3.66,6.86,3.62,80.0,20875.0,3682.0,0.83,98.81,33.76,1305.46,457.12,135.0,4.16,40.0,69.58,10072.0
2004-05-22,NASDAQ,3646.67,3654.83,3674.76,3618.79,719721254.0,0.73,3.66,6.86,3.62,80.0,20875.0,3682.0,0.83,98.81,33.76,1305.46,457.12,135.0,4.16,40.0,69.58,10072.0
2004-05-23,NASDAQ,3646.67,3654.83,3674.76,3618.79,719721254.0,0.73,3.66,6.86,3.62,80.0,20875.0,3682.0,0.83,98.81,33.76,1305.46,457.12,135.0,4.16,40.0,69.58,10072.0
2004-05-24,NASDAQ,1874.84,1877.17,1909.85,1833.81,149437666.0,-4.54,2.4,7.49,7.83,119.0,25498.0,4023.0,0.88,107.98,46.26,1784.9,211.96,990.0,6.27,6.0,1.51,6537.0
2004-05-25,NASDAQ,1731.35,1693.02,1770.05,1670.46,604762343.0,3.06,8.62,6.44,4.23,113.0,28031.0,1885.0,1.08,108.84,129.99,1649.43,214.33,1500.0,8.06,43.0,88.0,10550.0
2004-05-26,NASDAQ,1731.35,1693.02,1770.05,1670.46,604762343.0,3.06,8.62,6.44,4.23,113.0,28031.0,1885.0,1.08,108.84,129.99,1649.43,214.33,1500.0,8.06,43.0,88.0,10550.0
2004-05-27,NASDAQ,1731.35,1693.02,1770.05,1670.46,604762343.0,3.06,8.62,6.44,4.23,113.0,28031.0,1885.0,1.08,108.84,129.99,1649.43,214.33,1500.0,8.06,43.0,88.0,10550.0
2004-05-28,NASDAQ,1731.35,1693.02,1770.05,1670.46,604762343.0,3.06,8.62,6.44,4.23,113.0,28031.0,1885.0,1.08,108.84,129.99,1649.43,214.33,1500.0,8.06,43.0,88.0,10550.0
2004-05-29,NASDAQ,1731.35,1693.02,1770.05,1670.46,604762343.0,3.06,8.62,6.44,4.23,113.0,28031.0,1885.0,1.08,108.84,129.99,1649.43,214.33,1500.0,8.06,43.0,88.0,10550.0
2004-05-30,NASDAQ,1731.35,1693.02,1770.05,1670.46,604762343.0,3.06,8.62,6.44,4.23,113.0,28031.0,1885.0,1.08,108.84,129.99,1649.43,214.33,1500.0,8.06,43.0,88.0,10550.0
2004-05-31,NASDAQ,1572.0,1598.41,1610.72,1570.25,171587145.0,6.97,0.7,2.55,6.93,97.0,10761.0,3396.0,1.48,128.52,26.53,1567.68,245.38,6058.0,8.38,48.0,21.51,1882.0
2004-06-01,NASDAQ,1572.0,1598.41,1610.72,1570.25,171587145.0,6.97,0.7,2.55,6.93,97.0,10761.0,3396.0,1.48,128.52,26.53,1567.68,245.38,6058.0,8.38,48.0,21.51,1882.0
2004-06-02,NASDAQ,1572.0,1598.41,1610.72,1570.25,171587145.0,6.97,0.7,2.55,6.93,97.0,10761.0,3396.0,1.48,128.52,26.53,1567.68,245.38,6058.0,8.38,48.0,21.51,1882.0
2004-06-03,NASDAQ,1572.0,1598.41,1610.72,1570.25,171587145.0,6.97,0.7,2.55,6.93,97.0,10761.0,3396.0,1.48,128.52,26.53,1567.68,245.38,6058.0,8.38,48.0,21.51,1882.0
2004-06-04,NASDAQ,1348.07,1370.9199999999998,1413.9299999999998,1315.61,756016433.0,4.18,3.27,4.43,5.88,112.0,18987.0,498.0,1.09,131.24,115.05,2375.18,385.46,4579.0,2.9,36.0,60.1,9991.0
2004-06-05,NASDAQ,3227.14,3197.11,3261.53,3193.0199999999995,708338822.0,5.93,8.27,8.48,8.55,58.0,16726.0,2251.0,1.4,100.41,37.95,1459.47,463.85,7205.0,6.89,38.0,39.44,8789.0
2004-06-06,NASDAQ,4380.48,4367.61,4427.419999999999,4360.839999999999,284904157.0,6.42,7.69,6.81,9.76,63.0,1771.0,3980.0,1.5,102.63,42.98,1770.05,148.52,6733.0,1.06,27.0,67.44,13802.0
2004-06-07,NASDAQ,4183.71,4183.88,4220.0,4175.93,533992018.0,6.56,2.82,12.45,9.59,69.0,5520.0,226.0,1.38,89.86,103.68,2059.05,354.02,6794.0,1.13,44.0,48.51,14512.0
2004-06-08,NASDAQ,1700.49,1723.04,1732.56,1668.97,58290806.0,4.95,0.14,6.17,8.63,59.0,13048.0,2187.0,1.19,125.24,76.82,1834.48,180.95,5494.0,6.44,40.0,15.85,10758.0
2004-06-09,NASDAQ,1700.49,1723.04,1732.56,1668.97,58290806.0,4.95,0.14,6.17,8.63,59.0,13048.0,2187.0,1.19,125.24,76.82,1834.48,180.95,5494.0,6.44,40.0,15.85,10758.0
2004-06-10,NASDAQ,1700.49,1723.04,1732.56,1668.97,58290806.0,4.95,0.14,6.17,8.63,59.0,13048.0,2187.0,1.19,125.24,76.82,1834.48,180.95,5494.0,6.44,40.0,15.85,10758.0
2004-06-11,NASDAQ,1700.49,1723.04,1732.56,1668.97,58290806.0,4.95,0.14,6.17,8.63,59.0,13048.0,2187.0,1.19,125.24,76.82,1834.48,180.95,5494.0,6.44,40.0,15.85,10758.0
2004-06-12,NASDAQ,1700.49,1723.04,1732.56,1668.97,58290806.0,4.95,0.14,6.17,8.63,59.0,13048.0,2187.0,1.19,125.24,76.82,1834.48,180.95,5494.0,6.44,40.0,15.85,10758.0
2004-06-13,NASDAQ,1998.68,2030.52,2049.84,1983.19,712072788.0,-3.82,2.85,10.6,3.16,92.0,4271.0,3418.0,1.07,109.05,46.99,1358.16,326.9,8956.0,5.61,10.0,91.87,5462.0
2004-06-14,NASDAQ,1998.68,2030.52,2049.84,1983.19,712072788.0,-3.82,2.85,10.6,3.16,92.0,4271.0,3418.0,1.07,109.05,46.99,1358.16,326.9,8956.0,5.61,10.0,91.87,5462.0
2004-06-15,NASDAQ,1998.68,2030.52,2049.84,1983.19,712072788.0,-3.82,2.85,10.6,3.16,92.0,4271.0,3418.0,1.07,109.05,46.99,1358.16,326.9,8956.0,5.61,10.0,91.87,5462.0
2004-06-16,NASDAQ,1998.68,2030.52,2049.84,1983.19,712072788.0,-3.82,2.85,10.6,3.16,92.0,4271.0,3418.0,1.07,109.05,46.99,1358.16,326.9,8956.0,5.61,10.0,91.87,5462.0
2004-06-17,NASDAQ,1998.68,2030.52,2049.84,1983.19,712072788.0,-3.82,2.85,10.6,3.16,92.0,4271.0,3418.0,1.07,109.05,46.99,1358.16,326.9,8956.0,5.61,10.0,91.87,5462.0
2004-06-18,NASDAQ,1998.68,2030.52,2049.84,1983.19,712072788.0,-3.82,2.85,10.6,3.16,92.0,4271.0,3418.0,1.07,109.05,46.99,1358.16,326.9,8956.0,5.61,10.0,91.87,5462.0
2004-06-19,NASDAQ,1998.68,2030.52,2049.84,1983.19,712072788.0,-3.82,2.85,10.6,3.16,92.0,4271.0,3418.0,1.07,109.05,46.99,1358.16,326.9,8956.0,5.61,10.0,91.87,5462.0
2004-06-20,NASDAQ,1608.19,1572.03,1642.96,1570.59,460684562.0,6.7,2.34,8.28,7.11,112.0,6102.0,1691.0,0.94,96.5,93.0,1061.84,226.06,6112.0,5.57,10.0,91.52,377.0
2004-06-21,NASDAQ,1608.19,1572.03,1642.96,1570.59,460684562.0,6.7,2.34,8.28,7.11,112.0,6102.0,1691.0,0.94,96.5,93.0,1061.84,226.06,6112.0,5.57,10.0,91.52,377.0
2004-06-22,NASDAQ,1608.19,1572.03,1642.96,1570.59,460684562.0,6.7,2.34,8.28,7.11,112.0,6102.0,1691.0,0.94,96.5,93.0,1061.84,226.06,6112.0,5.57,10.0,91.52,377.0
2004-06-23,NASDAQ,1608.19,1572.03,1642.96,1570.59,460684562.0,6.7,2.34,8.28,7.11,112.0,6102.0,1691.0,0.94,96.5,93.0,1061.84,226.06,6112.0,5.57,10.0,91.52,377.0
2004-06-24,NASDAQ,1608.19,1572.03,1642.96,1570.59,460684562.0,6.7,2.34,8.28,7.11,112.0,6102.0,1691.0,0.94,96.5,93.0,1061.84,226.06,6112.0,5.57,10.0,91.52,377.0
2004-06-25,NASDAQ,4682.96,4723.65,4770.469999999999,4646.86,62378377.0,1.4,8.24,13.73,9.71,69.0,20933.0,2798.0,1.04,148.84,71.88,2493.69,445.59,7626.0,3.85,6.0,22.74,11741.0
2004-06-26,NASDAQ,4682.96,4723.65,4770.469999999999,4646.86,62378377.0,1.4,8.24,13.73,9.71,69.0,20933.0,2798.0,1.04,148.84,71.88,2493.69,445.59,7626.0,3.85,6.0,22.74,11741.0
2004-06-27,NASDAQ,4682.96,4723.65,4770.469999999999,4646.86,62378377.0,1.4,8.24,13.73,9.71,69.0,20933.0,2798.0,1.04,148.84,71.88,2493.69,445.59,7626.0,3.85,6.0,22.74,11741.0
2004-06-28,NASDAQ,1830.16,1825.14,1831.24,1787.8200000000002,147868343.0,6.74,6.15,13.43,3.87,115.0,21306.0,2153.0,1.37,120.68,21.33,1754.59,311.87,9951.0,7.59,3.0,55.53,12665.0
2004-06-29,NASDAQ,1830.16,1825.14,1831.24,1787.8200000000002,147868343.0,6.74,6.15,13.43,3.87,115.0,21306.0,2153.0,1.37,120.68,21.33,1754.59,311.87,9951.0,7.59,3.0,55.53,12665.0
2004-06-30,NASDAQ,4633.74,4663.15,4688.2,4599.82,296635063.0,9.54,9.48,2.29,2.63,118.0,5324.0,3907.0,1.35,90.79,140.34,1283.78,241.62,5289.0,4.47,37.0,80.27,5237.0
2004-07-01,NASDAQ,4633.74,4663.15,4688.2,4599.82,296635063.0,9.54,9.48,2.29,2.63,118.0,5324.0,3907.0,1.35,90.79,140.34,1283.78,241.62,5289.0,4.47,37.0,80.27,5237.0
2004-07-02,NASDAQ,2865.2,2904.67,2911.28,2815.6,861136600.0,6.27,5.08,10.57,4.3,75.0,718.0,4134.0,0.9,84.4,84.25,1747.03,230.45,9408.0,3.19,18.0,18.99,4304.0
2004-07-03,NASDAQ,2865.2,2904.67,2911.28,2815.6,861136600.0,6.27,5.08,10.57,4.3,75.0,718.0,4134.0,0.9,84.4,84.25,1747.03,230.45,9408.0,3.19,18.0,18.99,4304.0
2004-07-04,NASDAQ,2865.2,2904.67,2911.28,2815.6,861136600.0,6.27,5.08,10.57,4.3,75.0,718.0,4134.0,0.9,84.4,84.25,1747.03,230.45,9408.0,3.19,18.0,18.99,4304.0
2004-07-05,NASDAQ,2865.2,2904.67,2911.28,2815.6,861136600.0,6.27,5.08,10.57,4.3,75.0,718.0,4134.0,0.9,84.4,84.25,1747.03,230.45,9408.0,3.19,18.0,18.99,4304.0
2004-07-06,NASDAQ,2865.2,2904.67,2911.28,2815.6,861136600.0,6.27,5.08,10.57,4.3,75.0,718.0,4134.0,0.9,84.4,84.25,1747.03,230.45,9408.0,3.19,18.0,18.99,4304.0
2004-07-07,NASDAQ,2865.2,2904.67,2911.28,2815.6,861136600.0,6.27,5.08,10.57,4.3,75.0,718.0,4134.0,0.9,84.4,84.25,1747.03,230.45,9408.0,3.19,18.0,18.99,4304.0
2004-07-08,NASDAQ,4998.23,5034.129999999999,5044.159999999999,4952.379999999999,730452023.0,-2.34,1.13,3.53,3.15,64.0,26404.0,4917.0,1.35,89.31,119.15,2273.46,257.2,1137.0,7.82,0.0,77.19,2594.0
2004-07-09,NASDAQ,4998.23,5034.129999999999,5044.159999999999,4952.379999999999,730452023.0,-2.34,1.13,3.53,3.15,64.0,26404.0,4917.0,1.35,89.31,119.15,2273.46,257.2,1137.0,7.82,0.0,77.19,2594.0
2004-07-10,NASDAQ,4998.23,5034.129999999999,5044.159999999999,4952.379999999999,730452023.0,-2.34,1.13,3.53,3.15,64.0,26404.0,4917.0,1.35,89.31,119.15,2273.46,257.2,1137.0,7.82,0.0,77.19,2594.0
2004-07-11,NASDAQ,4998.23,5034.129999999999,5044.159999999999,4952.379999999999,730452023.0,-2.34,1.13,3.53,3.15,64.0,26404.0,4917.0,1.35,89.31,119.15,2273.46,257.2,1137.0,7.82,0.0,77.19,2594.0
2004-07-12,NASDAQ,1682.83,1650.66,1694.07,1627.91,510725510.0,1.36,3.28,13.35,8.2,100.0,19654.0,1888.0,0.82,121.08,64.4,1456.27,219.94,4073.0,4.5,6.0,33.26,8423.0
2004-07-13,NASDAQ,1121.85,1095.79,1147.82,1081.26,324600543.0,2.39,4.05,8.64,1.16,66.0,10266.0,2052.0,1.27,89.18,87.05,814.82,359.48,9476.0,5.97,45.0,18.76,9553.0
2004-07-14,NASDAQ,1121.85,1095.79,1147.82,1081.26,324600543.0,2.39,4.05,8.64,1.16,66.0,10266.0,2052.0,1.27,89.18,87.05,814.82,359.48,9476.0,5.97,45.0,18.76,9553.0
2004-07-15,NASDAQ,2361.65,2336.77,2408.9,2299.97,845556898.0,2.85,5.93,9.32,3.75,70.0,12032.0,1051.0,1.44,93.77,134.8,1678.92,382.46,299.0,3.08,21.0,40.09,1165.0
2004-07-16,NASDAQ,2361.65,2336.77,2408.9,2299.97,845556898.0,2.85,5.93,9.32,3.75,70.0,12032.0,1051.0,1.44,93.77,134.8,1678.92,382.46,299.0,3.08,21.0,40.09,1165.0
2004-07-17,NASDAQ,3460.52,3424.02,3492.6,3397.06,733443262.0,-1.28,7.87,3.72,5.02,89.0,11106.0,3520.0,1.05,111.31,114.87,1769.5,335.31,3513.0,9.74,22.0,48.83,330.0
2004-07-18,NASDAQ,3460.52,3424.02,3492.6,3397.06,733443262.0,-1.28,7.87,3.72,5.02,89.0,11106.0,3520.0,1.05,111.31,114.87,1769.5,335.31,3513.0,9.74,22.0,48.83,330.0
2004-07-19,NASDAQ,3460.52,3424.02,3492.6,3397.06,733443262.0,-1.28,7.87,3.72,5.02,89.0,11106.0,3520.0,1.05,111.31,114.87,1769.5,335.31,3513.0,9.74,22.0,48.83,330.0
2004-07-20,NASDAQ,3005.1,2999.29,3017.85,2969.13,278332301.0,6.19,3.36,11.7,9.55,97.0,24121.0,4060.0,1.41,105.27,105.65,2272.09,103.56,1824.0,4.22,17.0,97.01,9119.0
2004-07-21,NASDAQ,3005.1,2999.29,3017.85,2969.13,278332301.0,6.19,3.36,11.7,9.55,97.0,24121.0,4060.0,1.41,105.27,105.65,2272.09,103.56,1824.0,4.22,17.0,97.01,9119.0
2004-07-22,NASDAQ,1139.65,1164.3000000000002,1166.2600000000002,1106.9,319070199.0,-1.68,0.27,9.03,2.2,105.0,15423.0,3945.0,0.86,140.51,81.89,2451.29,186.16,4935.0,8.34,1.0,1.42,503.0
2004-07-23,NASDAQ,1139.65,1164.3000000000002,1166.2600000000002,1106.9,319070199.0,-1.68,0.27,9.03,2.2,105.0,15423.0,3945.0,0.86,140.51,81.89,2451.29,186.16,4935.0,8.34,1.0,1.42,503.0
2004-07-24,NASDAQ,1139.65,1164.3000000000002,1166.2600000000002,1106.9,319070199.0,-1.68,0.27,9.03,2.2,105.0,15423.0,3945.0,0.86,140.51,81.89,2451.29,186.16,4935.0,8.34,1.0,1.42,503.0
2004-07-25,NASDAQ,4356.72,4339.92,4359.1,4298.12,176011808.0,0.88,6.4,14.56,5.0,93.0,15324.0,3158.0,1.07,96.76,48.29,2140.87,362.87,3740.0,2.0,24.0,9.68,4063.0
2004-07-26,NASDAQ,4356.72,4339.92,4359.1,4298.12,176011808.0,0.88,6.4,14.56,5.0,93.0,15324.0,3158.0,1.07,96.76,48.29,2140.87,362.87,3740.0,2.0,24.0,9.68,4063.0
2004-07-27,NASDAQ,4356.72,4339.92,4359.1,4298.12,176011808.0,0.88,6.4,14.56,5.0,93.0,15324.0,3158.0,1.07,96.76,48.29,2140.87,362.87,3740.0,2.0,24.0,9.68,4063.0
2004-07-28,NASDAQ,4356.72,4339.92,4359.1,4298.12,176011808.0,0.88,6.4,14.56,5.0,93.0,15324.0,3158.0,1.07,96.76,48.29,2140.87,362.87,3740.0,2.0,24.0,9.68,4063.0
2004-07-29,NASDAQ,4356.72,4339.92,4359.1,4298.12,176011808.0,0.88,6.4,14.56,5.0,93.0,15324.0,3158.0,1.07,96.76,48.29,2140.87,362.87,3740.0,2.0,24.0,9.68,4063.0
2004-07-30,NASDAQ,4356.72,4339.92,4359.1,4298.12,176011808.0,0.88,6.4,14.56,5.0,93.0,15324.0,3158.0,1.07,96.76,48.29,2140.87,362.87,3740.0,2.0,24.0,9.68,4063.0
2004-07-31,NASDAQ,3898.39,3873.02,3917.79,3843.88,161562377.0,5.78,4.21,14.33,2.78,74.0,15501.0,2928.0,1.4,145.67,99.2,1599.37,190.95,9779.0,6.78,43.0,79.63,14812.0
2004-08-01,NASDAQ,3898.39,3873.02,3917.79,3843.88,161562377.0,5.78,4.21,14.33,2.78,74.0,15501.0,2928.0,1.4,145.67,99.2,1599.37,190.95,9779.0,6.78,43.0,79.63,14812.0
2004-08-02,NASDAQ,3898.39,3873.02,3917.79,3843.88,161562377.0,5.78,4.21,14.33,2.78,74.0,15501.0,2928.0,1.4,145.67,99.2,1599.37,190.95,9779.0,6.78,43.0,79.63,14812.0
2004-08-03,NASDAQ,3898.39,3873.02,3917.79,3843.88,161562377.0,5.78,4.21,14.33,2.78,74.0,15501.0,2928.0,1.4,145.67,99.2,1599.37,190.95,9779.0,6.78,43.0,79.63,14812.0
2004-08-04,NASDAQ,1693.98,1707.36,1754.7600000000002,1679.26,34201244.0,-1.35,5.18,9.42,6.97,109.0,860.0,1725.0,1.5,132.59,104.91,1405.07,360.48,3550.0,4.27,12.0,33.39,13854.0
2004-08-05,NASDAQ,1693.98,1707.36,1754.7600000000002,1679.26,34201244.0,-1.35,5.18,9.42,6.97,109.0,860.0,1725.0,1.5,132.59,104.91,1405.07,360.48,3550.0,4.27,12.0,33.39,13854.0
2004-08-06,NASDAQ,4205.78,4211.31,4236.679999999999,4168.509999999999,744516517.0,3.42,3.26,13.97,5.84,76.0,14686.0,2705.0,1.36,146.01,36.76,2340.25,228.87,6297.0,7.59,15.0,62.53,7817.0
2004-08-07,NASDAQ,2568.37,2571.13,2587.58,2556.08,621791179.0,4.14,1.57,8.32,6.21,92.0,9049.0,1947.0,1.33,110.46,118.38,1503.7,415.61,5690.0,3.38,44.0,77.76,12666.0
2004-08-08,NASDAQ,4003.08,4018.62,4044.04,3966.64,590343547.0,8.13,7.09,10.32,5.96,69.0,28277.0,678.0,0.98,123.06,98.24,1537.66,415.53,7473.0,9.86,49.0,37.28,11514.0
2004-08-09,NASDAQ,4003.08,4018.62,4044.04,3966.64,590343547.0,8.13,7.09,10.32,5.96,69.0,28277.0,678.0,0.98,123.06,98.24,1537.66,415.53,7473.0,9.86,49.0,37.28,11514.0
2004-08-10,NASDAQ,4003.08,4018.62,4044.04,3966.64,590343547.0,8.13,7.09,10.32,5.96,69.0,28277.0,678.0,0.98,123.06,98.24,1537.66,415.53,7473.0,9.86,49.0,37.28,11514.0
2004-08-11,NASDAQ,4003.08,4018.62,4044.04,3966.64,590343547.0,8.13,7.09,10.32,5.96,69.0,28277.0,678.0,0.98,123.06,98.24,1537.66,415.53,7473.0,9.86,49.0,37.28,11514.0
2004-08-12,NASDAQ,3709.57,3728.98,3756.68,3683.51,331328675.0,1.5,8.44,3.22,4.67,101.0,24613.0,2374.0,1.41,114.44,77.38,1526.99,209.91,5230.0,1.76,0.0,28.82,8654.0
2004-08-13,NASDAQ,3709.57,3728.98,3756.68,3683.51,331328675.0,1.5,8.44,3.22,4.67,101.0,24613.0,2374.0,1.41,114.44,77.38,1526.99,209.91,5230.0,1.76,0.0,28.82,8654.0
2004-08-14,NASDAQ,3709.57,3728.98,3756.68,3683.51,331328675.0,1.5,8.44,3.22,4.67,101.0,24613.0,2374.0,1.41,114.44,77.38,1526.99,209.91,5230.0,1.76,0.0,28.82,8654.0
2004-08-15,NASDAQ,3709.57,3728.98,3756.68,3683.51,331328675.0,1.5,8.44,3.22,4.67,101.0,24613.0,2374.0,1.41,114.44,77.38,1526.99,209.91,5230.0,1.76,0.0,28.82,8654.0
2004-08-16,NASDAQ,3709.57,3728.98,3756.68,3683.51,331328675.0,1.5,8.44,3.22,4.67,101.0,24613.0,2374.0,1.41,114.44,77.38,1526.99,209.91,5230.0,1.76,0.0,28.82,8654.0
2004-08-17,NASDAQ,3709.57,3728.98,3756.68,3683.51,331328675.0,1.5,8.44,3.22,4.67,101.0,24613.0,2374.0,1.41,114.44,77.38,1526.99,209.91,5230.0,1.76,0.0,28.82,8654.0
2004-08-18,NASDAQ,4307.43,4336.4400000000005,4384.8,4277.85,254090849.0,-2.46,3.69,14.84,3.12,53.0,23216.0,4472.0,1.19,106.66,60.37,1924.12,440.08,8538.0,5.66,1.0,61.38,2634.0
2004-08-19,NASDAQ,4307.43,4336.4400000000005,4384.8,4277.85,254090849.0,-2.46,3.69,14.84,3.12,53.0,23216.0,4472.0,1.19,106.66,60.37,1924.12,440.08,8538.0,5.66,1.0,61.38,2634.0
2004-08-20,NASDAQ,4100.98,4118.679999999999,4138.349999999999,4075.23,870875375.0,-4.98,5.38,8.19,3.07,79.0,18399.0,2058.0,1.46,84.4,142.48,1358.38,255.6,6383.0,5.35,9.0,52.29,2692.0
2004-08-21,NASDAQ,4100.98,4118.679999999999,4138.349999999999,4075.23,870875375.0,-4.98,5.38,8.19,3.07,79.0,18399.0,2058.0,1.46,84.4,142.48,1358.38,255.6,6383.0,5.35,9.0,52.29,2692.0
2004-08-22,NASDAQ,4100.98,4118.679999999999,4138.349999999999,4075.23,870875375.0,-4.98,5.38,8.19,3.07,79.0,18399.0,2058.0,1.46,84.4,142.48,1358.38,255.6,6383.0,5.35,9.0,52.29,2692.0
2004-08-23,NASDAQ,4100.98,4118.679999999999,4138.349999999999,4075.23,870875375.0,-4.98,5.38,8.19,3.07,79.0,18399.0,2058.0,1.46,84.4,142.48,1358.38,255.6,6383.0,5.35,9.0,52.29,2692.0
2004-08-24,NASDAQ,4100.98,4118.679999999999,4138.349999999999,4075.23,870875375.0,-4.98,5.38,8.19,3.07,79.0,18399.0,2058.0,1.46,84.4,142.48,1358.38,255.6,6383.0,5.35,9.0,52.29,2692.0
2004-08-25,NASDAQ,4100.98,4118.679999999999,4138.349999999999,4075.23,870875375.0,-4.98,5.38,8.19,3.07,79.0,18399.0,2058.0,1.46,84.4,142.48,1358.38,255.6,6383.0,5.35,9.0,52.29,2692.0
2004-08-26,NASDAQ,4100.98,4118.679999999999,4138.349999999999,4075.23,870875375.0,-4.98,5.38,8.19,3.07,79.0,18399.0,2058.0,1.46,84.4,142.48,1358.38,255.6,6383.0,5.35,9.0,52.29,2692.0
2004-08-27,NASDAQ,4100.98,4118.679999999999,4138.349999999999,4075.23,870875375.0,-4.98,5.38,8.19,3.07,79.0,18399.0,2058.0,1.46,84.4,142.48,1358.38,255.6,6383.0,5.35,9.0,52.29,2692.0
2004-08-28,NASDAQ,4100.98,4118.679999999999,4138.349999999999,4075.23,870875375.0,-4.98,5.38,8.19,3.07,79.0,18399.0,2058.0,1.46,84.4,142.48,1358.38,255.6,6383.0,5.35,9.0,52.29,2692.0
2004-08-29,NASDAQ,3714.0,3738.54,3749.29,3701.06,829093273.0,4.13,6.99,10.52,3.44,57.0,19009.0,1894.0,1.28,85.3,44.29,975.14,454.21,6520.0,5.6,2.0,99.69,1207.0
2004-08-30,NASDAQ,2270.2,2258.1,2305.98,2220.37,189542286.0,8.47,1.29,9.22,6.9,118.0,12461.0,4988.0,1.05,134.64,126.85,2245.79,388.04,6242.0,3.49,46.0,90.35,7740.0
2004-08-31,NASDAQ,2270.2,2258.1,2305.98,2220.37,189542286.0,8.47,1.29,9.22,6.9,118.0,12461.0,4988.0,1.05,134.64,126.85,2245.79,388.04,6242.0,3.49,46.0,90.35,7740.0
2004-09-01,NASDAQ,2270.2,2258.1,2305.98,2220.37,189542286.0,8.47,1.29,9.22,6.9,118.0,12461.0,4988.0,1.05,134.64,126.85,2245.79,388.04,6242.0,3.49,46.0,90.35,7740.0
2004-09-02,NASDAQ,2270.2,2258.1,2305.98,2220.37,189542286.0,8.47,1.29,9.22,6.9,118.0,12461.0,4988.0,1.05,134.64,126.85,2245.79,388.04,6242.0,3.49,46.0,90.35,7740.0
2004-09-03,NASDAQ,2270.2,2258.1,2305.98,2220.37,189542286.0,8.47,1.29,9.22,6.9,118.0,12461.0,4988.0,1.05,134.64,126.85,2245.79,388.04,6242.0,3.49,46.0,90.35,7740.0
2004-09-04,NASDAQ,2270.2,2258.1,2305.98,2220.37,189542286.0,8.47,1.29,9.22,6.9,118.0,12461.0,4988.0,1.05,134.64,126.85,2245.79,388.04,6242.0,3.49,46.0,90.35,7740.0
2004-09-05,NASDAQ,2270.2,2258.1,2305.98,2220.37,189542286.0,8.47,1.29,9.22,6.9,118.0,12461.0,4988.0,1.05,134.64,126.85,2245.79,388.04,6242.0,3.49,46.0,90.35,7740.0
2004-09-06,NASDAQ,4853.44,4893.77,4921.52,4837.03,509198030.0,7.06,2.86,4.48,4.51,79.0,4052.0,4725.0,0.88,106.92,69.64,2481.17,309.1,9006.0,5.66,25.0,87.32,1536.0
2004-09-07,NASDAQ,4853.44,4893.77,4921.52,4837.03,509198030.0,7.06,2.86,4.48,4.51,79.0,4052.0,4725.0,0.88,106.92,69.64,2481.17,309.1,9006.0,5.66,25.0,87.32,1536.0
2004-09-08,NASDAQ,3864.2,3837.41,3907.18,3829.03,730151888.0,-0.96,7.59,10.58,6.23,94.0,2338.0,915.0,0.91,139.37,38.51,1700.49,373.65,4089.0,2.36,29.0,87.32,3257.0
2004-09-09,NASDAQ,3864.2,3837.41,3907.18,3829.03,730151888.0,-0.96,7.59,10.58,6.23,94.0,2338.0,915.0,0.91,139.37,38.51,1700.49,373.65,4089.0,2.36,29.0,87.32,3257.0
2004-09-10,NASDAQ,3864.2,3837.41,3907.18,3829.03,730151888.0,-0.96,7.59,10.58,6.23,94.0,2338.0,915.0,0.91,139.37,38.51,1700.49,373.65,4089.0,2.36,29.0,87.32,3257.0
2004-09-11,NASDAQ,4960.44,4996.139999999999,5020.179999999999,4954.339999999999,40338168.0,6.0,2.18,7.15,5.44,110.0,17779.0,3387.0,0.92,85.79,121.11,2367.58,360.0,2327.0,5.61,40.0,72.01,9271.0
2004-09-12,NASDAQ,2247.52,2239.03,2272.46,2233.4,56743692.0,4.15,6.51,10.97,4.39,62.0,22493.0,4359.0,1.19,85.03,140.2,1395.81,281.6,7124.0,5.09,45.0,54.93,11468.0
2004-09-13,NASDAQ,2359.89,2318.82,2370.64,2315.2,747526059.0,-2.45,7.65,11.62,3.3,105.0,6413.0,2685.0,1.39,129.95,102.64,2102.39,162.37,9631.0,6.96,4.0,95.43,14513.0
2004-09-14,NASDAQ,2359.89,2318.82,2370.64,2315.2,747526059.0,-2.45,7.65,11.62,3.3,105.0,6413.0,2685.0,1.39,129.95,102.64,2102.39,162.37,9631.0,6.96,4.0,95.43,14513.0
2004-09-15,NASDAQ,2359.89,2318.82,2370.64,2315.2,747526059.0,-2.45,7.65,11.62,3.3,105.0,6413.0,2685.0,1.39,129.95,102.64,2102.39,162.37,9631.0,6.96,4.0,95.43,14513.0
2004-09-16,NASDAQ,2359.89,2318.82,2370.64,2315.2,747526059.0,-2.45,7.65,11.62,3.3,105.0,6413.0,2685.0,1.39,129.95,102.64,2102.39,162.37,9631.0,6.96,4.0,95.43,14513.0
2004-09-17,NASDAQ,2359.89,2318.82,2370.64,2315.2,747526059.0,-2.45,7.65,11.62,3.3,105.0,6413.0,2685.0,1.39,129.95,102.64,2102.39,162.37,9631.0,6.96,4.0,95.43,14513.0
2004-09-18,NASDAQ,2359.89,2318.82,2370.64,2315.2,747526059.0,-2.45,7.65,11.62,3.3,105.0,6413.0,2685.0,1.39,129.95,102.64,2102.39,162.37,9631.0,6.96,4.0,95.43,14513.0
2004-09-19,NASDAQ,4741.94,4774.7,4810.4,4696.75,151782471.0,-2.0,5.51,9.06,6.2,58.0,20554.0,358.0,1.28,87.62,85.44,821.14,424.4,8678.0,6.82,48.0,84.31,11047.0
2004-09-20,NASDAQ,4741.94,4774.7,4810.4,4696.75,151782471.0,-2.0,5.51,9.06,6.2,58.0,20554.0,358.0,1.28,87.62,85.44,821.14,424.4,8678.0,6.82,48.0,84.31,11047.0
2004-09-21,NASDAQ,2490.04,2499.65,2506.56,2455.13,309547395.0,5.99,9.81,2.71,4.38,109.0,15087.0,1765.0,1.05,81.44,85.09,1712.25,180.13,1541.0,7.13,9.0,93.55,10177.0
2004-09-22,NASDAQ,2490.04,2499.65,2506.56,2455.13,309547395.0,5.99,9.81,2.71,4.38,109.0,15087.0,1765.0,1.05,81.44,85.09,1712.25,180.13,1541.0,7.13,9.0,93.55,10177.0
2004-09-23,NASDAQ,2490.04,2499.65,2506.56,2455.13,309547395.0,5.99,9.81,2.71,4.38,109.0,15087.0,1765.0,1.05,81.44,85.09,1712.25,180.13,1541.0,7.13,9.0,93.55,10177.0
2004-09-24,NASDAQ,1369.44,1328.41,1379.66,1286.98,799004205.0,-1.15,0.63,12.14,2.48,52.0,23169.0,865.0,1.04,93.67,70.37,1230.17,174.99,3209.0,9.9,16.0,33.94,8231.0
2004-09-25,NASDAQ,1369.44,1328.41,1379.66,1286.98,799004205.0,-1.15,0.63,12.14,2.48,52.0,23169.0,865.0,1.04,93.67,70.37,1230.17,174.99,3209.0,9.9,16.0,33.94,8231.0
2004-09-26,NASDAQ,3380.85,3411.58,3417.86,3365.55,894006037.0,4.89,5.69,4.08,2.21,51.0,18292.0,3549.0,1.24,101.72,44.03,952.72,109.03,7443.0,8.97,39.0,9.46,10482.0
2004-09-27,NASDAQ,3380.85,3411.58,3417.86,3365.55,894006037.0,4.89,5.69,4.08,2.21,51.0,18292.0,3549.0,1.24,101.72,44.03,952.72,109.03,7443.0,8.97,39.0,9.46,10482.0
2004-09-28,NASDAQ,3380.85,3411.58,3417.86,3365.55,894006037.0,4.89,5.69,4.08,2.21,51.0,18292.0,3549.0,1.24,101.72,44.03,952.72,109.03,7443.0,8.97,39.0,9.46,10482.0
2004-09-29,NASDAQ,3380.85,3411.58,3417.86,3365.55,894006037.0,4.89,5.69,4.08,2.21,51.0,18292.0,3549.0,1.24,101.72,44.03,952.72,109.03,7443.0,8.97,39.0,9.46,10482.0
2004-09-30,NASDAQ,3380.85,3411.58,3417.86,3365.55,894006037.0,4.89,5.69,4.08,2.21,51.0,18292.0,3549.0,1.24,101.72,44.03,952.72,109.03,7443.0,8.97,39.0,9.46,10482.0
2004-10-01,NASDAQ,1986.63,1952.73,2023.94,1939.8,546689557.0,6.72,2.83,6.74,6.14,59.0,12329.0,4260.0,1.39,120.25,124.61,1058.34,282.34,8782.0,7.69,11.0,31.97,8805.0
2004-10-02,NASDAQ,1986.63,1952.73,2023.94,1939.8,546689557.0,6.72,2.83,6.74,6.14,59.0,12329.0,4260.0,1.39,120.25,124.61,1058.34,282.34,8782.0,7.69,11.0,31.97,8805.0
2004-10-03,NASDAQ,1986.63,1952.73,2023.94,1939.8,546689557.0,6.72,2.83,6.74,6.14,59.0,12329.0,4260.0,1.39,120.25,124.61,1058.34,282.34,8782.0,7.69,11.0,31.97,8805.0
2004-10-04,NASDAQ,1986.63,1952.73,2023.94,1939.8,546689557.0,6.72,2.83,6.74,6.14,59.0,12329.0,4260.0,1.39,120.25,124.61,1058.34,282.34,8782.0,7.69,11.0,31.97,8805.0
2004-10-05,NASDAQ,1986.63,1952.73,2023.94,1939.8,546689557.0,6.72,2.83,6.74,6.14,59.0,12329.0,4260.0,1.39,120.25,124.61,1058.34,282.34,8782.0,7.69,11.0,31.97,8805.0
2004-10-06,NASDAQ,1986.63,1952.73,2023.94,1939.8,546689557.0,6.72,2.83,6.74,6.14,59.0,12329.0,4260.0,1.39,120.25,124.61,1058.34,282.34,8782.0,7.69,11.0,31.97,8805.0
2004-10-07,NASDAQ,1986.63,1952.73,2023.94,1939.8,546689557.0,6.72,2.83,6.74,6.14,59.0,12329.0,4260.0,1.39,120.25,124.61,1058.34,282.34,8782.0,7.69,11.0,31.97,8805.0
2004-10-08,NASDAQ,1986.63,1952.73,2023.94,1939.8,546689557.0,6.72,2.83,6.74,6.14,59.0,12329.0,4260.0,1.39,120.25,124.61,1058.34,282.34,8782.0,7.69,11.0,31.97,8805.0
2004-10-09,NASDAQ,1986.63,1952.73,2023.94,1939.8,546689557.0,6.72,2.83,6.74,6.14,59.0,12329.0,4260.0,1.39,120.25,124.61,1058.34,282.34,8782.0,7.69,11.0,31.97,8805.0
2004-10-10,NASDAQ,1986.63,1952.73,2023.94,1939.8,546689557.0,6.72,2.83,6.74,6.14,59.0,12329.0,4260.0,1.39,120.25,124.61,1058.34,282.34,8782.0,7.69,11.0,31.97,8805.0
2004-10-11,NASDAQ,1986.63,1952.73,2023.94,1939.8,546689557.0,6.72,2.83,6.74,6.14,59.0,12329.0,4260.0,1.39,120.25,124.61,1058.34,282.34,8782.0,7.69,11.0,31.97,8805.0
2004-10-12,NASDAQ,1849.79,1899.25,1933.65,1837.36,699621073.0,-1.61,3.04,2.2,5.28,59.0,22352.0,1644.0,1.45,103.61,114.72,1652.54,139.27,4935.0,2.13,35.0,84.81,7507.0
2004-10-13,NASDAQ,1849.79,1899.25,1933.65,1837.36,699621073.0,-1.61,3.04,2.2,5.28,59.0,22352.0,1644.0,1.45,103.61,114.72,1652.54,139.27,4935.0,2.13,35.0,84.81,7507.0
2004-10-14,NASDAQ,1849.79,1899.25,1933.65,1837.36,699621073.0,-1.61,3.04,2.2,5.28,59.0,22352.0,1644.0,1.45,103.61,114.72,1652.54,139.27,4935.0,2.13,35.0,84.81,7507.0
2004-10-15,NASDAQ,2609.63,2658.9100000000003,2660.7100000000005,2600.85,382741332.0,6.92,1.34,12.51,3.64,87.0,5507.0,2713.0,1.03,126.09,31.23,1167.22,226.64,1035.0,9.63,30.0,83.97,12761.0
2004-10-16,NASDAQ,2609.63,2658.9100000000003,2660.7100000000005,2600.85,382741332.0,6.92,1.34,12.51,3.64,87.0,5507.0,2713.0,1.03,126.09,31.23,1167.22,226.64,1035.0,9.63,30.0,83.97,12761.0
2004-10-17,NASDAQ,2609.63,2658.9100000000003,2660.7100000000005,2600.85,382741332.0,6.92,1.34,12.51,3.64,87.0,5507.0,2713.0,1.03,126.09,31.23,1167.22,226.64,1035.0,9.63,30.0,83.97,12761.0
2004-10-18,NASDAQ,2609.63,2658.9100000000003,2660.7100000000005,2600.85,382741332.0,6.92,1.34,12.51,3.64,87.0,5507.0,2713.0,1.03,126.09,31.23,1167.22,226.64,1035.0,9.63,30.0,83.97,12761.0
2004-10-19,NASDAQ,2609.63,2658.9100000000003,2660.7100000000005,2600.85,382741332.0,6.92,1.34,12.51,3.64,87.0,5507.0,2713.0,1.03,126.09,31.23,1167.22,226.64,1035.0,9.63,30.0,83.97,12761.0
2004-10-20,NASDAQ,3764.22,3722.87,3802.64,3720.15,956163958.0,-1.74,3.75,9.96,8.34,56.0,11949.0,340.0,0.82,120.86,72.67,835.6,308.1,9794.0,8.61,36.0,94.4,13044.0
2004-10-21,NASDAQ,3764.22,3722.87,3802.64,3720.15,956163958.0,-1.74,3.75,9.96,8.34,56.0,11949.0,340.0,0.82,120.86,72.67,835.6,308.1,9794.0,8.61,36.0,94.4,13044.0
2004-10-22,NASDAQ,3764.22,3722.87,3802.64,3720.15,956163958.0,-1.74,3.75,9.96,8.34,56.0,11949.0,340.0,0.82,120.86,72.67,835.6,308.1,9794.0,8.61,36.0,94.4,13044.0
2004-10-23,NASDAQ,3764.22,3722.87,3802.64,3720.15,956163958.0,-1.74,3.75,9.96,8.34,56.0,11949.0,340.0,0.82,120.86,72.67,835.6,308.1,9794.0,8.61,36.0,94.4,13044.0
2004-10-24,NASDAQ,3764.22,3722.87,3802.64,3720.15,956163958.0,-1.74,3.75,9.96,8.34,56.0,11949.0,340.0,0.82,120.86,72.67,835.6,308.1,9794.0,8.61,36.0,94.4,13044.0
2004-10-25,NASDAQ,2719.83,2769.75,2779.62,2709.16,409240366.0,-0.97,4.32,4.02,2.21,77.0,12849.0,2465.0,1.3,80.37,75.47,2185.25,282.79,4444.0,5.95,34.0,88.48,6930.0
2004-10-26,NASDAQ,4323.8,4302.4800000000005,4352.58,4286.21,966643407.0,7.23,5.57,9.02,4.54,101.0,20356.0,3061.0,0.92,101.6,70.34,2214.45,132.7,9416.0,2.4,38.0,37.62,834.0
2004-10-27,NASDAQ,4323.8,4302.4800000000005,4352.58,4286.21,966643407.0,7.23,5.57,9.02,4.54,101.0,20356.0,3061.0,0.92,101.6,70.34,2214.45,132.7,9416.0,2.4,38.0,37.62,834.0
2004-10-28,NASDAQ,4323.8,4302.4800000000005,4352.58,4286.21,966643407.0,7.23,5.57,9.02,4.54,101.0,20356.0,3061.0,0.92,101.6,70.34,2214.45,132.7,9416.0,2.4,38.0,37.62,834.0
2004-10-29,NASDAQ,3125.82,3092.23,3174.36,3071.24,726832992.0,9.49,3.08,9.6,9.8,116.0,9857.0,2247.0,1.25,126.27,136.01,1469.88,447.66,9891.0,4.24,33.0,37.68,1120.0
2004-10-30,NASDAQ,3125.82,3092.23,3174.36,3071.24,726832992.0,9.49,3.08,9.6,9.8,116.0,9857.0,2247.0,1.25,126.27,136.01,1469.88,447.66,9891.0,4.24,33.0,37.68,1120.0
2004-10-31,NASDAQ,3125.82,3092.23,3174.36,3071.24,726832992.0,9.49,3.08,9.6,9.8,116.0,9857.0,2247.0,1.25,126.27,136.01,1469.88,447.66,9891.0,4.24,33.0,37.68,1120.0
2004-11-01,NASDAQ,2199.77,2240.35,2251.08,2172.48,821955517.0,6.33,3.01,9.11,7.69,64.0,2858.0,1135.0,1.49,125.57,55.18,1183.47,281.65,9439.0,8.15,15.0,33.69,6592.0
2004-11-02,NASDAQ,3384.33,3431.84,3463.54,3352.95,555307140.0,-1.69,2.95,13.98,5.64,57.0,11930.0,819.0,1.08,115.96,69.93,906.57,241.67,4344.0,9.82,34.0,82.67,6259.0
2004-11-03,NASDAQ,2735.38,2708.61,2773.42,2661.85,868985081.0,2.51,3.61,13.92,3.61,54.0,16541.0,4782.0,1.01,128.23,52.52,1062.44,345.72,2204.0,2.51,22.0,40.09,308.0
2004-11-04,NASDAQ,2735.38,2708.61,2773.42,2661.85,868985081.0,2.51,3.61,13.92,3.61,54.0,16541.0,4782.0,1.01,128.23,52.52,1062.44,345.72,2204.0,2.51,22.0,40.09,308.0
2004-11-05,NASDAQ,2735.38,2708.61,2773.42,2661.85,868985081.0,2.51,3.61,13.92,3.61,54.0,16541.0,4782.0,1.01,128.23,52.52,1062.44,345.72,2204.0,2.51,22.0,40.09,308.0
2004-11-06,NASDAQ,2735.38,2708.61,2773.42,2661.85,868985081.0,2.51,3.61,13.92,3.61,54.0,16541.0,4782.0,1.01,128.23,52.52,1062.44,345.72,2204.0,2.51,22.0,40.09,308.0
2004-11-07,NASDAQ,4609.65,4646.65,4663.589999999999,4579.08,307452643.0,2.14,5.75,14.84,2.18,115.0,12359.0,1566.0,1.32,107.24,116.7,1267.54,113.75,6574.0,8.34,37.0,25.24,2028.0
2004-11-08,NASDAQ,4609.65,4646.65,4663.589999999999,4579.08,307452643.0,2.14,5.75,14.84,2.18,115.0,12359.0,1566.0,1.32,107.24,116.7,1267.54,113.75,6574.0,8.34,37.0,25.24,2028.0
2004-11-09,NASDAQ,3932.0,3898.47,3953.07,3879.66,645146424.0,-1.47,0.46,5.1,1.52,80.0,10873.0,187.0,1.41,103.43,45.33,1434.53,234.33,3665.0,6.2,44.0,30.31,12337.0
2004-11-10,NASDAQ,3932.0,3898.47,3953.07,3879.66,645146424.0,-1.47,0.46,5.1,1.52,80.0,10873.0,187.0,1.41,103.43,45.33,1434.53,234.33,3665.0,6.2,44.0,30.31,12337.0
2004-11-11,NASDAQ,3932.0,3898.47,3953.07,3879.66,645146424.0,-1.47,0.46,5.1,1.52,80.0,10873.0,187.0,1.41,103.43,45.33,1434.53,234.33,3665.0,6.2,44.0,30.31,12337.0
2004-11-12,NASDAQ,3932.0,3898.47,3953.07,3879.66,645146424.0,-1.47,0.46,5.1,1.52,80.0,10873.0,187.0,1.41,103.43,45.33,1434.53,234.33,3665.0,6.2,44.0,30.31,12337.0
2004-11-13,NASDAQ,3932.0,3898.47,3953.07,3879.66,645146424.0,-1.47,0.46,5.1,1.52,80.0,10873.0,187.0,1.41,103.43,45.33,1434.53,234.33,3665.0,6.2,44.0,30.31,12337.0
2004-11-14,NASDAQ,3932.0,3898.47,3953.07,3879.66,645146424.0,-1.47,0.46,5.1,1.52,80.0,10873.0,187.0,1.41,103.43,45.33,1434.53,234.33,3665.0,6.2,44.0,30.31,12337.0
2004-11-15,NASDAQ,4593.55,4549.02,4624.320000000001,4524.950000000001,393313428.0,9.73,4.36,5.56,2.53,87.0,24489.0,4331.0,1.21,80.01,75.94,1540.9,322.27,3020.0,0.35,32.0,83.51,13288.0
2004-11-16,NASDAQ,4593.55,4549.02,4624.320000000001,4524.950000000001,393313428.0,9.73,4.36,5.56,2.53,87.0,24489.0,4331.0,1.21,80.01,75.94,1540.9,322.27,3020.0,0.35,32.0,83.51,13288.0
2004-11-17,NASDAQ,4593.55,4549.02,4624.320000000001,4524.950000000001,393313428.0,9.73,4.36,5.56,2.53,87.0,24489.0,4331.0,1.21,80.01,75.94,1540.9,322.27,3020.0,0.35,32.0,83.51,13288.0
2004-11-18,NASDAQ,1043.24,1043.55,1078.33,1036.43,355605166.0,-2.58,8.39,8.39,6.56,90.0,15003.0,641.0,0.88,84.93,136.54,1991.06,350.45,6078.0,7.0,12.0,14.5,10361.0
2004-11-19,NASDAQ,1043.24,1043.55,1078.33,1036.43,355605166.0,-2.58,8.39,8.39,6.56,90.0,15003.0,641.0,0.88,84.93,136.54,1991.06,350.45,6078.0,7.0,12.0,14.5,10361.0
2004-11-20,NASDAQ,4203.92,4226.84,4253.96,4176.78,570865054.0,5.56,7.37,7.88,4.99,99.0,12646.0,910.0,0.95,104.51,57.64,1834.91,141.3,498.0,3.64,18.0,1.92,8673.0
2004-11-21,NASDAQ,4203.92,4226.84,4253.96,4176.78,570865054.0,5.56,7.37,7.88,4.99,99.0,12646.0,910.0,0.95,104.51,57.64,1834.91,141.3,498.0,3.64,18.0,1.92,8673.0
2004-11-22,NASDAQ,3307.43,3351.3,3355.76,3305.62,265392549.0,-4.01,9.44,8.91,5.23,103.0,12969.0,3592.0,1.03,118.12,87.06,2477.32,268.76,1175.0,7.03,8.0,52.23,7006.0
2004-11-23,NASDAQ,3307.43,3351.3,3355.76,3305.62,265392549.0,-4.01,9.44,8.91,5.23,103.0,12969.0,3592.0,1.03,118.12,87.06,2477.32,268.76,1175.0,7.03,8.0,52.23,7006.0
2004-11-24,NASDAQ,1474.84,1509.9,1535.0099999999998,1452.09,748100619.0,6.62,4.22,8.73,5.64,89.0,1055.0,1233.0,0.86,85.14,132.08,1824.52,236.52,1962.0,0.83,20.0,68.97,3162.0
2004-11-25,NASDAQ,1474.84,1509.9,1535.0099999999998,1452.09,748100619.0,6.62,4.22,8.73,5.64,89.0,1055.0,1233.0,0.86,85.14,132.08,1824.52,236.52,1962.0,0.83,20.0,68.97,3162.0
2004-11-26,NASDAQ,1474.84,1509.9,1535.0099999999998,1452.09,748100619.0,6.62,4.22,8.73,5.64,89.0,1055.0,1233.0,0.86,85.14,132.08,1824.52,236.52,1962.0,0.83,20.0,68.97,3162.0
2004-11-27,NASDAQ,1268.94,1249.29,1294.81,1240.57,157556939.0,2.35,5.76,12.37,7.36,110.0,4140.0,668.0,0.96,85.36,86.5,2160.78,215.56,2666.0,5.98,38.0,53.02,11479.0
2004-11-28,NASDAQ,1268.94,1249.29,1294.81,1240.57,157556939.0,2.35,5.76,12.37,7.36,110.0,4140.0,668.0,0.96,85.36,86.5,2160.78,215.56,2666.0,5.98,38.0,53.02,11479.0
2004-11-29,NASDAQ,1268.94,1249.29,1294.81,1240.57,157556939.0,2.35,5.76,12.37,7.36,110.0,4140.0,668.0,0.96,85.36,86.5,2160.78,215.56,2666.0,5.98,38.0,53.02,11479.0
2004-11-30,NASDAQ,1129.77,1126.51,1155.47,1105.83,548803918.0,-1.34,2.24,3.91,5.99,104.0,19614.0,2844.0,1.03,106.52,117.26,1340.26,268.9,6590.0,2.06,21.0,92.23,5350.0
2004-12-01,NASDAQ,3634.87,3613.43,3663.53,3565.81,812146578.0,0.24,7.24,6.45,0.76,81.0,5919.0,4725.0,0.98,100.81,43.62,1358.05,476.31,1791.0,4.72,49.0,94.36,5586.0
2004-12-02,NASDAQ,3634.87,3613.43,3663.53,3565.81,812146578.0,0.24,7.24,6.45,0.76,81.0,5919.0,4725.0,0.98,100.81,43.62,1358.05,476.31,1791.0,4.72,49.0,94.36,5586.0
2004-12-03,NASDAQ,3634.87,3613.43,3663.53,3565.81,812146578.0,0.24,7.24,6.45,0.76,81.0,5919.0,4725.0,0.98,100.81,43.62,1358.05,476.31,1791.0,4.72,49.0,94.36,5586.0
2004-12-04,NASDAQ,1690.1,1649.9,1710.84,1616.1999999999998,580203240.0,-3.85,6.24,9.48,4.25,85.0,15942.0,2174.0,1.38,99.95,100.89,992.12,153.36,3356.0,3.74,24.0,92.32,8566.0
2004-12-05,NASDAQ,1690.1,1649.9,1710.84,1616.1999999999998,580203240.0,-3.85,6.24,9.48,4.25,85.0,15942.0,2174.0,1.38,99.95,100.89,992.12,153.36,3356.0,3.74,24.0,92.32,8566.0
2004-12-06,NASDAQ,2185.43,2141.14,2224.67,2113.2,113169924.0,2.96,7.94,13.1,1.42,63.0,17150.0,1241.0,0.84,124.38,43.44,803.27,170.95,4154.0,5.63,31.0,99.39,13920.0
2004-12-07,NASDAQ,4753.26,4714.31,4763.26,4711.410000000001,10227525.0,0.95,9.48,14.46,8.04,112.0,4416.0,1177.0,1.3,88.04,90.35,2093.29,396.74,9802.0,0.72,7.0,26.82,12305.0
2004-12-08,NASDAQ,4753.26,4714.31,4763.26,4711.410000000001,10227525.0,0.95,9.48,14.46,8.04,112.0,4416.0,1177.0,1.3,88.04,90.35,2093.29,396.74,9802.0,0.72,7.0,26.82,12305.0
2004-12-09,NASDAQ,4934.27,4930.71,4968.06,4928.07,484427906.0,4.42,3.21,9.3,8.11,103.0,24212.0,251.0,1.1,145.14,86.26,1738.26,182.88,9360.0,9.8,27.0,96.23,6970.0
2004-12-10,NASDAQ,2038.68,2032.01,2066.67,1991.16,354165540.0,8.83,4.06,7.4,3.09,99.0,29785.0,4932.0,0.93,135.94,95.33,2070.95,462.71,6433.0,0.1,19.0,22.45,7159.0
2004-12-11,NASDAQ,2038.68,2032.01,2066.67,1991.16,354165540.0,8.83,4.06,7.4,3.09,99.0,29785.0,4932.0,0.93,135.94,95.33,2070.95,462.71,6433.0,0.1,19.0,22.45,7159.0
2004-12-12,NASDAQ,2724.94,2748.89,2785.83,2713.09,693875690.0,-0.57,5.95,7.5,2.89,84.0,26476.0,3333.0,0.88,124.72,95.51,1985.67,178.47,2714.0,6.73,2.0,97.07,8681.0
2004-12-13,NASDAQ,2390.08,2382.71,2421.34,2366.53,398078649.0,9.64,5.48,12.28,6.35,79.0,15971.0,1785.0,1.22,121.47,79.14,909.91,394.62,871.0,1.59,43.0,5.04,8562.0
2004-12-14,NASDAQ,1201.4,1184.77,1250.72,1160.7,442714836.0,0.57,9.27,12.46,8.24,104.0,13365.0,3591.0,1.32,132.01,87.86,2298.15,136.35,2674.0,5.61,40.0,27.0,12456.0
2004-12-15,NASDAQ,1201.4,1184.77,1250.72,1160.7,442714836.0,0.57,9.27,12.46,8.24,104.0,13365.0,3591.0,1.32,132.01,87.86,2298.15,136.35,2674.0,5.61,40.0,27.0,12456.0
2004-12-16,NASDAQ,1201.4,1184.77,1250.72,1160.7,442714836.0,0.57,9.27,12.46,8.24,104.0,13365.0,3591.0,1.32,132.01,87.86,2298.15,136.35,2674.0,5.61,40.0,27.0,12456.0
2004-12-17,NASDAQ,1201.4,1184.77,1250.72,1160.7,442714836.0,0.57,9.27,12.46,8.24,104.0,13365.0,3591.0,1.32,132.01,87.86,2298.15,136.35,2674.0,5.61,40.0,27.0,12456.0
2004-12-18,NASDAQ,1201.4,1184.77,1250.72,1160.7,442714836.0,0.57,9.27,12.46,8.24,104.0,13365.0,3591.0,1.32,132.01,87.86,2298.15,136.35,2674.0,5.61,40.0,27.0,12456.0
2004-12-19,NASDAQ,1201.4,1184.77,1250.72,1160.7,442714836.0,0.57,9.27,12.46,8.24,104.0,13365.0,3591.0,1.32,132.01,87.86,2298.15,136.35,2674.0,5.61,40.0,27.0,12456.0
2004-12-20,NASDAQ,1201.4,1184.77,1250.72,1160.7,442714836.0,0.57,9.27,12.46,8.24,104.0,13365.0,3591.0,1.32,132.01,87.86,2298.15,136.35,2674.0,5.61,40.0,27.0,12456.0
2004-12-21,NASDAQ,1201.4,1184.77,1250.72,1160.7,442714836.0,0.57,9.27,12.46,8.24,104.0,13365.0,3591.0,1.32,132.01,87.86,2298.15,136.35,2674.0,5.61,40.0,27.0,12456.0
2004-12-22,NASDAQ,1201.4,1184.77,1250.72,1160.7,442714836.0,0.57,9.27,12.46,8.24,104.0,13365.0,3591.0,1.32,132.01,87.86,2298.15,136.35,2674.0,5.61,40.0,27.0,12456.0
2004-12-23,NASDAQ,1201.4,1184.77,1250.72,1160.7,442714836.0,0.57,9.27,12.46,8.24,104.0,13365.0,3591.0,1.32,132.01,87.86,2298.15,136.35,2674.0,5.61,40.0,27.0,12456.0
2004-12-24,NASDAQ,4282.78,4318.73,4336.95,4261.429999999999,253618081.0,-3.78,6.09,7.42,8.83,65.0,15797.0,1501.0,1.06,118.99,96.54,1018.75,386.93,7041.0,6.41,30.0,30.49,9842.0
2004-12-25,NASDAQ,4282.78,4318.73,4336.95,4261.429999999999,253618081.0,-3.78,6.09,7.42,8.83,65.0,15797.0,1501.0,1.06,118.99,96.54,1018.75,386.93,7041.0,6.41,30.0,30.49,9842.0
2004-12-26,NASDAQ,4282.78,4318.73,4336.95,4261.429999999999,253618081.0,-3.78,6.09,7.42,8.83,65.0,15797.0,1501.0,1.06,118.99,96.54,1018.75,386.93,7041.0,6.41,30.0,30.49,9842.0
2004-12-27,NASDAQ,4282.78,4318.73,4336.95,4261.429999999999,253618081.0,-3.78,6.09,7.42,8.83,65.0,15797.0,1501.0,1.06,118.99,96.54,1018.75,386.93,7041.0,6.41,30.0,30.49,9842.0
2004-12-28,NASDAQ,4282.78,4318.73,4336.95,4261.429999999999,253618081.0,-3.78,6.09,7.42,8.83,65.0,15797.0,1501.0,1.06,118.99,96.54,1018.75,386.93,7041.0,6.41,30.0,30.49,9842.0
2004-12-29,NASDAQ,2312.72,2359.3,2369.22,2282.16,477618764.0,9.01,0.53,10.47,7.16,63.0,14132.0,4822.0,1.19,96.04,21.39,1746.86,333.17,5776.0,10.0,26.0,32.57,10299.0
2004-12-30,NASDAQ,2312.72,2359.3,2369.22,2282.16,477618764.0,9.01,0.53,10.47,7.16,63.0,14132.0,4822.0,1.19,96.04,21.39,1746.86,333.17,5776.0,10.0,26.0,32.57,10299.0
2004-12-31,NASDAQ,1338.75,1369.86,1409.4399999999998,1328.97,626570968.0,5.41,2.68,12.75,1.37,99.0,17907.0,2359.0,1.13,118.61,118.55,1740.86,474.55,823.0,9.36,49.0,98.24,9366.0
2005-01-01,NASDAQ,2866.77,2836.49,2890.56,2798.26,354635517.0,8.45,2.82,14.67,3.64,66.0,13953.0,462.0,0.97,116.13,147.38,2293.87,196.53,1318.0,4.9,8.0,94.42,12332.0
2005-01-02,NASDAQ,2928.53,2899.88,2955.36,2898.7000000000003,40076502.0,-2.8,6.71,12.99,7.24,52.0,20781.0,2745.0,0.92,146.23,109.46,2087.12,415.78,805.0,7.82,24.0,62.87,2414.0
2005-01-03,NASDAQ,4363.63,4381.24,4419.8,4344.86,882603669.0,-1.55,2.18,13.12,9.6,111.0,13566.0,1632.0,1.15,108.57,139.9,1975.73,482.8,9573.0,5.73,21.0,4.68,3662.0
2005-01-04,NASDAQ,4363.63,4381.24,4419.8,4344.86,882603669.0,-1.55,2.18,13.12,9.6,111.0,13566.0,1632.0,1.15,108.57,139.9,1975.73,482.8,9573.0,5.73,21.0,4.68,3662.0
2005-01-05,NASDAQ,4363.63,4381.24,4419.8,4344.86,882603669.0,-1.55,2.18,13.12,9.6,111.0,13566.0,1632.0,1.15,108.57,139.9,1975.73,482.8,9573.0,5.73,21.0,4.68,3662.0
2005-01-06,NASDAQ,4363.63,4381.24,4419.8,4344.86,882603669.0,-1.55,2.18,13.12,9.6,111.0,13566.0,1632.0,1.15,108.57,139.9,1975.73,482.8,9573.0,5.73,21.0,4.68,3662.0
2005-01-07,NASDAQ,4363.63,4381.24,4419.8,4344.86,882603669.0,-1.55,2.18,13.12,9.6,111.0,13566.0,1632.0,1.15,108.57,139.9,1975.73,482.8,9573.0,5.73,21.0,4.68,3662.0
2005-01-08,NASDAQ,4363.63,4381.24,4419.8,4344.86,882603669.0,-1.55,2.18,13.12,9.6,111.0,13566.0,1632.0,1.15,108.57,139.9,1975.73,482.8,9573.0,5.73,21.0,4.68,3662.0
2005-01-09,NASDAQ,4363.63,4381.24,4419.8,4344.86,882603669.0,-1.55,2.18,13.12,9.6,111.0,13566.0,1632.0,1.15,108.57,139.9,1975.73,482.8,9573.0,5.73,21.0,4.68,3662.0
2005-01-10,NASDAQ,4363.63,4381.24,4419.8,4344.86,882603669.0,-1.55,2.18,13.12,9.6,111.0,13566.0,1632.0,1.15,108.57,139.9,1975.73,482.8,9573.0,5.73,21.0,4.68,3662.0
2005-01-11,NASDAQ,4363.63,4381.24,4419.8,4344.86,882603669.0,-1.55,2.18,13.12,9.6,111.0,13566.0,1632.0,1.15,108.57,139.9,1975.73,482.8,9573.0,5.73,21.0,4.68,3662.0
2005-01-12,NASDAQ,4363.63,4381.24,4419.8,4344.86,882603669.0,-1.55,2.18,13.12,9.6,111.0,13566.0,1632.0,1.15,108.57,139.9,1975.73,482.8,9573.0,5.73,21.0,4.68,3662.0
2005-01-13,NASDAQ,4363.63,4381.24,4419.8,4344.86,882603669.0,-1.55,2.18,13.12,9.6,111.0,13566.0,1632.0,1.15,108.57,139.9,1975.73,482.8,9573.0,5.73,21.0,4.68,3662.0
2005-01-14,NASDAQ,4363.63,4381.24,4419.8,4344.86,882603669.0,-1.55,2.18,13.12,9.6,111.0,13566.0,1632.0,1.15,108.57,139.9,1975.73,482.8,9573.0,5.73,21.0,4.68,3662.0
2005-01-15,NASDAQ,3126.29,3167.76,3210.71,3083.59,82704164.0,9.2,1.47,11.07,1.33,105.0,26199.0,487.0,0.85,129.28,137.15,1270.12,217.53,7980.0,5.44,20.0,30.64,14196.0
2005-01-16,NASDAQ,3126.29,3167.76,3210.71,3083.59,82704164.0,9.2,1.47,11.07,1.33,105.0,26199.0,487.0,0.85,129.28,137.15,1270.12,217.53,7980.0,5.44,20.0,30.64,14196.0
2005-01-17,NASDAQ,2902.38,2864.5,2917.08,2841.75,721506630.0,-4.03,3.86,5.19,1.92,88.0,26303.0,2480.0,1.2,133.84,75.87,983.58,393.89,2499.0,6.71,2.0,81.59,1466.0
2005-01-18,NASDAQ,2630.99,2589.53,2666.5,2582.05,260665991.0,0.82,4.43,12.02,6.24,56.0,17073.0,476.0,0.84,99.37,129.26,1475.48,402.24,5055.0,5.6,16.0,3.96,7524.0
2005-01-19,NASDAQ,2630.99,2589.53,2666.5,2582.05,260665991.0,0.82,4.43,12.02,6.24,56.0,17073.0,476.0,0.84,99.37,129.26,1475.48,402.24,5055.0,5.6,16.0,3.96,7524.0
2005-01-20,NASDAQ,2630.99,2589.53,2666.5,2582.05,260665991.0,0.82,4.43,12.02,6.24,56.0,17073.0,476.0,0.84,99.37,129.26,1475.48,402.24,5055.0,5.6,16.0,3.96,7524.0
2005-01-21,NASDAQ,2630.99,2589.53,2666.5,2582.05,260665991.0,0.82,4.43,12.02,6.24,56.0,17073.0,476.0,0.84,99.37,129.26,1475.48,402.24,5055.0,5.6,16.0,3.96,7524.0
2005-01-22,NASDAQ,2630.99,2589.53,2666.5,2582.05,260665991.0,0.82,4.43,12.02,6.24,56.0,17073.0,476.0,0.84,99.37,129.26,1475.48,402.24,5055.0,5.6,16.0,3.96,7524.0
2005-01-23,NASDAQ,3859.01,3868.91,3898.460000000001,3854.81,344525735.0,1.97,9.8,4.61,2.95,106.0,8642.0,3586.0,1.0,125.77,114.83,814.01,162.83,845.0,1.39,8.0,2.25,5343.0
2005-01-24,NASDAQ,3859.01,3868.91,3898.460000000001,3854.81,344525735.0,1.97,9.8,4.61,2.95,106.0,8642.0,3586.0,1.0,125.77,114.83,814.01,162.83,845.0,1.39,8.0,2.25,5343.0
2005-01-25,NASDAQ,3859.01,3868.91,3898.460000000001,3854.81,344525735.0,1.97,9.8,4.61,2.95,106.0,8642.0,3586.0,1.0,125.77,114.83,814.01,162.83,845.0,1.39,8.0,2.25,5343.0
2005-01-26,NASDAQ,3859.01,3868.91,3898.460000000001,3854.81,344525735.0,1.97,9.8,4.61,2.95,106.0,8642.0,3586.0,1.0,125.77,114.83,814.01,162.83,845.0,1.39,8.0,2.25,5343.0
2005-01-27,NASDAQ,3859.01,3868.91,3898.460000000001,3854.81,344525735.0,1.97,9.8,4.61,2.95,106.0,8642.0,3586.0,1.0,125.77,114.83,814.01,162.83,845.0,1.39,8.0,2.25,5343.0
2005-01-28,NASDAQ,3859.01,3868.91,3898.460000000001,3854.81,344525735.0,1.97,9.8,4.61,2.95,106.0,8642.0,3586.0,1.0,125.77,114.83,814.01,162.83,845.0,1.39,8.0,2.25,5343.0
2005-01-29,NASDAQ,3647.11,3599.05,3690.26,3582.34,649039642.0,6.68,3.84,7.89,8.78,81.0,27807.0,3383.0,0.92,122.06,146.52,831.18,132.75,3255.0,0.4,18.0,76.29,7937.0
2005-01-30,NASDAQ,3647.11,3599.05,3690.26,3582.34,649039642.0,6.68,3.84,7.89,8.78,81.0,27807.0,3383.0,0.92,122.06,146.52,831.18,132.75,3255.0,0.4,18.0,76.29,7937.0
2005-01-31,NASDAQ,3647.11,3599.05,3690.26,3582.34,649039642.0,6.68,3.84,7.89,8.78,81.0,27807.0,3383.0,0.92,122.06,146.52,831.18,132.75,3255.0,0.4,18.0,76.29,7937.0
2005-02-01,NASDAQ,3647.11,3599.05,3690.26,3582.34,649039642.0,6.68,3.84,7.89,8.78,81.0,27807.0,3383.0,0.92,122.06,146.52,831.18,132.75,3255.0,0.4,18.0,76.29,7937.0
2005-02-02,NASDAQ,3647.11,3599.05,3690.26,3582.34,649039642.0,6.68,3.84,7.89,8.78,81.0,27807.0,3383.0,0.92,122.06,146.52,831.18,132.75,3255.0,0.4,18.0,76.29,7937.0
2005-02-03,NASDAQ,3647.11,3599.05,3690.26,3582.34,649039642.0,6.68,3.84,7.89,8.78,81.0,27807.0,3383.0,0.92,122.06,146.52,831.18,132.75,3255.0,0.4,18.0,76.29,7937.0
2005-02-04,NASDAQ,3647.11,3599.05,3690.26,3582.34,649039642.0,6.68,3.84,7.89,8.78,81.0,27807.0,3383.0,0.92,122.06,146.52,831.18,132.75,3255.0,0.4,18.0,76.29,7937.0
2005-02-05,NASDAQ,3447.32,3488.2200000000003,3514.3,3399.3300000000004,630107169.0,8.34,6.06,3.03,9.26,109.0,3100.0,478.0,1.35,89.01,81.92,1414.91,211.88,1271.0,3.1,9.0,42.08,4709.0
2005-02-06,NASDAQ,2493.83,2539.61,2586.27,2467.83,5634391.0,5.36,2.01,7.79,5.22,85.0,1416.0,2895.0,1.26,94.83,147.56,1346.21,237.92,6369.0,2.96,41.0,65.75,4557.0
2005-02-07,NASDAQ,2493.83,2539.61,2586.27,2467.83,5634391.0,5.36,2.01,7.79,5.22,85.0,1416.0,2895.0,1.26,94.83,147.56,1346.21,237.92,6369.0,2.96,41.0,65.75,4557.0
2005-02-08,NASDAQ,1423.5,1426.74,1461.39,1397.43,484268885.0,3.87,8.45,2.4,9.73,117.0,6626.0,2514.0,1.4,148.05,141.28,2026.3,378.14,9956.0,6.78,11.0,7.66,132.0
2005-02-09,NASDAQ,1423.5,1426.74,1461.39,1397.43,484268885.0,3.87,8.45,2.4,9.73,117.0,6626.0,2514.0,1.4,148.05,141.28,2026.3,378.14,9956.0,6.78,11.0,7.66,132.0
2005-02-10,NASDAQ,1423.5,1426.74,1461.39,1397.43,484268885.0,3.87,8.45,2.4,9.73,117.0,6626.0,2514.0,1.4,148.05,141.28,2026.3,378.14,9956.0,6.78,11.0,7.66,132.0
2005-02-11,NASDAQ,1423.5,1426.74,1461.39,1397.43,484268885.0,3.87,8.45,2.4,9.73,117.0,6626.0,2514.0,1.4,148.05,141.28,2026.3,378.14,9956.0,6.78,11.0,7.66,132.0
2005-02-12,NASDAQ,1423.5,1426.74,1461.39,1397.43,484268885.0,3.87,8.45,2.4,9.73,117.0,6626.0,2514.0,1.4,148.05,141.28,2026.3,378.14,9956.0,6.78,11.0,7.66,132.0
2005-02-13,NASDAQ,1280.43,1326.23,1334.96,1247.17,824759677.0,-0.48,3.18,5.62,3.12,85.0,27678.0,3694.0,1.39,144.03,40.82,1526.53,165.53,1609.0,8.55,9.0,71.03,8562.0
2005-02-14,NASDAQ,1280.43,1326.23,1334.96,1247.17,824759677.0,-0.48,3.18,5.62,3.12,85.0,27678.0,3694.0,1.39,144.03,40.82,1526.53,165.53,1609.0,8.55,9.0,71.03,8562.0
2005-02-15,NASDAQ,1280.43,1326.23,1334.96,1247.17,824759677.0,-0.48,3.18,5.62,3.12,85.0,27678.0,3694.0,1.39,144.03,40.82,1526.53,165.53,1609.0,8.55,9.0,71.03,8562.0
2005-02-16,NASDAQ,1627.25,1639.25,1652.42,1608.69,202845663.0,7.76,7.85,11.57,4.84,96.0,10191.0,1546.0,1.46,114.62,43.53,1624.37,406.02,6986.0,9.15,8.0,26.0,6917.0
2005-02-17,NASDAQ,1627.25,1639.25,1652.42,1608.69,202845663.0,7.76,7.85,11.57,4.84,96.0,10191.0,1546.0,1.46,114.62,43.53,1624.37,406.02,6986.0,9.15,8.0,26.0,6917.0
2005-02-18,NASDAQ,1627.25,1639.25,1652.42,1608.69,202845663.0,7.76,7.85,11.57,4.84,96.0,10191.0,1546.0,1.46,114.62,43.53,1624.37,406.02,6986.0,9.15,8.0,26.0,6917.0
2005-02-19,NASDAQ,1627.25,1639.25,1652.42,1608.69,202845663.0,7.76,7.85,11.57,4.84,96.0,10191.0,1546.0,1.46,114.62,43.53,1624.37,406.02,6986.0,9.15,8.0,26.0,6917.0
2005-02-20,NASDAQ,1627.25,1639.25,1652.42,1608.69,202845663.0,7.76,7.85,11.57,4.84,96.0,10191.0,1546.0,1.46,114.62,43.53,1624.37,406.02,6986.0,9.15,8.0,26.0,6917.0
2005-02-21,NASDAQ,1627.25,1639.25,1652.42,1608.69,202845663.0,7.76,7.85,11.57,4.84,96.0,10191.0,1546.0,1.46,114.62,43.53,1624.37,406.02,6986.0,9.15,8.0,26.0,6917.0
2005-02-22,NASDAQ,1627.25,1639.25,1652.42,1608.69,202845663.0,7.76,7.85,11.57,4.84,96.0,10191.0,1546.0,1.46,114.62,43.53,1624.37,406.02,6986.0,9.15,8.0,26.0,6917.0
2005-02-23,NASDAQ,1925.52,1902.08,1953.26,1891.82,873565700.0,2.72,9.61,4.8,7.01,75.0,11501.0,1820.0,1.49,119.83,37.64,1369.39,292.31,6315.0,5.09,12.0,69.24,2618.0
2005-02-24,NASDAQ,3009.71,3036.43,3057.57,2971.95,85340144.0,2.2,4.05,11.29,4.12,70.0,29166.0,982.0,1.44,88.54,71.93,2262.75,193.78,2115.0,8.48,7.0,52.9,8834.0
2005-02-25,NASDAQ,3009.71,3036.43,3057.57,2971.95,85340144.0,2.2,4.05,11.29,4.12,70.0,29166.0,982.0,1.44,88.54,71.93,2262.75,193.78,2115.0,8.48,7.0,52.9,8834.0
2005-02-26,NASDAQ,3009.71,3036.43,3057.57,2971.95,85340144.0,2.2,4.05,11.29,4.12,70.0,29166.0,982.0,1.44,88.54,71.93,2262.75,193.78,2115.0,8.48,7.0,52.9,8834.0
2005-02-27,NASDAQ,3009.71,3036.43,3057.57,2971.95,85340144.0,2.2,4.05,11.29,4.12,70.0,29166.0,982.0,1.44,88.54,71.93,2262.75,193.78,2115.0,8.48,7.0,52.9,8834.0
2005-02-28,NASDAQ,3009.71,3036.43,3057.57,2971.95,85340144.0,2.2,4.05,11.29,4.12,70.0,29166.0,982.0,1.44,88.54,71.93,2262.75,193.78,2115.0,8.48,7.0,52.9,8834.0
2005-03-01,NASDAQ,4737.22,4780.39,4814.06,4733.02,939652027.0,-0.89,4.88,14.09,7.42,59.0,24449.0,3931.0,1.05,80.33,27.84,2379.65,134.12,8592.0,4.81,10.0,48.66,468.0
2005-03-02,NASDAQ,4737.22,4780.39,4814.06,4733.02,939652027.0,-0.89,4.88,14.09,7.42,59.0,24449.0,3931.0,1.05,80.33,27.84,2379.65,134.12,8592.0,4.81,10.0,48.66,468.0
2005-03-03,NASDAQ,3541.66,3527.48,3581.85,3511.94,504995107.0,-3.85,4.86,12.09,5.27,112.0,18844.0,3328.0,1.2,127.68,59.66,1225.95,447.79,7664.0,0.79,6.0,14.99,13170.0
2005-03-04,NASDAQ,3541.66,3527.48,3581.85,3511.94,504995107.0,-3.85,4.86,12.09,5.27,112.0,18844.0,3328.0,1.2,127.68,59.66,1225.95,447.79,7664.0,0.79,6.0,14.99,13170.0
2005-03-05,NASDAQ,3541.66,3527.48,3581.85,3511.94,504995107.0,-3.85,4.86,12.09,5.27,112.0,18844.0,3328.0,1.2,127.68,59.66,1225.95,447.79,7664.0,0.79,6.0,14.99,13170.0
2005-03-06,NASDAQ,4009.59,4005.65,4045.44,3972.65,905897559.0,2.58,6.46,14.67,5.54,61.0,543.0,1036.0,1.01,124.95,100.07,1794.14,479.71,9024.0,4.45,31.0,94.53,4527.0
2005-03-07,NASDAQ,3125.18,3165.26,3169.47,3099.3,50476122.0,5.41,1.85,11.01,2.54,113.0,4342.0,3817.0,0.86,87.84,43.88,1922.06,127.89,3144.0,5.71,14.0,89.94,10879.0
2005-03-08,NASDAQ,3125.18,3165.26,3169.47,3099.3,50476122.0,5.41,1.85,11.01,2.54,113.0,4342.0,3817.0,0.86,87.84,43.88,1922.06,127.89,3144.0,5.71,14.0,89.94,10879.0
2005-03-09,NASDAQ,3125.18,3165.26,3169.47,3099.3,50476122.0,5.41,1.85,11.01,2.54,113.0,4342.0,3817.0,0.86,87.84,43.88,1922.06,127.89,3144.0,5.71,14.0,89.94,10879.0
2005-03-10,NASDAQ,3925.99,3925.16,3962.47,3906.41,581252400.0,-2.9,1.79,2.58,0.76,77.0,20782.0,3383.0,1.3,131.33,26.22,1634.65,428.9,4809.0,0.4,13.0,85.25,9775.0
2005-03-11,NASDAQ,3925.99,3925.16,3962.47,3906.41,581252400.0,-2.9,1.79,2.58,0.76,77.0,20782.0,3383.0,1.3,131.33,26.22,1634.65,428.9,4809.0,0.4,13.0,85.25,9775.0
2005-03-12,NASDAQ,1585.75,1616.42,1652.3100000000002,1561.06,666834144.0,-3.87,9.94,8.49,3.19,52.0,16512.0,4944.0,1.34,98.2,83.0,2229.18,442.54,3347.0,6.33,33.0,87.95,2585.0
2005-03-13,NASDAQ,1585.75,1616.42,1652.3100000000002,1561.06,666834144.0,-3.87,9.94,8.49,3.19,52.0,16512.0,4944.0,1.34,98.2,83.0,2229.18,442.54,3347.0,6.33,33.0,87.95,2585.0
2005-03-14,NASDAQ,1585.75,1616.42,1652.3100000000002,1561.06,666834144.0,-3.87,9.94,8.49,3.19,52.0,16512.0,4944.0,1.34,98.2,83.0,2229.18,442.54,3347.0,6.33,33.0,87.95,2585.0
2005-03-15,NASDAQ,4378.66,4370.84,4380.74,4370.29,97141038.0,9.12,4.1,8.61,7.49,104.0,25795.0,4335.0,1.02,94.38,110.03,1030.94,240.35,7591.0,2.51,27.0,1.04,6387.0
2005-03-16,NASDAQ,2725.21,2698.18,2726.37,2653.87,520496247.0,6.09,3.13,9.62,6.63,67.0,17574.0,154.0,1.01,80.18,119.74,1672.03,270.85,4073.0,3.33,10.0,31.16,2849.0
2005-03-17,NASDAQ,2725.21,2698.18,2726.37,2653.87,520496247.0,6.09,3.13,9.62,6.63,67.0,17574.0,154.0,1.01,80.18,119.74,1672.03,270.85,4073.0,3.33,10.0,31.16,2849.0
2005-03-18,NASDAQ,2725.21,2698.18,2726.37,2653.87,520496247.0,6.09,3.13,9.62,6.63,67.0,17574.0,154.0,1.01,80.18,119.74,1672.03,270.85,4073.0,3.33,10.0,31.16,2849.0
2005-03-19,NASDAQ,2004.68,2019.02,2046.94,1962.29,360592384.0,2.18,4.97,13.7,3.19,99.0,7342.0,3306.0,1.4,107.82,26.58,1648.21,452.47,6438.0,8.07,29.0,30.76,6125.0
2005-03-20,NASDAQ,2004.68,2019.02,2046.94,1962.29,360592384.0,2.18,4.97,13.7,3.19,99.0,7342.0,3306.0,1.4,107.82,26.58,1648.21,452.47,6438.0,8.07,29.0,30.76,6125.0
2005-03-21,NASDAQ,2004.68,2019.02,2046.94,1962.29,360592384.0,2.18,4.97,13.7,3.19,99.0,7342.0,3306.0,1.4,107.82,26.58,1648.21,452.47,6438.0,8.07,29.0,30.76,6125.0
2005-03-22,NASDAQ,2004.68,2019.02,2046.94,1962.29,360592384.0,2.18,4.97,13.7,3.19,99.0,7342.0,3306.0,1.4,107.82,26.58,1648.21,452.47,6438.0,8.07,29.0,30.76,6125.0
2005-03-23,NASDAQ,2004.68,2019.02,2046.94,1962.29,360592384.0,2.18,4.97,13.7,3.19,99.0,7342.0,3306.0,1.4,107.82,26.58,1648.21,452.47,6438.0,8.07,29.0,30.76,6125.0
2005-03-24,NASDAQ,3292.17,3327.32,3335.75,3252.85,185633779.0,-2.22,8.19,3.25,1.67,90.0,24604.0,161.0,1.21,109.48,34.83,1027.84,154.41,9370.0,3.49,19.0,14.15,13185.0
2005-03-25,NASDAQ,2300.84,2299.15,2302.36,2254.64,564453479.0,3.32,1.25,8.19,6.05,71.0,9328.0,1323.0,0.85,136.71,104.14,1972.48,480.56,4499.0,2.07,4.0,0.73,11972.0
2005-03-26,NASDAQ,1157.08,1148.6899999999998,1173.49,1121.0499999999995,275911936.0,5.83,9.77,9.65,9.16,58.0,20212.0,2637.0,1.43,105.16,81.32,1492.02,136.77,9849.0,6.97,32.0,23.74,9331.0
2005-03-27,NASDAQ,2087.99,2135.78,2181.19,2039.61,233806638.0,8.56,9.86,7.54,9.11,60.0,5812.0,592.0,0.97,117.2,48.32,2413.1,180.03,5360.0,9.47,44.0,93.89,10477.0
2005-03-28,NASDAQ,2087.99,2135.78,2181.19,2039.61,233806638.0,8.56,9.86,7.54,9.11,60.0,5812.0,592.0,0.97,117.2,48.32,2413.1,180.03,5360.0,9.47,44.0,93.89,10477.0
2005-03-29,NASDAQ,2087.99,2135.78,2181.19,2039.61,233806638.0,8.56,9.86,7.54,9.11,60.0,5812.0,592.0,0.97,117.2,48.32,2413.1,180.03,5360.0,9.47,44.0,93.89,10477.0
2005-03-30,NASDAQ,4862.99,4842.179999999999,4885.56,4799.7,627355907.0,4.65,2.46,2.03,0.91,77.0,27582.0,2595.0,1.17,146.24,36.42,2272.3,422.96,1934.0,2.38,8.0,64.67,12576.0
2005-03-31,NASDAQ,4862.99,4842.179999999999,4885.56,4799.7,627355907.0,4.65,2.46,2.03,0.91,77.0,27582.0,2595.0,1.17,146.24,36.42,2272.3,422.96,1934.0,2.38,8.0,64.67,12576.0
2005-04-01,NASDAQ,4862.99,4842.179999999999,4885.56,4799.7,627355907.0,4.65,2.46,2.03,0.91,77.0,27582.0,2595.0,1.17,146.24,36.42,2272.3,422.96,1934.0,2.38,8.0,64.67,12576.0
2005-04-02,NASDAQ,4862.99,4842.179999999999,4885.56,4799.7,627355907.0,4.65,2.46,2.03,0.91,77.0,27582.0,2595.0,1.17,146.24,36.42,2272.3,422.96,1934.0,2.38,8.0,64.67,12576.0
2005-04-03,NASDAQ,4862.99,4842.179999999999,4885.56,4799.7,627355907.0,4.65,2.46,2.03,0.91,77.0,27582.0,2595.0,1.17,146.24,36.42,2272.3,422.96,1934.0,2.38,8.0,64.67,12576.0
2005-04-04,NASDAQ,4221.72,4212.91,4243.42,4187.59,671203460.0,8.43,6.64,5.1,1.41,86.0,28875.0,3981.0,1.38,120.59,42.74,2121.56,296.12,4479.0,5.73,47.0,89.84,7888.0
2005-04-05,NASDAQ,4221.72,4212.91,4243.42,4187.59,671203460.0,8.43,6.64,5.1,1.41,86.0,28875.0,3981.0,1.38,120.59,42.74,2121.56,296.12,4479.0,5.73,47.0,89.84,7888.0
2005-04-06,NASDAQ,4221.72,4212.91,4243.42,4187.59,671203460.0,8.43,6.64,5.1,1.41,86.0,28875.0,3981.0,1.38,120.59,42.74,2121.56,296.12,4479.0,5.73,47.0,89.84,7888.0
2005-04-07,NASDAQ,4133.19,4104.219999999999,4163.44,4082.899999999999,178252194.0,9.23,0.18,2.06,2.68,72.0,22845.0,1246.0,1.1,87.42,51.88,935.83,171.96,8732.0,3.97,39.0,91.01,5306.0
2005-04-08,NASDAQ,4133.19,4104.219999999999,4163.44,4082.899999999999,178252194.0,9.23,0.18,2.06,2.68,72.0,22845.0,1246.0,1.1,87.42,51.88,935.83,171.96,8732.0,3.97,39.0,91.01,5306.0
2005-04-09,NASDAQ,4133.19,4104.219999999999,4163.44,4082.899999999999,178252194.0,9.23,0.18,2.06,2.68,72.0,22845.0,1246.0,1.1,87.42,51.88,935.83,171.96,8732.0,3.97,39.0,91.01,5306.0
2005-04-10,NASDAQ,4133.19,4104.219999999999,4163.44,4082.899999999999,178252194.0,9.23,0.18,2.06,2.68,72.0,22845.0,1246.0,1.1,87.42,51.88,935.83,171.96,8732.0,3.97,39.0,91.01,5306.0
2005-04-11,NASDAQ,4133.19,4104.219999999999,4163.44,4082.899999999999,178252194.0,9.23,0.18,2.06,2.68,72.0,22845.0,1246.0,1.1,87.42,51.88,935.83,171.96,8732.0,3.97,39.0,91.01,5306.0
2005-04-12,NASDAQ,3638.02,3652.94,3702.92,3612.05,659848992.0,9.9,0.23,14.46,4.19,66.0,8559.0,4716.0,0.86,87.7,72.66,944.39,211.06,3667.0,3.58,12.0,16.7,14564.0
2005-04-13,NASDAQ,3638.02,3652.94,3702.92,3612.05,659848992.0,9.9,0.23,14.46,4.19,66.0,8559.0,4716.0,0.86,87.7,72.66,944.39,211.06,3667.0,3.58,12.0,16.7,14564.0
2005-04-14,NASDAQ,1481.55,1495.36,1540.03,1441.52,993699493.0,5.71,7.76,7.64,4.94,111.0,18518.0,1743.0,1.12,136.73,144.21,1982.87,246.4,2994.0,7.55,16.0,3.41,4489.0
2005-04-15,NASDAQ,4754.12,4736.18,4795.28,4713.570000000001,575988551.0,6.89,7.88,9.45,9.31,60.0,14593.0,223.0,1.37,109.0,119.28,851.5,184.48,3110.0,5.53,43.0,59.64,2611.0
2005-04-16,NASDAQ,4754.12,4736.18,4795.28,4713.570000000001,575988551.0,6.89,7.88,9.45,9.31,60.0,14593.0,223.0,1.37,109.0,119.28,851.5,184.48,3110.0,5.53,43.0,59.64,2611.0
2005-04-17,NASDAQ,3491.01,3483.7200000000003,3502.38,3457.03,953808343.0,7.85,9.06,14.77,8.4,89.0,3043.0,1021.0,0.84,120.92,148.89,2146.11,212.21,7425.0,7.59,10.0,43.01,7407.0
2005-04-18,NASDAQ,1890.7,1853.58,1890.86,1836.66,239223334.0,3.19,9.18,7.85,1.76,89.0,16618.0,2277.0,1.15,116.34,119.5,1124.3,292.58,844.0,6.68,5.0,40.14,5667.0
2005-04-19,NASDAQ,1890.7,1853.58,1890.86,1836.66,239223334.0,3.19,9.18,7.85,1.76,89.0,16618.0,2277.0,1.15,116.34,119.5,1124.3,292.58,844.0,6.68,5.0,40.14,5667.0
2005-04-20,NASDAQ,3185.83,3183.35,3191.26,3147.46,550086440.0,-3.38,4.82,5.93,4.61,102.0,13849.0,1952.0,1.02,107.82,80.0,1840.0,105.97,656.0,9.83,36.0,12.32,3838.0
2005-04-21,NASDAQ,3185.83,3183.35,3191.26,3147.46,550086440.0,-3.38,4.82,5.93,4.61,102.0,13849.0,1952.0,1.02,107.82,80.0,1840.0,105.97,656.0,9.83,36.0,12.32,3838.0
2005-04-22,NASDAQ,3185.83,3183.35,3191.26,3147.46,550086440.0,-3.38,4.82,5.93,4.61,102.0,13849.0,1952.0,1.02,107.82,80.0,1840.0,105.97,656.0,9.83,36.0,12.32,3838.0
2005-04-23,NASDAQ,3185.83,3183.35,3191.26,3147.46,550086440.0,-3.38,4.82,5.93,4.61,102.0,13849.0,1952.0,1.02,107.82,80.0,1840.0,105.97,656.0,9.83,36.0,12.32,3838.0
2005-04-24,NASDAQ,3185.83,3183.35,3191.26,3147.46,550086440.0,-3.38,4.82,5.93,4.61,102.0,13849.0,1952.0,1.02,107.82,80.0,1840.0,105.97,656.0,9.83,36.0,12.32,3838.0
2005-04-25,NASDAQ,4029.13,4060.33,4107.26,4015.0,87736522.0,0.33,4.04,8.64,8.75,72.0,3103.0,256.0,1.26,82.22,56.07,1336.85,107.9,3964.0,6.66,41.0,11.51,9872.0
2005-04-26,NASDAQ,4029.13,4060.33,4107.26,4015.0,87736522.0,0.33,4.04,8.64,8.75,72.0,3103.0,256.0,1.26,82.22,56.07,1336.85,107.9,3964.0,6.66,41.0,11.51,9872.0
2005-04-27,NASDAQ,4029.13,4060.33,4107.26,4015.0,87736522.0,0.33,4.04,8.64,8.75,72.0,3103.0,256.0,1.26,82.22,56.07,1336.85,107.9,3964.0,6.66,41.0,11.51,9872.0
2005-04-28,NASDAQ,2572.42,2527.12,2605.49,2489.34,39280105.0,9.4,1.33,6.85,7.03,101.0,10720.0,1802.0,1.44,125.62,85.81,1613.44,136.35,1983.0,2.77,36.0,11.32,4987.0
2005-04-29,NASDAQ,1400.98,1407.61,1422.0800000000002,1387.71,609538940.0,4.61,1.4,14.84,2.33,95.0,26605.0,1765.0,0.89,144.28,63.82,1557.04,436.81,4397.0,6.41,9.0,91.03,10652.0
2005-04-30,NASDAQ,1400.98,1407.61,1422.0800000000002,1387.71,609538940.0,4.61,1.4,14.84,2.33,95.0,26605.0,1765.0,0.89,144.28,63.82,1557.04,436.81,4397.0,6.41,9.0,91.03,10652.0
2005-05-01,NASDAQ,3646.87,3610.52,3663.41,3584.12,932908693.0,3.3,5.41,7.04,6.43,112.0,8679.0,2211.0,1.34,124.67,115.17,1139.52,399.57,3943.0,6.17,0.0,96.31,4028.0
2005-05-02,NASDAQ,3409.8,3382.67,3423.29,3371.87,813927266.0,-3.67,7.94,13.88,8.79,65.0,4652.0,3814.0,0.9,129.35,134.9,1220.54,428.75,6537.0,9.77,44.0,19.33,8584.0
2005-05-03,NASDAQ,3409.8,3382.67,3423.29,3371.87,813927266.0,-3.67,7.94,13.88,8.79,65.0,4652.0,3814.0,0.9,129.35,134.9,1220.54,428.75,6537.0,9.77,44.0,19.33,8584.0
2005-05-04,NASDAQ,1935.25,1887.26,1957.26,1882.99,283983128.0,4.03,5.75,10.68,8.18,111.0,28395.0,3124.0,1.17,132.73,99.33,1505.42,349.48,771.0,8.26,17.0,59.07,9255.0
2005-05-05,NASDAQ,1094.83,1120.1,1145.7199999999998,1072.61,616511910.0,4.92,6.81,14.57,7.94,65.0,27227.0,4135.0,1.15,100.99,132.37,1503.73,127.31,6192.0,9.27,22.0,32.94,1703.0
2005-05-06,NASDAQ,4339.79,4337.17,4373.43,4294.7,939493505.0,8.48,3.4,7.07,4.44,118.0,27680.0,2936.0,1.1,109.72,38.62,1108.95,323.08,9430.0,4.27,4.0,57.28,12764.0
2005-05-07,NASDAQ,4898.76,4893.4400000000005,4918.12,4862.650000000001,840259904.0,6.76,3.62,10.84,5.26,119.0,27183.0,2497.0,1.41,80.98,41.09,2138.52,303.81,8499.0,9.62,47.0,47.42,2892.0
2005-05-08,NASDAQ,4898.76,4893.4400000000005,4918.12,4862.650000000001,840259904.0,6.76,3.62,10.84,5.26,119.0,27183.0,2497.0,1.41,80.98,41.09,2138.52,303.81,8499.0,9.62,47.0,47.42,2892.0
2005-05-09,NASDAQ,1925.9,1957.84,1966.15,1904.86,452378579.0,8.91,7.12,5.46,0.8,102.0,1234.0,1655.0,1.07,146.74,60.18,1529.43,222.52,4514.0,9.53,30.0,85.13,9921.0
2005-05-10,NASDAQ,4473.64,4459.62,4491.110000000001,4424.29,69539818.0,9.85,1.62,9.46,8.96,72.0,6178.0,3725.0,1.18,84.21,148.23,1041.74,264.87,4657.0,9.03,41.0,19.26,13106.0
2005-05-11,NASDAQ,4473.64,4459.62,4491.110000000001,4424.29,69539818.0,9.85,1.62,9.46,8.96,72.0,6178.0,3725.0,1.18,84.21,148.23,1041.74,264.87,4657.0,9.03,41.0,19.26,13106.0
2005-05-12,NASDAQ,4473.64,4459.62,4491.110000000001,4424.29,69539818.0,9.85,1.62,9.46,8.96,72.0,6178.0,3725.0,1.18,84.21,148.23,1041.74,264.87,4657.0,9.03,41.0,19.26,13106.0
2005-05-13,NASDAQ,4473.64,4459.62,4491.110000000001,4424.29,69539818.0,9.85,1.62,9.46,8.96,72.0,6178.0,3725.0,1.18,84.21,148.23,1041.74,264.87,4657.0,9.03,41.0,19.26,13106.0
2005-05-14,NASDAQ,4473.64,4459.62,4491.110000000001,4424.29,69539818.0,9.85,1.62,9.46,8.96,72.0,6178.0,3725.0,1.18,84.21,148.23,1041.74,264.87,4657.0,9.03,41.0,19.26,13106.0
2005-05-15,NASDAQ,4473.64,4459.62,4491.110000000001,4424.29,69539818.0,9.85,1.62,9.46,8.96,72.0,6178.0,3725.0,1.18,84.21,148.23,1041.74,264.87,4657.0,9.03,41.0,19.26,13106.0
2005-05-16,NASDAQ,4473.64,4459.62,4491.110000000001,4424.29,69539818.0,9.85,1.62,9.46,8.96,72.0,6178.0,3725.0,1.18,84.21,148.23,1041.74,264.87,4657.0,9.03,41.0,19.26,13106.0
2005-05-17,NASDAQ,1114.61,1159.9799999999998,1184.1899999999998,1073.4199999999998,225651570.0,-3.99,4.97,10.36,7.75,78.0,13560.0,2918.0,1.16,104.2,55.23,2033.91,455.97,1844.0,5.25,31.0,97.36,3256.0
2005-05-18,NASDAQ,1114.61,1159.9799999999998,1184.1899999999998,1073.4199999999998,225651570.0,-3.99,4.97,10.36,7.75,78.0,13560.0,2918.0,1.16,104.2,55.23,2033.91,455.97,1844.0,5.25,31.0,97.36,3256.0
2005-05-19,NASDAQ,1045.21,1025.03,1069.8,1021.99,953482659.0,2.52,8.24,3.25,7.5,118.0,10522.0,4482.0,1.4,134.72,121.02,1993.79,261.29,9255.0,9.4,43.0,15.58,6442.0
2005-05-20,NASDAQ,1045.21,1025.03,1069.8,1021.99,953482659.0,2.52,8.24,3.25,7.5,118.0,10522.0,4482.0,1.4,134.72,121.02,1993.79,261.29,9255.0,9.4,43.0,15.58,6442.0
2005-05-21,NASDAQ,1045.21,1025.03,1069.8,1021.99,953482659.0,2.52,8.24,3.25,7.5,118.0,10522.0,4482.0,1.4,134.72,121.02,1993.79,261.29,9255.0,9.4,43.0,15.58,6442.0
2005-05-22,NASDAQ,1045.21,1025.03,1069.8,1021.99,953482659.0,2.52,8.24,3.25,7.5,118.0,10522.0,4482.0,1.4,134.72,121.02,1993.79,261.29,9255.0,9.4,43.0,15.58,6442.0
2005-05-23,NASDAQ,1045.21,1025.03,1069.8,1021.99,953482659.0,2.52,8.24,3.25,7.5,118.0,10522.0,4482.0,1.4,134.72,121.02,1993.79,261.29,9255.0,9.4,43.0,15.58,6442.0
2005-05-24,NASDAQ,2590.74,2587.82,2597.53,2575.94,734234754.0,-1.02,8.85,3.14,3.31,53.0,23793.0,1068.0,0.86,119.82,135.78,976.95,305.49,1167.0,9.13,49.0,37.73,7875.0
2005-05-25,NASDAQ,4895.2,4865.09,4898.53,4839.93,497659654.0,4.78,3.45,8.44,7.1,112.0,24148.0,1330.0,0.84,141.46,50.51,1594.42,489.16,1929.0,3.55,3.0,36.76,9165.0
2005-05-26,NASDAQ,3176.79,3186.96,3235.76,3130.48,648807489.0,3.39,3.74,14.1,8.29,61.0,7181.0,338.0,1.1,91.08,55.92,1162.59,176.31,4383.0,3.14,24.0,2.09,10851.0
2005-05-27,NASDAQ,2100.96,2057.03,2148.81,2016.28,810089792.0,0.44,8.6,13.66,9.06,67.0,11867.0,1954.0,1.46,84.03,60.74,1119.48,439.4,1022.0,6.26,44.0,73.09,2903.0
2005-05-28,NASDAQ,2100.96,2057.03,2148.81,2016.28,810089792.0,0.44,8.6,13.66,9.06,67.0,11867.0,1954.0,1.46,84.03,60.74,1119.48,439.4,1022.0,6.26,44.0,73.09,2903.0
2005-05-29,NASDAQ,2100.96,2057.03,2148.81,2016.28,810089792.0,0.44,8.6,13.66,9.06,67.0,11867.0,1954.0,1.46,84.03,60.74,1119.48,439.4,1022.0,6.26,44.0,73.09,2903.0
2005-05-30,NASDAQ,2100.96,2057.03,2148.81,2016.28,810089792.0,0.44,8.6,13.66,9.06,67.0,11867.0,1954.0,1.46,84.03,60.74,1119.48,439.4,1022.0,6.26,44.0,73.09,2903.0
2005-05-31,NASDAQ,2100.96,2057.03,2148.81,2016.28,810089792.0,0.44,8.6,13.66,9.06,67.0,11867.0,1954.0,1.46,84.03,60.74,1119.48,439.4,1022.0,6.26,44.0,73.09,2903.0
2005-06-01,NASDAQ,2100.96,2057.03,2148.81,2016.28,810089792.0,0.44,8.6,13.66,9.06,67.0,11867.0,1954.0,1.46,84.03,60.74,1119.48,439.4,1022.0,6.26,44.0,73.09,2903.0
2005-06-02,NASDAQ,1202.29,1229.41,1276.9399999999998,1193.87,396482711.0,6.74,0.86,8.57,0.58,116.0,27236.0,406.0,1.16,135.31,45.44,1923.5,236.66,7197.0,9.22,32.0,74.14,11996.0
2005-06-03,NASDAQ,2704.48,2658.36,2736.19,2621.9700000000003,345335556.0,5.62,1.79,9.82,2.6,88.0,1835.0,4206.0,1.32,120.58,64.0,2292.72,239.77,1697.0,5.83,27.0,80.93,5748.0
2005-06-04,NASDAQ,4329.45,4298.86,4347.15,4289.67,829980827.0,-2.26,4.04,2.08,5.17,99.0,27692.0,2709.0,1.19,105.24,89.33,901.27,437.92,5809.0,0.1,7.0,62.61,5871.0
2005-06-05,NASDAQ,4222.6,4226.26,4256.43,4197.030000000001,430574417.0,-3.26,4.95,3.24,4.49,75.0,21934.0,4393.0,1.09,100.06,139.78,1416.0,471.03,2421.0,2.64,32.0,78.44,12900.0
2005-06-06,NASDAQ,4222.6,4226.26,4256.43,4197.030000000001,430574417.0,-3.26,4.95,3.24,4.49,75.0,21934.0,4393.0,1.09,100.06,139.78,1416.0,471.03,2421.0,2.64,32.0,78.44,12900.0
2005-06-07,NASDAQ,4222.6,4226.26,4256.43,4197.030000000001,430574417.0,-3.26,4.95,3.24,4.49,75.0,21934.0,4393.0,1.09,100.06,139.78,1416.0,471.03,2421.0,2.64,32.0,78.44,12900.0
2005-06-08,NASDAQ,4222.6,4226.26,4256.43,4197.030000000001,430574417.0,-3.26,4.95,3.24,4.49,75.0,21934.0,4393.0,1.09,100.06,139.78,1416.0,471.03,2421.0,2.64,32.0,78.44,12900.0
2005-06-09,NASDAQ,4222.6,4226.26,4256.43,4197.030000000001,430574417.0,-3.26,4.95,3.24,4.49,75.0,21934.0,4393.0,1.09,100.06,139.78,1416.0,471.03,2421.0,2.64,32.0,78.44,12900.0
2005-06-10,NASDAQ,1381.44,1374.38,1397.68,1327.14,842227808.0,-3.14,9.64,5.59,9.66,115.0,19015.0,2643.0,1.48,114.98,36.83,1404.75,156.72,1657.0,9.65,36.0,77.77,3663.0
2005-06-11,NASDAQ,2800.23,2797.3,2814.9,2796.99,506691593.0,2.61,6.89,13.3,7.5,95.0,21698.0,604.0,0.8,99.38,32.42,943.64,210.72,6404.0,3.25,18.0,35.87,1688.0
2005-06-12,NASDAQ,2800.23,2797.3,2814.9,2796.99,506691593.0,2.61,6.89,13.3,7.5,95.0,21698.0,604.0,0.8,99.38,32.42,943.64,210.72,6404.0,3.25,18.0,35.87,1688.0
2005-06-13,NASDAQ,4482.75,4435.86,4523.54,4434.63,495853024.0,0.87,7.02,8.44,1.5,65.0,15703.0,1402.0,1.04,111.69,78.84,1225.09,317.15,597.0,5.6,20.0,55.33,14897.0
2005-06-14,NASDAQ,1334.1,1378.79,1401.31,1288.6699999999998,839212064.0,-3.88,0.17,14.39,6.07,65.0,26024.0,4114.0,1.0,137.93,20.65,1992.81,477.64,204.0,3.37,34.0,81.77,5829.0
2005-06-15,NASDAQ,1334.1,1378.79,1401.31,1288.6699999999998,839212064.0,-3.88,0.17,14.39,6.07,65.0,26024.0,4114.0,1.0,137.93,20.65,1992.81,477.64,204.0,3.37,34.0,81.77,5829.0
2005-06-16,NASDAQ,1334.1,1378.79,1401.31,1288.6699999999998,839212064.0,-3.88,0.17,14.39,6.07,65.0,26024.0,4114.0,1.0,137.93,20.65,1992.81,477.64,204.0,3.37,34.0,81.77,5829.0
2005-06-17,NASDAQ,1334.1,1378.79,1401.31,1288.6699999999998,839212064.0,-3.88,0.17,14.39,6.07,65.0,26024.0,4114.0,1.0,137.93,20.65,1992.81,477.64,204.0,3.37,34.0,81.77,5829.0
2005-06-18,NASDAQ,1334.1,1378.79,1401.31,1288.6699999999998,839212064.0,-3.88,0.17,14.39,6.07,65.0,26024.0,4114.0,1.0,137.93,20.65,1992.81,477.64,204.0,3.37,34.0,81.77,5829.0
2005-06-19,NASDAQ,1334.1,1378.79,1401.31,1288.6699999999998,839212064.0,-3.88,0.17,14.39,6.07,65.0,26024.0,4114.0,1.0,137.93,20.65,1992.81,477.64,204.0,3.37,34.0,81.77,5829.0
2005-06-20,NASDAQ,2337.6,2354.3,2399.18,2302.95,492435743.0,6.35,9.05,10.22,5.54,98.0,20578.0,3741.0,1.2,81.44,103.74,1210.91,213.45,9869.0,5.48,11.0,51.54,2584.0
2005-06-21,NASDAQ,2337.6,2354.3,2399.18,2302.95,492435743.0,6.35,9.05,10.22,5.54,98.0,20578.0,3741.0,1.2,81.44,103.74,1210.91,213.45,9869.0,5.48,11.0,51.54,2584.0
2005-06-22,NASDAQ,2337.6,2354.3,2399.18,2302.95,492435743.0,6.35,9.05,10.22,5.54,98.0,20578.0,3741.0,1.2,81.44,103.74,1210.91,213.45,9869.0,5.48,11.0,51.54,2584.0
2005-06-23,NASDAQ,1645.47,1657.62,1668.48,1643.31,436971565.0,0.54,1.2,13.9,5.26,50.0,10167.0,1723.0,1.49,88.55,137.62,2030.2,189.25,1083.0,7.61,32.0,26.54,12744.0
2005-06-24,NASDAQ,1645.47,1657.62,1668.48,1643.31,436971565.0,0.54,1.2,13.9,5.26,50.0,10167.0,1723.0,1.49,88.55,137.62,2030.2,189.25,1083.0,7.61,32.0,26.54,12744.0
2005-06-25,NASDAQ,1645.47,1657.62,1668.48,1643.31,436971565.0,0.54,1.2,13.9,5.26,50.0,10167.0,1723.0,1.49,88.55,137.62,2030.2,189.25,1083.0,7.61,32.0,26.54,12744.0
2005-06-26,NASDAQ,1645.47,1657.62,1668.48,1643.31,436971565.0,0.54,1.2,13.9,5.26,50.0,10167.0,1723.0,1.49,88.55,137.62,2030.2,189.25,1083.0,7.61,32.0,26.54,12744.0
2005-06-27,NASDAQ,1645.47,1657.62,1668.48,1643.31,436971565.0,0.54,1.2,13.9,5.26,50.0,10167.0,1723.0,1.49,88.55,137.62,2030.2,189.25,1083.0,7.61,32.0,26.54,12744.0
2005-06-28,NASDAQ,1645.47,1657.62,1668.48,1643.31,436971565.0,0.54,1.2,13.9,5.26,50.0,10167.0,1723.0,1.49,88.55,137.62,2030.2,189.25,1083.0,7.61,32.0,26.54,12744.0
2005-06-29,NASDAQ,1645.47,1657.62,1668.48,1643.31,436971565.0,0.54,1.2,13.9,5.26,50.0,10167.0,1723.0,1.49,88.55,137.62,2030.2,189.25,1083.0,7.61,32.0,26.54,12744.0
2005-06-30,NASDAQ,2444.3,2447.6600000000003,2449.2700000000004,2395.27,398284439.0,9.24,6.04,6.75,8.42,115.0,15959.0,417.0,1.08,107.52,26.69,2159.09,122.56,226.0,6.2,12.0,17.4,14584.0
2005-07-01,NASDAQ,2633.82,2583.84,2666.01,2535.56,651979985.0,9.85,6.94,2.94,1.4,80.0,7238.0,3055.0,1.28,130.48,102.0,2050.23,239.3,1857.0,7.89,49.0,2.07,12775.0
2005-07-02,NASDAQ,3718.79,3692.91,3756.94,3684.86,331065935.0,2.26,3.89,6.54,4.34,88.0,17101.0,3027.0,0.84,121.44,148.29,2271.73,125.0,7490.0,5.45,28.0,42.3,5564.0
2005-07-03,NASDAQ,3718.79,3692.91,3756.94,3684.86,331065935.0,2.26,3.89,6.54,4.34,88.0,17101.0,3027.0,0.84,121.44,148.29,2271.73,125.0,7490.0,5.45,28.0,42.3,5564.0
2005-07-04,NASDAQ,1138.69,1113.74,1182.99,1085.46,614941668.0,4.67,9.31,11.14,8.82,90.0,9440.0,2820.0,1.09,93.56,118.57,837.94,435.04,1714.0,2.36,22.0,97.51,6790.0
2005-07-05,NASDAQ,1138.69,1113.74,1182.99,1085.46,614941668.0,4.67,9.31,11.14,8.82,90.0,9440.0,2820.0,1.09,93.56,118.57,837.94,435.04,1714.0,2.36,22.0,97.51,6790.0
2005-07-06,NASDAQ,1138.69,1113.74,1182.99,1085.46,614941668.0,4.67,9.31,11.14,8.82,90.0,9440.0,2820.0,1.09,93.56,118.57,837.94,435.04,1714.0,2.36,22.0,97.51,6790.0
2005-07-07,NASDAQ,1138.69,1113.74,1182.99,1085.46,614941668.0,4.67,9.31,11.14,8.82,90.0,9440.0,2820.0,1.09,93.56,118.57,837.94,435.04,1714.0,2.36,22.0,97.51,6790.0
2005-07-08,NASDAQ,1138.69,1113.74,1182.99,1085.46,614941668.0,4.67,9.31,11.14,8.82,90.0,9440.0,2820.0,1.09,93.56,118.57,837.94,435.04,1714.0,2.36,22.0,97.51,6790.0
2005-07-09,NASDAQ,2039.31,2075.87,2076.57,2007.37,505448007.0,2.45,6.85,3.96,1.86,77.0,1221.0,3800.0,1.27,89.34,68.22,2227.63,495.3,475.0,3.73,29.0,19.31,9392.0
2005-07-10,NASDAQ,2039.31,2075.87,2076.57,2007.37,505448007.0,2.45,6.85,3.96,1.86,77.0,1221.0,3800.0,1.27,89.34,68.22,2227.63,495.3,475.0,3.73,29.0,19.31,9392.0
2005-07-11,NASDAQ,2039.31,2075.87,2076.57,2007.37,505448007.0,2.45,6.85,3.96,1.86,77.0,1221.0,3800.0,1.27,89.34,68.22,2227.63,495.3,475.0,3.73,29.0,19.31,9392.0
2005-07-12,NASDAQ,2039.31,2075.87,2076.57,2007.37,505448007.0,2.45,6.85,3.96,1.86,77.0,1221.0,3800.0,1.27,89.34,68.22,2227.63,495.3,475.0,3.73,29.0,19.31,9392.0
2005-07-13,NASDAQ,2039.31,2075.87,2076.57,2007.37,505448007.0,2.45,6.85,3.96,1.86,77.0,1221.0,3800.0,1.27,89.34,68.22,2227.63,495.3,475.0,3.73,29.0,19.31,9392.0
2005-07-14,NASDAQ,2645.22,2650.29,2659.14,2616.11,909345853.0,-4.76,9.71,14.74,6.76,107.0,22065.0,3930.0,1.14,143.81,111.23,1228.74,160.61,7211.0,1.97,47.0,10.61,393.0
2005-07-15,NASDAQ,2645.22,2650.29,2659.14,2616.11,909345853.0,-4.76,9.71,14.74,6.76,107.0,22065.0,3930.0,1.14,143.81,111.23,1228.74,160.61,7211.0,1.97,47.0,10.61,393.0
2005-07-16,NASDAQ,2645.22,2650.29,2659.14,2616.11,909345853.0,-4.76,9.71,14.74,6.76,107.0,22065.0,3930.0,1.14,143.81,111.23,1228.74,160.61,7211.0,1.97,47.0,10.61,393.0
2005-07-17,NASDAQ,2645.22,2650.29,2659.14,2616.11,909345853.0,-4.76,9.71,14.74,6.76,107.0,22065.0,3930.0,1.14,143.81,111.23,1228.74,160.61,7211.0,1.97,47.0,10.61,393.0
2005-07-18,NASDAQ,2645.22,2650.29,2659.14,2616.11,909345853.0,-4.76,9.71,14.74,6.76,107.0,22065.0,3930.0,1.14,143.81,111.23,1228.74,160.61,7211.0,1.97,47.0,10.61,393.0
2005-07-19,NASDAQ,2645.22,2650.29,2659.14,2616.11,909345853.0,-4.76,9.71,14.74,6.76,107.0,22065.0,3930.0,1.14,143.81,111.23,1228.74,160.61,7211.0,1.97,47.0,10.61,393.0
2005-07-20,NASDAQ,2587.97,2541.98,2633.58,2539.98,848054658.0,0.17,0.52,2.29,9.63,76.0,9390.0,335.0,1.08,115.62,103.11,1086.24,365.41,9109.0,3.46,11.0,91.6,7295.0
2005-07-21,NASDAQ,2587.97,2541.98,2633.58,2539.98,848054658.0,0.17,0.52,2.29,9.63,76.0,9390.0,335.0,1.08,115.62,103.11,1086.24,365.41,9109.0,3.46,11.0,91.6,7295.0
2005-07-22,NASDAQ,2587.97,2541.98,2633.58,2539.98,848054658.0,0.17,0.52,2.29,9.63,76.0,9390.0,335.0,1.08,115.62,103.11,1086.24,365.41,9109.0,3.46,11.0,91.6,7295.0
2005-07-23,NASDAQ,2441.9,2407.12,2475.51,2394.38,399317031.0,7.82,8.38,10.71,3.03,97.0,27663.0,2886.0,1.12,130.07,104.2,2055.92,275.71,3203.0,5.56,25.0,10.13,11536.0
2005-07-24,NASDAQ,2441.9,2407.12,2475.51,2394.38,399317031.0,7.82,8.38,10.71,3.03,97.0,27663.0,2886.0,1.12,130.07,104.2,2055.92,275.71,3203.0,5.56,25.0,10.13,11536.0
2005-07-25,NASDAQ,2441.9,2407.12,2475.51,2394.38,399317031.0,7.82,8.38,10.71,3.03,97.0,27663.0,2886.0,1.12,130.07,104.2,2055.92,275.71,3203.0,5.56,25.0,10.13,11536.0
2005-07-26,NASDAQ,1324.92,1333.5,1377.39,1303.89,497192406.0,0.21,0.1,8.15,3.12,82.0,24109.0,2183.0,1.22,82.98,89.66,1148.85,167.16,9122.0,0.96,24.0,9.65,3051.0
2005-07-27,NASDAQ,4970.33,4979.01,5023.77,4965.39,600012386.0,9.92,6.96,5.72,7.44,84.0,25375.0,4509.0,1.17,136.46,106.27,1366.38,246.46,3572.0,9.12,18.0,42.13,4861.0
2005-07-28,NASDAQ,4970.33,4979.01,5023.77,4965.39,600012386.0,9.92,6.96,5.72,7.44,84.0,25375.0,4509.0,1.17,136.46,106.27,1366.38,246.46,3572.0,9.12,18.0,42.13,4861.0
2005-07-29,NASDAQ,4970.33,4979.01,5023.77,4965.39,600012386.0,9.92,6.96,5.72,7.44,84.0,25375.0,4509.0,1.17,136.46,106.27,1366.38,246.46,3572.0,9.12,18.0,42.13,4861.0
2005-07-30,NASDAQ,4970.33,4979.01,5023.77,4965.39,600012386.0,9.92,6.96,5.72,7.44,84.0,25375.0,4509.0,1.17,136.46,106.27,1366.38,246.46,3572.0,9.12,18.0,42.13,4861.0
2005-07-31,NASDAQ,4175.27,4170.13,4189.85,4147.92,645869885.0,7.53,2.08,9.64,8.94,118.0,26506.0,2800.0,0.98,139.67,129.77,1421.32,177.12,550.0,7.33,16.0,8.88,3030.0
2005-08-01,NASDAQ,4175.27,4170.13,4189.85,4147.92,645869885.0,7.53,2.08,9.64,8.94,118.0,26506.0,2800.0,0.98,139.67,129.77,1421.32,177.12,550.0,7.33,16.0,8.88,3030.0
2005-08-02,NASDAQ,3311.23,3327.59,3332.58,3269.85,588890263.0,5.64,8.11,12.79,2.11,113.0,5875.0,3649.0,1.25,100.36,36.92,1031.42,224.75,9056.0,6.18,22.0,16.2,7066.0
2005-08-03,NASDAQ,4464.41,4492.81,4538.91,4443.03,799331226.0,-4.08,1.39,5.01,7.2,71.0,20336.0,4252.0,1.29,81.19,64.34,2002.8,318.29,581.0,9.78,17.0,75.35,5925.0
2005-08-04,NASDAQ,4464.41,4492.81,4538.91,4443.03,799331226.0,-4.08,1.39,5.01,7.2,71.0,20336.0,4252.0,1.29,81.19,64.34,2002.8,318.29,581.0,9.78,17.0,75.35,5925.0
2005-08-05,NASDAQ,2870.72,2885.32,2896.5599999999995,2823.04,884340171.0,-3.78,2.49,12.3,8.93,96.0,27464.0,4656.0,1.46,108.3,144.25,1551.52,233.88,4748.0,6.2,43.0,72.33,3475.0
2005-08-06,NASDAQ,3477.56,3442.62,3505.47,3400.64,254666303.0,8.71,1.68,8.86,2.62,55.0,6425.0,3861.0,1.14,92.34,147.87,2097.22,465.34,175.0,5.64,48.0,7.59,8243.0
2005-08-07,NASDAQ,3477.56,3442.62,3505.47,3400.64,254666303.0,8.71,1.68,8.86,2.62,55.0,6425.0,3861.0,1.14,92.34,147.87,2097.22,465.34,175.0,5.64,48.0,7.59,8243.0
2005-08-08,NASDAQ,2709.95,2698.26,2740.92,2666.02,728990847.0,1.72,5.38,2.38,1.96,59.0,6931.0,2741.0,1.28,105.13,82.18,1183.54,471.48,7971.0,9.55,44.0,84.07,1710.0
2005-08-09,NASDAQ,2709.95,2698.26,2740.92,2666.02,728990847.0,1.72,5.38,2.38,1.96,59.0,6931.0,2741.0,1.28,105.13,82.18,1183.54,471.48,7971.0,9.55,44.0,84.07,1710.0
2005-08-10,NASDAQ,2709.95,2698.26,2740.92,2666.02,728990847.0,1.72,5.38,2.38,1.96,59.0,6931.0,2741.0,1.28,105.13,82.18,1183.54,471.48,7971.0,9.55,44.0,84.07,1710.0
2005-08-11,NASDAQ,4402.3,4372.820000000001,4440.16,4323.750000000001,424789909.0,4.75,9.67,10.06,4.48,103.0,17415.0,4331.0,0.96,137.36,87.41,1819.39,321.2,2690.0,9.63,32.0,20.69,12009.0
2005-08-12,NASDAQ,1806.11,1804.82,1855.37,1778.9,928162010.0,-3.09,8.49,13.14,5.01,100.0,3417.0,4957.0,1.18,87.01,114.61,1514.31,238.81,5132.0,7.29,33.0,28.76,6664.0
2005-08-13,NASDAQ,1806.11,1804.82,1855.37,1778.9,928162010.0,-3.09,8.49,13.14,5.01,100.0,3417.0,4957.0,1.18,87.01,114.61,1514.31,238.81,5132.0,7.29,33.0,28.76,6664.0
2005-08-14,NASDAQ,1806.11,1804.82,1855.37,1778.9,928162010.0,-3.09,8.49,13.14,5.01,100.0,3417.0,4957.0,1.18,87.01,114.61,1514.31,238.81,5132.0,7.29,33.0,28.76,6664.0
2005-08-15,NASDAQ,1806.11,1804.82,1855.37,1778.9,928162010.0,-3.09,8.49,13.14,5.01,100.0,3417.0,4957.0,1.18,87.01,114.61,1514.31,238.81,5132.0,7.29,33.0,28.76,6664.0
2005-08-16,NASDAQ,3224.76,3223.1400000000003,3245.25,3194.1800000000003,701599842.0,3.54,3.77,10.49,1.72,98.0,27334.0,949.0,1.13,114.82,142.3,2112.07,484.44,4065.0,2.74,8.0,38.19,14552.0
2005-08-17,NASDAQ,3224.76,3223.1400000000003,3245.25,3194.1800000000003,701599842.0,3.54,3.77,10.49,1.72,98.0,27334.0,949.0,1.13,114.82,142.3,2112.07,484.44,4065.0,2.74,8.0,38.19,14552.0
2005-08-18,NASDAQ,3224.76,3223.1400000000003,3245.25,3194.1800000000003,701599842.0,3.54,3.77,10.49,1.72,98.0,27334.0,949.0,1.13,114.82,142.3,2112.07,484.44,4065.0,2.74,8.0,38.19,14552.0
2005-08-19,NASDAQ,3224.76,3223.1400000000003,3245.25,3194.1800000000003,701599842.0,3.54,3.77,10.49,1.72,98.0,27334.0,949.0,1.13,114.82,142.3,2112.07,484.44,4065.0,2.74,8.0,38.19,14552.0
2005-08-20,NASDAQ,3224.76,3223.1400000000003,3245.25,3194.1800000000003,701599842.0,3.54,3.77,10.49,1.72,98.0,27334.0,949.0,1.13,114.82,142.3,2112.07,484.44,4065.0,2.74,8.0,38.19,14552.0
2005-08-21,NASDAQ,4559.65,4599.61,4625.95,4518.61,571396034.0,3.55,8.48,8.63,9.69,85.0,29561.0,1410.0,1.03,133.72,66.45,1786.07,129.28,8588.0,5.68,17.0,56.32,2889.0
2005-08-22,NASDAQ,4967.85,5008.93,5024.77,4954.06,113422172.0,3.53,1.51,7.55,0.84,109.0,7064.0,4731.0,1.19,126.59,58.29,2225.72,292.5,2872.0,7.46,39.0,48.41,5583.0
2005-08-23,NASDAQ,4967.85,5008.93,5024.77,4954.06,113422172.0,3.53,1.51,7.55,0.84,109.0,7064.0,4731.0,1.19,126.59,58.29,2225.72,292.5,2872.0,7.46,39.0,48.41,5583.0
2005-08-24,NASDAQ,1841.27,1843.29,1845.18,1826.86,550824831.0,-3.72,1.25,8.2,0.92,114.0,3560.0,513.0,1.01,106.02,92.55,2205.28,347.08,371.0,9.63,1.0,14.12,4077.0
2005-08-25,NASDAQ,4061.45,4079.16,4108.32,4051.73,727300827.0,4.4,4.05,13.35,7.93,85.0,26684.0,1756.0,1.28,124.11,132.52,857.66,194.04,1467.0,7.86,43.0,54.41,7328.0
2005-08-26,NASDAQ,2012.11,2039.96,2051.46,1963.41,965846038.0,-0.79,0.4,2.55,4.12,79.0,15326.0,2731.0,1.2,87.23,121.57,1525.59,489.3,7121.0,8.49,0.0,80.53,11749.0
2005-08-27,NASDAQ,4462.25,4425.35,4469.66,4407.27,357510115.0,2.61,2.73,14.71,1.41,96.0,15731.0,4036.0,1.1,108.67,59.33,1441.91,394.81,7350.0,3.98,23.0,39.95,344.0
2005-08-28,NASDAQ,4462.25,4425.35,4469.66,4407.27,357510115.0,2.61,2.73,14.71,1.41,96.0,15731.0,4036.0,1.1,108.67,59.33,1441.91,394.81,7350.0,3.98,23.0,39.95,344.0
2005-08-29,NASDAQ,4462.25,4425.35,4469.66,4407.27,357510115.0,2.61,2.73,14.71,1.41,96.0,15731.0,4036.0,1.1,108.67,59.33,1441.91,394.81,7350.0,3.98,23.0,39.95,344.0
2005-08-30,NASDAQ,4462.25,4425.35,4469.66,4407.27,357510115.0,2.61,2.73,14.71,1.41,96.0,15731.0,4036.0,1.1,108.67,59.33,1441.91,394.81,7350.0,3.98,23.0,39.95,344.0
2005-08-31,NASDAQ,3695.36,3660.84,3720.54,3615.11,67280869.0,3.87,2.75,4.9,6.75,118.0,27175.0,738.0,1.19,115.42,22.42,2089.96,345.26,8900.0,9.01,39.0,24.22,14164.0
2005-09-01,NASDAQ,3695.36,3660.84,3720.54,3615.11,67280869.0,3.87,2.75,4.9,6.75,118.0,27175.0,738.0,1.19,115.42,22.42,2089.96,345.26,8900.0,9.01,39.0,24.22,14164.0
2005-09-02,NASDAQ,3695.36,3660.84,3720.54,3615.11,67280869.0,3.87,2.75,4.9,6.75,118.0,27175.0,738.0,1.19,115.42,22.42,2089.96,345.26,8900.0,9.01,39.0,24.22,14164.0
2005-09-03,NASDAQ,3705.93,3699.17,3746.3,3656.05,941352363.0,7.79,3.16,8.18,4.17,66.0,1600.0,4621.0,1.42,95.31,78.99,1470.67,402.46,6712.0,6.48,34.0,11.19,1829.0
2005-09-04,NASDAQ,3376.97,3389.29,3421.07,3367.92,37447149.0,5.54,8.3,2.75,4.92,100.0,8810.0,3248.0,1.02,95.61,36.37,2412.54,495.88,2957.0,7.99,34.0,23.21,8103.0
2005-09-05,NASDAQ,3376.97,3389.29,3421.07,3367.92,37447149.0,5.54,8.3,2.75,4.92,100.0,8810.0,3248.0,1.02,95.61,36.37,2412.54,495.88,2957.0,7.99,34.0,23.21,8103.0
2005-09-06,NASDAQ,3376.97,3389.29,3421.07,3367.92,37447149.0,5.54,8.3,2.75,4.92,100.0,8810.0,3248.0,1.02,95.61,36.37,2412.54,495.88,2957.0,7.99,34.0,23.21,8103.0
2005-09-07,NASDAQ,3301.44,3269.7000000000003,3315.15,3238.4300000000003,738023260.0,-0.68,9.47,4.59,0.85,87.0,25581.0,239.0,1.37,82.56,136.03,2374.67,281.44,9234.0,3.26,22.0,26.86,5451.0
2005-09-08,NASDAQ,3301.44,3269.7000000000003,3315.15,3238.4300000000003,738023260.0,-0.68,9.47,4.59,0.85,87.0,25581.0,239.0,1.37,82.56,136.03,2374.67,281.44,9234.0,3.26,22.0,26.86,5451.0
2005-09-09,NASDAQ,3301.44,3269.7000000000003,3315.15,3238.4300000000003,738023260.0,-0.68,9.47,4.59,0.85,87.0,25581.0,239.0,1.37,82.56,136.03,2374.67,281.44,9234.0,3.26,22.0,26.86,5451.0
2005-09-10,NASDAQ,4074.33,4080.0,4082.84,4032.36,733635740.0,-4.05,6.92,11.04,2.12,102.0,19084.0,3942.0,0.88,125.71,37.86,1799.26,415.03,9656.0,4.4,25.0,36.31,10983.0
2005-09-11,NASDAQ,4074.33,4080.0,4082.84,4032.36,733635740.0,-4.05,6.92,11.04,2.12,102.0,19084.0,3942.0,0.88,125.71,37.86,1799.26,415.03,9656.0,4.4,25.0,36.31,10983.0
2005-09-12,NASDAQ,3769.42,3752.98,3798.84,3739.33,621149705.0,-3.13,2.81,12.1,1.24,119.0,11827.0,4118.0,1.17,83.27,36.74,1481.98,266.93,2238.0,9.61,6.0,59.65,558.0
2005-09-13,NASDAQ,3769.42,3752.98,3798.84,3739.33,621149705.0,-3.13,2.81,12.1,1.24,119.0,11827.0,4118.0,1.17,83.27,36.74,1481.98,266.93,2238.0,9.61,6.0,59.65,558.0
2005-09-14,NASDAQ,3769.42,3752.98,3798.84,3739.33,621149705.0,-3.13,2.81,12.1,1.24,119.0,11827.0,4118.0,1.17,83.27,36.74,1481.98,266.93,2238.0,9.61,6.0,59.65,558.0
2005-09-15,NASDAQ,3769.42,3752.98,3798.84,3739.33,621149705.0,-3.13,2.81,12.1,1.24,119.0,11827.0,4118.0,1.17,83.27,36.74,1481.98,266.93,2238.0,9.61,6.0,59.65,558.0
2005-09-16,NASDAQ,3769.42,3752.98,3798.84,3739.33,621149705.0,-3.13,2.81,12.1,1.24,119.0,11827.0,4118.0,1.17,83.27,36.74,1481.98,266.93,2238.0,9.61,6.0,59.65,558.0
2005-09-17,NASDAQ,1239.77,1191.61,1270.39,1191.4,758335252.0,-3.32,3.29,5.91,1.7,51.0,15598.0,4736.0,1.25,128.86,35.45,1913.55,205.36,7800.0,4.37,38.0,8.47,10930.0
2005-09-18,NASDAQ,1239.77,1191.61,1270.39,1191.4,758335252.0,-3.32,3.29,5.91,1.7,51.0,15598.0,4736.0,1.25,128.86,35.45,1913.55,205.36,7800.0,4.37,38.0,8.47,10930.0
2005-09-19,NASDAQ,1239.77,1191.61,1270.39,1191.4,758335252.0,-3.32,3.29,5.91,1.7,51.0,15598.0,4736.0,1.25,128.86,35.45,1913.55,205.36,7800.0,4.37,38.0,8.47,10930.0
2005-09-20,NASDAQ,1239.77,1191.61,1270.39,1191.4,758335252.0,-3.32,3.29,5.91,1.7,51.0,15598.0,4736.0,1.25,128.86,35.45,1913.55,205.36,7800.0,4.37,38.0,8.47,10930.0
2005-09-21,NASDAQ,1239.77,1191.61,1270.39,1191.4,758335252.0,-3.32,3.29,5.91,1.7,51.0,15598.0,4736.0,1.25,128.86,35.45,1913.55,205.36,7800.0,4.37,38.0,8.47,10930.0
2005-09-22,NASDAQ,1239.77,1191.61,1270.39,1191.4,758335252.0,-3.32,3.29,5.91,1.7,51.0,15598.0,4736.0,1.25,128.86,35.45,1913.55,205.36,7800.0,4.37,38.0,8.47,10930.0
2005-09-23,NASDAQ,1239.77,1191.61,1270.39,1191.4,758335252.0,-3.32,3.29,5.91,1.7,51.0,15598.0,4736.0,1.25,128.86,35.45,1913.55,205.36,7800.0,4.37,38.0,8.47,10930.0
2005-09-24,NASDAQ,1239.77,1191.61,1270.39,1191.4,758335252.0,-3.32,3.29,5.91,1.7,51.0,15598.0,4736.0,1.25,128.86,35.45,1913.55,205.36,7800.0,4.37,38.0,8.47,10930.0
2005-09-25,NASDAQ,1239.77,1191.61,1270.39,1191.4,758335252.0,-3.32,3.29,5.91,1.7,51.0,15598.0,4736.0,1.25,128.86,35.45,1913.55,205.36,7800.0,4.37,38.0,8.47,10930.0
2005-09-26,NASDAQ,1239.77,1191.61,1270.39,1191.4,758335252.0,-3.32,3.29,5.91,1.7,51.0,15598.0,4736.0,1.25,128.86,35.45,1913.55,205.36,7800.0,4.37,38.0,8.47,10930.0
2005-09-27,NASDAQ,1239.77,1191.61,1270.39,1191.4,758335252.0,-3.32,3.29,5.91,1.7,51.0,15598.0,4736.0,1.25,128.86,35.45,1913.55,205.36,7800.0,4.37,38.0,8.47,10930.0
2005-09-28,NASDAQ,1054.73,1088.29,1117.75,1046.52,101199792.0,7.97,4.36,8.35,5.42,88.0,7499.0,4645.0,1.33,106.35,32.76,1089.51,119.04,5244.0,0.59,17.0,81.72,4116.0
2005-09-29,NASDAQ,1054.73,1088.29,1117.75,1046.52,101199792.0,7.97,4.36,8.35,5.42,88.0,7499.0,4645.0,1.33,106.35,32.76,1089.51,119.04,5244.0,0.59,17.0,81.72,4116.0
2005-09-30,NASDAQ,2034.37,2008.03,2046.43,1991.54,603787233.0,-0.66,0.97,11.03,2.53,88.0,26750.0,3352.0,1.36,84.63,103.51,1633.69,234.85,6407.0,5.65,31.0,12.88,5479.0
2005-10-01,NASDAQ,1111.41,1150.38,1158.7900000000002,1088.3300000000002,863908265.0,0.27,7.44,14.59,7.68,83.0,7243.0,3492.0,1.29,118.93,34.11,1103.06,395.35,836.0,2.86,8.0,26.05,2748.0
2005-10-02,NASDAQ,3525.5,3476.42,3574.1,3466.1800000000003,938595426.0,0.14,1.09,12.18,1.84,93.0,3192.0,2430.0,1.18,147.59,51.94,1286.48,271.88,8437.0,6.89,29.0,28.04,8220.0
2005-10-03,NASDAQ,3525.5,3476.42,3574.1,3466.1800000000003,938595426.0,0.14,1.09,12.18,1.84,93.0,3192.0,2430.0,1.18,147.59,51.94,1286.48,271.88,8437.0,6.89,29.0,28.04,8220.0
2005-10-04,NASDAQ,3192.58,3238.48,3287.55,3182.54,464915110.0,-1.36,8.05,5.94,4.5,117.0,8730.0,2717.0,1.47,117.86,25.86,1792.83,251.85,1133.0,7.91,31.0,78.07,8239.0
2005-10-05,NASDAQ,1698.59,1709.9299999999998,1726.82,1659.88,910634720.0,4.13,4.68,3.27,6.75,112.0,3747.0,4220.0,1.41,89.27,113.38,1482.74,187.48,6763.0,7.18,7.0,6.07,3480.0
2005-10-06,NASDAQ,1698.59,1709.9299999999998,1726.82,1659.88,910634720.0,4.13,4.68,3.27,6.75,112.0,3747.0,4220.0,1.41,89.27,113.38,1482.74,187.48,6763.0,7.18,7.0,6.07,3480.0
2005-10-07,NASDAQ,1698.59,1709.9299999999998,1726.82,1659.88,910634720.0,4.13,4.68,3.27,6.75,112.0,3747.0,4220.0,1.41,89.27,113.38,1482.74,187.48,6763.0,7.18,7.0,6.07,3480.0
2005-10-08,NASDAQ,1698.59,1709.9299999999998,1726.82,1659.88,910634720.0,4.13,4.68,3.27,6.75,112.0,3747.0,4220.0,1.41,89.27,113.38,1482.74,187.48,6763.0,7.18,7.0,6.07,3480.0
2005-10-09,NASDAQ,1698.59,1709.9299999999998,1726.82,1659.88,910634720.0,4.13,4.68,3.27,6.75,112.0,3747.0,4220.0,1.41,89.27,113.38,1482.74,187.48,6763.0,7.18,7.0,6.07,3480.0
2005-10-10,NASDAQ,1698.59,1709.9299999999998,1726.82,1659.88,910634720.0,4.13,4.68,3.27,6.75,112.0,3747.0,4220.0,1.41,89.27,113.38,1482.74,187.48,6763.0,7.18,7.0,6.07,3480.0
2005-10-11,NASDAQ,1698.59,1709.9299999999998,1726.82,1659.88,910634720.0,4.13,4.68,3.27,6.75,112.0,3747.0,4220.0,1.41,89.27,113.38,1482.74,187.48,6763.0,7.18,7.0,6.07,3480.0
2005-10-12,NASDAQ,3255.68,3277.71,3290.85,3244.53,483094834.0,-2.52,7.52,7.17,4.8,89.0,20655.0,3819.0,1.15,114.12,138.35,957.0,405.57,6578.0,9.7,8.0,75.44,7450.0
2005-10-13,NASDAQ,3255.68,3277.71,3290.85,3244.53,483094834.0,-2.52,7.52,7.17,4.8,89.0,20655.0,3819.0,1.15,114.12,138.35,957.0,405.57,6578.0,9.7,8.0,75.44,7450.0
2005-10-14,NASDAQ,3255.68,3277.71,3290.85,3244.53,483094834.0,-2.52,7.52,7.17,4.8,89.0,20655.0,3819.0,1.15,114.12,138.35,957.0,405.57,6578.0,9.7,8.0,75.44,7450.0
2005-10-15,NASDAQ,3255.68,3277.71,3290.85,3244.53,483094834.0,-2.52,7.52,7.17,4.8,89.0,20655.0,3819.0,1.15,114.12,138.35,957.0,405.57,6578.0,9.7,8.0,75.44,7450.0
2005-10-16,NASDAQ,3255.68,3277.71,3290.85,3244.53,483094834.0,-2.52,7.52,7.17,4.8,89.0,20655.0,3819.0,1.15,114.12,138.35,957.0,405.57,6578.0,9.7,8.0,75.44,7450.0
2005-10-17,NASDAQ,3255.68,3277.71,3290.85,3244.53,483094834.0,-2.52,7.52,7.17,4.8,89.0,20655.0,3819.0,1.15,114.12,138.35,957.0,405.57,6578.0,9.7,8.0,75.44,7450.0
2005-10-18,NASDAQ,3255.68,3277.71,3290.85,3244.53,483094834.0,-2.52,7.52,7.17,4.8,89.0,20655.0,3819.0,1.15,114.12,138.35,957.0,405.57,6578.0,9.7,8.0,75.44,7450.0
2005-10-19,NASDAQ,3255.68,3277.71,3290.85,3244.53,483094834.0,-2.52,7.52,7.17,4.8,89.0,20655.0,3819.0,1.15,114.12,138.35,957.0,405.57,6578.0,9.7,8.0,75.44,7450.0
2005-10-20,NASDAQ,3255.68,3277.71,3290.85,3244.53,483094834.0,-2.52,7.52,7.17,4.8,89.0,20655.0,3819.0,1.15,114.12,138.35,957.0,405.57,6578.0,9.7,8.0,75.44,7450.0
2005-10-21,NASDAQ,3255.68,3277.71,3290.85,3244.53,483094834.0,-2.52,7.52,7.17,4.8,89.0,20655.0,3819.0,1.15,114.12,138.35,957.0,405.57,6578.0,9.7,8.0,75.44,7450.0
2005-10-22,NASDAQ,3255.68,3277.71,3290.85,3244.53,483094834.0,-2.52,7.52,7.17,4.8,89.0,20655.0,3819.0,1.15,114.12,138.35,957.0,405.57,6578.0,9.7,8.0,75.44,7450.0
2005-10-23,NASDAQ,3101.88,3064.13,3114.35,3061.96,298721802.0,1.77,0.37,12.34,6.37,90.0,25944.0,3018.0,0.85,127.0,143.56,1125.59,340.26,8599.0,4.52,14.0,67.68,4590.0
2005-10-24,NASDAQ,3101.88,3064.13,3114.35,3061.96,298721802.0,1.77,0.37,12.34,6.37,90.0,25944.0,3018.0,0.85,127.0,143.56,1125.59,340.26,8599.0,4.52,14.0,67.68,4590.0
2005-10-25,NASDAQ,3101.88,3064.13,3114.35,3061.96,298721802.0,1.77,0.37,12.34,6.37,90.0,25944.0,3018.0,0.85,127.0,143.56,1125.59,340.26,8599.0,4.52,14.0,67.68,4590.0
2005-10-26,NASDAQ,4168.76,4159.76,4172.41,4154.51,492621564.0,1.16,8.67,8.61,6.76,101.0,5087.0,845.0,0.92,95.42,23.48,1278.03,455.35,6738.0,4.38,2.0,71.79,13512.0
2005-10-27,NASDAQ,3705.44,3703.64,3746.5,3702.52,995754923.0,-4.65,5.99,5.61,0.63,96.0,23322.0,1830.0,0.91,137.09,82.75,1751.81,274.21,454.0,2.6,30.0,94.54,7233.0
2005-10-28,NASDAQ,3718.53,3675.58,3743.18,3667.000000000001,515898158.0,5.03,7.64,5.94,4.94,69.0,23484.0,4222.0,1.05,125.39,72.79,1502.9,339.54,646.0,5.17,38.0,33.43,8432.0
2005-10-29,NASDAQ,3718.53,3675.58,3743.18,3667.000000000001,515898158.0,5.03,7.64,5.94,4.94,69.0,23484.0,4222.0,1.05,125.39,72.79,1502.9,339.54,646.0,5.17,38.0,33.43,8432.0
2005-10-30,NASDAQ,3718.53,3675.58,3743.18,3667.000000000001,515898158.0,5.03,7.64,5.94,4.94,69.0,23484.0,4222.0,1.05,125.39,72.79,1502.9,339.54,646.0,5.17,38.0,33.43,8432.0
2005-10-31,NASDAQ,3718.53,3675.58,3743.18,3667.000000000001,515898158.0,5.03,7.64,5.94,4.94,69.0,23484.0,4222.0,1.05,125.39,72.79,1502.9,339.54,646.0,5.17,38.0,33.43,8432.0
2005-11-01,NASDAQ,2087.82,2066.09,2137.5,2032.68,350652271.0,9.8,3.12,2.82,4.78,106.0,10482.0,3316.0,1.29,94.51,32.16,1889.18,293.29,3771.0,6.17,34.0,52.97,11918.0
2005-11-02,NASDAQ,2087.82,2066.09,2137.5,2032.68,350652271.0,9.8,3.12,2.82,4.78,106.0,10482.0,3316.0,1.29,94.51,32.16,1889.18,293.29,3771.0,6.17,34.0,52.97,11918.0
2005-11-03,NASDAQ,2087.82,2066.09,2137.5,2032.68,350652271.0,9.8,3.12,2.82,4.78,106.0,10482.0,3316.0,1.29,94.51,32.16,1889.18,293.29,3771.0,6.17,34.0,52.97,11918.0
2005-11-04,NASDAQ,2087.82,2066.09,2137.5,2032.68,350652271.0,9.8,3.12,2.82,4.78,106.0,10482.0,3316.0,1.29,94.51,32.16,1889.18,293.29,3771.0,6.17,34.0,52.97,11918.0
2005-11-05,NASDAQ,2087.82,2066.09,2137.5,2032.68,350652271.0,9.8,3.12,2.82,4.78,106.0,10482.0,3316.0,1.29,94.51,32.16,1889.18,293.29,3771.0,6.17,34.0,52.97,11918.0
2005-11-06,NASDAQ,1064.97,1088.82,1089.54,1015.22,152119883.0,-0.59,5.6,4.39,5.65,78.0,10675.0,4398.0,1.16,83.63,137.94,2267.3,282.92,565.0,6.07,30.0,68.76,2179.0
2005-11-07,NASDAQ,1064.97,1088.82,1089.54,1015.22,152119883.0,-0.59,5.6,4.39,5.65,78.0,10675.0,4398.0,1.16,83.63,137.94,2267.3,282.92,565.0,6.07,30.0,68.76,2179.0
2005-11-08,NASDAQ,1064.97,1088.82,1089.54,1015.22,152119883.0,-0.59,5.6,4.39,5.65,78.0,10675.0,4398.0,1.16,83.63,137.94,2267.3,282.92,565.0,6.07,30.0,68.76,2179.0
2005-11-09,NASDAQ,1064.97,1088.82,1089.54,1015.22,152119883.0,-0.59,5.6,4.39,5.65,78.0,10675.0,4398.0,1.16,83.63,137.94,2267.3,282.92,565.0,6.07,30.0,68.76,2179.0
2005-11-10,NASDAQ,1064.97,1088.82,1089.54,1015.22,152119883.0,-0.59,5.6,4.39,5.65,78.0,10675.0,4398.0,1.16,83.63,137.94,2267.3,282.92,565.0,6.07,30.0,68.76,2179.0
2005-11-11,NASDAQ,1064.97,1088.82,1089.54,1015.22,152119883.0,-0.59,5.6,4.39,5.65,78.0,10675.0,4398.0,1.16,83.63,137.94,2267.3,282.92,565.0,6.07,30.0,68.76,2179.0
2005-11-12,NASDAQ,1064.97,1088.82,1089.54,1015.22,152119883.0,-0.59,5.6,4.39,5.65,78.0,10675.0,4398.0,1.16,83.63,137.94,2267.3,282.92,565.0,6.07,30.0,68.76,2179.0
2005-11-13,NASDAQ,1064.97,1088.82,1089.54,1015.22,152119883.0,-0.59,5.6,4.39,5.65,78.0,10675.0,4398.0,1.16,83.63,137.94,2267.3,282.92,565.0,6.07,30.0,68.76,2179.0
2005-11-14,NASDAQ,4326.07,4302.549999999999,4345.95,4297.969999999999,416062184.0,-2.55,5.87,2.78,4.07,64.0,15807.0,3274.0,1.04,135.47,114.12,1729.22,296.57,6509.0,2.47,18.0,87.61,12962.0
2005-11-15,NASDAQ,4673.59,4716.95,4748.2,4667.9800000000005,433958286.0,4.61,3.77,5.07,5.9,67.0,23285.0,1908.0,1.0,106.9,111.77,2402.34,404.47,9500.0,0.05,13.0,72.93,14144.0
2005-11-16,NASDAQ,4673.59,4716.95,4748.2,4667.9800000000005,433958286.0,4.61,3.77,5.07,5.9,67.0,23285.0,1908.0,1.0,106.9,111.77,2402.34,404.47,9500.0,0.05,13.0,72.93,14144.0
2005-11-17,NASDAQ,1413.74,1439.12,1478.3200000000002,1366.52,878799408.0,0.24,4.7,14.93,8.77,71.0,6678.0,742.0,1.29,146.64,26.36,2272.87,342.04,526.0,7.96,22.0,81.76,1434.0
2005-11-18,NASDAQ,1413.74,1439.12,1478.3200000000002,1366.52,878799408.0,0.24,4.7,14.93,8.77,71.0,6678.0,742.0,1.29,146.64,26.36,2272.87,342.04,526.0,7.96,22.0,81.76,1434.0
2005-11-19,NASDAQ,1413.74,1439.12,1478.3200000000002,1366.52,878799408.0,0.24,4.7,14.93,8.77,71.0,6678.0,742.0,1.29,146.64,26.36,2272.87,342.04,526.0,7.96,22.0,81.76,1434.0
2005-11-20,NASDAQ,4119.28,4131.06,4150.629999999999,4081.18,17874955.0,-0.33,2.35,10.93,1.37,75.0,4690.0,3017.0,1.24,112.41,125.31,1344.56,110.47,6052.0,0.98,1.0,0.98,3390.0
2005-11-21,NASDAQ,1472.87,1499.87,1544.3,1459.7299999999998,776477166.0,-4.7,9.31,13.17,2.09,113.0,15055.0,3712.0,1.17,134.72,58.62,1894.15,432.87,2894.0,0.12,11.0,3.12,11758.0
2005-11-22,NASDAQ,1472.87,1499.87,1544.3,1459.7299999999998,776477166.0,-4.7,9.31,13.17,2.09,113.0,15055.0,3712.0,1.17,134.72,58.62,1894.15,432.87,2894.0,0.12,11.0,3.12,11758.0
2005-11-23,NASDAQ,3848.55,3894.79,3908.8,3848.46,675258704.0,1.02,6.38,13.38,5.86,52.0,9900.0,948.0,1.5,144.79,128.01,1121.8,426.98,3667.0,4.61,42.0,55.52,8532.0
2005-11-24,NASDAQ,3848.55,3894.79,3908.8,3848.46,675258704.0,1.02,6.38,13.38,5.86,52.0,9900.0,948.0,1.5,144.79,128.01,1121.8,426.98,3667.0,4.61,42.0,55.52,8532.0
2005-11-25,NASDAQ,3848.55,3894.79,3908.8,3848.46,675258704.0,1.02,6.38,13.38,5.86,52.0,9900.0,948.0,1.5,144.79,128.01,1121.8,426.98,3667.0,4.61,42.0,55.52,8532.0
2005-11-26,NASDAQ,3848.55,3894.79,3908.8,3848.46,675258704.0,1.02,6.38,13.38,5.86,52.0,9900.0,948.0,1.5,144.79,128.01,1121.8,426.98,3667.0,4.61,42.0,55.52,8532.0
2005-11-27,NASDAQ,3848.55,3894.79,3908.8,3848.46,675258704.0,1.02,6.38,13.38,5.86,52.0,9900.0,948.0,1.5,144.79,128.01,1121.8,426.98,3667.0,4.61,42.0,55.52,8532.0
2005-11-28,NASDAQ,3848.55,3894.79,3908.8,3848.46,675258704.0,1.02,6.38,13.38,5.86,52.0,9900.0,948.0,1.5,144.79,128.01,1121.8,426.98,3667.0,4.61,42.0,55.52,8532.0
2005-11-29,NASDAQ,3848.55,3894.79,3908.8,3848.46,675258704.0,1.02,6.38,13.38,5.86,52.0,9900.0,948.0,1.5,144.79,128.01,1121.8,426.98,3667.0,4.61,42.0,55.52,8532.0
2005-11-30,NASDAQ,3262.98,3271.08,3312.78,3255.97,823566558.0,5.76,9.93,5.08,6.01,55.0,13780.0,3019.0,1.42,81.28,134.92,1013.12,464.49,9736.0,8.05,11.0,62.17,3267.0
2005-12-01,NASDAQ,3262.98,3271.08,3312.78,3255.97,823566558.0,5.76,9.93,5.08,6.01,55.0,13780.0,3019.0,1.42,81.28,134.92,1013.12,464.49,9736.0,8.05,11.0,62.17,3267.0
2005-12-02,NASDAQ,1340.23,1331.32,1371.04,1301.66,126370503.0,-4.8,4.54,6.52,8.77,63.0,16304.0,3050.0,0.95,122.22,113.94,1447.23,156.23,4741.0,2.85,15.0,71.25,8648.0
2005-12-03,NASDAQ,1340.23,1331.32,1371.04,1301.66,126370503.0,-4.8,4.54,6.52,8.77,63.0,16304.0,3050.0,0.95,122.22,113.94,1447.23,156.23,4741.0,2.85,15.0,71.25,8648.0
2005-12-04,NASDAQ,2519.92,2539.85,2559.43,2514.9700000000003,345745807.0,6.14,9.37,9.25,4.52,57.0,6525.0,1337.0,0.93,119.94,31.61,906.55,406.39,5740.0,2.63,27.0,14.47,8585.0
2005-12-05,NASDAQ,2519.92,2539.85,2559.43,2514.9700000000003,345745807.0,6.14,9.37,9.25,4.52,57.0,6525.0,1337.0,0.93,119.94,31.61,906.55,406.39,5740.0,2.63,27.0,14.47,8585.0
2005-12-06,NASDAQ,2554.91,2510.11,2561.19,2507.55,209687121.0,3.51,0.58,5.1,5.48,67.0,10997.0,2565.0,1.26,123.83,136.1,942.4,290.69,8033.0,9.35,32.0,68.4,10693.0
2005-12-07,NASDAQ,1961.2,1997.17,2018.09,1941.42,968915362.0,1.44,1.69,12.87,7.33,106.0,1562.0,2110.0,1.46,111.9,65.77,1596.16,163.09,590.0,8.64,36.0,47.87,4271.0
2005-12-08,NASDAQ,1961.2,1997.17,2018.09,1941.42,968915362.0,1.44,1.69,12.87,7.33,106.0,1562.0,2110.0,1.46,111.9,65.77,1596.16,163.09,590.0,8.64,36.0,47.87,4271.0
2005-12-09,NASDAQ,2259.67,2235.91,2284.58,2207.83,5397458.0,-1.46,6.89,5.04,5.85,115.0,28430.0,2835.0,1.36,91.83,70.74,932.05,249.04,3568.0,4.45,30.0,32.37,12039.0
2005-12-10,NASDAQ,2259.67,2235.91,2284.58,2207.83,5397458.0,-1.46,6.89,5.04,5.85,115.0,28430.0,2835.0,1.36,91.83,70.74,932.05,249.04,3568.0,4.45,30.0,32.37,12039.0
2005-12-11,NASDAQ,2259.67,2235.91,2284.58,2207.83,5397458.0,-1.46,6.89,5.04,5.85,115.0,28430.0,2835.0,1.36,91.83,70.74,932.05,249.04,3568.0,4.45,30.0,32.37,12039.0
2005-12-12,NASDAQ,2259.67,2235.91,2284.58,2207.83,5397458.0,-1.46,6.89,5.04,5.85,115.0,28430.0,2835.0,1.36,91.83,70.74,932.05,249.04,3568.0,4.45,30.0,32.37,12039.0
2005-12-13,NASDAQ,2259.67,2235.91,2284.58,2207.83,5397458.0,-1.46,6.89,5.04,5.85,115.0,28430.0,2835.0,1.36,91.83,70.74,932.05,249.04,3568.0,4.45,30.0,32.37,12039.0
2005-12-14,NASDAQ,3127.49,3152.46,3164.5799999999995,3085.41,352945265.0,-0.84,8.71,8.93,3.43,62.0,21865.0,918.0,0.87,103.89,21.27,2171.97,475.02,559.0,1.89,40.0,17.19,5599.0
2005-12-15,NASDAQ,3127.49,3152.46,3164.5799999999995,3085.41,352945265.0,-0.84,8.71,8.93,3.43,62.0,21865.0,918.0,0.87,103.89,21.27,2171.97,475.02,559.0,1.89,40.0,17.19,5599.0
2005-12-16,NASDAQ,3127.49,3152.46,3164.5799999999995,3085.41,352945265.0,-0.84,8.71,8.93,3.43,62.0,21865.0,918.0,0.87,103.89,21.27,2171.97,475.02,559.0,1.89,40.0,17.19,5599.0
2005-12-17,NASDAQ,3330.86,3380.03,3418.1600000000003,3292.99,429805362.0,0.88,6.16,7.31,1.36,86.0,21852.0,658.0,1.08,139.66,125.94,1379.38,168.87,7563.0,0.48,19.0,60.57,10572.0
2005-12-18,NASDAQ,3330.86,3380.03,3418.1600000000003,3292.99,429805362.0,0.88,6.16,7.31,1.36,86.0,21852.0,658.0,1.08,139.66,125.94,1379.38,168.87,7563.0,0.48,19.0,60.57,10572.0
2005-12-19,NASDAQ,2307.76,2278.8100000000004,2339.09,2263.9400000000005,467241699.0,8.64,7.21,4.5,1.9,101.0,22284.0,1719.0,1.49,109.11,43.48,1978.04,276.35,4768.0,6.9,8.0,85.18,12462.0
2005-12-20,NASDAQ,2307.76,2278.8100000000004,2339.09,2263.9400000000005,467241699.0,8.64,7.21,4.5,1.9,101.0,22284.0,1719.0,1.49,109.11,43.48,1978.04,276.35,4768.0,6.9,8.0,85.18,12462.0
2005-12-21,NASDAQ,2307.76,2278.8100000000004,2339.09,2263.9400000000005,467241699.0,8.64,7.21,4.5,1.9,101.0,22284.0,1719.0,1.49,109.11,43.48,1978.04,276.35,4768.0,6.9,8.0,85.18,12462.0
2005-12-22,NASDAQ,2307.76,2278.8100000000004,2339.09,2263.9400000000005,467241699.0,8.64,7.21,4.5,1.9,101.0,22284.0,1719.0,1.49,109.11,43.48,1978.04,276.35,4768.0,6.9,8.0,85.18,12462.0
2005-12-23,NASDAQ,3728.77,3756.78,3776.17,3723.19,237171903.0,-0.22,6.86,12.04,9.94,53.0,7338.0,4440.0,0.93,106.2,55.77,1647.7,269.64,5107.0,5.3,45.0,28.87,3475.0
2005-12-24,NASDAQ,3728.77,3756.78,3776.17,3723.19,237171903.0,-0.22,6.86,12.04,9.94,53.0,7338.0,4440.0,0.93,106.2,55.77,1647.7,269.64,5107.0,5.3,45.0,28.87,3475.0
2005-12-25,NASDAQ,1532.84,1505.65,1564.84,1480.4399999999998,758500537.0,9.57,5.25,6.0,7.92,83.0,2487.0,783.0,1.29,109.49,50.09,2421.3,318.06,7029.0,6.91,46.0,85.86,2551.0
2005-12-26,NASDAQ,3529.59,3571.81,3596.55,3487.13,921488694.0,9.15,8.9,7.02,8.38,94.0,4567.0,4010.0,1.28,139.86,22.2,2219.08,379.61,2377.0,4.47,3.0,57.74,9846.0
2005-12-27,NASDAQ,1513.3,1522.56,1565.02,1501.52,365621497.0,-1.01,0.03,5.98,9.95,65.0,21952.0,3872.0,1.0,88.7,21.32,920.74,311.3,6373.0,3.74,30.0,21.69,736.0
2005-12-28,NASDAQ,3313.97,3301.96,3357.71,3255.2,330664719.0,-1.6,2.82,9.73,4.57,58.0,4604.0,170.0,1.42,135.52,58.61,2383.16,149.15,9465.0,7.68,3.0,85.92,10817.0
2005-12-29,NASDAQ,3313.97,3301.96,3357.71,3255.2,330664719.0,-1.6,2.82,9.73,4.57,58.0,4604.0,170.0,1.42,135.52,58.61,2383.16,149.15,9465.0,7.68,3.0,85.92,10817.0
2005-12-30,NASDAQ,3802.45,3812.96,3819.77,3754.5,170834799.0,1.88,1.78,11.43,9.6,80.0,15658.0,2255.0,0.99,104.38,100.77,871.71,226.83,7516.0,9.14,17.0,23.31,5019.0
2005-12-31,NASDAQ,3802.45,3812.96,3819.77,3754.5,170834799.0,1.88,1.78,11.43,9.6,80.0,15658.0,2255.0,0.99,104.38,100.77,871.71,226.83,7516.0,9.14,17.0,23.31,5019.0
2006-01-01,NASDAQ,3802.45,3812.96,3819.77,3754.5,170834799.0,1.88,1.78,11.43,9.6,80.0,15658.0,2255.0,0.99,104.38,100.77,871.71,226.83,7516.0,9.14,17.0,23.31,5019.0
2006-01-02,NASDAQ,3802.45,3812.96,3819.77,3754.5,170834799.0,1.88,1.78,11.43,9.6,80.0,15658.0,2255.0,0.99,104.38,100.77,871.71,226.83,7516.0,9.14,17.0,23.31,5019.0
2006-01-03,NASDAQ,3802.45,3812.96,3819.77,3754.5,170834799.0,1.88,1.78,11.43,9.6,80.0,15658.0,2255.0,0.99,104.38,100.77,871.71,226.83,7516.0,9.14,17.0,23.31,5019.0
2006-01-04,NASDAQ,3476.69,3507.96,3519.31,3448.76,257044255.0,8.19,4.51,7.07,6.02,67.0,13369.0,3905.0,0.8,125.35,148.9,1279.23,154.95,8918.0,7.33,25.0,89.58,2911.0
2006-01-05,NASDAQ,3476.69,3507.96,3519.31,3448.76,257044255.0,8.19,4.51,7.07,6.02,67.0,13369.0,3905.0,0.8,125.35,148.9,1279.23,154.95,8918.0,7.33,25.0,89.58,2911.0
2006-01-06,NASDAQ,3476.69,3507.96,3519.31,3448.76,257044255.0,8.19,4.51,7.07,6.02,67.0,13369.0,3905.0,0.8,125.35,148.9,1279.23,154.95,8918.0,7.33,25.0,89.58,2911.0
2006-01-07,NASDAQ,3476.69,3507.96,3519.31,3448.76,257044255.0,8.19,4.51,7.07,6.02,67.0,13369.0,3905.0,0.8,125.35,148.9,1279.23,154.95,8918.0,7.33,25.0,89.58,2911.0
2006-01-08,NASDAQ,3476.69,3507.96,3519.31,3448.76,257044255.0,8.19,4.51,7.07,6.02,67.0,13369.0,3905.0,0.8,125.35,148.9,1279.23,154.95,8918.0,7.33,25.0,89.58,2911.0
2006-01-09,NASDAQ,3468.42,3513.15,3524.86,3459.12,107187026.0,-3.15,6.9,14.3,0.75,59.0,18125.0,3655.0,1.48,112.65,78.85,1888.16,130.53,4055.0,9.24,31.0,97.5,13667.0
2006-01-10,NASDAQ,3468.42,3513.15,3524.86,3459.12,107187026.0,-3.15,6.9,14.3,0.75,59.0,18125.0,3655.0,1.48,112.65,78.85,1888.16,130.53,4055.0,9.24,31.0,97.5,13667.0
2006-01-11,NASDAQ,3468.42,3513.15,3524.86,3459.12,107187026.0,-3.15,6.9,14.3,0.75,59.0,18125.0,3655.0,1.48,112.65,78.85,1888.16,130.53,4055.0,9.24,31.0,97.5,13667.0
2006-01-12,NASDAQ,3468.42,3513.15,3524.86,3459.12,107187026.0,-3.15,6.9,14.3,0.75,59.0,18125.0,3655.0,1.48,112.65,78.85,1888.16,130.53,4055.0,9.24,31.0,97.5,13667.0
2006-01-13,NASDAQ,4853.92,4815.18,4869.99,4773.93,46385448.0,-1.55,2.1,12.47,7.36,102.0,12830.0,1089.0,0.84,88.4,118.87,1128.04,378.11,3317.0,9.34,29.0,63.94,7733.0
2006-01-14,NASDAQ,1432.18,1475.5800000000002,1483.5600000000002,1406.95,904157712.0,7.26,9.25,6.92,3.16,89.0,6230.0,4679.0,0.99,124.4,103.37,1628.71,392.25,5296.0,7.69,14.0,92.26,7219.0
2006-01-15,NASDAQ,2913.96,2882.32,2924.2200000000003,2836.5,746247809.0,-1.48,0.54,11.71,5.36,65.0,22414.0,3023.0,1.32,142.5,107.83,1774.94,231.72,2185.0,8.05,49.0,47.39,6286.0
2006-01-16,NASDAQ,3342.25,3317.53,3381.68,3286.13,377909391.0,5.15,8.65,13.49,9.19,97.0,3761.0,1532.0,1.23,133.25,131.62,1347.3,334.42,6903.0,8.71,6.0,53.23,8703.0
2006-01-17,NASDAQ,3165.5,3156.16,3173.86,3114.14,746993638.0,1.46,5.11,11.97,0.97,110.0,12829.0,440.0,1.28,125.44,109.77,1999.01,226.64,9222.0,5.22,5.0,3.92,8205.0
2006-01-18,NASDAQ,3165.5,3156.16,3173.86,3114.14,746993638.0,1.46,5.11,11.97,0.97,110.0,12829.0,440.0,1.28,125.44,109.77,1999.01,226.64,9222.0,5.22,5.0,3.92,8205.0
2006-01-19,NASDAQ,3165.5,3156.16,3173.86,3114.14,746993638.0,1.46,5.11,11.97,0.97,110.0,12829.0,440.0,1.28,125.44,109.77,1999.01,226.64,9222.0,5.22,5.0,3.92,8205.0
2006-01-20,NASDAQ,3165.5,3156.16,3173.86,3114.14,746993638.0,1.46,5.11,11.97,0.97,110.0,12829.0,440.0,1.28,125.44,109.77,1999.01,226.64,9222.0,5.22,5.0,3.92,8205.0
2006-01-21,NASDAQ,3165.5,3156.16,3173.86,3114.14,746993638.0,1.46,5.11,11.97,0.97,110.0,12829.0,440.0,1.28,125.44,109.77,1999.01,226.64,9222.0,5.22,5.0,3.92,8205.0
2006-01-22,NASDAQ,3165.5,3156.16,3173.86,3114.14,746993638.0,1.46,5.11,11.97,0.97,110.0,12829.0,440.0,1.28,125.44,109.77,1999.01,226.64,9222.0,5.22,5.0,3.92,8205.0
2006-01-23,NASDAQ,3165.5,3156.16,3173.86,3114.14,746993638.0,1.46,5.11,11.97,0.97,110.0,12829.0,440.0,1.28,125.44,109.77,1999.01,226.64,9222.0,5.22,5.0,3.92,8205.0
2006-01-24,NASDAQ,3165.5,3156.16,3173.86,3114.14,746993638.0,1.46,5.11,11.97,0.97,110.0,12829.0,440.0,1.28,125.44,109.77,1999.01,226.64,9222.0,5.22,5.0,3.92,8205.0
2006-01-25,NASDAQ,3165.5,3156.16,3173.86,3114.14,746993638.0,1.46,5.11,11.97,0.97,110.0,12829.0,440.0,1.28,125.44,109.77,1999.01,226.64,9222.0,5.22,5.0,3.92,8205.0
2006-01-26,NASDAQ,3165.5,3156.16,3173.86,3114.14,746993638.0,1.46,5.11,11.97,0.97,110.0,12829.0,440.0,1.28,125.44,109.77,1999.01,226.64,9222.0,5.22,5.0,3.92,8205.0
2006-01-27,NASDAQ,3165.5,3156.16,3173.86,3114.14,746993638.0,1.46,5.11,11.97,0.97,110.0,12829.0,440.0,1.28,125.44,109.77,1999.01,226.64,9222.0,5.22,5.0,3.92,8205.0
2006-01-28,NASDAQ,3165.5,3156.16,3173.86,3114.14,746993638.0,1.46,5.11,11.97,0.97,110.0,12829.0,440.0,1.28,125.44,109.77,1999.01,226.64,9222.0,5.22,5.0,3.92,8205.0
2006-01-29,NASDAQ,3165.5,3156.16,3173.86,3114.14,746993638.0,1.46,5.11,11.97,0.97,110.0,12829.0,440.0,1.28,125.44,109.77,1999.01,226.64,9222.0,5.22,5.0,3.92,8205.0
2006-01-30,NASDAQ,2231.08,2275.69,2309.64,2209.73,312934218.0,-4.2,3.34,6.03,2.04,87.0,29208.0,3350.0,1.41,143.06,135.45,959.84,316.53,1906.0,0.09,2.0,32.87,4376.0
2006-01-31,NASDAQ,2231.08,2275.69,2309.64,2209.73,312934218.0,-4.2,3.34,6.03,2.04,87.0,29208.0,3350.0,1.41,143.06,135.45,959.84,316.53,1906.0,0.09,2.0,32.87,4376.0
2006-02-01,NASDAQ,4591.74,4554.9,4639.99,4515.7,151277944.0,6.82,7.6,12.69,7.83,103.0,25898.0,357.0,1.05,92.36,136.86,2014.46,351.33,4552.0,4.18,41.0,72.22,8072.0
2006-02-02,NASDAQ,4239.7,4219.929999999999,4252.72,4175.07,553789592.0,5.73,5.84,7.47,7.92,89.0,5174.0,2209.0,1.45,133.1,96.14,1499.56,161.89,586.0,6.53,36.0,65.38,5915.0
2006-02-03,NASDAQ,3332.52,3372.03,3372.9500000000003,3310.58,609083842.0,7.91,0.38,13.7,2.69,56.0,8571.0,581.0,1.47,121.19,49.43,2348.53,437.26,7654.0,3.96,7.0,11.39,2799.0
2006-02-04,NASDAQ,3332.52,3372.03,3372.9500000000003,3310.58,609083842.0,7.91,0.38,13.7,2.69,56.0,8571.0,581.0,1.47,121.19,49.43,2348.53,437.26,7654.0,3.96,7.0,11.39,2799.0
2006-02-05,NASDAQ,2459.29,2495.22,2530.56,2438.7,271287575.0,9.5,2.97,12.92,9.25,73.0,11256.0,3213.0,1.41,149.77,139.87,1090.63,115.5,4106.0,6.63,28.0,76.35,12871.0
2006-02-06,NASDAQ,3563.86,3524.86,3603.38,3489.06,700472767.0,0.12,9.97,12.77,0.92,90.0,19716.0,1496.0,1.27,93.62,105.7,1678.75,140.08,4727.0,3.47,36.0,20.16,4198.0
2006-02-07,NASDAQ,2864.73,2909.47,2919.16,2859.26,439415148.0,9.86,9.54,6.19,7.48,100.0,9712.0,2726.0,0.99,108.77,46.17,2383.81,414.45,7000.0,7.84,26.0,34.89,3825.0
2006-02-08,NASDAQ,2864.73,2909.47,2919.16,2859.26,439415148.0,9.86,9.54,6.19,7.48,100.0,9712.0,2726.0,0.99,108.77,46.17,2383.81,414.45,7000.0,7.84,26.0,34.89,3825.0
2006-02-09,NASDAQ,2864.73,2909.47,2919.16,2859.26,439415148.0,9.86,9.54,6.19,7.48,100.0,9712.0,2726.0,0.99,108.77,46.17,2383.81,414.45,7000.0,7.84,26.0,34.89,3825.0
2006-02-10,NASDAQ,2864.73,2909.47,2919.16,2859.26,439415148.0,9.86,9.54,6.19,7.48,100.0,9712.0,2726.0,0.99,108.77,46.17,2383.81,414.45,7000.0,7.84,26.0,34.89,3825.0
2006-02-11,NASDAQ,2864.73,2909.47,2919.16,2859.26,439415148.0,9.86,9.54,6.19,7.48,100.0,9712.0,2726.0,0.99,108.77,46.17,2383.81,414.45,7000.0,7.84,26.0,34.89,3825.0
2006-02-12,NASDAQ,2864.73,2909.47,2919.16,2859.26,439415148.0,9.86,9.54,6.19,7.48,100.0,9712.0,2726.0,0.99,108.77,46.17,2383.81,414.45,7000.0,7.84,26.0,34.89,3825.0
2006-02-13,NASDAQ,2864.73,2909.47,2919.16,2859.26,439415148.0,9.86,9.54,6.19,7.48,100.0,9712.0,2726.0,0.99,108.77,46.17,2383.81,414.45,7000.0,7.84,26.0,34.89,3825.0
2006-02-14,NASDAQ,2864.73,2909.47,2919.16,2859.26,439415148.0,9.86,9.54,6.19,7.48,100.0,9712.0,2726.0,0.99,108.77,46.17,2383.81,414.45,7000.0,7.84,26.0,34.89,3825.0
2006-02-15,NASDAQ,1227.53,1238.85,1277.5,1215.68,74416113.0,4.2,0.41,8.09,4.46,111.0,27959.0,2854.0,1.26,107.2,64.7,1784.28,276.14,9174.0,6.62,9.0,49.39,8181.0
2006-02-16,NASDAQ,4066.11,4102.99,4119.62,4031.43,791602086.0,1.95,9.69,14.98,6.82,92.0,2279.0,3686.0,0.99,91.11,33.89,2134.26,419.15,5999.0,6.54,21.0,47.25,8756.0
2006-02-17,NASDAQ,4066.11,4102.99,4119.62,4031.43,791602086.0,1.95,9.69,14.98,6.82,92.0,2279.0,3686.0,0.99,91.11,33.89,2134.26,419.15,5999.0,6.54,21.0,47.25,8756.0
2006-02-18,NASDAQ,4066.11,4102.99,4119.62,4031.43,791602086.0,1.95,9.69,14.98,6.82,92.0,2279.0,3686.0,0.99,91.11,33.89,2134.26,419.15,5999.0,6.54,21.0,47.25,8756.0
2006-02-19,NASDAQ,4066.11,4102.99,4119.62,4031.43,791602086.0,1.95,9.69,14.98,6.82,92.0,2279.0,3686.0,0.99,91.11,33.89,2134.26,419.15,5999.0,6.54,21.0,47.25,8756.0
2006-02-20,NASDAQ,4066.11,4102.99,4119.62,4031.43,791602086.0,1.95,9.69,14.98,6.82,92.0,2279.0,3686.0,0.99,91.11,33.89,2134.26,419.15,5999.0,6.54,21.0,47.25,8756.0
2006-02-21,NASDAQ,4066.11,4102.99,4119.62,4031.43,791602086.0,1.95,9.69,14.98,6.82,92.0,2279.0,3686.0,0.99,91.11,33.89,2134.26,419.15,5999.0,6.54,21.0,47.25,8756.0
2006-02-22,NASDAQ,2816.73,2819.92,2835.83,2781.63,496321448.0,3.22,6.89,4.78,6.81,93.0,17757.0,429.0,0.86,143.9,47.72,2116.72,444.02,5348.0,2.0,4.0,15.42,5844.0
2006-02-23,NASDAQ,2816.73,2819.92,2835.83,2781.63,496321448.0,3.22,6.89,4.78,6.81,93.0,17757.0,429.0,0.86,143.9,47.72,2116.72,444.02,5348.0,2.0,4.0,15.42,5844.0
2006-02-24,NASDAQ,2816.73,2819.92,2835.83,2781.63,496321448.0,3.22,6.89,4.78,6.81,93.0,17757.0,429.0,0.86,143.9,47.72,2116.72,444.02,5348.0,2.0,4.0,15.42,5844.0
2006-02-25,NASDAQ,2816.73,2819.92,2835.83,2781.63,496321448.0,3.22,6.89,4.78,6.81,93.0,17757.0,429.0,0.86,143.9,47.72,2116.72,444.02,5348.0,2.0,4.0,15.42,5844.0
2006-02-26,NASDAQ,2816.73,2819.92,2835.83,2781.63,496321448.0,3.22,6.89,4.78,6.81,93.0,17757.0,429.0,0.86,143.9,47.72,2116.72,444.02,5348.0,2.0,4.0,15.42,5844.0
2006-02-27,NASDAQ,2816.73,2819.92,2835.83,2781.63,496321448.0,3.22,6.89,4.78,6.81,93.0,17757.0,429.0,0.86,143.9,47.72,2116.72,444.02,5348.0,2.0,4.0,15.42,5844.0
2006-02-28,NASDAQ,2816.73,2819.92,2835.83,2781.63,496321448.0,3.22,6.89,4.78,6.81,93.0,17757.0,429.0,0.86,143.9,47.72,2116.72,444.02,5348.0,2.0,4.0,15.42,5844.0
2006-03-01,NASDAQ,2816.73,2819.92,2835.83,2781.63,496321448.0,3.22,6.89,4.78,6.81,93.0,17757.0,429.0,0.86,143.9,47.72,2116.72,444.02,5348.0,2.0,4.0,15.42,5844.0
2006-03-02,NASDAQ,2816.73,2819.92,2835.83,2781.63,496321448.0,3.22,6.89,4.78,6.81,93.0,17757.0,429.0,0.86,143.9,47.72,2116.72,444.02,5348.0,2.0,4.0,15.42,5844.0
2006-03-03,NASDAQ,2816.73,2819.92,2835.83,2781.63,496321448.0,3.22,6.89,4.78,6.81,93.0,17757.0,429.0,0.86,143.9,47.72,2116.72,444.02,5348.0,2.0,4.0,15.42,5844.0
2006-03-04,NASDAQ,2816.73,2819.92,2835.83,2781.63,496321448.0,3.22,6.89,4.78,6.81,93.0,17757.0,429.0,0.86,143.9,47.72,2116.72,444.02,5348.0,2.0,4.0,15.42,5844.0
2006-03-05,NASDAQ,1647.69,1629.76,1694.45,1619.19,180337075.0,-4.33,6.6,6.83,4.2,114.0,25817.0,373.0,0.9,110.19,72.94,806.54,119.37,9313.0,3.97,35.0,44.2,2467.0
2006-03-06,NASDAQ,3632.41,3637.64,3638.23,3619.12,464001482.0,9.36,5.63,13.07,2.38,107.0,4381.0,4813.0,0.81,116.09,90.13,2399.97,233.27,4627.0,8.13,32.0,41.3,11276.0
2006-03-07,NASDAQ,3632.41,3637.64,3638.23,3619.12,464001482.0,9.36,5.63,13.07,2.38,107.0,4381.0,4813.0,0.81,116.09,90.13,2399.97,233.27,4627.0,8.13,32.0,41.3,11276.0
2006-03-08,NASDAQ,3632.41,3637.64,3638.23,3619.12,464001482.0,9.36,5.63,13.07,2.38,107.0,4381.0,4813.0,0.81,116.09,90.13,2399.97,233.27,4627.0,8.13,32.0,41.3,11276.0
2006-03-09,NASDAQ,2418.91,2440.95,2484.62,2417.08,143062233.0,5.97,0.14,11.42,0.96,103.0,21673.0,4448.0,1.29,139.86,39.76,1884.14,101.28,3276.0,5.58,2.0,16.06,12072.0
2006-03-10,NASDAQ,2602.82,2597.27,2607.02,2587.95,114883700.0,3.68,3.25,9.39,6.17,118.0,24329.0,1657.0,1.09,121.5,35.6,1943.93,294.71,5567.0,8.18,0.0,71.75,11116.0
2006-03-11,NASDAQ,1460.58,1436.21,1494.66,1398.87,241743565.0,-1.44,9.32,6.43,6.61,73.0,21236.0,3226.0,0.89,104.38,88.72,2041.56,177.97,7525.0,3.94,20.0,54.99,4844.0
2006-03-12,NASDAQ,4533.09,4502.13,4567.1,4485.86,170335615.0,-1.07,3.04,11.44,6.22,112.0,24355.0,3033.0,1.13,149.39,29.27,827.94,139.15,5576.0,2.24,12.0,84.77,4597.0
2006-03-13,NASDAQ,2659.3,2676.3,2709.75,2625.8900000000003,900285967.0,2.37,9.4,10.89,6.68,100.0,27166.0,547.0,1.12,97.08,58.02,2470.73,313.32,332.0,8.92,7.0,92.11,1243.0
2006-03-14,NASDAQ,2659.3,2676.3,2709.75,2625.8900000000003,900285967.0,2.37,9.4,10.89,6.68,100.0,27166.0,547.0,1.12,97.08,58.02,2470.73,313.32,332.0,8.92,7.0,92.11,1243.0
2006-03-15,NASDAQ,2659.3,2676.3,2709.75,2625.8900000000003,900285967.0,2.37,9.4,10.89,6.68,100.0,27166.0,547.0,1.12,97.08,58.02,2470.73,313.32,332.0,8.92,7.0,92.11,1243.0
2006-03-16,NASDAQ,2659.3,2676.3,2709.75,2625.8900000000003,900285967.0,2.37,9.4,10.89,6.68,100.0,27166.0,547.0,1.12,97.08,58.02,2470.73,313.32,332.0,8.92,7.0,92.11,1243.0
2006-03-17,NASDAQ,3592.93,3562.08,3616.48,3561.01,827675422.0,2.22,7.62,7.0,6.38,79.0,12473.0,4664.0,0.85,87.99,85.93,1103.32,259.6,7099.0,0.16,26.0,35.78,2268.0
2006-03-18,NASDAQ,1245.79,1234.41,1265.69,1197.4799999999998,62245705.0,4.82,5.01,13.3,0.67,69.0,26788.0,4096.0,0.83,139.79,23.63,1220.35,381.62,4998.0,1.83,38.0,65.29,6759.0
2006-03-19,NASDAQ,4254.89,4253.38,4270.400000000001,4205.4400000000005,673326937.0,-2.16,8.82,4.11,6.53,106.0,27711.0,3417.0,0.84,126.46,35.78,945.83,378.25,4905.0,1.97,22.0,71.23,10970.0
2006-03-20,NASDAQ,4254.89,4253.38,4270.400000000001,4205.4400000000005,673326937.0,-2.16,8.82,4.11,6.53,106.0,27711.0,3417.0,0.84,126.46,35.78,945.83,378.25,4905.0,1.97,22.0,71.23,10970.0
2006-03-21,NASDAQ,4254.89,4253.38,4270.400000000001,4205.4400000000005,673326937.0,-2.16,8.82,4.11,6.53,106.0,27711.0,3417.0,0.84,126.46,35.78,945.83,378.25,4905.0,1.97,22.0,71.23,10970.0
2006-03-22,NASDAQ,4818.26,4864.650000000001,4886.27,4801.92,598140011.0,2.9,1.96,3.63,6.18,105.0,7817.0,2677.0,0.92,114.34,68.95,2057.51,252.8,1750.0,3.38,6.0,10.84,13643.0
2006-03-23,NASDAQ,4818.26,4864.650000000001,4886.27,4801.92,598140011.0,2.9,1.96,3.63,6.18,105.0,7817.0,2677.0,0.92,114.34,68.95,2057.51,252.8,1750.0,3.38,6.0,10.84,13643.0
2006-03-24,NASDAQ,4818.26,4864.650000000001,4886.27,4801.92,598140011.0,2.9,1.96,3.63,6.18,105.0,7817.0,2677.0,0.92,114.34,68.95,2057.51,252.8,1750.0,3.38,6.0,10.84,13643.0
2006-03-25,NASDAQ,3407.23,3400.25,3453.34,3364.64,952425544.0,0.31,8.33,12.6,4.9,71.0,11531.0,3156.0,0.91,87.61,100.64,983.83,236.56,6025.0,1.04,35.0,59.14,11582.0
2006-03-26,NASDAQ,3407.23,3400.25,3453.34,3364.64,952425544.0,0.31,8.33,12.6,4.9,71.0,11531.0,3156.0,0.91,87.61,100.64,983.83,236.56,6025.0,1.04,35.0,59.14,11582.0
2006-03-27,NASDAQ,3407.23,3400.25,3453.34,3364.64,952425544.0,0.31,8.33,12.6,4.9,71.0,11531.0,3156.0,0.91,87.61,100.64,983.83,236.56,6025.0,1.04,35.0,59.14,11582.0
2006-03-28,NASDAQ,3407.23,3400.25,3453.34,3364.64,952425544.0,0.31,8.33,12.6,4.9,71.0,11531.0,3156.0,0.91,87.61,100.64,983.83,236.56,6025.0,1.04,35.0,59.14,11582.0
2006-03-29,NASDAQ,3407.23,3400.25,3453.34,3364.64,952425544.0,0.31,8.33,12.6,4.9,71.0,11531.0,3156.0,0.91,87.61,100.64,983.83,236.56,6025.0,1.04,35.0,59.14,11582.0
2006-03-30,NASDAQ,3407.23,3400.25,3453.34,3364.64,952425544.0,0.31,8.33,12.6,4.9,71.0,11531.0,3156.0,0.91,87.61,100.64,983.83,236.56,6025.0,1.04,35.0,59.14,11582.0
2006-03-31,NASDAQ,1650.64,1657.67,1678.15,1612.0600000000002,845334419.0,-3.43,8.14,9.89,1.27,106.0,5517.0,3958.0,1.13,122.79,148.31,2402.57,482.51,1803.0,7.32,17.0,20.91,5991.0
2006-04-01,NASDAQ,3937.46,3892.82,3956.2,3889.59,634966455.0,8.08,1.06,10.54,7.89,54.0,28887.0,2783.0,1.12,126.12,129.97,2344.7,303.65,5327.0,2.36,43.0,18.38,6222.0
2006-04-02,NASDAQ,1835.32,1799.37,1881.6,1768.31,665166989.0,2.75,2.22,9.52,3.83,61.0,8622.0,4275.0,0.89,114.88,27.18,995.59,336.08,8431.0,0.73,48.0,5.8,7759.0
2006-04-03,NASDAQ,1835.32,1799.37,1881.6,1768.31,665166989.0,2.75,2.22,9.52,3.83,61.0,8622.0,4275.0,0.89,114.88,27.18,995.59,336.08,8431.0,0.73,48.0,5.8,7759.0
2006-04-04,NASDAQ,1835.32,1799.37,1881.6,1768.31,665166989.0,2.75,2.22,9.52,3.83,61.0,8622.0,4275.0,0.89,114.88,27.18,995.59,336.08,8431.0,0.73,48.0,5.8,7759.0
2006-04-05,NASDAQ,1835.32,1799.37,1881.6,1768.31,665166989.0,2.75,2.22,9.52,3.83,61.0,8622.0,4275.0,0.89,114.88,27.18,995.59,336.08,8431.0,0.73,48.0,5.8,7759.0
2006-04-06,NASDAQ,1835.32,1799.37,1881.6,1768.31,665166989.0,2.75,2.22,9.52,3.83,61.0,8622.0,4275.0,0.89,114.88,27.18,995.59,336.08,8431.0,0.73,48.0,5.8,7759.0
2006-04-07,NASDAQ,1835.32,1799.37,1881.6,1768.31,665166989.0,2.75,2.22,9.52,3.83,61.0,8622.0,4275.0,0.89,114.88,27.18,995.59,336.08,8431.0,0.73,48.0,5.8,7759.0
2006-04-08,NASDAQ,1835.32,1799.37,1881.6,1768.31,665166989.0,2.75,2.22,9.52,3.83,61.0,8622.0,4275.0,0.89,114.88,27.18,995.59,336.08,8431.0,0.73,48.0,5.8,7759.0
2006-04-09,NASDAQ,1835.32,1799.37,1881.6,1768.31,665166989.0,2.75,2.22,9.52,3.83,61.0,8622.0,4275.0,0.89,114.88,27.18,995.59,336.08,8431.0,0.73,48.0,5.8,7759.0
2006-04-10,NASDAQ,1835.32,1799.37,1881.6,1768.31,665166989.0,2.75,2.22,9.52,3.83,61.0,8622.0,4275.0,0.89,114.88,27.18,995.59,336.08,8431.0,0.73,48.0,5.8,7759.0
2006-04-11,NASDAQ,1835.32,1799.37,1881.6,1768.31,665166989.0,2.75,2.22,9.52,3.83,61.0,8622.0,4275.0,0.89,114.88,27.18,995.59,336.08,8431.0,0.73,48.0,5.8,7759.0
2006-04-12,NASDAQ,1835.32,1799.37,1881.6,1768.31,665166989.0,2.75,2.22,9.52,3.83,61.0,8622.0,4275.0,0.89,114.88,27.18,995.59,336.08,8431.0,0.73,48.0,5.8,7759.0
2006-04-13,NASDAQ,1835.32,1799.37,1881.6,1768.31,665166989.0,2.75,2.22,9.52,3.83,61.0,8622.0,4275.0,0.89,114.88,27.18,995.59,336.08,8431.0,0.73,48.0,5.8,7759.0
2006-04-14,NASDAQ,1835.32,1799.37,1881.6,1768.31,665166989.0,2.75,2.22,9.52,3.83,61.0,8622.0,4275.0,0.89,114.88,27.18,995.59,336.08,8431.0,0.73,48.0,5.8,7759.0
2006-04-15,NASDAQ,1835.32,1799.37,1881.6,1768.31,665166989.0,2.75,2.22,9.52,3.83,61.0,8622.0,4275.0,0.89,114.88,27.18,995.59,336.08,8431.0,0.73,48.0,5.8,7759.0
2006-04-16,NASDAQ,1835.32,1799.37,1881.6,1768.31,665166989.0,2.75,2.22,9.52,3.83,61.0,8622.0,4275.0,0.89,114.88,27.18,995.59,336.08,8431.0,0.73,48.0,5.8,7759.0
2006-04-17,NASDAQ,1835.32,1799.37,1881.6,1768.31,665166989.0,2.75,2.22,9.52,3.83,61.0,8622.0,4275.0,0.89,114.88,27.18,995.59,336.08,8431.0,0.73,48.0,5.8,7759.0
2006-04-18,NASDAQ,1835.32,1799.37,1881.6,1768.31,665166989.0,2.75,2.22,9.52,3.83,61.0,8622.0,4275.0,0.89,114.88,27.18,995.59,336.08,8431.0,0.73,48.0,5.8,7759.0
2006-04-19,NASDAQ,3382.72,3396.66,3438.94,3378.08,910439458.0,-1.84,6.15,4.3,7.96,105.0,18461.0,4071.0,1.42,102.67,47.18,1368.47,154.83,9073.0,2.13,8.0,78.67,2448.0
2006-04-20,NASDAQ,3382.72,3396.66,3438.94,3378.08,910439458.0,-1.84,6.15,4.3,7.96,105.0,18461.0,4071.0,1.42,102.67,47.18,1368.47,154.83,9073.0,2.13,8.0,78.67,2448.0
2006-04-21,NASDAQ,4758.27,4751.3,4799.3,4740.63,984912780.0,7.13,7.2,9.19,1.56,55.0,2928.0,2425.0,1.05,148.47,29.08,2221.46,407.88,6746.0,8.58,33.0,41.76,7570.0
2006-04-22,NASDAQ,4020.53,3998.0,4026.93,3971.18,334538536.0,-0.96,5.58,4.95,8.19,57.0,11687.0,4472.0,1.21,141.96,128.07,1967.8,400.51,6809.0,3.0,46.0,32.31,13650.0
2006-04-23,NASDAQ,4020.53,3998.0,4026.93,3971.18,334538536.0,-0.96,5.58,4.95,8.19,57.0,11687.0,4472.0,1.21,141.96,128.07,1967.8,400.51,6809.0,3.0,46.0,32.31,13650.0
2006-04-24,NASDAQ,4020.53,3998.0,4026.93,3971.18,334538536.0,-0.96,5.58,4.95,8.19,57.0,11687.0,4472.0,1.21,141.96,128.07,1967.8,400.51,6809.0,3.0,46.0,32.31,13650.0
2006-04-25,NASDAQ,1320.75,1362.12,1398.33,1289.06,75500164.0,9.11,6.97,2.27,2.31,52.0,11134.0,2288.0,1.17,99.84,28.36,1087.09,195.53,5406.0,5.24,18.0,39.26,3271.0
2006-04-26,NASDAQ,1320.75,1362.12,1398.33,1289.06,75500164.0,9.11,6.97,2.27,2.31,52.0,11134.0,2288.0,1.17,99.84,28.36,1087.09,195.53,5406.0,5.24,18.0,39.26,3271.0
2006-04-27,NASDAQ,1320.75,1362.12,1398.33,1289.06,75500164.0,9.11,6.97,2.27,2.31,52.0,11134.0,2288.0,1.17,99.84,28.36,1087.09,195.53,5406.0,5.24,18.0,39.26,3271.0
2006-04-28,NASDAQ,1320.75,1362.12,1398.33,1289.06,75500164.0,9.11,6.97,2.27,2.31,52.0,11134.0,2288.0,1.17,99.84,28.36,1087.09,195.53,5406.0,5.24,18.0,39.26,3271.0
2006-04-29,NASDAQ,1320.75,1362.12,1398.33,1289.06,75500164.0,9.11,6.97,2.27,2.31,52.0,11134.0,2288.0,1.17,99.84,28.36,1087.09,195.53,5406.0,5.24,18.0,39.26,3271.0
2006-04-30,NASDAQ,2108.28,2154.9700000000003,2203.7900000000004,2092.99,961486778.0,-2.5,4.05,5.3,4.16,99.0,29280.0,1366.0,1.43,119.57,139.51,2006.67,471.45,4016.0,0.43,27.0,62.22,8698.0
2006-05-01,NASDAQ,4763.52,4766.18,4780.240000000001,4740.540000000001,697076064.0,-4.27,0.38,5.16,2.23,93.0,7561.0,4073.0,1.07,122.68,118.66,2317.33,325.85,758.0,1.04,40.0,49.33,9280.0
2006-05-02,NASDAQ,1497.38,1477.71,1545.0500000000002,1468.38,879824910.0,0.93,0.48,3.3,3.02,57.0,9577.0,4204.0,1.18,120.59,64.34,1974.34,442.81,8475.0,5.71,17.0,3.63,10892.0
2006-05-03,NASDAQ,4500.53,4486.79,4503.21,4454.97,914136142.0,7.81,2.84,12.62,7.21,73.0,12880.0,3043.0,1.43,95.29,40.06,1508.26,131.28,9495.0,5.3,24.0,68.19,11239.0
2006-05-04,NASDAQ,4500.53,4486.79,4503.21,4454.97,914136142.0,7.81,2.84,12.62,7.21,73.0,12880.0,3043.0,1.43,95.29,40.06,1508.26,131.28,9495.0,5.3,24.0,68.19,11239.0
2006-05-05,NASDAQ,4500.53,4486.79,4503.21,4454.97,914136142.0,7.81,2.84,12.62,7.21,73.0,12880.0,3043.0,1.43,95.29,40.06,1508.26,131.28,9495.0,5.3,24.0,68.19,11239.0
2006-05-06,NASDAQ,3888.26,3842.19,3912.15,3832.31,813769342.0,3.58,6.34,2.59,5.88,100.0,2880.0,131.0,1.34,120.22,145.09,1842.58,245.02,1803.0,7.09,14.0,63.48,8450.0
2006-05-07,NASDAQ,3888.26,3842.19,3912.15,3832.31,813769342.0,3.58,6.34,2.59,5.88,100.0,2880.0,131.0,1.34,120.22,145.09,1842.58,245.02,1803.0,7.09,14.0,63.48,8450.0
2006-05-08,NASDAQ,2621.69,2615.96,2656.9700000000003,2571.58,250171443.0,7.61,0.19,2.51,1.31,108.0,8262.0,704.0,1.32,105.51,93.27,1202.55,234.91,5660.0,6.04,19.0,22.51,6599.0
2006-05-09,NASDAQ,2621.69,2615.96,2656.9700000000003,2571.58,250171443.0,7.61,0.19,2.51,1.31,108.0,8262.0,704.0,1.32,105.51,93.27,1202.55,234.91,5660.0,6.04,19.0,22.51,6599.0
2006-05-10,NASDAQ,2621.69,2615.96,2656.9700000000003,2571.58,250171443.0,7.61,0.19,2.51,1.31,108.0,8262.0,704.0,1.32,105.51,93.27,1202.55,234.91,5660.0,6.04,19.0,22.51,6599.0
2006-05-11,NASDAQ,2621.69,2615.96,2656.9700000000003,2571.58,250171443.0,7.61,0.19,2.51,1.31,108.0,8262.0,704.0,1.32,105.51,93.27,1202.55,234.91,5660.0,6.04,19.0,22.51,6599.0
2006-05-12,NASDAQ,3689.0,3687.24,3736.78,3658.67,212428816.0,9.47,0.75,5.67,5.01,96.0,24815.0,2448.0,1.02,85.48,110.75,2195.27,217.76,8527.0,8.61,40.0,35.46,10889.0
2006-05-13,NASDAQ,3689.0,3687.24,3736.78,3658.67,212428816.0,9.47,0.75,5.67,5.01,96.0,24815.0,2448.0,1.02,85.48,110.75,2195.27,217.76,8527.0,8.61,40.0,35.46,10889.0
2006-05-14,NASDAQ,3689.0,3687.24,3736.78,3658.67,212428816.0,9.47,0.75,5.67,5.01,96.0,24815.0,2448.0,1.02,85.48,110.75,2195.27,217.76,8527.0,8.61,40.0,35.46,10889.0
2006-05-15,NASDAQ,3689.0,3687.24,3736.78,3658.67,212428816.0,9.47,0.75,5.67,5.01,96.0,24815.0,2448.0,1.02,85.48,110.75,2195.27,217.76,8527.0,8.61,40.0,35.46,10889.0
2006-05-16,NASDAQ,3689.0,3687.24,3736.78,3658.67,212428816.0,9.47,0.75,5.67,5.01,96.0,24815.0,2448.0,1.02,85.48,110.75,2195.27,217.76,8527.0,8.61,40.0,35.46,10889.0
2006-05-17,NASDAQ,3689.0,3687.24,3736.78,3658.67,212428816.0,9.47,0.75,5.67,5.01,96.0,24815.0,2448.0,1.02,85.48,110.75,2195.27,217.76,8527.0,8.61,40.0,35.46,10889.0
2006-05-18,NASDAQ,3689.0,3687.24,3736.78,3658.67,212428816.0,9.47,0.75,5.67,5.01,96.0,24815.0,2448.0,1.02,85.48,110.75,2195.27,217.76,8527.0,8.61,40.0,35.46,10889.0
2006-05-19,NASDAQ,4257.55,4264.900000000001,4308.52,4209.5,355860340.0,-0.4,2.72,11.87,1.98,89.0,25337.0,3298.0,1.02,81.39,21.44,1367.87,307.2,9544.0,8.42,18.0,62.1,974.0
2006-05-20,NASDAQ,4257.55,4264.900000000001,4308.52,4209.5,355860340.0,-0.4,2.72,11.87,1.98,89.0,25337.0,3298.0,1.02,81.39,21.44,1367.87,307.2,9544.0,8.42,18.0,62.1,974.0
2006-05-21,NASDAQ,1528.72,1564.88,1593.88,1513.16,288457868.0,3.61,1.83,12.19,1.23,55.0,2967.0,1992.0,0.96,87.8,63.2,2195.84,383.18,5945.0,5.6,31.0,31.35,9633.0
2006-05-22,NASDAQ,2759.42,2803.64,2808.09,2733.9300000000003,34699552.0,1.42,2.14,11.07,0.93,74.0,10626.0,4539.0,1.03,134.42,105.32,1206.65,426.04,5808.0,0.02,1.0,86.15,2019.0
2006-05-23,NASDAQ,2759.42,2803.64,2808.09,2733.9300000000003,34699552.0,1.42,2.14,11.07,0.93,74.0,10626.0,4539.0,1.03,134.42,105.32,1206.65,426.04,5808.0,0.02,1.0,86.15,2019.0
2006-05-24,NASDAQ,2523.81,2509.04,2532.13,2488.21,607447796.0,6.41,9.75,13.52,0.5,80.0,14107.0,3047.0,0.9,87.41,96.91,2379.79,332.75,6999.0,9.48,25.0,71.62,5692.0
2006-05-25,NASDAQ,2523.81,2509.04,2532.13,2488.21,607447796.0,6.41,9.75,13.52,0.5,80.0,14107.0,3047.0,0.9,87.41,96.91,2379.79,332.75,6999.0,9.48,25.0,71.62,5692.0
2006-05-26,NASDAQ,2523.81,2509.04,2532.13,2488.21,607447796.0,6.41,9.75,13.52,0.5,80.0,14107.0,3047.0,0.9,87.41,96.91,2379.79,332.75,6999.0,9.48,25.0,71.62,5692.0
2006-05-27,NASDAQ,4609.61,4586.46,4630.46,4570.96,734299041.0,0.52,6.29,6.01,2.49,88.0,2554.0,4021.0,0.85,135.0,52.72,2206.95,449.57,5138.0,1.79,14.0,50.8,8349.0
2006-05-28,NASDAQ,4609.61,4586.46,4630.46,4570.96,734299041.0,0.52,6.29,6.01,2.49,88.0,2554.0,4021.0,0.85,135.0,52.72,2206.95,449.57,5138.0,1.79,14.0,50.8,8349.0
2006-05-29,NASDAQ,4609.61,4586.46,4630.46,4570.96,734299041.0,0.52,6.29,6.01,2.49,88.0,2554.0,4021.0,0.85,135.0,52.72,2206.95,449.57,5138.0,1.79,14.0,50.8,8349.0
2006-05-30,NASDAQ,4609.61,4586.46,4630.46,4570.96,734299041.0,0.52,6.29,6.01,2.49,88.0,2554.0,4021.0,0.85,135.0,52.72,2206.95,449.57,5138.0,1.79,14.0,50.8,8349.0
2006-05-31,NASDAQ,4609.61,4586.46,4630.46,4570.96,734299041.0,0.52,6.29,6.01,2.49,88.0,2554.0,4021.0,0.85,135.0,52.72,2206.95,449.57,5138.0,1.79,14.0,50.8,8349.0
2006-06-01,NASDAQ,4281.95,4301.34,4308.4400000000005,4266.53,216427976.0,-3.85,3.17,10.52,4.8,91.0,10878.0,171.0,1.18,101.8,120.5,1107.75,153.52,5671.0,8.49,19.0,42.09,9590.0
2006-06-02,NASDAQ,4305.36,4304.29,4340.599999999999,4270.32,282901337.0,9.42,3.34,7.94,2.76,76.0,20341.0,2257.0,1.34,107.15,70.37,1178.93,463.88,2434.0,3.13,2.0,94.47,14129.0
2006-06-03,NASDAQ,4305.36,4304.29,4340.599999999999,4270.32,282901337.0,9.42,3.34,7.94,2.76,76.0,20341.0,2257.0,1.34,107.15,70.37,1178.93,463.88,2434.0,3.13,2.0,94.47,14129.0
2006-06-04,NASDAQ,2412.41,2389.19,2434.14,2367.38,552355235.0,-4.86,1.5,5.11,5.87,119.0,4919.0,4427.0,1.35,104.52,48.9,2495.75,135.73,6129.0,4.39,14.0,56.91,10625.0
2006-06-05,NASDAQ,2412.41,2389.19,2434.14,2367.38,552355235.0,-4.86,1.5,5.11,5.87,119.0,4919.0,4427.0,1.35,104.52,48.9,2495.75,135.73,6129.0,4.39,14.0,56.91,10625.0
2006-06-06,NASDAQ,3218.75,3215.83,3265.12,3205.95,354316413.0,0.38,5.07,4.73,4.36,70.0,7244.0,142.0,1.33,104.0,55.54,1253.76,497.89,8985.0,7.32,27.0,33.08,1073.0
2006-06-07,NASDAQ,3218.75,3215.83,3265.12,3205.95,354316413.0,0.38,5.07,4.73,4.36,70.0,7244.0,142.0,1.33,104.0,55.54,1253.76,497.89,8985.0,7.32,27.0,33.08,1073.0
2006-06-08,NASDAQ,3218.75,3215.83,3265.12,3205.95,354316413.0,0.38,5.07,4.73,4.36,70.0,7244.0,142.0,1.33,104.0,55.54,1253.76,497.89,8985.0,7.32,27.0,33.08,1073.0
2006-06-09,NASDAQ,4137.62,4120.55,4166.54,4075.49,380049604.0,7.64,7.16,4.92,9.37,109.0,16956.0,145.0,1.2,142.99,27.88,1219.48,199.71,3267.0,4.55,19.0,57.87,13322.0
2006-06-10,NASDAQ,3394.25,3348.47,3428.71,3335.43,928728009.0,1.02,4.83,2.54,8.87,63.0,19771.0,3741.0,0.81,129.22,66.67,2032.9,159.67,1612.0,8.05,10.0,21.09,5525.0
2006-06-11,NASDAQ,3394.25,3348.47,3428.71,3335.43,928728009.0,1.02,4.83,2.54,8.87,63.0,19771.0,3741.0,0.81,129.22,66.67,2032.9,159.67,1612.0,8.05,10.0,21.09,5525.0
2006-06-12,NASDAQ,3394.25,3348.47,3428.71,3335.43,928728009.0,1.02,4.83,2.54,8.87,63.0,19771.0,3741.0,0.81,129.22,66.67,2032.9,159.67,1612.0,8.05,10.0,21.09,5525.0
2006-06-13,NASDAQ,3164.46,3131.3,3186.24,3130.28,290550104.0,-4.29,9.67,14.86,7.74,105.0,26063.0,1369.0,0.84,100.39,78.84,2076.04,252.44,6938.0,3.46,18.0,69.06,2386.0
2006-06-14,NASDAQ,3164.46,3131.3,3186.24,3130.28,290550104.0,-4.29,9.67,14.86,7.74,105.0,26063.0,1369.0,0.84,100.39,78.84,2076.04,252.44,6938.0,3.46,18.0,69.06,2386.0
2006-06-15,NASDAQ,1881.95,1930.44,1969.75,1880.17,668920536.0,-4.03,2.51,5.76,6.12,67.0,28488.0,4063.0,1.02,95.62,119.86,1008.42,186.55,4076.0,8.23,9.0,8.49,10164.0
2006-06-16,NASDAQ,1881.95,1930.44,1969.75,1880.17,668920536.0,-4.03,2.51,5.76,6.12,67.0,28488.0,4063.0,1.02,95.62,119.86,1008.42,186.55,4076.0,8.23,9.0,8.49,10164.0
2006-06-17,NASDAQ,1881.95,1930.44,1969.75,1880.17,668920536.0,-4.03,2.51,5.76,6.12,67.0,28488.0,4063.0,1.02,95.62,119.86,1008.42,186.55,4076.0,8.23,9.0,8.49,10164.0
2006-06-18,NASDAQ,1739.35,1776.89,1808.58,1724.48,501740949.0,-2.02,3.72,12.66,7.21,58.0,9723.0,3270.0,0.93,107.13,109.86,2131.95,293.16,4178.0,5.72,15.0,79.02,1582.0
2006-06-19,NASDAQ,1739.35,1776.89,1808.58,1724.48,501740949.0,-2.02,3.72,12.66,7.21,58.0,9723.0,3270.0,0.93,107.13,109.86,2131.95,293.16,4178.0,5.72,15.0,79.02,1582.0
2006-06-20,NASDAQ,1739.35,1776.89,1808.58,1724.48,501740949.0,-2.02,3.72,12.66,7.21,58.0,9723.0,3270.0,0.93,107.13,109.86,2131.95,293.16,4178.0,5.72,15.0,79.02,1582.0
2006-06-21,NASDAQ,4054.77,4058.83,4106.71,4036.96,685502373.0,1.58,2.86,9.87,3.79,95.0,9102.0,4689.0,0.86,125.0,131.1,1188.51,204.94,1334.0,0.67,45.0,39.81,12223.0
2006-06-22,NASDAQ,4054.77,4058.83,4106.71,4036.96,685502373.0,1.58,2.86,9.87,3.79,95.0,9102.0,4689.0,0.86,125.0,131.1,1188.51,204.94,1334.0,0.67,45.0,39.81,12223.0
2006-06-23,NASDAQ,1907.09,1905.1,1907.2,1889.19,627744851.0,1.93,9.2,2.95,0.71,90.0,18703.0,4902.0,1.43,96.82,77.0,803.75,407.23,109.0,3.79,28.0,36.67,4927.0
2006-06-24,NASDAQ,1907.09,1905.1,1907.2,1889.19,627744851.0,1.93,9.2,2.95,0.71,90.0,18703.0,4902.0,1.43,96.82,77.0,803.75,407.23,109.0,3.79,28.0,36.67,4927.0
2006-06-25,NASDAQ,1320.42,1319.74,1361.35,1311.53,878191381.0,5.86,1.41,11.59,0.96,89.0,24097.0,2105.0,0.96,115.0,41.05,1091.27,295.6,3671.0,2.23,41.0,35.15,11098.0
2006-06-26,NASDAQ,1320.42,1319.74,1361.35,1311.53,878191381.0,5.86,1.41,11.59,0.96,89.0,24097.0,2105.0,0.96,115.0,41.05,1091.27,295.6,3671.0,2.23,41.0,35.15,11098.0
2006-06-27,NASDAQ,1320.42,1319.74,1361.35,1311.53,878191381.0,5.86,1.41,11.59,0.96,89.0,24097.0,2105.0,0.96,115.0,41.05,1091.27,295.6,3671.0,2.23,41.0,35.15,11098.0
2006-06-28,NASDAQ,1737.84,1777.9299999999998,1808.25,1714.02,10925557.0,2.19,0.79,6.63,8.53,95.0,22173.0,2275.0,0.84,115.04,124.17,2220.89,303.47,6200.0,5.56,40.0,19.35,6564.0
2006-06-29,NASDAQ,1737.84,1777.9299999999998,1808.25,1714.02,10925557.0,2.19,0.79,6.63,8.53,95.0,22173.0,2275.0,0.84,115.04,124.17,2220.89,303.47,6200.0,5.56,40.0,19.35,6564.0
2006-06-30,NASDAQ,1737.84,1777.9299999999998,1808.25,1714.02,10925557.0,2.19,0.79,6.63,8.53,95.0,22173.0,2275.0,0.84,115.04,124.17,2220.89,303.47,6200.0,5.56,40.0,19.35,6564.0
2006-07-01,NASDAQ,1737.84,1777.9299999999998,1808.25,1714.02,10925557.0,2.19,0.79,6.63,8.53,95.0,22173.0,2275.0,0.84,115.04,124.17,2220.89,303.47,6200.0,5.56,40.0,19.35,6564.0
2006-07-02,NASDAQ,1737.84,1777.9299999999998,1808.25,1714.02,10925557.0,2.19,0.79,6.63,8.53,95.0,22173.0,2275.0,0.84,115.04,124.17,2220.89,303.47,6200.0,5.56,40.0,19.35,6564.0
2006-07-03,NASDAQ,3046.83,3008.93,3096.71,2986.03,663381617.0,-0.56,6.98,4.7,6.78,91.0,26305.0,1560.0,1.19,145.26,147.15,1275.64,406.32,2479.0,8.89,0.0,3.64,5302.0
2006-07-04,NASDAQ,3046.83,3008.93,3096.71,2986.03,663381617.0,-0.56,6.98,4.7,6.78,91.0,26305.0,1560.0,1.19,145.26,147.15,1275.64,406.32,2479.0,8.89,0.0,3.64,5302.0
2006-07-05,NASDAQ,3046.83,3008.93,3096.71,2986.03,663381617.0,-0.56,6.98,4.7,6.78,91.0,26305.0,1560.0,1.19,145.26,147.15,1275.64,406.32,2479.0,8.89,0.0,3.64,5302.0
2006-07-06,NASDAQ,3046.83,3008.93,3096.71,2986.03,663381617.0,-0.56,6.98,4.7,6.78,91.0,26305.0,1560.0,1.19,145.26,147.15,1275.64,406.32,2479.0,8.89,0.0,3.64,5302.0
2006-07-07,NASDAQ,3046.83,3008.93,3096.71,2986.03,663381617.0,-0.56,6.98,4.7,6.78,91.0,26305.0,1560.0,1.19,145.26,147.15,1275.64,406.32,2479.0,8.89,0.0,3.64,5302.0
2006-07-08,NASDAQ,3022.79,2981.71,3061.63,2943.51,919125065.0,4.33,1.51,13.87,3.62,74.0,2173.0,2490.0,0.9,106.7,63.39,1377.2,355.4,3367.0,9.27,19.0,30.59,12040.0
2006-07-09,NASDAQ,3022.79,2981.71,3061.63,2943.51,919125065.0,4.33,1.51,13.87,3.62,74.0,2173.0,2490.0,0.9,106.7,63.39,1377.2,355.4,3367.0,9.27,19.0,30.59,12040.0
2006-07-10,NASDAQ,3022.79,2981.71,3061.63,2943.51,919125065.0,4.33,1.51,13.87,3.62,74.0,2173.0,2490.0,0.9,106.7,63.39,1377.2,355.4,3367.0,9.27,19.0,30.59,12040.0
2006-07-11,NASDAQ,3022.79,2981.71,3061.63,2943.51,919125065.0,4.33,1.51,13.87,3.62,74.0,2173.0,2490.0,0.9,106.7,63.39,1377.2,355.4,3367.0,9.27,19.0,30.59,12040.0
2006-07-12,NASDAQ,3022.79,2981.71,3061.63,2943.51,919125065.0,4.33,1.51,13.87,3.62,74.0,2173.0,2490.0,0.9,106.7,63.39,1377.2,355.4,3367.0,9.27,19.0,30.59,12040.0
2006-07-13,NASDAQ,3022.79,2981.71,3061.63,2943.51,919125065.0,4.33,1.51,13.87,3.62,74.0,2173.0,2490.0,0.9,106.7,63.39,1377.2,355.4,3367.0,9.27,19.0,30.59,12040.0
2006-07-14,NASDAQ,3231.49,3214.03,3241.2,3198.6,732434090.0,1.04,4.81,8.08,0.75,71.0,10652.0,442.0,1.12,94.81,58.77,1135.02,159.56,2385.0,0.1,5.0,47.88,6723.0
2006-07-15,NASDAQ,3231.49,3214.03,3241.2,3198.6,732434090.0,1.04,4.81,8.08,0.75,71.0,10652.0,442.0,1.12,94.81,58.77,1135.02,159.56,2385.0,0.1,5.0,47.88,6723.0
2006-07-16,NASDAQ,1194.78,1242.37,1291.15,1185.52,856298442.0,5.75,0.74,13.94,3.4,68.0,12137.0,3451.0,1.36,93.31,59.03,2348.72,125.98,3544.0,8.99,37.0,17.49,8038.0
2006-07-17,NASDAQ,1194.78,1242.37,1291.15,1185.52,856298442.0,5.75,0.74,13.94,3.4,68.0,12137.0,3451.0,1.36,93.31,59.03,2348.72,125.98,3544.0,8.99,37.0,17.49,8038.0
2006-07-18,NASDAQ,1194.78,1242.37,1291.15,1185.52,856298442.0,5.75,0.74,13.94,3.4,68.0,12137.0,3451.0,1.36,93.31,59.03,2348.72,125.98,3544.0,8.99,37.0,17.49,8038.0
2006-07-19,NASDAQ,1194.78,1242.37,1291.15,1185.52,856298442.0,5.75,0.74,13.94,3.4,68.0,12137.0,3451.0,1.36,93.31,59.03,2348.72,125.98,3544.0,8.99,37.0,17.49,8038.0
2006-07-20,NASDAQ,3165.08,3117.55,3192.16,3101.03,843440320.0,8.96,0.75,7.85,7.62,92.0,825.0,4490.0,1.43,148.2,93.87,1659.13,250.51,3433.0,8.69,3.0,35.52,3061.0
2006-07-21,NASDAQ,3165.08,3117.55,3192.16,3101.03,843440320.0,8.96,0.75,7.85,7.62,92.0,825.0,4490.0,1.43,148.2,93.87,1659.13,250.51,3433.0,8.69,3.0,35.52,3061.0
2006-07-22,NASDAQ,1182.34,1186.0,1213.27,1137.89,605209981.0,-2.32,1.57,3.01,6.99,89.0,29724.0,1710.0,1.31,86.64,45.07,1029.33,289.16,7740.0,8.26,21.0,30.17,9969.0
2006-07-23,NASDAQ,1182.34,1186.0,1213.27,1137.89,605209981.0,-2.32,1.57,3.01,6.99,89.0,29724.0,1710.0,1.31,86.64,45.07,1029.33,289.16,7740.0,8.26,21.0,30.17,9969.0
2006-07-24,NASDAQ,1182.34,1186.0,1213.27,1137.89,605209981.0,-2.32,1.57,3.01,6.99,89.0,29724.0,1710.0,1.31,86.64,45.07,1029.33,289.16,7740.0,8.26,21.0,30.17,9969.0
2006-07-25,NASDAQ,1182.34,1186.0,1213.27,1137.89,605209981.0,-2.32,1.57,3.01,6.99,89.0,29724.0,1710.0,1.31,86.64,45.07,1029.33,289.16,7740.0,8.26,21.0,30.17,9969.0
2006-07-26,NASDAQ,1308.75,1348.25,1380.64,1284.7,406302711.0,6.19,0.72,9.57,6.27,72.0,4173.0,4094.0,0.95,117.13,88.3,1877.92,353.47,866.0,4.99,11.0,2.54,5407.0
2006-07-27,NASDAQ,1308.75,1348.25,1380.64,1284.7,406302711.0,6.19,0.72,9.57,6.27,72.0,4173.0,4094.0,0.95,117.13,88.3,1877.92,353.47,866.0,4.99,11.0,2.54,5407.0
2006-07-28,NASDAQ,1507.78,1482.77,1532.37,1482.41,637595476.0,8.14,3.0,4.83,4.15,114.0,8435.0,3786.0,1.16,145.66,93.77,1275.35,362.93,2518.0,5.84,11.0,88.78,6648.0
2006-07-29,NASDAQ,1493.14,1449.7,1501.73,1400.3,357472597.0,2.89,6.27,4.38,7.18,67.0,1428.0,1252.0,1.05,148.62,28.83,1071.24,215.44,5659.0,8.96,15.0,41.75,6605.0
2006-07-30,NASDAQ,1493.14,1449.7,1501.73,1400.3,357472597.0,2.89,6.27,4.38,7.18,67.0,1428.0,1252.0,1.05,148.62,28.83,1071.24,215.44,5659.0,8.96,15.0,41.75,6605.0
2006-07-31,NASDAQ,1493.14,1449.7,1501.73,1400.3,357472597.0,2.89,6.27,4.38,7.18,67.0,1428.0,1252.0,1.05,148.62,28.83,1071.24,215.44,5659.0,8.96,15.0,41.75,6605.0
2006-08-01,NASDAQ,1493.14,1449.7,1501.73,1400.3,357472597.0,2.89,6.27,4.38,7.18,67.0,1428.0,1252.0,1.05,148.62,28.83,1071.24,215.44,5659.0,8.96,15.0,41.75,6605.0
2006-08-02,NASDAQ,1493.14,1449.7,1501.73,1400.3,357472597.0,2.89,6.27,4.38,7.18,67.0,1428.0,1252.0,1.05,148.62,28.83,1071.24,215.44,5659.0,8.96,15.0,41.75,6605.0
2006-08-03,NASDAQ,1493.14,1449.7,1501.73,1400.3,357472597.0,2.89,6.27,4.38,7.18,67.0,1428.0,1252.0,1.05,148.62,28.83,1071.24,215.44,5659.0,8.96,15.0,41.75,6605.0
2006-08-04,NASDAQ,1493.14,1449.7,1501.73,1400.3,357472597.0,2.89,6.27,4.38,7.18,67.0,1428.0,1252.0,1.05,148.62,28.83,1071.24,215.44,5659.0,8.96,15.0,41.75,6605.0
2006-08-05,NASDAQ,1570.23,1617.3,1646.83,1526.09,153908531.0,9.36,2.23,10.04,3.67,95.0,29641.0,3511.0,1.41,134.08,119.2,1162.11,457.38,7197.0,1.49,43.0,76.5,6245.0
2006-08-06,NASDAQ,1570.23,1617.3,1646.83,1526.09,153908531.0,9.36,2.23,10.04,3.67,95.0,29641.0,3511.0,1.41,134.08,119.2,1162.11,457.38,7197.0,1.49,43.0,76.5,6245.0
2006-08-07,NASDAQ,3218.93,3228.64,3236.34,3176.91,646860124.0,8.3,8.18,8.95,9.73,98.0,26730.0,1391.0,1.02,100.16,133.43,1947.86,249.87,7213.0,9.43,46.0,78.58,10234.0
2006-08-08,NASDAQ,1307.03,1299.45,1346.72,1293.37,280911603.0,1.8,3.96,14.4,8.23,88.0,17508.0,4413.0,1.19,121.13,52.1,1165.24,247.01,4760.0,1.42,28.0,29.09,12322.0
2006-08-09,NASDAQ,1016.75,1011.42,1056.01,1000.67,939658477.0,6.57,5.89,3.47,1.39,87.0,4844.0,2960.0,1.16,142.26,23.15,2490.66,434.3,9910.0,6.67,27.0,80.49,10515.0
2006-08-10,NASDAQ,1016.75,1011.42,1056.01,1000.67,939658477.0,6.57,5.89,3.47,1.39,87.0,4844.0,2960.0,1.16,142.26,23.15,2490.66,434.3,9910.0,6.67,27.0,80.49,10515.0
2006-08-11,NASDAQ,1016.75,1011.42,1056.01,1000.67,939658477.0,6.57,5.89,3.47,1.39,87.0,4844.0,2960.0,1.16,142.26,23.15,2490.66,434.3,9910.0,6.67,27.0,80.49,10515.0
2006-08-12,NASDAQ,2643.16,2641.69,2690.06,2595.82,426159278.0,2.62,3.09,14.45,8.61,57.0,21583.0,1814.0,1.21,117.2,94.26,1519.1,302.37,7646.0,6.96,14.0,53.43,10204.0
2006-08-13,NASDAQ,2643.16,2641.69,2690.06,2595.82,426159278.0,2.62,3.09,14.45,8.61,57.0,21583.0,1814.0,1.21,117.2,94.26,1519.1,302.37,7646.0,6.96,14.0,53.43,10204.0
2006-08-14,NASDAQ,2643.16,2641.69,2690.06,2595.82,426159278.0,2.62,3.09,14.45,8.61,57.0,21583.0,1814.0,1.21,117.2,94.26,1519.1,302.37,7646.0,6.96,14.0,53.43,10204.0
2006-08-15,NASDAQ,2643.16,2641.69,2690.06,2595.82,426159278.0,2.62,3.09,14.45,8.61,57.0,21583.0,1814.0,1.21,117.2,94.26,1519.1,302.37,7646.0,6.96,14.0,53.43,10204.0
2006-08-16,NASDAQ,2643.16,2641.69,2690.06,2595.82,426159278.0,2.62,3.09,14.45,8.61,57.0,21583.0,1814.0,1.21,117.2,94.26,1519.1,302.37,7646.0,6.96,14.0,53.43,10204.0
2006-08-17,NASDAQ,2643.16,2641.69,2690.06,2595.82,426159278.0,2.62,3.09,14.45,8.61,57.0,21583.0,1814.0,1.21,117.2,94.26,1519.1,302.37,7646.0,6.96,14.0,53.43,10204.0
2006-08-18,NASDAQ,2643.16,2641.69,2690.06,2595.82,426159278.0,2.62,3.09,14.45,8.61,57.0,21583.0,1814.0,1.21,117.2,94.26,1519.1,302.37,7646.0,6.96,14.0,53.43,10204.0
2006-08-19,NASDAQ,4826.88,4845.89,4868.3,4815.87,567324160.0,5.52,2.04,2.75,2.55,102.0,24511.0,1790.0,0.89,83.88,32.48,1871.59,167.86,2361.0,4.49,13.0,42.31,11844.0
2006-08-20,NASDAQ,4826.88,4845.89,4868.3,4815.87,567324160.0,5.52,2.04,2.75,2.55,102.0,24511.0,1790.0,0.89,83.88,32.48,1871.59,167.86,2361.0,4.49,13.0,42.31,11844.0
2006-08-21,NASDAQ,4826.88,4845.89,4868.3,4815.87,567324160.0,5.52,2.04,2.75,2.55,102.0,24511.0,1790.0,0.89,83.88,32.48,1871.59,167.86,2361.0,4.49,13.0,42.31,11844.0
2006-08-22,NASDAQ,4826.88,4845.89,4868.3,4815.87,567324160.0,5.52,2.04,2.75,2.55,102.0,24511.0,1790.0,0.89,83.88,32.48,1871.59,167.86,2361.0,4.49,13.0,42.31,11844.0
2006-08-23,NASDAQ,4826.88,4845.89,4868.3,4815.87,567324160.0,5.52,2.04,2.75,2.55,102.0,24511.0,1790.0,0.89,83.88,32.48,1871.59,167.86,2361.0,4.49,13.0,42.31,11844.0
2006-08-24,NASDAQ,1947.7,1907.76,1963.88,1890.44,204961251.0,1.73,9.86,14.97,5.59,93.0,4997.0,1145.0,0.92,113.21,115.14,1445.42,442.03,2341.0,2.88,31.0,66.25,3571.0
2006-08-25,NASDAQ,1947.7,1907.76,1963.88,1890.44,204961251.0,1.73,9.86,14.97,5.59,93.0,4997.0,1145.0,0.92,113.21,115.14,1445.42,442.03,2341.0,2.88,31.0,66.25,3571.0
2006-08-26,NASDAQ,1947.7,1907.76,1963.88,1890.44,204961251.0,1.73,9.86,14.97,5.59,93.0,4997.0,1145.0,0.92,113.21,115.14,1445.42,442.03,2341.0,2.88,31.0,66.25,3571.0
2006-08-27,NASDAQ,1947.7,1907.76,1963.88,1890.44,204961251.0,1.73,9.86,14.97,5.59,93.0,4997.0,1145.0,0.92,113.21,115.14,1445.42,442.03,2341.0,2.88,31.0,66.25,3571.0
2006-08-28,NASDAQ,3710.18,3688.8,3717.82,3683.4,792729337.0,7.74,3.86,4.53,0.85,107.0,28000.0,307.0,1.37,126.92,127.36,1736.0,215.42,8583.0,0.81,21.0,46.56,2201.0
2006-08-29,NASDAQ,3187.72,3183.73,3191.87,3136.98,432054895.0,-2.92,7.53,8.66,4.24,103.0,19539.0,4470.0,0.94,83.53,34.33,1960.16,158.18,5931.0,2.57,35.0,33.4,7006.0
2006-08-30,NASDAQ,3187.72,3183.73,3191.87,3136.98,432054895.0,-2.92,7.53,8.66,4.24,103.0,19539.0,4470.0,0.94,83.53,34.33,1960.16,158.18,5931.0,2.57,35.0,33.4,7006.0
2006-08-31,NASDAQ,4689.74,4660.78,4713.34,4634.75,291655617.0,9.02,0.23,5.52,9.1,109.0,8224.0,595.0,0.97,82.96,98.56,804.22,452.42,775.0,5.42,22.0,98.88,3095.0
2006-09-01,NASDAQ,4689.74,4660.78,4713.34,4634.75,291655617.0,9.02,0.23,5.52,9.1,109.0,8224.0,595.0,0.97,82.96,98.56,804.22,452.42,775.0,5.42,22.0,98.88,3095.0
2006-09-02,NASDAQ,2122.4,2162.07,2180.23,2074.4,183764768.0,7.14,2.18,6.05,1.0,78.0,18449.0,3698.0,1.21,86.13,53.25,2200.01,299.49,6135.0,9.83,4.0,88.95,10548.0
2006-09-03,NASDAQ,2122.4,2162.07,2180.23,2074.4,183764768.0,7.14,2.18,6.05,1.0,78.0,18449.0,3698.0,1.21,86.13,53.25,2200.01,299.49,6135.0,9.83,4.0,88.95,10548.0
2006-09-04,NASDAQ,4129.7,4102.45,4154.74,4063.52,825479138.0,5.63,4.66,2.76,1.21,57.0,10497.0,1849.0,1.11,138.67,104.91,2447.36,249.27,460.0,1.13,25.0,44.85,10457.0
2006-09-05,NASDAQ,4970.06,4948.02,4992.860000000001,4905.25,697990830.0,-3.03,5.76,4.0,7.61,84.0,17320.0,559.0,1.41,122.94,131.25,1070.59,447.18,2571.0,2.94,37.0,89.33,4412.0
2006-09-06,NASDAQ,1962.68,1925.42,1979.9,1903.64,161612157.0,5.01,5.51,14.32,1.1,65.0,28157.0,4589.0,1.2,127.76,136.71,1401.58,228.68,8901.0,3.45,5.0,91.04,6877.0
2006-09-07,NASDAQ,1962.68,1925.42,1979.9,1903.64,161612157.0,5.01,5.51,14.32,1.1,65.0,28157.0,4589.0,1.2,127.76,136.71,1401.58,228.68,8901.0,3.45,5.0,91.04,6877.0
2006-09-08,NASDAQ,4322.49,4280.0,4360.469999999999,4242.61,125405609.0,1.38,5.52,2.82,4.46,108.0,11154.0,4359.0,1.0,144.57,140.61,2387.8,366.95,8621.0,7.86,42.0,35.9,7779.0
2006-09-09,NASDAQ,1898.63,1862.05,1941.28,1816.41,736653328.0,1.2,8.46,11.01,4.9,83.0,4089.0,4834.0,1.18,117.88,132.65,824.7,180.54,7206.0,3.61,18.0,85.21,11893.0
2006-09-10,NASDAQ,1898.63,1862.05,1941.28,1816.41,736653328.0,1.2,8.46,11.01,4.9,83.0,4089.0,4834.0,1.18,117.88,132.65,824.7,180.54,7206.0,3.61,18.0,85.21,11893.0
2006-09-11,NASDAQ,1898.63,1862.05,1941.28,1816.41,736653328.0,1.2,8.46,11.01,4.9,83.0,4089.0,4834.0,1.18,117.88,132.65,824.7,180.54,7206.0,3.61,18.0,85.21,11893.0
2006-09-12,NASDAQ,4912.88,4933.67,4969.47,4868.46,93940210.0,8.38,4.7,11.75,7.28,114.0,8191.0,2294.0,1.2,89.31,79.58,2140.38,360.37,1955.0,2.7,30.0,96.22,9169.0
2006-09-13,NASDAQ,4912.88,4933.67,4969.47,4868.46,93940210.0,8.38,4.7,11.75,7.28,114.0,8191.0,2294.0,1.2,89.31,79.58,2140.38,360.37,1955.0,2.7,30.0,96.22,9169.0
2006-09-14,NASDAQ,4196.63,4172.2300000000005,4230.4800000000005,4143.42,563407757.0,9.97,3.8,11.52,5.7,95.0,11443.0,4963.0,1.19,110.48,127.1,2082.31,364.27,592.0,7.8,22.0,61.07,1281.0
2006-09-15,NASDAQ,2336.77,2351.85,2375.65,2295.2,32377303.0,3.78,5.99,3.14,3.38,70.0,14426.0,2257.0,1.0,85.14,77.22,1463.4,412.79,1929.0,8.67,11.0,42.85,5828.0
2006-09-16,NASDAQ,3923.48,3885.11,3973.17,3875.69,677605002.0,6.27,5.8,11.45,3.86,87.0,28005.0,493.0,0.98,140.49,86.5,1490.62,221.0,7121.0,0.37,12.0,45.19,6396.0
2006-09-17,NASDAQ,3923.48,3885.11,3973.17,3875.69,677605002.0,6.27,5.8,11.45,3.86,87.0,28005.0,493.0,0.98,140.49,86.5,1490.62,221.0,7121.0,0.37,12.0,45.19,6396.0
2006-09-18,NASDAQ,3923.48,3885.11,3973.17,3875.69,677605002.0,6.27,5.8,11.45,3.86,87.0,28005.0,493.0,0.98,140.49,86.5,1490.62,221.0,7121.0,0.37,12.0,45.19,6396.0
2006-09-19,NASDAQ,3923.48,3885.11,3973.17,3875.69,677605002.0,6.27,5.8,11.45,3.86,87.0,28005.0,493.0,0.98,140.49,86.5,1490.62,221.0,7121.0,0.37,12.0,45.19,6396.0
2006-09-20,NASDAQ,3923.48,3885.11,3973.17,3875.69,677605002.0,6.27,5.8,11.45,3.86,87.0,28005.0,493.0,0.98,140.49,86.5,1490.62,221.0,7121.0,0.37,12.0,45.19,6396.0
2006-09-21,NASDAQ,3923.48,3885.11,3973.17,3875.69,677605002.0,6.27,5.8,11.45,3.86,87.0,28005.0,493.0,0.98,140.49,86.5,1490.62,221.0,7121.0,0.37,12.0,45.19,6396.0
2006-09-22,NASDAQ,3923.48,3885.11,3973.17,3875.69,677605002.0,6.27,5.8,11.45,3.86,87.0,28005.0,493.0,0.98,140.49,86.5,1490.62,221.0,7121.0,0.37,12.0,45.19,6396.0
2006-09-23,NASDAQ,3923.48,3885.11,3973.17,3875.69,677605002.0,6.27,5.8,11.45,3.86,87.0,28005.0,493.0,0.98,140.49,86.5,1490.62,221.0,7121.0,0.37,12.0,45.19,6396.0
2006-09-24,NASDAQ,1559.95,1550.42,1578.47,1544.8100000000002,580274450.0,8.03,0.73,2.81,6.86,58.0,11636.0,604.0,1.16,88.64,36.33,2414.97,363.79,1139.0,7.82,22.0,12.96,1798.0
2006-09-25,NASDAQ,2663.27,2635.79,2664.28,2586.26,976094289.0,-4.04,2.43,10.19,2.6,73.0,3997.0,819.0,1.36,125.33,89.84,1364.65,247.68,3968.0,8.47,12.0,97.86,5765.0
2006-09-26,NASDAQ,3194.35,3170.06,3220.55,3156.04,993303344.0,7.69,0.2,3.02,4.17,112.0,29147.0,2087.0,1.41,147.12,62.8,2244.59,380.04,2865.0,2.65,5.0,18.93,7154.0
2006-09-27,NASDAQ,3194.35,3170.06,3220.55,3156.04,993303344.0,7.69,0.2,3.02,4.17,112.0,29147.0,2087.0,1.41,147.12,62.8,2244.59,380.04,2865.0,2.65,5.0,18.93,7154.0
2006-09-28,NASDAQ,3194.35,3170.06,3220.55,3156.04,993303344.0,7.69,0.2,3.02,4.17,112.0,29147.0,2087.0,1.41,147.12,62.8,2244.59,380.04,2865.0,2.65,5.0,18.93,7154.0
2006-09-29,NASDAQ,3194.35,3170.06,3220.55,3156.04,993303344.0,7.69,0.2,3.02,4.17,112.0,29147.0,2087.0,1.41,147.12,62.8,2244.59,380.04,2865.0,2.65,5.0,18.93,7154.0
2006-09-30,NASDAQ,3194.35,3170.06,3220.55,3156.04,993303344.0,7.69,0.2,3.02,4.17,112.0,29147.0,2087.0,1.41,147.12,62.8,2244.59,380.04,2865.0,2.65,5.0,18.93,7154.0
2006-10-01,NASDAQ,3701.82,3689.16,3709.91,3656.27,725252664.0,-0.08,9.13,13.01,9.69,117.0,5910.0,2520.0,0.87,142.23,49.06,1615.33,263.04,8393.0,2.22,30.0,87.67,10840.0
2006-10-02,NASDAQ,3701.82,3689.16,3709.91,3656.27,725252664.0,-0.08,9.13,13.01,9.69,117.0,5910.0,2520.0,0.87,142.23,49.06,1615.33,263.04,8393.0,2.22,30.0,87.67,10840.0
2006-10-03,NASDAQ,3701.82,3689.16,3709.91,3656.27,725252664.0,-0.08,9.13,13.01,9.69,117.0,5910.0,2520.0,0.87,142.23,49.06,1615.33,263.04,8393.0,2.22,30.0,87.67,10840.0
2006-10-04,NASDAQ,3701.82,3689.16,3709.91,3656.27,725252664.0,-0.08,9.13,13.01,9.69,117.0,5910.0,2520.0,0.87,142.23,49.06,1615.33,263.04,8393.0,2.22,30.0,87.67,10840.0
2006-10-05,NASDAQ,4797.09,4808.51,4848.43,4785.34,369106174.0,7.38,3.3,14.73,1.04,80.0,14750.0,1239.0,1.06,107.96,144.95,1109.72,328.11,7685.0,8.93,17.0,97.32,2407.0
2006-10-06,NASDAQ,4797.09,4808.51,4848.43,4785.34,369106174.0,7.38,3.3,14.73,1.04,80.0,14750.0,1239.0,1.06,107.96,144.95,1109.72,328.11,7685.0,8.93,17.0,97.32,2407.0
2006-10-07,NASDAQ,4797.09,4808.51,4848.43,4785.34,369106174.0,7.38,3.3,14.73,1.04,80.0,14750.0,1239.0,1.06,107.96,144.95,1109.72,328.11,7685.0,8.93,17.0,97.32,2407.0
2006-10-08,NASDAQ,4797.09,4808.51,4848.43,4785.34,369106174.0,7.38,3.3,14.73,1.04,80.0,14750.0,1239.0,1.06,107.96,144.95,1109.72,328.11,7685.0,8.93,17.0,97.32,2407.0
2006-10-09,NASDAQ,1833.26,1870.34,1910.64,1820.73,820119028.0,0.59,4.66,6.06,2.95,83.0,21560.0,3290.0,1.36,137.32,41.72,1426.46,362.0,1950.0,8.24,7.0,18.9,6970.0
2006-10-10,NASDAQ,1833.26,1870.34,1910.64,1820.73,820119028.0,0.59,4.66,6.06,2.95,83.0,21560.0,3290.0,1.36,137.32,41.72,1426.46,362.0,1950.0,8.24,7.0,18.9,6970.0
2006-10-11,NASDAQ,3676.88,3666.71,3712.58,3643.15,700481430.0,9.57,6.71,4.6,8.33,104.0,23279.0,1007.0,1.07,113.64,102.47,1065.24,197.3,544.0,6.09,23.0,53.31,3716.0
2006-10-12,NASDAQ,2935.21,2934.93,2956.98,2933.59,856528264.0,3.61,1.94,7.98,7.93,57.0,24213.0,3947.0,1.32,106.92,126.47,974.05,467.65,1954.0,0.07,27.0,56.04,2682.0
2006-10-13,NASDAQ,2673.56,2690.3,2705.03,2668.96,929204805.0,-3.08,2.0,5.45,8.71,111.0,13714.0,3264.0,1.18,122.11,106.01,1806.98,221.83,1789.0,8.23,44.0,65.01,12966.0
2006-10-14,NASDAQ,2673.56,2690.3,2705.03,2668.96,929204805.0,-3.08,2.0,5.45,8.71,111.0,13714.0,3264.0,1.18,122.11,106.01,1806.98,221.83,1789.0,8.23,44.0,65.01,12966.0
2006-10-15,NASDAQ,2673.56,2690.3,2705.03,2668.96,929204805.0,-3.08,2.0,5.45,8.71,111.0,13714.0,3264.0,1.18,122.11,106.01,1806.98,221.83,1789.0,8.23,44.0,65.01,12966.0
2006-10-16,NASDAQ,2673.56,2690.3,2705.03,2668.96,929204805.0,-3.08,2.0,5.45,8.71,111.0,13714.0,3264.0,1.18,122.11,106.01,1806.98,221.83,1789.0,8.23,44.0,65.01,12966.0
2006-10-17,NASDAQ,1645.83,1630.13,1658.41,1595.4,67706568.0,-4.47,7.83,8.71,4.72,98.0,23425.0,3831.0,1.22,88.93,56.53,2381.27,405.0,9260.0,0.5,32.0,33.73,5103.0
2006-10-18,NASDAQ,2886.96,2850.78,2921.69,2850.3700000000003,143307138.0,9.26,0.58,14.07,3.46,55.0,20226.0,4015.0,0.83,116.2,91.9,1365.66,239.02,4507.0,1.83,49.0,31.94,14559.0
2006-10-19,NASDAQ,2886.96,2850.78,2921.69,2850.3700000000003,143307138.0,9.26,0.58,14.07,3.46,55.0,20226.0,4015.0,0.83,116.2,91.9,1365.66,239.02,4507.0,1.83,49.0,31.94,14559.0
2006-10-20,NASDAQ,3281.15,3280.78,3293.39,3276.09,79934488.0,-4.76,6.38,5.12,4.91,76.0,17159.0,3676.0,1.48,85.34,106.87,2413.29,184.69,2695.0,8.87,10.0,59.98,1319.0
2006-10-21,NASDAQ,3281.15,3280.78,3293.39,3276.09,79934488.0,-4.76,6.38,5.12,4.91,76.0,17159.0,3676.0,1.48,85.34,106.87,2413.29,184.69,2695.0,8.87,10.0,59.98,1319.0
2006-10-22,NASDAQ,3281.15,3280.78,3293.39,3276.09,79934488.0,-4.76,6.38,5.12,4.91,76.0,17159.0,3676.0,1.48,85.34,106.87,2413.29,184.69,2695.0,8.87,10.0,59.98,1319.0
2006-10-23,NASDAQ,1100.8,1092.89,1101.3,1066.33,453275548.0,-2.93,4.19,2.61,2.67,101.0,26423.0,940.0,1.27,117.92,86.19,972.87,202.03,2718.0,0.47,16.0,24.36,10996.0
2006-10-24,NASDAQ,1100.8,1092.89,1101.3,1066.33,453275548.0,-2.93,4.19,2.61,2.67,101.0,26423.0,940.0,1.27,117.92,86.19,972.87,202.03,2718.0,0.47,16.0,24.36,10996.0
2006-10-25,NASDAQ,4120.85,4130.780000000001,4162.160000000001,4108.9800000000005,379858678.0,0.69,0.66,6.87,6.65,92.0,15243.0,3406.0,1.04,81.12,63.48,2057.54,217.41,8087.0,9.48,5.0,29.8,1708.0
2006-10-26,NASDAQ,4120.85,4130.780000000001,4162.160000000001,4108.9800000000005,379858678.0,0.69,0.66,6.87,6.65,92.0,15243.0,3406.0,1.04,81.12,63.48,2057.54,217.41,8087.0,9.48,5.0,29.8,1708.0
2006-10-27,NASDAQ,4120.85,4130.780000000001,4162.160000000001,4108.9800000000005,379858678.0,0.69,0.66,6.87,6.65,92.0,15243.0,3406.0,1.04,81.12,63.48,2057.54,217.41,8087.0,9.48,5.0,29.8,1708.0
2006-10-28,NASDAQ,3779.81,3769.54,3780.26,3761.17,618029669.0,-0.3,5.22,9.18,6.68,64.0,2672.0,1956.0,1.07,131.46,144.85,2399.81,428.9,9139.0,9.16,18.0,33.5,10616.0
2006-10-29,NASDAQ,3779.81,3769.54,3780.26,3761.17,618029669.0,-0.3,5.22,9.18,6.68,64.0,2672.0,1956.0,1.07,131.46,144.85,2399.81,428.9,9139.0,9.16,18.0,33.5,10616.0
2006-10-30,NASDAQ,3779.81,3769.54,3780.26,3761.17,618029669.0,-0.3,5.22,9.18,6.68,64.0,2672.0,1956.0,1.07,131.46,144.85,2399.81,428.9,9139.0,9.16,18.0,33.5,10616.0
2006-10-31,NASDAQ,3779.81,3769.54,3780.26,3761.17,618029669.0,-0.3,5.22,9.18,6.68,64.0,2672.0,1956.0,1.07,131.46,144.85,2399.81,428.9,9139.0,9.16,18.0,33.5,10616.0
2006-11-01,NASDAQ,3779.81,3769.54,3780.26,3761.17,618029669.0,-0.3,5.22,9.18,6.68,64.0,2672.0,1956.0,1.07,131.46,144.85,2399.81,428.9,9139.0,9.16,18.0,33.5,10616.0
2006-11-02,NASDAQ,3779.81,3769.54,3780.26,3761.17,618029669.0,-0.3,5.22,9.18,6.68,64.0,2672.0,1956.0,1.07,131.46,144.85,2399.81,428.9,9139.0,9.16,18.0,33.5,10616.0
2006-11-03,NASDAQ,3779.81,3769.54,3780.26,3761.17,618029669.0,-0.3,5.22,9.18,6.68,64.0,2672.0,1956.0,1.07,131.46,144.85,2399.81,428.9,9139.0,9.16,18.0,33.5,10616.0
2006-11-04,NASDAQ,2045.33,2016.62,2060.23,1998.08,360958263.0,-1.28,0.06,5.88,9.36,53.0,2326.0,1124.0,1.49,113.14,64.04,1171.9,388.05,4120.0,5.93,28.0,53.18,12134.0
2006-11-05,NASDAQ,2045.33,2016.62,2060.23,1998.08,360958263.0,-1.28,0.06,5.88,9.36,53.0,2326.0,1124.0,1.49,113.14,64.04,1171.9,388.05,4120.0,5.93,28.0,53.18,12134.0
2006-11-06,NASDAQ,3397.2,3401.49,3403.35,3385.9,623944358.0,1.36,4.23,4.74,8.67,74.0,22393.0,4994.0,1.38,118.51,76.05,2025.84,286.75,2775.0,6.83,16.0,45.19,10997.0
2006-11-07,NASDAQ,3054.83,3088.12,3089.44,3022.01,718575878.0,8.73,8.02,9.26,9.14,96.0,18254.0,905.0,0.92,88.78,117.18,2321.97,278.55,2761.0,0.65,48.0,37.69,10982.0
2006-11-08,NASDAQ,3054.83,3088.12,3089.44,3022.01,718575878.0,8.73,8.02,9.26,9.14,96.0,18254.0,905.0,0.92,88.78,117.18,2321.97,278.55,2761.0,0.65,48.0,37.69,10982.0
2006-11-09,NASDAQ,1025.86,988.84,1041.76,986.04,963822185.0,7.23,6.26,9.91,8.39,76.0,5822.0,2916.0,1.25,135.14,149.36,1768.52,170.2,5656.0,0.68,5.0,38.8,5423.0
2006-11-10,NASDAQ,1025.86,988.84,1041.76,986.04,963822185.0,7.23,6.26,9.91,8.39,76.0,5822.0,2916.0,1.25,135.14,149.36,1768.52,170.2,5656.0,0.68,5.0,38.8,5423.0
2006-11-11,NASDAQ,2142.5,2187.14,2208.73,2096.0,551857874.0,9.59,2.34,10.3,2.01,111.0,6311.0,1371.0,0.88,92.27,23.1,1301.34,299.38,374.0,2.19,18.0,99.49,958.0
2006-11-12,NASDAQ,2142.5,2187.14,2208.73,2096.0,551857874.0,9.59,2.34,10.3,2.01,111.0,6311.0,1371.0,0.88,92.27,23.1,1301.34,299.38,374.0,2.19,18.0,99.49,958.0
2006-11-13,NASDAQ,2142.5,2187.14,2208.73,2096.0,551857874.0,9.59,2.34,10.3,2.01,111.0,6311.0,1371.0,0.88,92.27,23.1,1301.34,299.38,374.0,2.19,18.0,99.49,958.0
2006-11-14,NASDAQ,3339.31,3349.98,3385.63,3322.68,53129984.0,0.48,8.32,4.07,2.71,95.0,27226.0,1287.0,1.37,129.04,51.38,926.69,491.28,2874.0,9.69,45.0,6.96,10334.0
2006-11-15,NASDAQ,3339.31,3349.98,3385.63,3322.68,53129984.0,0.48,8.32,4.07,2.71,95.0,27226.0,1287.0,1.37,129.04,51.38,926.69,491.28,2874.0,9.69,45.0,6.96,10334.0
2006-11-16,NASDAQ,1697.64,1731.3300000000002,1737.41,1672.89,729689141.0,5.3,3.39,7.59,5.87,83.0,3890.0,2654.0,1.24,107.81,101.81,1499.13,483.69,2294.0,2.99,20.0,41.79,7776.0
2006-11-17,NASDAQ,1697.64,1731.3300000000002,1737.41,1672.89,729689141.0,5.3,3.39,7.59,5.87,83.0,3890.0,2654.0,1.24,107.81,101.81,1499.13,483.69,2294.0,2.99,20.0,41.79,7776.0
2006-11-18,NASDAQ,1697.64,1731.3300000000002,1737.41,1672.89,729689141.0,5.3,3.39,7.59,5.87,83.0,3890.0,2654.0,1.24,107.81,101.81,1499.13,483.69,2294.0,2.99,20.0,41.79,7776.0
2006-11-19,NASDAQ,3502.73,3464.02,3524.85,3427.49,723378155.0,5.86,7.38,14.86,6.78,115.0,10362.0,2257.0,0.85,90.3,21.33,956.07,455.72,3507.0,8.0,48.0,92.81,13774.0
2006-11-20,NASDAQ,3202.13,3213.08,3245.43,3199.81,736238807.0,2.43,9.48,6.55,7.97,66.0,536.0,1842.0,0.93,130.72,133.68,1611.17,179.57,6956.0,8.46,26.0,2.47,14521.0
2006-11-21,NASDAQ,2629.46,2661.52,2686.23,2601.98,565083039.0,1.48,0.14,14.55,6.03,96.0,12108.0,1442.0,0.99,104.75,92.9,2174.54,445.92,5858.0,9.8,22.0,20.81,5028.0
2006-11-22,NASDAQ,2629.46,2661.52,2686.23,2601.98,565083039.0,1.48,0.14,14.55,6.03,96.0,12108.0,1442.0,0.99,104.75,92.9,2174.54,445.92,5858.0,9.8,22.0,20.81,5028.0
2006-11-23,NASDAQ,2629.46,2661.52,2686.23,2601.98,565083039.0,1.48,0.14,14.55,6.03,96.0,12108.0,1442.0,0.99,104.75,92.9,2174.54,445.92,5858.0,9.8,22.0,20.81,5028.0
2006-11-24,NASDAQ,1785.18,1813.88,1850.87,1772.3100000000002,138321509.0,0.5,7.02,3.49,2.49,78.0,23044.0,493.0,0.85,130.8,149.45,1206.91,201.43,329.0,7.34,31.0,69.5,12582.0
2006-11-25,NASDAQ,1090.26,1045.9,1125.56,1032.41,420562592.0,6.23,1.76,5.56,9.3,62.0,14925.0,3742.0,1.4,95.25,55.9,1469.18,422.96,7198.0,2.88,38.0,57.59,10344.0
2006-11-26,NASDAQ,4446.66,4433.599999999999,4473.37,4413.03,920486571.0,8.11,9.72,9.42,7.09,113.0,1871.0,4917.0,1.5,107.19,56.0,1107.23,344.14,5829.0,3.93,44.0,58.14,505.0
2006-11-27,NASDAQ,3308.47,3309.05,3342.9999999999995,3296.3,761261238.0,8.24,6.15,9.71,6.88,77.0,1176.0,2140.0,1.12,132.12,110.86,1665.17,132.75,4084.0,1.77,16.0,93.26,3044.0
2006-11-28,NASDAQ,4562.63,4568.66,4612.34,4556.17,539089622.0,-1.58,1.64,12.08,4.94,54.0,5572.0,2178.0,1.16,129.33,25.62,1793.09,455.65,9496.0,9.13,13.0,92.14,8466.0
2006-11-29,NASDAQ,4562.63,4568.66,4612.34,4556.17,539089622.0,-1.58,1.64,12.08,4.94,54.0,5572.0,2178.0,1.16,129.33,25.62,1793.09,455.65,9496.0,9.13,13.0,92.14,8466.0
2006-11-30,NASDAQ,4562.63,4568.66,4612.34,4556.17,539089622.0,-1.58,1.64,12.08,4.94,54.0,5572.0,2178.0,1.16,129.33,25.62,1793.09,455.65,9496.0,9.13,13.0,92.14,8466.0
2006-12-01,NASDAQ,2718.69,2729.96,2768.17,2675.62,297762221.0,-0.36,0.8,13.86,1.65,59.0,18500.0,4356.0,1.06,81.01,129.35,905.11,281.05,8718.0,5.12,28.0,51.11,6137.0
2006-12-02,NASDAQ,2718.69,2729.96,2768.17,2675.62,297762221.0,-0.36,0.8,13.86,1.65,59.0,18500.0,4356.0,1.06,81.01,129.35,905.11,281.05,8718.0,5.12,28.0,51.11,6137.0
2006-12-03,NASDAQ,2718.69,2729.96,2768.17,2675.62,297762221.0,-0.36,0.8,13.86,1.65,59.0,18500.0,4356.0,1.06,81.01,129.35,905.11,281.05,8718.0,5.12,28.0,51.11,6137.0
2006-12-04,NASDAQ,2718.69,2729.96,2768.17,2675.62,297762221.0,-0.36,0.8,13.86,1.65,59.0,18500.0,4356.0,1.06,81.01,129.35,905.11,281.05,8718.0,5.12,28.0,51.11,6137.0
2006-12-05,NASDAQ,2718.69,2729.96,2768.17,2675.62,297762221.0,-0.36,0.8,13.86,1.65,59.0,18500.0,4356.0,1.06,81.01,129.35,905.11,281.05,8718.0,5.12,28.0,51.11,6137.0
2006-12-06,NASDAQ,2075.19,2033.65,2112.61,1987.89,747210083.0,5.82,3.94,11.27,9.59,85.0,20170.0,2937.0,1.09,144.88,137.18,1121.83,151.86,1156.0,8.61,30.0,7.31,7845.0
2006-12-07,NASDAQ,2075.19,2033.65,2112.61,1987.89,747210083.0,5.82,3.94,11.27,9.59,85.0,20170.0,2937.0,1.09,144.88,137.18,1121.83,151.86,1156.0,8.61,30.0,7.31,7845.0
2006-12-08,NASDAQ,1987.43,1959.89,2035.09,1940.21,310003006.0,4.44,9.74,3.68,8.9,110.0,23950.0,3405.0,1.4,106.05,41.88,1676.17,367.3,3014.0,6.35,26.0,19.65,13864.0
2006-12-09,NASDAQ,1987.43,1959.89,2035.09,1940.21,310003006.0,4.44,9.74,3.68,8.9,110.0,23950.0,3405.0,1.4,106.05,41.88,1676.17,367.3,3014.0,6.35,26.0,19.65,13864.0
2006-12-10,NASDAQ,3220.54,3254.58,3284.42,3197.51,400904199.0,6.01,7.03,9.61,6.46,118.0,892.0,3976.0,1.11,96.99,54.95,2330.3,307.56,613.0,2.87,22.0,38.76,4423.0
2006-12-11,NASDAQ,3351.97,3372.1,3393.49,3339.38,326830914.0,8.46,9.28,5.16,1.16,73.0,11783.0,3626.0,0.84,84.78,145.23,927.42,196.19,4527.0,6.74,33.0,34.97,4939.0
2006-12-12,NASDAQ,2706.0,2734.9,2751.4300000000003,2687.26,46558541.0,1.49,6.86,4.16,1.77,100.0,12234.0,4258.0,1.24,128.57,135.2,2367.93,208.23,9731.0,0.5,17.0,87.05,846.0
2006-12-13,NASDAQ,3461.68,3446.78,3466.2,3406.78,64129040.0,-2.5,6.81,9.71,6.01,91.0,25506.0,2404.0,1.14,136.0,65.02,847.23,293.7,632.0,3.31,20.0,97.35,3719.0
2006-12-14,NASDAQ,3461.68,3446.78,3466.2,3406.78,64129040.0,-2.5,6.81,9.71,6.01,91.0,25506.0,2404.0,1.14,136.0,65.02,847.23,293.7,632.0,3.31,20.0,97.35,3719.0
2006-12-15,NASDAQ,1351.15,1340.52,1375.1,1325.31,970616878.0,1.48,5.35,6.32,8.09,111.0,1496.0,1387.0,0.87,145.47,57.09,1743.65,226.37,3011.0,4.99,31.0,64.08,9583.0
2006-12-16,NASDAQ,1351.15,1340.52,1375.1,1325.31,970616878.0,1.48,5.35,6.32,8.09,111.0,1496.0,1387.0,0.87,145.47,57.09,1743.65,226.37,3011.0,4.99,31.0,64.08,9583.0
2006-12-17,NASDAQ,1351.15,1340.52,1375.1,1325.31,970616878.0,1.48,5.35,6.32,8.09,111.0,1496.0,1387.0,0.87,145.47,57.09,1743.65,226.37,3011.0,4.99,31.0,64.08,9583.0
2006-12-18,NASDAQ,1855.98,1865.07,1901.97,1853.35,18288429.0,-0.26,9.97,14.16,9.74,87.0,17984.0,3027.0,1.47,148.47,64.02,1701.88,301.23,966.0,5.47,8.0,4.21,11953.0
2006-12-19,NASDAQ,1855.98,1865.07,1901.97,1853.35,18288429.0,-0.26,9.97,14.16,9.74,87.0,17984.0,3027.0,1.47,148.47,64.02,1701.88,301.23,966.0,5.47,8.0,4.21,11953.0
2006-12-20,NASDAQ,1855.98,1865.07,1901.97,1853.35,18288429.0,-0.26,9.97,14.16,9.74,87.0,17984.0,3027.0,1.47,148.47,64.02,1701.88,301.23,966.0,5.47,8.0,4.21,11953.0
2006-12-21,NASDAQ,4247.46,4202.13,4267.93,4168.2,634755239.0,5.98,0.78,14.72,6.82,60.0,25968.0,1950.0,1.14,110.85,102.62,1166.1,170.26,6638.0,8.33,29.0,30.83,12353.0
2006-12-22,NASDAQ,4247.46,4202.13,4267.93,4168.2,634755239.0,5.98,0.78,14.72,6.82,60.0,25968.0,1950.0,1.14,110.85,102.62,1166.1,170.26,6638.0,8.33,29.0,30.83,12353.0
2006-12-23,NASDAQ,3597.52,3572.78,3640.79,3545.13,961156386.0,6.75,1.36,2.26,3.04,57.0,15042.0,2824.0,1.27,80.78,141.01,1463.15,141.85,5243.0,3.55,25.0,8.61,467.0
2006-12-24,NASDAQ,3675.51,3708.47,3723.3,3632.54,535296017.0,5.23,6.22,9.07,8.23,84.0,19144.0,3774.0,1.16,83.67,113.38,945.07,384.12,9998.0,4.34,31.0,26.98,7959.0
2006-12-25,NASDAQ,4194.62,4215.01,4222.97,4189.54,175402279.0,1.59,3.25,3.13,9.81,94.0,14914.0,4005.0,0.96,126.99,56.23,1291.32,381.72,2256.0,1.75,27.0,85.69,3640.0
2006-12-26,NASDAQ,4194.62,4215.01,4222.97,4189.54,175402279.0,1.59,3.25,3.13,9.81,94.0,14914.0,4005.0,0.96,126.99,56.23,1291.32,381.72,2256.0,1.75,27.0,85.69,3640.0
2006-12-27,NASDAQ,4194.62,4215.01,4222.97,4189.54,175402279.0,1.59,3.25,3.13,9.81,94.0,14914.0,4005.0,0.96,126.99,56.23,1291.32,381.72,2256.0,1.75,27.0,85.69,3640.0
2006-12-28,NASDAQ,4194.62,4215.01,4222.97,4189.54,175402279.0,1.59,3.25,3.13,9.81,94.0,14914.0,4005.0,0.96,126.99,56.23,1291.32,381.72,2256.0,1.75,27.0,85.69,3640.0
2006-12-29,NASDAQ,4194.62,4215.01,4222.97,4189.54,175402279.0,1.59,3.25,3.13,9.81,94.0,14914.0,4005.0,0.96,126.99,56.23,1291.32,381.72,2256.0,1.75,27.0,85.69,3640.0
2006-12-30,NASDAQ,2834.07,2847.13,2884.63,2793.92,620122575.0,5.4,9.45,8.79,4.9,66.0,13259.0,2246.0,1.13,94.86,130.58,2377.05,269.91,2913.0,1.5,40.0,13.78,5005.0
2006-12-31,NASDAQ,2834.07,2847.13,2884.63,2793.92,620122575.0,5.4,9.45,8.79,4.9,66.0,13259.0,2246.0,1.13,94.86,130.58,2377.05,269.91,2913.0,1.5,40.0,13.78,5005.0
2007-01-01,NASDAQ,2834.07,2847.13,2884.63,2793.92,620122575.0,5.4,9.45,8.79,4.9,66.0,13259.0,2246.0,1.13,94.86,130.58,2377.05,269.91,2913.0,1.5,40.0,13.78,5005.0
2007-01-02,NASDAQ,2834.07,2847.13,2884.63,2793.92,620122575.0,5.4,9.45,8.79,4.9,66.0,13259.0,2246.0,1.13,94.86,130.58,2377.05,269.91,2913.0,1.5,40.0,13.78,5005.0
2007-01-03,NASDAQ,4726.96,4729.82,4745.31,4722.42,745819090.0,8.22,9.89,10.26,7.67,69.0,29089.0,541.0,0.97,144.49,82.31,1440.55,181.6,2076.0,8.83,2.0,81.7,3580.0
2007-01-04,NASDAQ,4726.96,4729.82,4745.31,4722.42,745819090.0,8.22,9.89,10.26,7.67,69.0,29089.0,541.0,0.97,144.49,82.31,1440.55,181.6,2076.0,8.83,2.0,81.7,3580.0
2007-01-05,NASDAQ,3880.63,3904.18,3910.07,3877.44,756877873.0,-0.85,0.49,9.75,9.52,79.0,9971.0,1762.0,1.03,102.14,109.94,1058.17,358.54,3113.0,9.93,9.0,14.32,8591.0
2007-01-06,NASDAQ,3880.63,3904.18,3910.07,3877.44,756877873.0,-0.85,0.49,9.75,9.52,79.0,9971.0,1762.0,1.03,102.14,109.94,1058.17,358.54,3113.0,9.93,9.0,14.32,8591.0
2007-01-07,NASDAQ,3880.63,3904.18,3910.07,3877.44,756877873.0,-0.85,0.49,9.75,9.52,79.0,9971.0,1762.0,1.03,102.14,109.94,1058.17,358.54,3113.0,9.93,9.0,14.32,8591.0
2007-01-08,NASDAQ,3880.63,3904.18,3910.07,3877.44,756877873.0,-0.85,0.49,9.75,9.52,79.0,9971.0,1762.0,1.03,102.14,109.94,1058.17,358.54,3113.0,9.93,9.0,14.32,8591.0
2007-01-09,NASDAQ,3880.63,3904.18,3910.07,3877.44,756877873.0,-0.85,0.49,9.75,9.52,79.0,9971.0,1762.0,1.03,102.14,109.94,1058.17,358.54,3113.0,9.93,9.0,14.32,8591.0
2007-01-10,NASDAQ,3880.63,3904.18,3910.07,3877.44,756877873.0,-0.85,0.49,9.75,9.52,79.0,9971.0,1762.0,1.03,102.14,109.94,1058.17,358.54,3113.0,9.93,9.0,14.32,8591.0
2007-01-11,NASDAQ,2024.77,2066.76,2109.27,2013.43,891321824.0,-4.43,0.64,7.8,1.06,95.0,11373.0,1996.0,1.06,103.96,84.78,1621.92,275.09,9405.0,3.16,10.0,80.69,4865.0
2007-01-12,NASDAQ,1882.6,1838.12,1904.3,1815.33,311068507.0,-1.87,2.9,3.06,7.91,56.0,5017.0,1189.0,1.28,146.6,129.33,2022.48,449.92,4260.0,1.11,5.0,74.64,11828.0
2007-01-13,NASDAQ,1882.6,1838.12,1904.3,1815.33,311068507.0,-1.87,2.9,3.06,7.91,56.0,5017.0,1189.0,1.28,146.6,129.33,2022.48,449.92,4260.0,1.11,5.0,74.64,11828.0
2007-01-14,NASDAQ,1882.6,1838.12,1904.3,1815.33,311068507.0,-1.87,2.9,3.06,7.91,56.0,5017.0,1189.0,1.28,146.6,129.33,2022.48,449.92,4260.0,1.11,5.0,74.64,11828.0
2007-01-15,NASDAQ,3000.23,2986.95,3031.73,2979.69,916533566.0,-4.01,5.08,2.63,3.14,96.0,14494.0,692.0,1.16,147.97,79.7,1715.74,312.5,7865.0,9.31,24.0,7.97,12737.0
2007-01-16,NASDAQ,3000.23,2986.95,3031.73,2979.69,916533566.0,-4.01,5.08,2.63,3.14,96.0,14494.0,692.0,1.16,147.97,79.7,1715.74,312.5,7865.0,9.31,24.0,7.97,12737.0
2007-01-17,NASDAQ,3000.23,2986.95,3031.73,2979.69,916533566.0,-4.01,5.08,2.63,3.14,96.0,14494.0,692.0,1.16,147.97,79.7,1715.74,312.5,7865.0,9.31,24.0,7.97,12737.0
2007-01-18,NASDAQ,4032.16,4056.79,4074.5,4005.82,824866058.0,8.71,9.34,10.43,9.04,92.0,12218.0,4593.0,1.1,144.28,108.94,1540.33,220.69,8661.0,2.05,23.0,4.94,6816.0
2007-01-19,NASDAQ,4040.02,3990.86,4085.32,3963.97,656079301.0,0.52,3.11,9.41,3.34,108.0,15841.0,4664.0,1.22,146.06,130.62,2009.51,439.55,4627.0,6.94,15.0,30.67,5726.0
2007-01-20,NASDAQ,4040.02,3990.86,4085.32,3963.97,656079301.0,0.52,3.11,9.41,3.34,108.0,15841.0,4664.0,1.22,146.06,130.62,2009.51,439.55,4627.0,6.94,15.0,30.67,5726.0
2007-01-21,NASDAQ,4040.02,3990.86,4085.32,3963.97,656079301.0,0.52,3.11,9.41,3.34,108.0,15841.0,4664.0,1.22,146.06,130.62,2009.51,439.55,4627.0,6.94,15.0,30.67,5726.0
2007-01-22,NASDAQ,4040.02,3990.86,4085.32,3963.97,656079301.0,0.52,3.11,9.41,3.34,108.0,15841.0,4664.0,1.22,146.06,130.62,2009.51,439.55,4627.0,6.94,15.0,30.67,5726.0
2007-01-23,NASDAQ,4040.02,3990.86,4085.32,3963.97,656079301.0,0.52,3.11,9.41,3.34,108.0,15841.0,4664.0,1.22,146.06,130.62,2009.51,439.55,4627.0,6.94,15.0,30.67,5726.0
2007-01-24,NASDAQ,4040.02,3990.86,4085.32,3963.97,656079301.0,0.52,3.11,9.41,3.34,108.0,15841.0,4664.0,1.22,146.06,130.62,2009.51,439.55,4627.0,6.94,15.0,30.67,5726.0
2007-01-25,NASDAQ,4040.02,3990.86,4085.32,3963.97,656079301.0,0.52,3.11,9.41,3.34,108.0,15841.0,4664.0,1.22,146.06,130.62,2009.51,439.55,4627.0,6.94,15.0,30.67,5726.0
2007-01-26,NASDAQ,2213.54,2202.97,2263.08,2196.31,931259303.0,6.37,7.58,8.91,1.73,80.0,16862.0,350.0,1.1,142.18,59.99,2130.09,306.16,8136.0,4.41,41.0,68.58,10187.0
2007-01-27,NASDAQ,4127.56,4077.690000000001,4151.17,4067.480000000001,531516143.0,5.06,7.23,2.71,4.65,114.0,3591.0,1193.0,1.01,143.81,62.23,1243.62,237.35,6665.0,2.08,49.0,76.0,1919.0
2007-01-28,NASDAQ,4127.56,4077.690000000001,4151.17,4067.480000000001,531516143.0,5.06,7.23,2.71,4.65,114.0,3591.0,1193.0,1.01,143.81,62.23,1243.62,237.35,6665.0,2.08,49.0,76.0,1919.0
2007-01-29,NASDAQ,3766.62,3770.08,3796.57,3751.85,567461844.0,8.36,0.22,12.3,4.37,68.0,7597.0,1508.0,1.46,87.85,131.07,2434.39,100.13,4549.0,6.14,10.0,91.01,10457.0
2007-01-30,NASDAQ,4862.56,4880.070000000001,4896.160000000001,4861.490000000001,643517024.0,4.34,5.94,3.94,1.06,118.0,20446.0,1581.0,1.05,86.69,128.9,1966.11,255.35,9970.0,5.12,13.0,36.64,8928.0
2007-01-31,NASDAQ,4862.56,4880.070000000001,4896.160000000001,4861.490000000001,643517024.0,4.34,5.94,3.94,1.06,118.0,20446.0,1581.0,1.05,86.69,128.9,1966.11,255.35,9970.0,5.12,13.0,36.64,8928.0
2007-02-01,NASDAQ,1522.87,1545.9399999999998,1590.7199999999998,1514.38,327304439.0,7.29,5.84,11.58,5.28,98.0,5401.0,1198.0,1.02,100.49,80.69,1906.7,118.68,4488.0,6.62,15.0,72.79,4417.0
2007-02-02,NASDAQ,1522.87,1545.9399999999998,1590.7199999999998,1514.38,327304439.0,7.29,5.84,11.58,5.28,98.0,5401.0,1198.0,1.02,100.49,80.69,1906.7,118.68,4488.0,6.62,15.0,72.79,4417.0
2007-02-03,NASDAQ,1522.87,1545.9399999999998,1590.7199999999998,1514.38,327304439.0,7.29,5.84,11.58,5.28,98.0,5401.0,1198.0,1.02,100.49,80.69,1906.7,118.68,4488.0,6.62,15.0,72.79,4417.0
2007-02-04,NASDAQ,1522.87,1545.9399999999998,1590.7199999999998,1514.38,327304439.0,7.29,5.84,11.58,5.28,98.0,5401.0,1198.0,1.02,100.49,80.69,1906.7,118.68,4488.0,6.62,15.0,72.79,4417.0
2007-02-05,NASDAQ,1522.87,1545.9399999999998,1590.7199999999998,1514.38,327304439.0,7.29,5.84,11.58,5.28,98.0,5401.0,1198.0,1.02,100.49,80.69,1906.7,118.68,4488.0,6.62,15.0,72.79,4417.0
2007-02-06,NASDAQ,1522.87,1545.9399999999998,1590.7199999999998,1514.38,327304439.0,7.29,5.84,11.58,5.28,98.0,5401.0,1198.0,1.02,100.49,80.69,1906.7,118.68,4488.0,6.62,15.0,72.79,4417.0
2007-02-07,NASDAQ,1522.87,1545.9399999999998,1590.7199999999998,1514.38,327304439.0,7.29,5.84,11.58,5.28,98.0,5401.0,1198.0,1.02,100.49,80.69,1906.7,118.68,4488.0,6.62,15.0,72.79,4417.0
2007-02-08,NASDAQ,1522.87,1545.9399999999998,1590.7199999999998,1514.38,327304439.0,7.29,5.84,11.58,5.28,98.0,5401.0,1198.0,1.02,100.49,80.69,1906.7,118.68,4488.0,6.62,15.0,72.79,4417.0
2007-02-09,NASDAQ,1522.87,1545.9399999999998,1590.7199999999998,1514.38,327304439.0,7.29,5.84,11.58,5.28,98.0,5401.0,1198.0,1.02,100.49,80.69,1906.7,118.68,4488.0,6.62,15.0,72.79,4417.0
2007-02-10,NASDAQ,1522.87,1545.9399999999998,1590.7199999999998,1514.38,327304439.0,7.29,5.84,11.58,5.28,98.0,5401.0,1198.0,1.02,100.49,80.69,1906.7,118.68,4488.0,6.62,15.0,72.79,4417.0
2007-02-11,NASDAQ,1522.87,1545.9399999999998,1590.7199999999998,1514.38,327304439.0,7.29,5.84,11.58,5.28,98.0,5401.0,1198.0,1.02,100.49,80.69,1906.7,118.68,4488.0,6.62,15.0,72.79,4417.0
2007-02-12,NASDAQ,2621.3,2671.04,2675.59,2618.69,225288863.0,5.33,6.11,13.55,2.03,108.0,14512.0,905.0,1.29,100.72,39.0,1111.91,498.25,8733.0,6.07,23.0,76.26,9972.0
2007-02-13,NASDAQ,2076.65,2054.76,2100.35,2007.8,153434536.0,-0.11,1.11,9.45,8.45,101.0,20699.0,1633.0,1.32,96.59,56.17,2057.65,466.45,2755.0,0.12,4.0,2.72,7379.0
2007-02-14,NASDAQ,2076.65,2054.76,2100.35,2007.8,153434536.0,-0.11,1.11,9.45,8.45,101.0,20699.0,1633.0,1.32,96.59,56.17,2057.65,466.45,2755.0,0.12,4.0,2.72,7379.0
2007-02-15,NASDAQ,2076.65,2054.76,2100.35,2007.8,153434536.0,-0.11,1.11,9.45,8.45,101.0,20699.0,1633.0,1.32,96.59,56.17,2057.65,466.45,2755.0,0.12,4.0,2.72,7379.0
2007-02-16,NASDAQ,2076.65,2054.76,2100.35,2007.8,153434536.0,-0.11,1.11,9.45,8.45,101.0,20699.0,1633.0,1.32,96.59,56.17,2057.65,466.45,2755.0,0.12,4.0,2.72,7379.0
2007-02-17,NASDAQ,2076.65,2054.76,2100.35,2007.8,153434536.0,-0.11,1.11,9.45,8.45,101.0,20699.0,1633.0,1.32,96.59,56.17,2057.65,466.45,2755.0,0.12,4.0,2.72,7379.0
2007-02-18,NASDAQ,2076.65,2054.76,2100.35,2007.8,153434536.0,-0.11,1.11,9.45,8.45,101.0,20699.0,1633.0,1.32,96.59,56.17,2057.65,466.45,2755.0,0.12,4.0,2.72,7379.0
2007-02-19,NASDAQ,2076.65,2054.76,2100.35,2007.8,153434536.0,-0.11,1.11,9.45,8.45,101.0,20699.0,1633.0,1.32,96.59,56.17,2057.65,466.45,2755.0,0.12,4.0,2.72,7379.0
2007-02-20,NASDAQ,2076.65,2054.76,2100.35,2007.8,153434536.0,-0.11,1.11,9.45,8.45,101.0,20699.0,1633.0,1.32,96.59,56.17,2057.65,466.45,2755.0,0.12,4.0,2.72,7379.0
2007-02-21,NASDAQ,2076.65,2054.76,2100.35,2007.8,153434536.0,-0.11,1.11,9.45,8.45,101.0,20699.0,1633.0,1.32,96.59,56.17,2057.65,466.45,2755.0,0.12,4.0,2.72,7379.0
2007-02-22,NASDAQ,4825.17,4808.82,4862.59,4797.4,841847689.0,-2.42,2.51,8.36,0.91,87.0,1768.0,248.0,1.22,145.65,83.41,2407.52,162.25,2125.0,0.9,18.0,5.55,13160.0
2007-02-23,NASDAQ,4825.17,4808.82,4862.59,4797.4,841847689.0,-2.42,2.51,8.36,0.91,87.0,1768.0,248.0,1.22,145.65,83.41,2407.52,162.25,2125.0,0.9,18.0,5.55,13160.0
2007-02-24,NASDAQ,2356.96,2338.28,2383.79,2310.4100000000003,783895862.0,6.01,4.51,10.69,3.58,83.0,11781.0,2375.0,1.16,127.53,77.52,2472.47,331.5,4877.0,6.14,41.0,91.82,13975.0
2007-02-25,NASDAQ,2356.96,2338.28,2383.79,2310.4100000000003,783895862.0,6.01,4.51,10.69,3.58,83.0,11781.0,2375.0,1.16,127.53,77.52,2472.47,331.5,4877.0,6.14,41.0,91.82,13975.0
2007-02-26,NASDAQ,2356.96,2338.28,2383.79,2310.4100000000003,783895862.0,6.01,4.51,10.69,3.58,83.0,11781.0,2375.0,1.16,127.53,77.52,2472.47,331.5,4877.0,6.14,41.0,91.82,13975.0
2007-02-27,NASDAQ,2356.96,2338.28,2383.79,2310.4100000000003,783895862.0,6.01,4.51,10.69,3.58,83.0,11781.0,2375.0,1.16,127.53,77.52,2472.47,331.5,4877.0,6.14,41.0,91.82,13975.0
2007-02-28,NASDAQ,1994.16,1968.69,2013.64,1944.23,452960974.0,-2.11,4.38,4.6,1.08,81.0,3048.0,1012.0,1.12,105.98,133.43,1350.98,497.8,9081.0,5.99,25.0,63.7,3302.0
2007-03-01,NASDAQ,1994.16,1968.69,2013.64,1944.23,452960974.0,-2.11,4.38,4.6,1.08,81.0,3048.0,1012.0,1.12,105.98,133.43,1350.98,497.8,9081.0,5.99,25.0,63.7,3302.0
2007-03-02,NASDAQ,1994.16,1968.69,2013.64,1944.23,452960974.0,-2.11,4.38,4.6,1.08,81.0,3048.0,1012.0,1.12,105.98,133.43,1350.98,497.8,9081.0,5.99,25.0,63.7,3302.0
2007-03-03,NASDAQ,1994.16,1968.69,2013.64,1944.23,452960974.0,-2.11,4.38,4.6,1.08,81.0,3048.0,1012.0,1.12,105.98,133.43,1350.98,497.8,9081.0,5.99,25.0,63.7,3302.0
2007-03-04,NASDAQ,1994.16,1968.69,2013.64,1944.23,452960974.0,-2.11,4.38,4.6,1.08,81.0,3048.0,1012.0,1.12,105.98,133.43,1350.98,497.8,9081.0,5.99,25.0,63.7,3302.0
2007-03-05,NASDAQ,4434.79,4428.59,4443.43,4426.91,258706010.0,5.75,2.02,14.5,4.24,96.0,6922.0,4671.0,1.18,135.57,129.42,828.23,299.94,8040.0,0.59,44.0,18.93,9621.0
2007-03-06,NASDAQ,4428.92,4465.02,4482.900000000001,4404.77,457260853.0,-0.5,6.9,11.94,9.43,82.0,6346.0,647.0,0.83,115.95,43.57,2444.97,246.72,7281.0,8.99,21.0,84.21,12804.0
2007-03-07,NASDAQ,4428.92,4465.02,4482.900000000001,4404.77,457260853.0,-0.5,6.9,11.94,9.43,82.0,6346.0,647.0,0.83,115.95,43.57,2444.97,246.72,7281.0,8.99,21.0,84.21,12804.0
2007-03-08,NASDAQ,4428.92,4465.02,4482.900000000001,4404.77,457260853.0,-0.5,6.9,11.94,9.43,82.0,6346.0,647.0,0.83,115.95,43.57,2444.97,246.72,7281.0,8.99,21.0,84.21,12804.0
2007-03-09,NASDAQ,4428.92,4465.02,4482.900000000001,4404.77,457260853.0,-0.5,6.9,11.94,9.43,82.0,6346.0,647.0,0.83,115.95,43.57,2444.97,246.72,7281.0,8.99,21.0,84.21,12804.0
2007-03-10,NASDAQ,4780.1,4781.4400000000005,4829.55,4757.400000000001,572026452.0,3.89,8.35,7.92,0.5,100.0,12346.0,834.0,1.46,109.05,78.81,1617.76,221.2,8318.0,9.64,22.0,9.5,10967.0
2007-03-11,NASDAQ,4780.1,4781.4400000000005,4829.55,4757.400000000001,572026452.0,3.89,8.35,7.92,0.5,100.0,12346.0,834.0,1.46,109.05,78.81,1617.76,221.2,8318.0,9.64,22.0,9.5,10967.0
2007-03-12,NASDAQ,2326.47,2365.44,2407.3499999999995,2301.61,247413981.0,-4.69,0.11,7.34,1.28,56.0,5907.0,2928.0,0.82,96.29,42.53,1677.75,254.08,5603.0,7.09,47.0,59.22,3547.0
2007-03-13,NASDAQ,2326.47,2365.44,2407.3499999999995,2301.61,247413981.0,-4.69,0.11,7.34,1.28,56.0,5907.0,2928.0,0.82,96.29,42.53,1677.75,254.08,5603.0,7.09,47.0,59.22,3547.0
2007-03-14,NASDAQ,3582.9,3623.02,3633.44,3538.26,825601607.0,-0.64,4.99,7.03,1.74,60.0,5267.0,2435.0,0.96,149.24,125.04,2252.11,367.27,6563.0,0.43,31.0,15.92,10078.0
2007-03-15,NASDAQ,3042.28,3067.3500000000004,3093.5800000000004,2992.36,445297687.0,4.9,9.49,8.86,6.25,111.0,29972.0,2024.0,1.21,147.87,128.82,1351.02,445.59,4414.0,3.84,10.0,70.36,9940.0
2007-03-16,NASDAQ,3042.28,3067.3500000000004,3093.5800000000004,2992.36,445297687.0,4.9,9.49,8.86,6.25,111.0,29972.0,2024.0,1.21,147.87,128.82,1351.02,445.59,4414.0,3.84,10.0,70.36,9940.0
2007-03-17,NASDAQ,3042.28,3067.3500000000004,3093.5800000000004,2992.36,445297687.0,4.9,9.49,8.86,6.25,111.0,29972.0,2024.0,1.21,147.87,128.82,1351.02,445.59,4414.0,3.84,10.0,70.36,9940.0
2007-03-18,NASDAQ,4209.58,4192.14,4220.57,4184.96,651610742.0,-3.2,1.85,6.66,4.53,95.0,19303.0,2846.0,1.25,137.9,31.86,1800.61,116.58,1293.0,8.12,34.0,93.17,8746.0
2007-03-19,NASDAQ,4445.67,4494.03,4512.45,4412.62,187917774.0,-1.83,1.63,11.32,7.91,119.0,11471.0,4876.0,1.27,130.81,145.69,889.03,458.01,9728.0,8.57,46.0,25.55,12058.0
2007-03-20,NASDAQ,4445.67,4494.03,4512.45,4412.62,187917774.0,-1.83,1.63,11.32,7.91,119.0,11471.0,4876.0,1.27,130.81,145.69,889.03,458.01,9728.0,8.57,46.0,25.55,12058.0
2007-03-21,NASDAQ,4445.67,4494.03,4512.45,4412.62,187917774.0,-1.83,1.63,11.32,7.91,119.0,11471.0,4876.0,1.27,130.81,145.69,889.03,458.01,9728.0,8.57,46.0,25.55,12058.0
2007-03-22,NASDAQ,2315.29,2297.95,2337.49,2260.36,560913513.0,5.07,1.27,7.01,1.26,107.0,15020.0,4588.0,1.48,97.51,100.84,2163.92,469.52,3287.0,5.16,49.0,49.06,11512.0
2007-03-23,NASDAQ,2315.29,2297.95,2337.49,2260.36,560913513.0,5.07,1.27,7.01,1.26,107.0,15020.0,4588.0,1.48,97.51,100.84,2163.92,469.52,3287.0,5.16,49.0,49.06,11512.0
2007-03-24,NASDAQ,4007.3,3962.93,4044.84,3932.29,429951663.0,7.47,2.48,12.67,2.02,53.0,16291.0,3000.0,0.84,132.41,146.58,2419.01,255.74,2098.0,7.28,22.0,27.89,5876.0
2007-03-25,NASDAQ,4007.3,3962.93,4044.84,3932.29,429951663.0,7.47,2.48,12.67,2.02,53.0,16291.0,3000.0,0.84,132.41,146.58,2419.01,255.74,2098.0,7.28,22.0,27.89,5876.0
2007-03-26,NASDAQ,4007.3,3962.93,4044.84,3932.29,429951663.0,7.47,2.48,12.67,2.02,53.0,16291.0,3000.0,0.84,132.41,146.58,2419.01,255.74,2098.0,7.28,22.0,27.89,5876.0
2007-03-27,NASDAQ,4007.3,3962.93,4044.84,3932.29,429951663.0,7.47,2.48,12.67,2.02,53.0,16291.0,3000.0,0.84,132.41,146.58,2419.01,255.74,2098.0,7.28,22.0,27.89,5876.0
2007-03-28,NASDAQ,4007.3,3962.93,4044.84,3932.29,429951663.0,7.47,2.48,12.67,2.02,53.0,16291.0,3000.0,0.84,132.41,146.58,2419.01,255.74,2098.0,7.28,22.0,27.89,5876.0
2007-03-29,NASDAQ,4007.3,3962.93,4044.84,3932.29,429951663.0,7.47,2.48,12.67,2.02,53.0,16291.0,3000.0,0.84,132.41,146.58,2419.01,255.74,2098.0,7.28,22.0,27.89,5876.0
2007-03-30,NASDAQ,3820.16,3786.63,3830.88,3754.43,840241245.0,1.13,1.24,9.32,4.35,117.0,10723.0,1479.0,1.43,127.74,65.45,1705.09,158.96,2001.0,5.32,14.0,98.31,347.0
2007-03-31,NASDAQ,3967.91,3986.82,3990.53,3937.27,900326412.0,-0.48,3.73,6.29,1.63,94.0,24495.0,4345.0,1.31,131.07,31.37,1694.24,279.87,5954.0,6.28,4.0,84.65,12051.0
2007-04-01,NASDAQ,3967.91,3986.82,3990.53,3937.27,900326412.0,-0.48,3.73,6.29,1.63,94.0,24495.0,4345.0,1.31,131.07,31.37,1694.24,279.87,5954.0,6.28,4.0,84.65,12051.0
2007-04-02,NASDAQ,3967.91,3986.82,3990.53,3937.27,900326412.0,-0.48,3.73,6.29,1.63,94.0,24495.0,4345.0,1.31,131.07,31.37,1694.24,279.87,5954.0,6.28,4.0,84.65,12051.0
2007-04-03,NASDAQ,3967.91,3986.82,3990.53,3937.27,900326412.0,-0.48,3.73,6.29,1.63,94.0,24495.0,4345.0,1.31,131.07,31.37,1694.24,279.87,5954.0,6.28,4.0,84.65,12051.0
2007-04-04,NASDAQ,1675.43,1684.61,1718.5800000000002,1641.34,281021217.0,6.82,6.99,7.95,2.13,116.0,16184.0,4462.0,1.07,115.87,101.67,977.18,308.86,3123.0,4.37,32.0,88.29,10230.0
2007-04-05,NASDAQ,1675.43,1684.61,1718.5800000000002,1641.34,281021217.0,6.82,6.99,7.95,2.13,116.0,16184.0,4462.0,1.07,115.87,101.67,977.18,308.86,3123.0,4.37,32.0,88.29,10230.0
2007-04-06,NASDAQ,1675.43,1684.61,1718.5800000000002,1641.34,281021217.0,6.82,6.99,7.95,2.13,116.0,16184.0,4462.0,1.07,115.87,101.67,977.18,308.86,3123.0,4.37,32.0,88.29,10230.0
2007-04-07,NASDAQ,1675.43,1684.61,1718.5800000000002,1641.34,281021217.0,6.82,6.99,7.95,2.13,116.0,16184.0,4462.0,1.07,115.87,101.67,977.18,308.86,3123.0,4.37,32.0,88.29,10230.0
2007-04-08,NASDAQ,1675.43,1684.61,1718.5800000000002,1641.34,281021217.0,6.82,6.99,7.95,2.13,116.0,16184.0,4462.0,1.07,115.87,101.67,977.18,308.86,3123.0,4.37,32.0,88.29,10230.0
2007-04-09,NASDAQ,1675.43,1684.61,1718.5800000000002,1641.34,281021217.0,6.82,6.99,7.95,2.13,116.0,16184.0,4462.0,1.07,115.87,101.67,977.18,308.86,3123.0,4.37,32.0,88.29,10230.0
2007-04-10,NASDAQ,1675.43,1684.61,1718.5800000000002,1641.34,281021217.0,6.82,6.99,7.95,2.13,116.0,16184.0,4462.0,1.07,115.87,101.67,977.18,308.86,3123.0,4.37,32.0,88.29,10230.0
2007-04-11,NASDAQ,1675.43,1684.61,1718.5800000000002,1641.34,281021217.0,6.82,6.99,7.95,2.13,116.0,16184.0,4462.0,1.07,115.87,101.67,977.18,308.86,3123.0,4.37,32.0,88.29,10230.0
2007-04-12,NASDAQ,1675.43,1684.61,1718.5800000000002,1641.34,281021217.0,6.82,6.99,7.95,2.13,116.0,16184.0,4462.0,1.07,115.87,101.67,977.18,308.86,3123.0,4.37,32.0,88.29,10230.0
2007-04-13,NASDAQ,1675.43,1684.61,1718.5800000000002,1641.34,281021217.0,6.82,6.99,7.95,2.13,116.0,16184.0,4462.0,1.07,115.87,101.67,977.18,308.86,3123.0,4.37,32.0,88.29,10230.0
2007-04-14,NASDAQ,1675.43,1684.61,1718.5800000000002,1641.34,281021217.0,6.82,6.99,7.95,2.13,116.0,16184.0,4462.0,1.07,115.87,101.67,977.18,308.86,3123.0,4.37,32.0,88.29,10230.0
2007-04-15,NASDAQ,3044.45,2998.29,3067.98,2959.65,177076080.0,-2.76,5.49,7.96,3.51,97.0,7930.0,3329.0,1.03,109.83,47.63,2039.92,472.89,5444.0,8.46,40.0,83.98,8624.0
2007-04-16,NASDAQ,3417.25,3429.4,3431.8,3404.77,985029250.0,0.19,5.95,4.12,4.36,81.0,27032.0,4229.0,0.87,101.82,91.01,1500.98,104.14,680.0,5.31,26.0,40.78,2443.0
2007-04-17,NASDAQ,2843.59,2871.38,2915.48,2813.1400000000003,560624421.0,-4.36,2.08,5.28,9.25,119.0,12179.0,2948.0,1.19,86.03,83.54,1412.54,246.88,9837.0,1.73,35.0,51.41,8732.0
2007-04-18,NASDAQ,4314.84,4314.88,4337.1,4280.45,411180566.0,5.79,2.08,6.78,1.27,84.0,18575.0,3677.0,1.08,144.68,86.62,817.76,440.97,5998.0,2.48,33.0,45.69,7022.0
2007-04-19,NASDAQ,4314.84,4314.88,4337.1,4280.45,411180566.0,5.79,2.08,6.78,1.27,84.0,18575.0,3677.0,1.08,144.68,86.62,817.76,440.97,5998.0,2.48,33.0,45.69,7022.0
2007-04-20,NASDAQ,4314.84,4314.88,4337.1,4280.45,411180566.0,5.79,2.08,6.78,1.27,84.0,18575.0,3677.0,1.08,144.68,86.62,817.76,440.97,5998.0,2.48,33.0,45.69,7022.0
2007-04-21,NASDAQ,4314.84,4314.88,4337.1,4280.45,411180566.0,5.79,2.08,6.78,1.27,84.0,18575.0,3677.0,1.08,144.68,86.62,817.76,440.97,5998.0,2.48,33.0,45.69,7022.0
2007-04-22,NASDAQ,4314.84,4314.88,4337.1,4280.45,411180566.0,5.79,2.08,6.78,1.27,84.0,18575.0,3677.0,1.08,144.68,86.62,817.76,440.97,5998.0,2.48,33.0,45.69,7022.0
2007-04-23,NASDAQ,3684.05,3721.15,3756.38,3639.25,610109575.0,7.85,2.96,7.23,0.87,65.0,29341.0,1316.0,1.46,83.63,85.91,1462.93,398.34,7357.0,1.11,27.0,37.0,5806.0
2007-04-24,NASDAQ,3788.1,3772.33,3793.06,3729.25,260269328.0,3.28,9.12,7.38,9.49,101.0,27159.0,3639.0,1.41,99.04,91.25,1589.02,161.62,5184.0,2.55,47.0,39.9,7388.0
2007-04-25,NASDAQ,3788.1,3772.33,3793.06,3729.25,260269328.0,3.28,9.12,7.38,9.49,101.0,27159.0,3639.0,1.41,99.04,91.25,1589.02,161.62,5184.0,2.55,47.0,39.9,7388.0
2007-04-26,NASDAQ,4517.12,4523.26,4534.01,4515.82,205437647.0,9.61,3.95,9.25,6.18,55.0,6546.0,4832.0,0.91,144.43,139.53,2471.14,305.07,9607.0,5.09,48.0,90.74,11914.0
2007-04-27,NASDAQ,4517.12,4523.26,4534.01,4515.82,205437647.0,9.61,3.95,9.25,6.18,55.0,6546.0,4832.0,0.91,144.43,139.53,2471.14,305.07,9607.0,5.09,48.0,90.74,11914.0
2007-04-28,NASDAQ,4517.12,4523.26,4534.01,4515.82,205437647.0,9.61,3.95,9.25,6.18,55.0,6546.0,4832.0,0.91,144.43,139.53,2471.14,305.07,9607.0,5.09,48.0,90.74,11914.0
2007-04-29,NASDAQ,4517.12,4523.26,4534.01,4515.82,205437647.0,9.61,3.95,9.25,6.18,55.0,6546.0,4832.0,0.91,144.43,139.53,2471.14,305.07,9607.0,5.09,48.0,90.74,11914.0
2007-04-30,NASDAQ,4517.12,4523.26,4534.01,4515.82,205437647.0,9.61,3.95,9.25,6.18,55.0,6546.0,4832.0,0.91,144.43,139.53,2471.14,305.07,9607.0,5.09,48.0,90.74,11914.0
2007-05-01,NASDAQ,4517.12,4523.26,4534.01,4515.82,205437647.0,9.61,3.95,9.25,6.18,55.0,6546.0,4832.0,0.91,144.43,139.53,2471.14,305.07,9607.0,5.09,48.0,90.74,11914.0
2007-05-02,NASDAQ,4517.12,4523.26,4534.01,4515.82,205437647.0,9.61,3.95,9.25,6.18,55.0,6546.0,4832.0,0.91,144.43,139.53,2471.14,305.07,9607.0,5.09,48.0,90.74,11914.0
2007-05-03,NASDAQ,4517.12,4523.26,4534.01,4515.82,205437647.0,9.61,3.95,9.25,6.18,55.0,6546.0,4832.0,0.91,144.43,139.53,2471.14,305.07,9607.0,5.09,48.0,90.74,11914.0
2007-05-04,NASDAQ,3525.5,3480.84,3539.76,3465.08,483347315.0,4.89,2.76,11.46,7.15,74.0,21983.0,158.0,1.02,112.12,26.19,1906.59,454.92,8168.0,4.44,0.0,45.06,11322.0
2007-05-05,NASDAQ,3525.5,3480.84,3539.76,3465.08,483347315.0,4.89,2.76,11.46,7.15,74.0,21983.0,158.0,1.02,112.12,26.19,1906.59,454.92,8168.0,4.44,0.0,45.06,11322.0
2007-05-06,NASDAQ,3525.5,3480.84,3539.76,3465.08,483347315.0,4.89,2.76,11.46,7.15,74.0,21983.0,158.0,1.02,112.12,26.19,1906.59,454.92,8168.0,4.44,0.0,45.06,11322.0
2007-05-07,NASDAQ,4768.23,4779.719999999999,4792.089999999999,4726.049999999999,346441005.0,-2.78,4.34,10.68,8.62,83.0,15613.0,342.0,1.2,117.38,52.14,1496.4,419.12,5802.0,3.35,14.0,61.2,8395.0
2007-05-08,NASDAQ,2193.09,2191.33,2229.67,2165.72,62295595.0,6.18,4.11,12.43,1.33,65.0,21209.0,327.0,1.14,128.67,119.76,1233.19,158.49,6017.0,5.51,24.0,26.34,2395.0
2007-05-09,NASDAQ,4102.02,4061.39,4123.990000000001,4021.920000000001,831911141.0,4.54,5.04,14.64,1.53,85.0,13618.0,4713.0,1.4,107.46,73.82,2439.33,236.35,6351.0,1.65,42.0,23.8,9278.0
2007-05-10,NASDAQ,4102.02,4061.39,4123.990000000001,4021.920000000001,831911141.0,4.54,5.04,14.64,1.53,85.0,13618.0,4713.0,1.4,107.46,73.82,2439.33,236.35,6351.0,1.65,42.0,23.8,9278.0
2007-05-11,NASDAQ,4102.02,4061.39,4123.990000000001,4021.920000000001,831911141.0,4.54,5.04,14.64,1.53,85.0,13618.0,4713.0,1.4,107.46,73.82,2439.33,236.35,6351.0,1.65,42.0,23.8,9278.0
2007-05-12,NASDAQ,4102.02,4061.39,4123.990000000001,4021.920000000001,831911141.0,4.54,5.04,14.64,1.53,85.0,13618.0,4713.0,1.4,107.46,73.82,2439.33,236.35,6351.0,1.65,42.0,23.8,9278.0
2007-05-13,NASDAQ,3177.03,3157.65,3216.96,3143.1,149149886.0,1.3,1.01,8.89,9.63,91.0,27475.0,4953.0,1.19,86.13,49.34,2194.91,200.75,1599.0,3.18,38.0,82.3,10156.0
2007-05-14,NASDAQ,3177.03,3157.65,3216.96,3143.1,149149886.0,1.3,1.01,8.89,9.63,91.0,27475.0,4953.0,1.19,86.13,49.34,2194.91,200.75,1599.0,3.18,38.0,82.3,10156.0
2007-05-15,NASDAQ,2476.54,2433.78,2512.81,2409.26,326386081.0,2.56,1.2,3.22,9.08,93.0,14069.0,2268.0,1.08,119.27,63.09,2485.61,429.45,7058.0,7.87,38.0,46.98,5083.0
2007-05-16,NASDAQ,2476.54,2433.78,2512.81,2409.26,326386081.0,2.56,1.2,3.22,9.08,93.0,14069.0,2268.0,1.08,119.27,63.09,2485.61,429.45,7058.0,7.87,38.0,46.98,5083.0
2007-05-17,NASDAQ,2476.54,2433.78,2512.81,2409.26,326386081.0,2.56,1.2,3.22,9.08,93.0,14069.0,2268.0,1.08,119.27,63.09,2485.61,429.45,7058.0,7.87,38.0,46.98,5083.0
2007-05-18,NASDAQ,2476.54,2433.78,2512.81,2409.26,326386081.0,2.56,1.2,3.22,9.08,93.0,14069.0,2268.0,1.08,119.27,63.09,2485.61,429.45,7058.0,7.87,38.0,46.98,5083.0
2007-05-19,NASDAQ,2476.54,2433.78,2512.81,2409.26,326386081.0,2.56,1.2,3.22,9.08,93.0,14069.0,2268.0,1.08,119.27,63.09,2485.61,429.45,7058.0,7.87,38.0,46.98,5083.0
2007-05-20,NASDAQ,2476.54,2433.78,2512.81,2409.26,326386081.0,2.56,1.2,3.22,9.08,93.0,14069.0,2268.0,1.08,119.27,63.09,2485.61,429.45,7058.0,7.87,38.0,46.98,5083.0
2007-05-21,NASDAQ,2476.54,2433.78,2512.81,2409.26,326386081.0,2.56,1.2,3.22,9.08,93.0,14069.0,2268.0,1.08,119.27,63.09,2485.61,429.45,7058.0,7.87,38.0,46.98,5083.0
2007-05-22,NASDAQ,2476.54,2433.78,2512.81,2409.26,326386081.0,2.56,1.2,3.22,9.08,93.0,14069.0,2268.0,1.08,119.27,63.09,2485.61,429.45,7058.0,7.87,38.0,46.98,5083.0
2007-05-23,NASDAQ,2476.54,2433.78,2512.81,2409.26,326386081.0,2.56,1.2,3.22,9.08,93.0,14069.0,2268.0,1.08,119.27,63.09,2485.61,429.45,7058.0,7.87,38.0,46.98,5083.0
2007-05-24,NASDAQ,2476.54,2433.78,2512.81,2409.26,326386081.0,2.56,1.2,3.22,9.08,93.0,14069.0,2268.0,1.08,119.27,63.09,2485.61,429.45,7058.0,7.87,38.0,46.98,5083.0
2007-05-25,NASDAQ,2476.54,2433.78,2512.81,2409.26,326386081.0,2.56,1.2,3.22,9.08,93.0,14069.0,2268.0,1.08,119.27,63.09,2485.61,429.45,7058.0,7.87,38.0,46.98,5083.0
2007-05-26,NASDAQ,2476.54,2433.78,2512.81,2409.26,326386081.0,2.56,1.2,3.22,9.08,93.0,14069.0,2268.0,1.08,119.27,63.09,2485.61,429.45,7058.0,7.87,38.0,46.98,5083.0
2007-05-27,NASDAQ,2476.54,2433.78,2512.81,2409.26,326386081.0,2.56,1.2,3.22,9.08,93.0,14069.0,2268.0,1.08,119.27,63.09,2485.61,429.45,7058.0,7.87,38.0,46.98,5083.0
2007-05-28,NASDAQ,2476.54,2433.78,2512.81,2409.26,326386081.0,2.56,1.2,3.22,9.08,93.0,14069.0,2268.0,1.08,119.27,63.09,2485.61,429.45,7058.0,7.87,38.0,46.98,5083.0
2007-05-29,NASDAQ,2476.54,2433.78,2512.81,2409.26,326386081.0,2.56,1.2,3.22,9.08,93.0,14069.0,2268.0,1.08,119.27,63.09,2485.61,429.45,7058.0,7.87,38.0,46.98,5083.0
2007-05-30,NASDAQ,2476.54,2433.78,2512.81,2409.26,326386081.0,2.56,1.2,3.22,9.08,93.0,14069.0,2268.0,1.08,119.27,63.09,2485.61,429.45,7058.0,7.87,38.0,46.98,5083.0
2007-05-31,NASDAQ,2476.54,2433.78,2512.81,2409.26,326386081.0,2.56,1.2,3.22,9.08,93.0,14069.0,2268.0,1.08,119.27,63.09,2485.61,429.45,7058.0,7.87,38.0,46.98,5083.0
2007-06-01,NASDAQ,2476.54,2433.78,2512.81,2409.26,326386081.0,2.56,1.2,3.22,9.08,93.0,14069.0,2268.0,1.08,119.27,63.09,2485.61,429.45,7058.0,7.87,38.0,46.98,5083.0
2007-06-02,NASDAQ,2476.54,2433.78,2512.81,2409.26,326386081.0,2.56,1.2,3.22,9.08,93.0,14069.0,2268.0,1.08,119.27,63.09,2485.61,429.45,7058.0,7.87,38.0,46.98,5083.0
2007-06-03,NASDAQ,2476.54,2433.78,2512.81,2409.26,326386081.0,2.56,1.2,3.22,9.08,93.0,14069.0,2268.0,1.08,119.27,63.09,2485.61,429.45,7058.0,7.87,38.0,46.98,5083.0
2007-06-04,NASDAQ,2476.54,2433.78,2512.81,2409.26,326386081.0,2.56,1.2,3.22,9.08,93.0,14069.0,2268.0,1.08,119.27,63.09,2485.61,429.45,7058.0,7.87,38.0,46.98,5083.0
2007-06-05,NASDAQ,2476.54,2433.78,2512.81,2409.26,326386081.0,2.56,1.2,3.22,9.08,93.0,14069.0,2268.0,1.08,119.27,63.09,2485.61,429.45,7058.0,7.87,38.0,46.98,5083.0
2007-06-06,NASDAQ,2026.59,2000.3,2073.6,1961.03,729519676.0,-3.44,5.12,10.72,1.99,95.0,25927.0,534.0,0.97,87.85,108.89,1266.68,220.73,7082.0,7.95,46.0,97.15,353.0
2007-06-07,NASDAQ,2026.59,2000.3,2073.6,1961.03,729519676.0,-3.44,5.12,10.72,1.99,95.0,25927.0,534.0,0.97,87.85,108.89,1266.68,220.73,7082.0,7.95,46.0,97.15,353.0
2007-06-08,NASDAQ,3051.5,3008.74,3100.13,2999.27,872219987.0,6.69,4.04,6.1,1.17,86.0,8597.0,2389.0,1.4,84.91,145.87,1484.38,302.29,2946.0,2.01,1.0,56.36,13818.0
2007-06-09,NASDAQ,3051.5,3008.74,3100.13,2999.27,872219987.0,6.69,4.04,6.1,1.17,86.0,8597.0,2389.0,1.4,84.91,145.87,1484.38,302.29,2946.0,2.01,1.0,56.36,13818.0
2007-06-10,NASDAQ,3051.5,3008.74,3100.13,2999.27,872219987.0,6.69,4.04,6.1,1.17,86.0,8597.0,2389.0,1.4,84.91,145.87,1484.38,302.29,2946.0,2.01,1.0,56.36,13818.0
2007-06-11,NASDAQ,3051.5,3008.74,3100.13,2999.27,872219987.0,6.69,4.04,6.1,1.17,86.0,8597.0,2389.0,1.4,84.91,145.87,1484.38,302.29,2946.0,2.01,1.0,56.36,13818.0
2007-06-12,NASDAQ,3051.5,3008.74,3100.13,2999.27,872219987.0,6.69,4.04,6.1,1.17,86.0,8597.0,2389.0,1.4,84.91,145.87,1484.38,302.29,2946.0,2.01,1.0,56.36,13818.0
2007-06-13,NASDAQ,3051.5,3008.74,3100.13,2999.27,872219987.0,6.69,4.04,6.1,1.17,86.0,8597.0,2389.0,1.4,84.91,145.87,1484.38,302.29,2946.0,2.01,1.0,56.36,13818.0
2007-06-14,NASDAQ,3051.5,3008.74,3100.13,2999.27,872219987.0,6.69,4.04,6.1,1.17,86.0,8597.0,2389.0,1.4,84.91,145.87,1484.38,302.29,2946.0,2.01,1.0,56.36,13818.0
2007-06-15,NASDAQ,3051.5,3008.74,3100.13,2999.27,872219987.0,6.69,4.04,6.1,1.17,86.0,8597.0,2389.0,1.4,84.91,145.87,1484.38,302.29,2946.0,2.01,1.0,56.36,13818.0
2007-06-16,NASDAQ,1816.97,1767.5,1842.42,1756.42,170255864.0,0.76,0.54,10.23,5.11,60.0,26940.0,3787.0,0.89,82.46,101.93,1351.17,306.11,348.0,0.25,18.0,25.39,7569.0
2007-06-17,NASDAQ,1816.97,1767.5,1842.42,1756.42,170255864.0,0.76,0.54,10.23,5.11,60.0,26940.0,3787.0,0.89,82.46,101.93,1351.17,306.11,348.0,0.25,18.0,25.39,7569.0
2007-06-18,NASDAQ,1816.97,1767.5,1842.42,1756.42,170255864.0,0.76,0.54,10.23,5.11,60.0,26940.0,3787.0,0.89,82.46,101.93,1351.17,306.11,348.0,0.25,18.0,25.39,7569.0
2007-06-19,NASDAQ,1000.91,964.88,1020.64,917.17,595960527.0,2.02,6.33,5.73,2.29,54.0,6529.0,1843.0,1.22,111.42,140.62,1040.56,118.22,4870.0,5.87,22.0,95.98,7692.0
2007-06-20,NASDAQ,4660.01,4619.62,4678.63,4570.099999999999,949931289.0,7.15,5.52,12.01,5.13,110.0,29425.0,1029.0,1.1,118.85,138.71,1441.2,153.56,788.0,1.9,10.0,10.98,6731.0
2007-06-21,NASDAQ,4375.52,4367.9800000000005,4398.31,4327.6,637767926.0,6.51,5.86,7.72,9.25,53.0,23702.0,4031.0,0.9,80.43,51.52,1677.21,186.08,8259.0,4.98,23.0,16.48,2129.0
2007-06-22,NASDAQ,3969.17,4012.54,4021.39,3959.76,500061598.0,2.58,3.02,10.71,6.36,105.0,14841.0,1548.0,1.17,107.75,41.83,1713.64,339.07,1799.0,6.86,9.0,22.0,14110.0
2007-06-23,NASDAQ,3969.17,4012.54,4021.39,3959.76,500061598.0,2.58,3.02,10.71,6.36,105.0,14841.0,1548.0,1.17,107.75,41.83,1713.64,339.07,1799.0,6.86,9.0,22.0,14110.0
2007-06-24,NASDAQ,3969.17,4012.54,4021.39,3959.76,500061598.0,2.58,3.02,10.71,6.36,105.0,14841.0,1548.0,1.17,107.75,41.83,1713.64,339.07,1799.0,6.86,9.0,22.0,14110.0
2007-06-25,NASDAQ,3969.17,4012.54,4021.39,3959.76,500061598.0,2.58,3.02,10.71,6.36,105.0,14841.0,1548.0,1.17,107.75,41.83,1713.64,339.07,1799.0,6.86,9.0,22.0,14110.0
2007-06-26,NASDAQ,3969.17,4012.54,4021.39,3959.76,500061598.0,2.58,3.02,10.71,6.36,105.0,14841.0,1548.0,1.17,107.75,41.83,1713.64,339.07,1799.0,6.86,9.0,22.0,14110.0
2007-06-27,NASDAQ,3969.17,4012.54,4021.39,3959.76,500061598.0,2.58,3.02,10.71,6.36,105.0,14841.0,1548.0,1.17,107.75,41.83,1713.64,339.07,1799.0,6.86,9.0,22.0,14110.0
2007-06-28,NASDAQ,2722.14,2680.9,2740.35,2644.7000000000003,236104947.0,-0.99,1.93,4.25,3.16,54.0,4020.0,1813.0,1.29,123.61,115.79,2142.53,420.4,799.0,6.51,15.0,29.09,12940.0
2007-06-29,NASDAQ,2722.14,2680.9,2740.35,2644.7000000000003,236104947.0,-0.99,1.93,4.25,3.16,54.0,4020.0,1813.0,1.29,123.61,115.79,2142.53,420.4,799.0,6.51,15.0,29.09,12940.0
2007-06-30,NASDAQ,3049.57,3091.03,3129.84,3004.09,112879433.0,6.58,9.38,12.39,7.22,118.0,20586.0,3604.0,1.17,85.98,138.19,1359.47,182.52,685.0,8.29,25.0,78.05,3510.0
2007-07-01,NASDAQ,3049.57,3091.03,3129.84,3004.09,112879433.0,6.58,9.38,12.39,7.22,118.0,20586.0,3604.0,1.17,85.98,138.19,1359.47,182.52,685.0,8.29,25.0,78.05,3510.0
2007-07-02,NASDAQ,3049.57,3091.03,3129.84,3004.09,112879433.0,6.58,9.38,12.39,7.22,118.0,20586.0,3604.0,1.17,85.98,138.19,1359.47,182.52,685.0,8.29,25.0,78.05,3510.0
2007-07-03,NASDAQ,3485.32,3443.19,3495.0800000000004,3399.63,656942187.0,4.42,1.49,14.72,7.63,67.0,5610.0,4725.0,1.18,145.68,84.22,881.75,324.46,1551.0,9.12,15.0,63.31,10681.0
2007-07-04,NASDAQ,3874.87,3885.25,3893.52,3861.26,299533726.0,-2.83,7.37,11.32,6.89,107.0,14002.0,1519.0,0.81,149.25,39.07,923.35,329.93,410.0,1.67,21.0,21.02,246.0
2007-07-05,NASDAQ,3874.87,3885.25,3893.52,3861.26,299533726.0,-2.83,7.37,11.32,6.89,107.0,14002.0,1519.0,0.81,149.25,39.07,923.35,329.93,410.0,1.67,21.0,21.02,246.0
2007-07-06,NASDAQ,3874.87,3885.25,3893.52,3861.26,299533726.0,-2.83,7.37,11.32,6.89,107.0,14002.0,1519.0,0.81,149.25,39.07,923.35,329.93,410.0,1.67,21.0,21.02,246.0
2007-07-07,NASDAQ,3874.87,3885.25,3893.52,3861.26,299533726.0,-2.83,7.37,11.32,6.89,107.0,14002.0,1519.0,0.81,149.25,39.07,923.35,329.93,410.0,1.67,21.0,21.02,246.0
2007-07-08,NASDAQ,1930.91,1927.25,1953.49,1922.5,355154721.0,-4.82,5.58,12.98,4.15,104.0,28290.0,523.0,1.2,86.44,94.74,2478.09,464.64,9274.0,7.93,10.0,32.15,7036.0
2007-07-09,NASDAQ,1930.91,1927.25,1953.49,1922.5,355154721.0,-4.82,5.58,12.98,4.15,104.0,28290.0,523.0,1.2,86.44,94.74,2478.09,464.64,9274.0,7.93,10.0,32.15,7036.0
2007-07-10,NASDAQ,1759.5,1726.63,1803.36,1676.99,401499653.0,0.39,3.44,12.81,0.92,118.0,11979.0,3563.0,1.37,136.5,135.25,1211.08,423.51,8748.0,2.04,46.0,75.51,14179.0
2007-07-11,NASDAQ,1759.5,1726.63,1803.36,1676.99,401499653.0,0.39,3.44,12.81,0.92,118.0,11979.0,3563.0,1.37,136.5,135.25,1211.08,423.51,8748.0,2.04,46.0,75.51,14179.0
2007-07-12,NASDAQ,2567.24,2547.5,2589.79,2511.0,591471643.0,-0.16,4.55,10.32,9.6,56.0,19619.0,2815.0,0.88,84.27,41.08,1353.91,172.44,9941.0,0.29,25.0,40.03,4801.0
2007-07-13,NASDAQ,4209.61,4225.849999999999,4226.62,4198.96,875341690.0,-2.47,3.37,2.52,7.41,50.0,11215.0,3093.0,0.91,113.06,23.82,1270.65,148.14,6994.0,6.39,38.0,7.2,11739.0
2007-07-14,NASDAQ,4209.61,4225.849999999999,4226.62,4198.96,875341690.0,-2.47,3.37,2.52,7.41,50.0,11215.0,3093.0,0.91,113.06,23.82,1270.65,148.14,6994.0,6.39,38.0,7.2,11739.0
2007-07-15,NASDAQ,4209.61,4225.849999999999,4226.62,4198.96,875341690.0,-2.47,3.37,2.52,7.41,50.0,11215.0,3093.0,0.91,113.06,23.82,1270.65,148.14,6994.0,6.39,38.0,7.2,11739.0
2007-07-16,NASDAQ,3702.35,3665.17,3730.24,3652.73,456410225.0,0.01,6.74,2.32,6.38,112.0,1377.0,1970.0,1.37,122.01,39.76,1193.6,283.57,1682.0,6.37,29.0,73.49,12851.0
2007-07-17,NASDAQ,3035.58,3028.12,3068.15,3016.39,384459303.0,7.6,2.94,9.54,7.39,61.0,11396.0,2161.0,0.85,127.71,76.59,1841.33,239.88,6269.0,8.29,29.0,94.55,14859.0
2007-07-18,NASDAQ,3035.58,3028.12,3068.15,3016.39,384459303.0,7.6,2.94,9.54,7.39,61.0,11396.0,2161.0,0.85,127.71,76.59,1841.33,239.88,6269.0,8.29,29.0,94.55,14859.0
2007-07-19,NASDAQ,3035.58,3028.12,3068.15,3016.39,384459303.0,7.6,2.94,9.54,7.39,61.0,11396.0,2161.0,0.85,127.71,76.59,1841.33,239.88,6269.0,8.29,29.0,94.55,14859.0
2007-07-20,NASDAQ,3035.58,3028.12,3068.15,3016.39,384459303.0,7.6,2.94,9.54,7.39,61.0,11396.0,2161.0,0.85,127.71,76.59,1841.33,239.88,6269.0,8.29,29.0,94.55,14859.0
2007-07-21,NASDAQ,4112.19,4150.36,4187.889999999999,4071.17,406728886.0,9.19,0.78,11.28,4.34,54.0,4993.0,4380.0,1.01,143.36,72.87,1000.97,343.12,8436.0,0.95,36.0,31.41,9897.0
2007-07-22,NASDAQ,4112.19,4150.36,4187.889999999999,4071.17,406728886.0,9.19,0.78,11.28,4.34,54.0,4993.0,4380.0,1.01,143.36,72.87,1000.97,343.12,8436.0,0.95,36.0,31.41,9897.0
2007-07-23,NASDAQ,4955.36,4925.0,4990.849999999999,4901.77,820266741.0,9.84,6.39,11.32,2.56,119.0,6635.0,4281.0,0.95,115.5,109.55,2441.24,167.06,1166.0,4.93,25.0,52.57,497.0
2007-07-24,NASDAQ,4955.36,4925.0,4990.849999999999,4901.77,820266741.0,9.84,6.39,11.32,2.56,119.0,6635.0,4281.0,0.95,115.5,109.55,2441.24,167.06,1166.0,4.93,25.0,52.57,497.0
2007-07-25,NASDAQ,4955.36,4925.0,4990.849999999999,4901.77,820266741.0,9.84,6.39,11.32,2.56,119.0,6635.0,4281.0,0.95,115.5,109.55,2441.24,167.06,1166.0,4.93,25.0,52.57,497.0
2007-07-26,NASDAQ,4018.28,4007.43,4053.53,4004.64,280490665.0,4.94,6.46,2.2,8.51,67.0,19099.0,176.0,0.88,101.59,134.28,1453.89,129.33,7282.0,9.26,14.0,46.53,1566.0
2007-07-27,NASDAQ,4018.28,4007.43,4053.53,4004.64,280490665.0,4.94,6.46,2.2,8.51,67.0,19099.0,176.0,0.88,101.59,134.28,1453.89,129.33,7282.0,9.26,14.0,46.53,1566.0
2007-07-28,NASDAQ,4018.28,4007.43,4053.53,4004.64,280490665.0,4.94,6.46,2.2,8.51,67.0,19099.0,176.0,0.88,101.59,134.28,1453.89,129.33,7282.0,9.26,14.0,46.53,1566.0
2007-07-29,NASDAQ,4018.28,4007.43,4053.53,4004.64,280490665.0,4.94,6.46,2.2,8.51,67.0,19099.0,176.0,0.88,101.59,134.28,1453.89,129.33,7282.0,9.26,14.0,46.53,1566.0
2007-07-30,NASDAQ,4018.28,4007.43,4053.53,4004.64,280490665.0,4.94,6.46,2.2,8.51,67.0,19099.0,176.0,0.88,101.59,134.28,1453.89,129.33,7282.0,9.26,14.0,46.53,1566.0
2007-07-31,NASDAQ,1389.47,1377.27,1407.15,1347.65,165146929.0,3.02,5.65,8.9,2.75,101.0,25305.0,1116.0,1.06,121.67,143.59,2145.54,365.26,309.0,0.01,39.0,69.2,5186.0
2007-08-01,NASDAQ,3825.49,3785.78,3849.61,3747.84,401579390.0,0.68,5.52,11.8,9.26,96.0,29874.0,196.0,1.35,87.56,46.74,2415.78,276.34,4437.0,0.64,26.0,90.77,4785.0
2007-08-02,NASDAQ,3825.49,3785.78,3849.61,3747.84,401579390.0,0.68,5.52,11.8,9.26,96.0,29874.0,196.0,1.35,87.56,46.74,2415.78,276.34,4437.0,0.64,26.0,90.77,4785.0
2007-08-03,NASDAQ,1027.93,1028.3200000000002,1051.94,999.52,804685106.0,2.87,8.45,10.35,7.04,75.0,6787.0,1654.0,1.33,96.26,87.34,1290.16,488.89,6458.0,4.92,20.0,32.71,7714.0
2007-08-04,NASDAQ,2613.92,2634.8,2669.7200000000003,2573.21,174202562.0,-4.8,0.04,14.2,6.4,119.0,16777.0,1132.0,1.31,101.75,36.4,2125.17,240.34,9105.0,5.37,12.0,23.5,11284.0
2007-08-05,NASDAQ,1939.02,1913.91,1960.7,1875.5,884060492.0,6.04,5.2,14.77,4.69,92.0,18583.0,182.0,0.93,136.08,97.16,2235.77,221.22,7357.0,7.99,8.0,27.48,10302.0
2007-08-06,NASDAQ,1939.02,1913.91,1960.7,1875.5,884060492.0,6.04,5.2,14.77,4.69,92.0,18583.0,182.0,0.93,136.08,97.16,2235.77,221.22,7357.0,7.99,8.0,27.48,10302.0
2007-08-07,NASDAQ,1939.02,1913.91,1960.7,1875.5,884060492.0,6.04,5.2,14.77,4.69,92.0,18583.0,182.0,0.93,136.08,97.16,2235.77,221.22,7357.0,7.99,8.0,27.48,10302.0
2007-08-08,NASDAQ,4310.09,4262.66,4310.38,4215.78,227385880.0,9.35,0.43,11.17,8.79,115.0,14903.0,612.0,1.33,145.28,135.53,2041.56,209.1,3549.0,8.58,7.0,13.42,8599.0
2007-08-09,NASDAQ,4310.09,4262.66,4310.38,4215.78,227385880.0,9.35,0.43,11.17,8.79,115.0,14903.0,612.0,1.33,145.28,135.53,2041.56,209.1,3549.0,8.58,7.0,13.42,8599.0
2007-08-10,NASDAQ,4310.09,4262.66,4310.38,4215.78,227385880.0,9.35,0.43,11.17,8.79,115.0,14903.0,612.0,1.33,145.28,135.53,2041.56,209.1,3549.0,8.58,7.0,13.42,8599.0
2007-08-11,NASDAQ,4310.09,4262.66,4310.38,4215.78,227385880.0,9.35,0.43,11.17,8.79,115.0,14903.0,612.0,1.33,145.28,135.53,2041.56,209.1,3549.0,8.58,7.0,13.42,8599.0
2007-08-12,NASDAQ,1934.27,1936.09,1946.21,1899.41,602459830.0,4.05,1.53,2.07,4.18,54.0,7458.0,2660.0,1.33,118.15,127.03,1956.88,114.98,1795.0,1.38,28.0,69.89,8621.0
2007-08-13,NASDAQ,1272.75,1268.3,1320.7,1218.52,902058412.0,0.63,6.3,3.79,0.68,96.0,21156.0,2014.0,1.42,87.3,69.32,917.49,161.74,1609.0,8.51,30.0,61.97,10196.0
2007-08-14,NASDAQ,1272.75,1268.3,1320.7,1218.52,902058412.0,0.63,6.3,3.79,0.68,96.0,21156.0,2014.0,1.42,87.3,69.32,917.49,161.74,1609.0,8.51,30.0,61.97,10196.0
2007-08-15,NASDAQ,1272.75,1268.3,1320.7,1218.52,902058412.0,0.63,6.3,3.79,0.68,96.0,21156.0,2014.0,1.42,87.3,69.32,917.49,161.74,1609.0,8.51,30.0,61.97,10196.0
2007-08-16,NASDAQ,1272.75,1268.3,1320.7,1218.52,902058412.0,0.63,6.3,3.79,0.68,96.0,21156.0,2014.0,1.42,87.3,69.32,917.49,161.74,1609.0,8.51,30.0,61.97,10196.0
2007-08-17,NASDAQ,1272.75,1268.3,1320.7,1218.52,902058412.0,0.63,6.3,3.79,0.68,96.0,21156.0,2014.0,1.42,87.3,69.32,917.49,161.74,1609.0,8.51,30.0,61.97,10196.0
2007-08-18,NASDAQ,1272.75,1268.3,1320.7,1218.52,902058412.0,0.63,6.3,3.79,0.68,96.0,21156.0,2014.0,1.42,87.3,69.32,917.49,161.74,1609.0,8.51,30.0,61.97,10196.0
2007-08-19,NASDAQ,4503.62,4487.81,4514.62,4452.349999999999,520459500.0,9.79,0.94,5.24,5.88,69.0,11635.0,2783.0,1.47,85.85,117.55,1369.45,350.32,1328.0,7.66,15.0,69.19,11490.0
2007-08-20,NASDAQ,4503.62,4487.81,4514.62,4452.349999999999,520459500.0,9.79,0.94,5.24,5.88,69.0,11635.0,2783.0,1.47,85.85,117.55,1369.45,350.32,1328.0,7.66,15.0,69.19,11490.0
2007-08-21,NASDAQ,4503.62,4487.81,4514.62,4452.349999999999,520459500.0,9.79,0.94,5.24,5.88,69.0,11635.0,2783.0,1.47,85.85,117.55,1369.45,350.32,1328.0,7.66,15.0,69.19,11490.0
2007-08-22,NASDAQ,2320.62,2328.76,2345.98,2285.95,457314686.0,-4.24,9.73,14.29,9.22,111.0,29252.0,4302.0,1.25,120.75,84.67,2155.44,230.86,3518.0,5.35,16.0,70.6,2151.0
2007-08-23,NASDAQ,2320.62,2328.76,2345.98,2285.95,457314686.0,-4.24,9.73,14.29,9.22,111.0,29252.0,4302.0,1.25,120.75,84.67,2155.44,230.86,3518.0,5.35,16.0,70.6,2151.0
2007-08-24,NASDAQ,4813.61,4785.54,4830.56,4772.9,905523600.0,7.62,7.33,14.69,2.92,117.0,29991.0,4881.0,1.04,120.4,29.88,1571.65,317.59,4494.0,3.71,17.0,69.09,9701.0
2007-08-25,NASDAQ,1240.91,1233.8000000000002,1281.88,1202.36,810211960.0,0.19,9.34,7.33,0.8,116.0,1000.0,411.0,0.9,149.01,41.25,823.8,208.89,4864.0,0.04,31.0,70.8,12202.0
2007-08-26,NASDAQ,2190.6,2205.83,2212.36,2152.49,314844661.0,4.27,3.47,5.25,3.69,98.0,22490.0,2746.0,1.36,85.01,100.46,1175.46,317.29,3983.0,0.4,17.0,54.73,4700.0
2007-08-27,NASDAQ,2190.6,2205.83,2212.36,2152.49,314844661.0,4.27,3.47,5.25,3.69,98.0,22490.0,2746.0,1.36,85.01,100.46,1175.46,317.29,3983.0,0.4,17.0,54.73,4700.0
2007-08-28,NASDAQ,2190.6,2205.83,2212.36,2152.49,314844661.0,4.27,3.47,5.25,3.69,98.0,22490.0,2746.0,1.36,85.01,100.46,1175.46,317.29,3983.0,0.4,17.0,54.73,4700.0
2007-08-29,NASDAQ,2190.6,2205.83,2212.36,2152.49,314844661.0,4.27,3.47,5.25,3.69,98.0,22490.0,2746.0,1.36,85.01,100.46,1175.46,317.29,3983.0,0.4,17.0,54.73,4700.0
2007-08-30,NASDAQ,4132.65,4099.099999999999,4150.089999999999,4070.0299999999993,585333917.0,9.76,7.36,8.94,5.47,56.0,14289.0,4794.0,1.03,131.88,139.45,1482.45,351.56,8503.0,4.97,27.0,21.84,8133.0
2007-08-31,NASDAQ,1489.99,1463.35,1528.17,1417.9199999999998,700233929.0,8.0,0.18,12.32,7.94,98.0,19634.0,3781.0,0.89,143.7,80.57,2120.8,306.34,5328.0,1.8,39.0,40.59,11644.0
2007-09-01,NASDAQ,1489.99,1463.35,1528.17,1417.9199999999998,700233929.0,8.0,0.18,12.32,7.94,98.0,19634.0,3781.0,0.89,143.7,80.57,2120.8,306.34,5328.0,1.8,39.0,40.59,11644.0
2007-09-02,NASDAQ,1489.99,1463.35,1528.17,1417.9199999999998,700233929.0,8.0,0.18,12.32,7.94,98.0,19634.0,3781.0,0.89,143.7,80.57,2120.8,306.34,5328.0,1.8,39.0,40.59,11644.0
2007-09-03,NASDAQ,1282.14,1244.45,1324.0,1243.87,635415335.0,7.47,9.97,9.33,5.45,96.0,5236.0,1642.0,1.31,84.87,58.28,884.23,299.32,3993.0,9.09,12.0,26.9,9950.0
2007-09-04,NASDAQ,1282.14,1244.45,1324.0,1243.87,635415335.0,7.47,9.97,9.33,5.45,96.0,5236.0,1642.0,1.31,84.87,58.28,884.23,299.32,3993.0,9.09,12.0,26.9,9950.0
2007-09-05,NASDAQ,1282.14,1244.45,1324.0,1243.87,635415335.0,7.47,9.97,9.33,5.45,96.0,5236.0,1642.0,1.31,84.87,58.28,884.23,299.32,3993.0,9.09,12.0,26.9,9950.0
2007-09-06,NASDAQ,4285.0,4246.53,4334.32,4206.62,555649136.0,3.57,7.91,14.18,2.02,68.0,21988.0,2687.0,0.92,91.87,94.16,2323.24,483.02,9555.0,5.07,9.0,81.58,2887.0
2007-09-07,NASDAQ,3178.52,3139.22,3182.95,3132.86,252134998.0,-3.72,2.01,12.46,5.64,96.0,14387.0,586.0,0.88,133.46,82.5,2053.48,400.84,3573.0,6.09,40.0,39.8,3155.0
2007-09-08,NASDAQ,3178.52,3139.22,3182.95,3132.86,252134998.0,-3.72,2.01,12.46,5.64,96.0,14387.0,586.0,0.88,133.46,82.5,2053.48,400.84,3573.0,6.09,40.0,39.8,3155.0
2007-09-09,NASDAQ,3178.52,3139.22,3182.95,3132.86,252134998.0,-3.72,2.01,12.46,5.64,96.0,14387.0,586.0,0.88,133.46,82.5,2053.48,400.84,3573.0,6.09,40.0,39.8,3155.0
2007-09-10,NASDAQ,3178.52,3139.22,3182.95,3132.86,252134998.0,-3.72,2.01,12.46,5.64,96.0,14387.0,586.0,0.88,133.46,82.5,2053.48,400.84,3573.0,6.09,40.0,39.8,3155.0
2007-09-11,NASDAQ,3178.52,3139.22,3182.95,3132.86,252134998.0,-3.72,2.01,12.46,5.64,96.0,14387.0,586.0,0.88,133.46,82.5,2053.48,400.84,3573.0,6.09,40.0,39.8,3155.0
2007-09-12,NASDAQ,1675.24,1647.55,1707.46,1607.26,181449207.0,3.98,2.99,4.46,6.78,111.0,27505.0,2474.0,0.82,81.3,76.59,1877.94,489.66,5124.0,4.89,23.0,80.0,10470.0
2007-09-13,NASDAQ,1675.24,1647.55,1707.46,1607.26,181449207.0,3.98,2.99,4.46,6.78,111.0,27505.0,2474.0,0.82,81.3,76.59,1877.94,489.66,5124.0,4.89,23.0,80.0,10470.0
2007-09-14,NASDAQ,1675.24,1647.55,1707.46,1607.26,181449207.0,3.98,2.99,4.46,6.78,111.0,27505.0,2474.0,0.82,81.3,76.59,1877.94,489.66,5124.0,4.89,23.0,80.0,10470.0
2007-09-15,NASDAQ,1675.24,1647.55,1707.46,1607.26,181449207.0,3.98,2.99,4.46,6.78,111.0,27505.0,2474.0,0.82,81.3,76.59,1877.94,489.66,5124.0,4.89,23.0,80.0,10470.0
2007-09-16,NASDAQ,1675.24,1647.55,1707.46,1607.26,181449207.0,3.98,2.99,4.46,6.78,111.0,27505.0,2474.0,0.82,81.3,76.59,1877.94,489.66,5124.0,4.89,23.0,80.0,10470.0
2007-09-17,NASDAQ,1675.24,1647.55,1707.46,1607.26,181449207.0,3.98,2.99,4.46,6.78,111.0,27505.0,2474.0,0.82,81.3,76.59,1877.94,489.66,5124.0,4.89,23.0,80.0,10470.0
2007-09-18,NASDAQ,4636.81,4612.160000000001,4681.3,4599.210000000001,965050184.0,-4.98,4.83,4.06,1.8,59.0,2031.0,1081.0,0.81,132.85,76.64,1504.31,192.72,161.0,9.68,38.0,28.31,11406.0
2007-09-19,NASDAQ,4636.81,4612.160000000001,4681.3,4599.210000000001,965050184.0,-4.98,4.83,4.06,1.8,59.0,2031.0,1081.0,0.81,132.85,76.64,1504.31,192.72,161.0,9.68,38.0,28.31,11406.0
2007-09-20,NASDAQ,4636.81,4612.160000000001,4681.3,4599.210000000001,965050184.0,-4.98,4.83,4.06,1.8,59.0,2031.0,1081.0,0.81,132.85,76.64,1504.31,192.72,161.0,9.68,38.0,28.31,11406.0
2007-09-21,NASDAQ,4636.81,4612.160000000001,4681.3,4599.210000000001,965050184.0,-4.98,4.83,4.06,1.8,59.0,2031.0,1081.0,0.81,132.85,76.64,1504.31,192.72,161.0,9.68,38.0,28.31,11406.0
2007-09-22,NASDAQ,4636.81,4612.160000000001,4681.3,4599.210000000001,965050184.0,-4.98,4.83,4.06,1.8,59.0,2031.0,1081.0,0.81,132.85,76.64,1504.31,192.72,161.0,9.68,38.0,28.31,11406.0
2007-09-23,NASDAQ,4636.81,4612.160000000001,4681.3,4599.210000000001,965050184.0,-4.98,4.83,4.06,1.8,59.0,2031.0,1081.0,0.81,132.85,76.64,1504.31,192.72,161.0,9.68,38.0,28.31,11406.0
2007-09-24,NASDAQ,4636.81,4612.160000000001,4681.3,4599.210000000001,965050184.0,-4.98,4.83,4.06,1.8,59.0,2031.0,1081.0,0.81,132.85,76.64,1504.31,192.72,161.0,9.68,38.0,28.31,11406.0
2007-09-25,NASDAQ,2573.28,2596.0400000000004,2602.4700000000003,2553.42,166640905.0,6.67,1.9,7.23,8.77,74.0,21386.0,805.0,1.44,115.3,66.13,1650.23,275.72,7654.0,7.5,3.0,12.55,7273.0
2007-09-26,NASDAQ,2573.28,2596.0400000000004,2602.4700000000003,2553.42,166640905.0,6.67,1.9,7.23,8.77,74.0,21386.0,805.0,1.44,115.3,66.13,1650.23,275.72,7654.0,7.5,3.0,12.55,7273.0
2007-09-27,NASDAQ,2573.28,2596.0400000000004,2602.4700000000003,2553.42,166640905.0,6.67,1.9,7.23,8.77,74.0,21386.0,805.0,1.44,115.3,66.13,1650.23,275.72,7654.0,7.5,3.0,12.55,7273.0
2007-09-28,NASDAQ,2573.28,2596.0400000000004,2602.4700000000003,2553.42,166640905.0,6.67,1.9,7.23,8.77,74.0,21386.0,805.0,1.44,115.3,66.13,1650.23,275.72,7654.0,7.5,3.0,12.55,7273.0
2007-09-29,NASDAQ,1670.27,1653.86,1716.51,1650.15,173016508.0,-1.37,5.18,3.81,7.1,99.0,13219.0,2715.0,0.82,128.51,21.69,998.62,164.34,8820.0,5.32,31.0,87.37,2115.0
2007-09-30,NASDAQ,1670.27,1653.86,1716.51,1650.15,173016508.0,-1.37,5.18,3.81,7.1,99.0,13219.0,2715.0,0.82,128.51,21.69,998.62,164.34,8820.0,5.32,31.0,87.37,2115.0
2007-10-01,NASDAQ,1670.27,1653.86,1716.51,1650.15,173016508.0,-1.37,5.18,3.81,7.1,99.0,13219.0,2715.0,0.82,128.51,21.69,998.62,164.34,8820.0,5.32,31.0,87.37,2115.0
2007-10-02,NASDAQ,1670.27,1653.86,1716.51,1650.15,173016508.0,-1.37,5.18,3.81,7.1,99.0,13219.0,2715.0,0.82,128.51,21.69,998.62,164.34,8820.0,5.32,31.0,87.37,2115.0
2007-10-03,NASDAQ,1670.27,1653.86,1716.51,1650.15,173016508.0,-1.37,5.18,3.81,7.1,99.0,13219.0,2715.0,0.82,128.51,21.69,998.62,164.34,8820.0,5.32,31.0,87.37,2115.0
2007-10-04,NASDAQ,1670.27,1653.86,1716.51,1650.15,173016508.0,-1.37,5.18,3.81,7.1,99.0,13219.0,2715.0,0.82,128.51,21.69,998.62,164.34,8820.0,5.32,31.0,87.37,2115.0
2007-10-05,NASDAQ,1623.09,1660.75,1673.52,1573.4399999999998,264485748.0,1.75,3.77,5.87,2.37,57.0,8587.0,268.0,0.83,131.99,124.77,2179.3,260.68,310.0,9.43,27.0,8.98,11742.0
2007-10-06,NASDAQ,3188.18,3154.01,3213.51,3134.23,422313361.0,-2.64,8.81,12.37,1.54,105.0,23966.0,1084.0,1.23,91.79,106.27,1314.89,373.73,9959.0,0.87,41.0,4.05,1302.0
2007-10-07,NASDAQ,3188.18,3154.01,3213.51,3134.23,422313361.0,-2.64,8.81,12.37,1.54,105.0,23966.0,1084.0,1.23,91.79,106.27,1314.89,373.73,9959.0,0.87,41.0,4.05,1302.0
2007-10-08,NASDAQ,3188.18,3154.01,3213.51,3134.23,422313361.0,-2.64,8.81,12.37,1.54,105.0,23966.0,1084.0,1.23,91.79,106.27,1314.89,373.73,9959.0,0.87,41.0,4.05,1302.0
2007-10-09,NASDAQ,3188.18,3154.01,3213.51,3134.23,422313361.0,-2.64,8.81,12.37,1.54,105.0,23966.0,1084.0,1.23,91.79,106.27,1314.89,373.73,9959.0,0.87,41.0,4.05,1302.0
2007-10-10,NASDAQ,3188.18,3154.01,3213.51,3134.23,422313361.0,-2.64,8.81,12.37,1.54,105.0,23966.0,1084.0,1.23,91.79,106.27,1314.89,373.73,9959.0,0.87,41.0,4.05,1302.0
2007-10-11,NASDAQ,3188.18,3154.01,3213.51,3134.23,422313361.0,-2.64,8.81,12.37,1.54,105.0,23966.0,1084.0,1.23,91.79,106.27,1314.89,373.73,9959.0,0.87,41.0,4.05,1302.0
2007-10-12,NASDAQ,4822.6,4829.43,4872.16,4816.1900000000005,205292507.0,-1.62,1.34,10.16,5.29,53.0,11145.0,3718.0,0.82,147.7,90.18,982.6,403.53,8842.0,0.03,36.0,4.03,12144.0
2007-10-13,NASDAQ,4814.53,4808.48,4838.099999999999,4782.87,611951281.0,4.92,6.36,7.14,5.37,72.0,26407.0,4442.0,1.35,81.67,55.57,1477.28,466.74,8743.0,0.2,8.0,76.15,11990.0
2007-10-14,NASDAQ,4814.53,4808.48,4838.099999999999,4782.87,611951281.0,4.92,6.36,7.14,5.37,72.0,26407.0,4442.0,1.35,81.67,55.57,1477.28,466.74,8743.0,0.2,8.0,76.15,11990.0
2007-10-15,NASDAQ,4814.53,4808.48,4838.099999999999,4782.87,611951281.0,4.92,6.36,7.14,5.37,72.0,26407.0,4442.0,1.35,81.67,55.57,1477.28,466.74,8743.0,0.2,8.0,76.15,11990.0
2007-10-16,NASDAQ,1716.38,1748.45,1754.89,1695.0700000000002,118837074.0,-3.08,7.2,11.26,3.52,54.0,8430.0,2102.0,1.33,131.79,137.86,1210.94,347.81,767.0,7.91,33.0,84.54,1410.0
2007-10-17,NASDAQ,1716.38,1748.45,1754.89,1695.0700000000002,118837074.0,-3.08,7.2,11.26,3.52,54.0,8430.0,2102.0,1.33,131.79,137.86,1210.94,347.81,767.0,7.91,33.0,84.54,1410.0
2007-10-18,NASDAQ,4791.12,4824.34,4853.71,4756.17,448520325.0,4.26,7.66,6.45,3.38,66.0,27338.0,4499.0,1.01,137.57,137.97,816.25,326.93,4476.0,2.29,33.0,32.52,4185.0
2007-10-19,NASDAQ,4791.12,4824.34,4853.71,4756.17,448520325.0,4.26,7.66,6.45,3.38,66.0,27338.0,4499.0,1.01,137.57,137.97,816.25,326.93,4476.0,2.29,33.0,32.52,4185.0
2007-10-20,NASDAQ,4791.12,4824.34,4853.71,4756.17,448520325.0,4.26,7.66,6.45,3.38,66.0,27338.0,4499.0,1.01,137.57,137.97,816.25,326.93,4476.0,2.29,33.0,32.52,4185.0
2007-10-21,NASDAQ,4791.12,4824.34,4853.71,4756.17,448520325.0,4.26,7.66,6.45,3.38,66.0,27338.0,4499.0,1.01,137.57,137.97,816.25,326.93,4476.0,2.29,33.0,32.52,4185.0
2007-10-22,NASDAQ,4925.03,4905.349999999999,4950.08,4898.36,167534063.0,3.53,0.18,9.59,1.56,89.0,6766.0,4473.0,1.02,144.97,121.19,1296.75,298.57,8151.0,4.12,36.0,19.33,10570.0
2007-10-23,NASDAQ,4925.03,4905.349999999999,4950.08,4898.36,167534063.0,3.53,0.18,9.59,1.56,89.0,6766.0,4473.0,1.02,144.97,121.19,1296.75,298.57,8151.0,4.12,36.0,19.33,10570.0
2007-10-24,NASDAQ,4925.03,4905.349999999999,4950.08,4898.36,167534063.0,3.53,0.18,9.59,1.56,89.0,6766.0,4473.0,1.02,144.97,121.19,1296.75,298.57,8151.0,4.12,36.0,19.33,10570.0
2007-10-25,NASDAQ,4925.03,4905.349999999999,4950.08,4898.36,167534063.0,3.53,0.18,9.59,1.56,89.0,6766.0,4473.0,1.02,144.97,121.19,1296.75,298.57,8151.0,4.12,36.0,19.33,10570.0
2007-10-26,NASDAQ,3510.68,3510.25,3524.71,3495.96,883333386.0,2.76,0.25,6.82,8.51,73.0,3908.0,4074.0,0.99,131.66,32.29,1682.64,323.53,6737.0,2.82,13.0,13.0,1408.0
2007-10-27,NASDAQ,1768.06,1760.1699999999998,1795.9,1716.6999999999998,59031233.0,7.65,0.66,13.39,9.79,102.0,23185.0,1326.0,0.83,110.79,67.26,1354.24,488.13,1655.0,6.83,43.0,48.28,5382.0
2007-10-28,NASDAQ,1584.08,1575.13,1619.52,1571.52,894697471.0,1.54,6.49,12.96,2.45,87.0,24378.0,349.0,0.94,136.48,121.36,1842.18,470.87,3514.0,7.1,33.0,51.18,13515.0
2007-10-29,NASDAQ,4752.26,4725.39,4758.9800000000005,4681.6,655157781.0,1.5,9.65,4.28,5.98,69.0,18568.0,4298.0,1.09,147.93,29.92,2314.32,458.8,6376.0,1.96,0.0,15.95,6215.0
2007-10-30,NASDAQ,4670.59,4634.2300000000005,4711.29,4608.02,652472879.0,8.58,5.52,13.76,0.55,99.0,13876.0,3495.0,1.07,91.94,101.34,1741.39,153.32,7779.0,4.44,34.0,17.51,2453.0
2007-10-31,NASDAQ,4670.59,4634.2300000000005,4711.29,4608.02,652472879.0,8.58,5.52,13.76,0.55,99.0,13876.0,3495.0,1.07,91.94,101.34,1741.39,153.32,7779.0,4.44,34.0,17.51,2453.0
2007-11-01,NASDAQ,3501.73,3457.26,3549.21,3441.78,201358276.0,3.49,3.18,11.41,4.44,109.0,1369.0,631.0,0.86,140.37,60.28,1435.06,264.08,1994.0,7.49,16.0,3.13,9586.0
2007-11-02,NASDAQ,4233.07,4202.88,4250.049999999999,4188.02,662183039.0,-1.07,2.57,12.58,2.34,88.0,5623.0,658.0,1.02,92.37,118.23,940.47,432.76,6836.0,6.67,4.0,35.93,1664.0
2007-11-03,NASDAQ,4233.07,4202.88,4250.049999999999,4188.02,662183039.0,-1.07,2.57,12.58,2.34,88.0,5623.0,658.0,1.02,92.37,118.23,940.47,432.76,6836.0,6.67,4.0,35.93,1664.0
2007-11-04,NASDAQ,2339.16,2351.89,2377.22,2294.92,150542853.0,3.64,2.73,7.19,8.2,78.0,25989.0,1391.0,1.16,91.63,84.69,2371.89,400.59,6467.0,6.53,17.0,91.92,1198.0
2007-11-05,NASDAQ,2339.16,2351.89,2377.22,2294.92,150542853.0,3.64,2.73,7.19,8.2,78.0,25989.0,1391.0,1.16,91.63,84.69,2371.89,400.59,6467.0,6.53,17.0,91.92,1198.0
2007-11-06,NASDAQ,2339.16,2351.89,2377.22,2294.92,150542853.0,3.64,2.73,7.19,8.2,78.0,25989.0,1391.0,1.16,91.63,84.69,2371.89,400.59,6467.0,6.53,17.0,91.92,1198.0
2007-11-07,NASDAQ,2339.16,2351.89,2377.22,2294.92,150542853.0,3.64,2.73,7.19,8.2,78.0,25989.0,1391.0,1.16,91.63,84.69,2371.89,400.59,6467.0,6.53,17.0,91.92,1198.0
2007-11-08,NASDAQ,2339.16,2351.89,2377.22,2294.92,150542853.0,3.64,2.73,7.19,8.2,78.0,25989.0,1391.0,1.16,91.63,84.69,2371.89,400.59,6467.0,6.53,17.0,91.92,1198.0
2007-11-09,NASDAQ,2339.16,2351.89,2377.22,2294.92,150542853.0,3.64,2.73,7.19,8.2,78.0,25989.0,1391.0,1.16,91.63,84.69,2371.89,400.59,6467.0,6.53,17.0,91.92,1198.0
2007-11-10,NASDAQ,2339.16,2351.89,2377.22,2294.92,150542853.0,3.64,2.73,7.19,8.2,78.0,25989.0,1391.0,1.16,91.63,84.69,2371.89,400.59,6467.0,6.53,17.0,91.92,1198.0
2007-11-11,NASDAQ,2528.49,2562.41,2565.7,2489.37,209449581.0,-2.23,6.18,4.86,6.02,76.0,2703.0,1207.0,1.11,87.79,21.53,2310.77,327.49,3387.0,3.09,49.0,55.75,7135.0
2007-11-12,NASDAQ,2528.49,2562.41,2565.7,2489.37,209449581.0,-2.23,6.18,4.86,6.02,76.0,2703.0,1207.0,1.11,87.79,21.53,2310.77,327.49,3387.0,3.09,49.0,55.75,7135.0
2007-11-13,NASDAQ,2528.49,2562.41,2565.7,2489.37,209449581.0,-2.23,6.18,4.86,6.02,76.0,2703.0,1207.0,1.11,87.79,21.53,2310.77,327.49,3387.0,3.09,49.0,55.75,7135.0
2007-11-14,NASDAQ,1949.93,1989.14,2003.18,1905.82,734261468.0,1.81,1.1,14.62,6.31,55.0,2611.0,4571.0,1.41,120.1,25.24,1432.24,431.82,4412.0,2.25,20.0,3.98,13981.0
2007-11-15,NASDAQ,1949.93,1989.14,2003.18,1905.82,734261468.0,1.81,1.1,14.62,6.31,55.0,2611.0,4571.0,1.41,120.1,25.24,1432.24,431.82,4412.0,2.25,20.0,3.98,13981.0
2007-11-16,NASDAQ,1949.93,1989.14,2003.18,1905.82,734261468.0,1.81,1.1,14.62,6.31,55.0,2611.0,4571.0,1.41,120.1,25.24,1432.24,431.82,4412.0,2.25,20.0,3.98,13981.0
2007-11-17,NASDAQ,3403.78,3419.1600000000003,3441.65,3377.98,883396181.0,2.63,7.26,2.44,2.74,68.0,7776.0,3575.0,1.41,132.99,120.44,1742.14,404.91,7697.0,6.97,35.0,82.32,424.0
2007-11-18,NASDAQ,3784.32,3773.03,3811.51,3755.73,19043582.0,4.7,9.52,3.92,3.01,65.0,26562.0,2677.0,1.43,146.22,46.62,1240.92,196.38,1442.0,2.29,9.0,73.55,11725.0
2007-11-19,NASDAQ,3784.32,3773.03,3811.51,3755.73,19043582.0,4.7,9.52,3.92,3.01,65.0,26562.0,2677.0,1.43,146.22,46.62,1240.92,196.38,1442.0,2.29,9.0,73.55,11725.0
2007-11-20,NASDAQ,4295.99,4250.469999999999,4342.599999999999,4202.919999999999,253180711.0,8.34,6.93,11.98,8.28,78.0,17430.0,4317.0,0.88,107.36,82.28,1545.91,196.15,5541.0,8.98,6.0,14.14,3926.0
2007-11-21,NASDAQ,4295.99,4250.469999999999,4342.599999999999,4202.919999999999,253180711.0,8.34,6.93,11.98,8.28,78.0,17430.0,4317.0,0.88,107.36,82.28,1545.91,196.15,5541.0,8.98,6.0,14.14,3926.0
2007-11-22,NASDAQ,2876.16,2871.88,2880.2,2848.57,620938998.0,-3.26,9.25,14.6,3.8,108.0,21845.0,1243.0,1.21,130.42,23.07,2238.55,349.34,7444.0,8.35,28.0,2.12,14856.0
2007-11-23,NASDAQ,2876.16,2871.88,2880.2,2848.57,620938998.0,-3.26,9.25,14.6,3.8,108.0,21845.0,1243.0,1.21,130.42,23.07,2238.55,349.34,7444.0,8.35,28.0,2.12,14856.0
2007-11-24,NASDAQ,1720.63,1759.41,1789.42,1715.46,72607776.0,-3.05,9.05,11.0,9.3,69.0,2071.0,3843.0,1.39,147.57,57.24,2284.1,385.75,6010.0,4.82,20.0,36.72,6055.0
2007-11-25,NASDAQ,1720.63,1759.41,1789.42,1715.46,72607776.0,-3.05,9.05,11.0,9.3,69.0,2071.0,3843.0,1.39,147.57,57.24,2284.1,385.75,6010.0,4.82,20.0,36.72,6055.0
2007-11-26,NASDAQ,1720.63,1759.41,1789.42,1715.46,72607776.0,-3.05,9.05,11.0,9.3,69.0,2071.0,3843.0,1.39,147.57,57.24,2284.1,385.75,6010.0,4.82,20.0,36.72,6055.0
2007-11-27,NASDAQ,2371.72,2342.72,2374.49,2309.22,270387168.0,6.0,8.27,10.68,8.97,99.0,19575.0,1847.0,1.19,81.73,146.7,1531.83,456.65,4239.0,2.88,3.0,28.76,11101.0
2007-11-28,NASDAQ,3735.48,3724.89,3749.71,3724.22,762625801.0,1.08,0.02,13.24,3.62,82.0,23844.0,4919.0,1.36,111.74,36.0,2019.27,155.3,7159.0,2.53,38.0,76.62,14565.0
2007-11-29,NASDAQ,1101.39,1083.0500000000002,1142.35,1072.8200000000002,425629312.0,4.41,8.32,14.43,0.62,89.0,10449.0,317.0,1.06,125.66,65.05,1148.32,126.7,8744.0,7.33,14.0,12.75,10118.0
2007-11-30,NASDAQ,1101.39,1083.0500000000002,1142.35,1072.8200000000002,425629312.0,4.41,8.32,14.43,0.62,89.0,10449.0,317.0,1.06,125.66,65.05,1148.32,126.7,8744.0,7.33,14.0,12.75,10118.0
2007-12-01,NASDAQ,1101.39,1083.0500000000002,1142.35,1072.8200000000002,425629312.0,4.41,8.32,14.43,0.62,89.0,10449.0,317.0,1.06,125.66,65.05,1148.32,126.7,8744.0,7.33,14.0,12.75,10118.0
2007-12-02,NASDAQ,1101.39,1083.0500000000002,1142.35,1072.8200000000002,425629312.0,4.41,8.32,14.43,0.62,89.0,10449.0,317.0,1.06,125.66,65.05,1148.32,126.7,8744.0,7.33,14.0,12.75,10118.0
2007-12-03,NASDAQ,1101.39,1083.0500000000002,1142.35,1072.8200000000002,425629312.0,4.41,8.32,14.43,0.62,89.0,10449.0,317.0,1.06,125.66,65.05,1148.32,126.7,8744.0,7.33,14.0,12.75,10118.0
2007-12-04,NASDAQ,1101.39,1083.0500000000002,1142.35,1072.8200000000002,425629312.0,4.41,8.32,14.43,0.62,89.0,10449.0,317.0,1.06,125.66,65.05,1148.32,126.7,8744.0,7.33,14.0,12.75,10118.0
2007-12-05,NASDAQ,1101.39,1083.0500000000002,1142.35,1072.8200000000002,425629312.0,4.41,8.32,14.43,0.62,89.0,10449.0,317.0,1.06,125.66,65.05,1148.32,126.7,8744.0,7.33,14.0,12.75,10118.0
2007-12-06,NASDAQ,1322.32,1357.2,1364.84,1287.49,731148022.0,1.93,8.3,10.48,3.85,100.0,14602.0,3368.0,1.39,106.71,144.22,2364.26,332.23,7656.0,6.02,46.0,37.02,6681.0
2007-12-07,NASDAQ,1322.32,1357.2,1364.84,1287.49,731148022.0,1.93,8.3,10.48,3.85,100.0,14602.0,3368.0,1.39,106.71,144.22,2364.26,332.23,7656.0,6.02,46.0,37.02,6681.0
2007-12-08,NASDAQ,1322.32,1357.2,1364.84,1287.49,731148022.0,1.93,8.3,10.48,3.85,100.0,14602.0,3368.0,1.39,106.71,144.22,2364.26,332.23,7656.0,6.02,46.0,37.02,6681.0
2007-12-09,NASDAQ,1359.04,1334.81,1365.43,1286.65,872194572.0,7.33,6.0,8.35,0.96,81.0,25542.0,2453.0,1.44,140.58,24.78,2491.18,138.84,7339.0,2.85,35.0,68.92,8335.0
2007-12-10,NASDAQ,1359.04,1334.81,1365.43,1286.65,872194572.0,7.33,6.0,8.35,0.96,81.0,25542.0,2453.0,1.44,140.58,24.78,2491.18,138.84,7339.0,2.85,35.0,68.92,8335.0
2007-12-11,NASDAQ,1024.19,1031.89,1057.61,1011.45,237951227.0,5.76,1.99,8.29,3.01,76.0,27386.0,3391.0,1.17,118.92,68.57,2092.72,481.5,9023.0,8.04,3.0,40.56,13416.0
2007-12-12,NASDAQ,2935.44,2907.55,2964.88,2866.8700000000003,943382981.0,0.93,1.41,14.44,8.99,71.0,8448.0,3857.0,1.03,131.19,97.9,2420.59,161.93,4497.0,8.78,35.0,89.55,13256.0
2007-12-13,NASDAQ,1492.99,1469.9,1532.48,1438.97,207358516.0,-1.51,1.23,12.92,1.41,64.0,19355.0,856.0,0.84,100.43,133.93,1293.91,208.79,3755.0,7.23,18.0,26.52,6619.0
2007-12-14,NASDAQ,2230.72,2261.03,2293.84,2188.81,802105158.0,0.14,8.63,14.24,4.41,57.0,16126.0,3949.0,1.26,107.61,21.0,1019.27,497.65,4316.0,4.83,33.0,33.52,10514.0
2007-12-15,NASDAQ,2230.72,2261.03,2293.84,2188.81,802105158.0,0.14,8.63,14.24,4.41,57.0,16126.0,3949.0,1.26,107.61,21.0,1019.27,497.65,4316.0,4.83,33.0,33.52,10514.0
2007-12-16,NASDAQ,2230.72,2261.03,2293.84,2188.81,802105158.0,0.14,8.63,14.24,4.41,57.0,16126.0,3949.0,1.26,107.61,21.0,1019.27,497.65,4316.0,4.83,33.0,33.52,10514.0
2007-12-17,NASDAQ,2230.72,2261.03,2293.84,2188.81,802105158.0,0.14,8.63,14.24,4.41,57.0,16126.0,3949.0,1.26,107.61,21.0,1019.27,497.65,4316.0,4.83,33.0,33.52,10514.0
2007-12-18,NASDAQ,2230.72,2261.03,2293.84,2188.81,802105158.0,0.14,8.63,14.24,4.41,57.0,16126.0,3949.0,1.26,107.61,21.0,1019.27,497.65,4316.0,4.83,33.0,33.52,10514.0
2007-12-19,NASDAQ,2230.72,2261.03,2293.84,2188.81,802105158.0,0.14,8.63,14.24,4.41,57.0,16126.0,3949.0,1.26,107.61,21.0,1019.27,497.65,4316.0,4.83,33.0,33.52,10514.0
2007-12-20,NASDAQ,3186.71,3185.93,3198.21,3174.39,65348931.0,8.54,0.8,10.88,9.56,106.0,27411.0,3095.0,0.92,114.92,129.5,1641.67,103.19,1458.0,1.58,1.0,9.15,101.0
2007-12-21,NASDAQ,3186.71,3185.93,3198.21,3174.39,65348931.0,8.54,0.8,10.88,9.56,106.0,27411.0,3095.0,0.92,114.92,129.5,1641.67,103.19,1458.0,1.58,1.0,9.15,101.0
2007-12-22,NASDAQ,3215.97,3207.26,3248.54,3200.3,309496792.0,-2.14,8.51,2.52,6.45,93.0,29725.0,2314.0,0.97,105.15,127.56,1553.77,126.52,312.0,8.71,22.0,2.98,10800.0
2007-12-23,NASDAQ,3215.97,3207.26,3248.54,3200.3,309496792.0,-2.14,8.51,2.52,6.45,93.0,29725.0,2314.0,0.97,105.15,127.56,1553.77,126.52,312.0,8.71,22.0,2.98,10800.0
2007-12-24,NASDAQ,1781.83,1736.76,1826.34,1692.35,663095194.0,5.09,8.0,14.55,3.75,77.0,8601.0,1309.0,1.04,148.15,78.1,2384.07,378.96,4693.0,7.64,45.0,8.57,6991.0
2007-12-25,NASDAQ,1664.92,1615.15,1707.87,1591.47,873623164.0,-4.34,3.94,8.01,2.52,117.0,18614.0,375.0,0.91,86.4,68.25,1186.44,319.93,8320.0,4.24,11.0,5.21,4593.0
2007-12-26,NASDAQ,4665.96,4640.44,4669.8,4603.11,533177567.0,-1.68,1.59,13.11,6.24,87.0,21223.0,246.0,1.1,122.07,42.58,1158.65,220.31,3044.0,7.04,12.0,96.48,11695.0
2007-12-27,NASDAQ,4665.96,4640.44,4669.8,4603.11,533177567.0,-1.68,1.59,13.11,6.24,87.0,21223.0,246.0,1.1,122.07,42.58,1158.65,220.31,3044.0,7.04,12.0,96.48,11695.0
2007-12-28,NASDAQ,4665.96,4640.44,4669.8,4603.11,533177567.0,-1.68,1.59,13.11,6.24,87.0,21223.0,246.0,1.1,122.07,42.58,1158.65,220.31,3044.0,7.04,12.0,96.48,11695.0
2007-12-29,NASDAQ,4665.96,4640.44,4669.8,4603.11,533177567.0,-1.68,1.59,13.11,6.24,87.0,21223.0,246.0,1.1,122.07,42.58,1158.65,220.31,3044.0,7.04,12.0,96.48,11695.0
2007-12-30,NASDAQ,4665.96,4640.44,4669.8,4603.11,533177567.0,-1.68,1.59,13.11,6.24,87.0,21223.0,246.0,1.1,122.07,42.58,1158.65,220.31,3044.0,7.04,12.0,96.48,11695.0
2007-12-31,NASDAQ,4808.25,4823.03,4858.87,4799.59,833087042.0,-2.59,5.44,7.67,9.39,112.0,10049.0,4623.0,1.26,136.12,74.8,1251.55,158.34,3839.0,8.93,14.0,32.07,1889.0
2008-01-01,NASDAQ,4808.25,4823.03,4858.87,4799.59,833087042.0,-2.59,5.44,7.67,9.39,112.0,10049.0,4623.0,1.26,136.12,74.8,1251.55,158.34,3839.0,8.93,14.0,32.07,1889.0
2008-01-02,NASDAQ,4808.25,4823.03,4858.87,4799.59,833087042.0,-2.59,5.44,7.67,9.39,112.0,10049.0,4623.0,1.26,136.12,74.8,1251.55,158.34,3839.0,8.93,14.0,32.07,1889.0
2008-01-03,NASDAQ,4808.25,4823.03,4858.87,4799.59,833087042.0,-2.59,5.44,7.67,9.39,112.0,10049.0,4623.0,1.26,136.12,74.8,1251.55,158.34,3839.0,8.93,14.0,32.07,1889.0
2008-01-04,NASDAQ,4808.25,4823.03,4858.87,4799.59,833087042.0,-2.59,5.44,7.67,9.39,112.0,10049.0,4623.0,1.26,136.12,74.8,1251.55,158.34,3839.0,8.93,14.0,32.07,1889.0
2008-01-05,NASDAQ,2028.25,2004.32,2038.99,1995.07,325601280.0,9.45,4.89,12.63,7.34,119.0,14698.0,683.0,1.35,130.75,21.18,1751.08,496.71,6262.0,2.17,48.0,49.38,4166.0
2008-01-06,NASDAQ,2028.25,2004.32,2038.99,1995.07,325601280.0,9.45,4.89,12.63,7.34,119.0,14698.0,683.0,1.35,130.75,21.18,1751.08,496.71,6262.0,2.17,48.0,49.38,4166.0
2008-01-07,NASDAQ,2028.25,2004.32,2038.99,1995.07,325601280.0,9.45,4.89,12.63,7.34,119.0,14698.0,683.0,1.35,130.75,21.18,1751.08,496.71,6262.0,2.17,48.0,49.38,4166.0
2008-01-08,NASDAQ,2028.25,2004.32,2038.99,1995.07,325601280.0,9.45,4.89,12.63,7.34,119.0,14698.0,683.0,1.35,130.75,21.18,1751.08,496.71,6262.0,2.17,48.0,49.38,4166.0
2008-01-09,NASDAQ,2028.25,2004.32,2038.99,1995.07,325601280.0,9.45,4.89,12.63,7.34,119.0,14698.0,683.0,1.35,130.75,21.18,1751.08,496.71,6262.0,2.17,48.0,49.38,4166.0
2008-01-10,NASDAQ,2028.25,2004.32,2038.99,1995.07,325601280.0,9.45,4.89,12.63,7.34,119.0,14698.0,683.0,1.35,130.75,21.18,1751.08,496.71,6262.0,2.17,48.0,49.38,4166.0
2008-01-11,NASDAQ,2028.25,2004.32,2038.99,1995.07,325601280.0,9.45,4.89,12.63,7.34,119.0,14698.0,683.0,1.35,130.75,21.18,1751.08,496.71,6262.0,2.17,48.0,49.38,4166.0
2008-01-12,NASDAQ,2028.25,2004.32,2038.99,1995.07,325601280.0,9.45,4.89,12.63,7.34,119.0,14698.0,683.0,1.35,130.75,21.18,1751.08,496.71,6262.0,2.17,48.0,49.38,4166.0
2008-01-13,NASDAQ,2779.41,2763.13,2818.17,2714.11,10704081.0,-4.25,6.75,2.27,7.24,90.0,13868.0,2250.0,1.15,136.64,59.12,1102.11,337.38,8057.0,8.75,28.0,10.68,12387.0
2008-01-14,NASDAQ,2779.41,2763.13,2818.17,2714.11,10704081.0,-4.25,6.75,2.27,7.24,90.0,13868.0,2250.0,1.15,136.64,59.12,1102.11,337.38,8057.0,8.75,28.0,10.68,12387.0
2008-01-15,NASDAQ,2779.41,2763.13,2818.17,2714.11,10704081.0,-4.25,6.75,2.27,7.24,90.0,13868.0,2250.0,1.15,136.64,59.12,1102.11,337.38,8057.0,8.75,28.0,10.68,12387.0
2008-01-16,NASDAQ,2779.41,2763.13,2818.17,2714.11,10704081.0,-4.25,6.75,2.27,7.24,90.0,13868.0,2250.0,1.15,136.64,59.12,1102.11,337.38,8057.0,8.75,28.0,10.68,12387.0
2008-01-17,NASDAQ,3275.82,3284.3500000000004,3294.26,3237.65,638770400.0,2.35,2.57,5.81,0.69,93.0,3643.0,3967.0,0.9,136.59,109.75,2314.91,382.21,3772.0,1.84,49.0,94.51,13893.0
2008-01-18,NASDAQ,3275.82,3284.3500000000004,3294.26,3237.65,638770400.0,2.35,2.57,5.81,0.69,93.0,3643.0,3967.0,0.9,136.59,109.75,2314.91,382.21,3772.0,1.84,49.0,94.51,13893.0
2008-01-19,NASDAQ,3275.82,3284.3500000000004,3294.26,3237.65,638770400.0,2.35,2.57,5.81,0.69,93.0,3643.0,3967.0,0.9,136.59,109.75,2314.91,382.21,3772.0,1.84,49.0,94.51,13893.0
2008-01-20,NASDAQ,3275.82,3284.3500000000004,3294.26,3237.65,638770400.0,2.35,2.57,5.81,0.69,93.0,3643.0,3967.0,0.9,136.59,109.75,2314.91,382.21,3772.0,1.84,49.0,94.51,13893.0
2008-01-21,NASDAQ,2734.78,2748.88,2781.96,2720.84,474680204.0,3.85,3.22,7.52,5.51,66.0,19086.0,4657.0,1.03,103.4,58.87,1624.39,337.42,9866.0,0.98,26.0,31.69,2224.0
2008-01-22,NASDAQ,2734.78,2748.88,2781.96,2720.84,474680204.0,3.85,3.22,7.52,5.51,66.0,19086.0,4657.0,1.03,103.4,58.87,1624.39,337.42,9866.0,0.98,26.0,31.69,2224.0
2008-01-23,NASDAQ,2453.02,2419.41,2469.02,2408.87,167864291.0,9.01,3.81,8.24,7.06,71.0,24326.0,2011.0,1.43,92.2,111.84,1177.32,451.53,6052.0,9.5,8.0,79.79,1776.0
2008-01-24,NASDAQ,2453.02,2419.41,2469.02,2408.87,167864291.0,9.01,3.81,8.24,7.06,71.0,24326.0,2011.0,1.43,92.2,111.84,1177.32,451.53,6052.0,9.5,8.0,79.79,1776.0
2008-01-25,NASDAQ,2453.02,2419.41,2469.02,2408.87,167864291.0,9.01,3.81,8.24,7.06,71.0,24326.0,2011.0,1.43,92.2,111.84,1177.32,451.53,6052.0,9.5,8.0,79.79,1776.0
2008-01-26,NASDAQ,2453.02,2419.41,2469.02,2408.87,167864291.0,9.01,3.81,8.24,7.06,71.0,24326.0,2011.0,1.43,92.2,111.84,1177.32,451.53,6052.0,9.5,8.0,79.79,1776.0
2008-01-27,NASDAQ,3966.51,3989.4,4035.86,3945.14,630486391.0,0.61,1.15,11.11,8.55,63.0,28469.0,4017.0,1.27,94.04,116.09,1559.62,300.06,396.0,4.96,31.0,76.65,12055.0
2008-01-28,NASDAQ,3966.51,3989.4,4035.86,3945.14,630486391.0,0.61,1.15,11.11,8.55,63.0,28469.0,4017.0,1.27,94.04,116.09,1559.62,300.06,396.0,4.96,31.0,76.65,12055.0
2008-01-29,NASDAQ,3966.51,3989.4,4035.86,3945.14,630486391.0,0.61,1.15,11.11,8.55,63.0,28469.0,4017.0,1.27,94.04,116.09,1559.62,300.06,396.0,4.96,31.0,76.65,12055.0
2008-01-30,NASDAQ,3966.51,3989.4,4035.86,3945.14,630486391.0,0.61,1.15,11.11,8.55,63.0,28469.0,4017.0,1.27,94.04,116.09,1559.62,300.06,396.0,4.96,31.0,76.65,12055.0
2008-01-31,NASDAQ,1205.05,1161.38,1243.63,1123.7099999999998,137759254.0,6.36,2.13,14.74,6.41,82.0,1807.0,890.0,1.48,132.96,64.74,2409.34,326.9,7697.0,3.83,4.0,91.55,5870.0
2008-02-01,NASDAQ,2607.51,2617.8100000000004,2628.9800000000005,2558.9700000000003,468301419.0,4.78,4.74,14.78,4.49,93.0,16035.0,4300.0,1.36,122.37,84.88,1781.6,246.57,4083.0,5.55,37.0,28.6,10862.0
2008-02-02,NASDAQ,2607.51,2617.8100000000004,2628.9800000000005,2558.9700000000003,468301419.0,4.78,4.74,14.78,4.49,93.0,16035.0,4300.0,1.36,122.37,84.88,1781.6,246.57,4083.0,5.55,37.0,28.6,10862.0
2008-02-03,NASDAQ,2607.51,2617.8100000000004,2628.9800000000005,2558.9700000000003,468301419.0,4.78,4.74,14.78,4.49,93.0,16035.0,4300.0,1.36,122.37,84.88,1781.6,246.57,4083.0,5.55,37.0,28.6,10862.0
2008-02-04,NASDAQ,2607.51,2617.8100000000004,2628.9800000000005,2558.9700000000003,468301419.0,4.78,4.74,14.78,4.49,93.0,16035.0,4300.0,1.36,122.37,84.88,1781.6,246.57,4083.0,5.55,37.0,28.6,10862.0
2008-02-05,NASDAQ,2607.51,2617.8100000000004,2628.9800000000005,2558.9700000000003,468301419.0,4.78,4.74,14.78,4.49,93.0,16035.0,4300.0,1.36,122.37,84.88,1781.6,246.57,4083.0,5.55,37.0,28.6,10862.0
2008-02-06,NASDAQ,3538.98,3572.14,3607.26,3518.88,895894840.0,5.87,0.53,7.73,4.78,57.0,26793.0,3666.0,1.3,113.2,79.96,2265.4,278.98,9153.0,4.43,24.0,5.13,9812.0
2008-02-07,NASDAQ,1745.68,1710.71,1773.53,1678.38,16489518.0,-2.6,9.8,10.04,7.13,74.0,11121.0,982.0,0.87,128.18,83.44,1691.49,176.74,7918.0,9.54,5.0,50.25,1372.0
2008-02-08,NASDAQ,3997.48,3951.34,4040.13,3933.8,689854508.0,5.53,6.1,13.69,2.59,81.0,5891.0,1771.0,1.18,135.63,90.46,2289.52,229.94,4911.0,6.13,38.0,7.99,5226.0
2008-02-09,NASDAQ,3997.48,3951.34,4040.13,3933.8,689854508.0,5.53,6.1,13.69,2.59,81.0,5891.0,1771.0,1.18,135.63,90.46,2289.52,229.94,4911.0,6.13,38.0,7.99,5226.0
2008-02-10,NASDAQ,1816.26,1797.75,1842.44,1768.88,491891905.0,1.89,4.3,13.05,3.53,56.0,4118.0,2274.0,1.23,115.96,135.21,1988.86,325.97,2584.0,3.6,35.0,37.32,5156.0
2008-02-11,NASDAQ,1816.26,1797.75,1842.44,1768.88,491891905.0,1.89,4.3,13.05,3.53,56.0,4118.0,2274.0,1.23,115.96,135.21,1988.86,325.97,2584.0,3.6,35.0,37.32,5156.0
2008-02-12,NASDAQ,1816.26,1797.75,1842.44,1768.88,491891905.0,1.89,4.3,13.05,3.53,56.0,4118.0,2274.0,1.23,115.96,135.21,1988.86,325.97,2584.0,3.6,35.0,37.32,5156.0
2008-02-13,NASDAQ,1816.26,1797.75,1842.44,1768.88,491891905.0,1.89,4.3,13.05,3.53,56.0,4118.0,2274.0,1.23,115.96,135.21,1988.86,325.97,2584.0,3.6,35.0,37.32,5156.0
2008-02-14,NASDAQ,1816.26,1797.75,1842.44,1768.88,491891905.0,1.89,4.3,13.05,3.53,56.0,4118.0,2274.0,1.23,115.96,135.21,1988.86,325.97,2584.0,3.6,35.0,37.32,5156.0
2008-02-15,NASDAQ,1816.26,1797.75,1842.44,1768.88,491891905.0,1.89,4.3,13.05,3.53,56.0,4118.0,2274.0,1.23,115.96,135.21,1988.86,325.97,2584.0,3.6,35.0,37.32,5156.0
2008-02-16,NASDAQ,1816.26,1797.75,1842.44,1768.88,491891905.0,1.89,4.3,13.05,3.53,56.0,4118.0,2274.0,1.23,115.96,135.21,1988.86,325.97,2584.0,3.6,35.0,37.32,5156.0
2008-02-17,NASDAQ,4828.54,4820.57,4861.41,4782.46,300190401.0,6.42,1.33,5.14,3.5,113.0,4091.0,4700.0,0.95,122.05,147.12,977.85,119.88,8071.0,0.14,6.0,48.6,2015.0
2008-02-18,NASDAQ,4828.54,4820.57,4861.41,4782.46,300190401.0,6.42,1.33,5.14,3.5,113.0,4091.0,4700.0,0.95,122.05,147.12,977.85,119.88,8071.0,0.14,6.0,48.6,2015.0
2008-02-19,NASDAQ,2900.4,2948.67,2968.21,2890.19,866551873.0,5.79,6.31,5.93,8.28,98.0,5214.0,3582.0,0.81,90.83,78.82,1671.14,353.89,4695.0,2.62,30.0,64.92,512.0
2008-02-20,NASDAQ,4591.82,4605.52,4652.849999999999,4564.56,912975673.0,5.03,6.48,2.58,7.54,101.0,11365.0,1543.0,1.43,140.55,119.03,1664.48,291.83,9022.0,8.78,30.0,66.17,4215.0
2008-02-21,NASDAQ,4591.82,4605.52,4652.849999999999,4564.56,912975673.0,5.03,6.48,2.58,7.54,101.0,11365.0,1543.0,1.43,140.55,119.03,1664.48,291.83,9022.0,8.78,30.0,66.17,4215.0
2008-02-22,NASDAQ,4591.82,4605.52,4652.849999999999,4564.56,912975673.0,5.03,6.48,2.58,7.54,101.0,11365.0,1543.0,1.43,140.55,119.03,1664.48,291.83,9022.0,8.78,30.0,66.17,4215.0
2008-02-23,NASDAQ,4591.82,4605.52,4652.849999999999,4564.56,912975673.0,5.03,6.48,2.58,7.54,101.0,11365.0,1543.0,1.43,140.55,119.03,1664.48,291.83,9022.0,8.78,30.0,66.17,4215.0
2008-02-24,NASDAQ,4591.82,4605.52,4652.849999999999,4564.56,912975673.0,5.03,6.48,2.58,7.54,101.0,11365.0,1543.0,1.43,140.55,119.03,1664.48,291.83,9022.0,8.78,30.0,66.17,4215.0
2008-02-25,NASDAQ,4591.82,4605.52,4652.849999999999,4564.56,912975673.0,5.03,6.48,2.58,7.54,101.0,11365.0,1543.0,1.43,140.55,119.03,1664.48,291.83,9022.0,8.78,30.0,66.17,4215.0
2008-02-26,NASDAQ,4591.82,4605.52,4652.849999999999,4564.56,912975673.0,5.03,6.48,2.58,7.54,101.0,11365.0,1543.0,1.43,140.55,119.03,1664.48,291.83,9022.0,8.78,30.0,66.17,4215.0
2008-02-27,NASDAQ,1003.77,1026.94,1049.84,1003.31,220711628.0,6.07,6.55,4.52,7.46,82.0,8793.0,925.0,1.44,120.7,59.15,2295.47,220.42,3335.0,5.15,13.0,83.21,10045.0
2008-02-28,NASDAQ,1003.77,1026.94,1049.84,1003.31,220711628.0,6.07,6.55,4.52,7.46,82.0,8793.0,925.0,1.44,120.7,59.15,2295.47,220.42,3335.0,5.15,13.0,83.21,10045.0
2008-02-29,NASDAQ,4909.14,4879.17,4943.77,4873.51,63668031.0,-4.12,8.5,8.52,1.2,63.0,24738.0,238.0,1.21,141.75,101.96,950.99,123.3,4173.0,8.91,8.0,69.77,3511.0
2008-03-01,NASDAQ,1969.41,1940.51,1999.02,1898.37,154879409.0,-4.83,9.81,11.7,8.5,97.0,27832.0,4552.0,1.19,100.98,94.66,1164.24,437.35,8846.0,3.29,8.0,79.72,5270.0
2008-03-02,NASDAQ,3653.24,3672.07,3716.0,3640.31,903170423.0,5.49,9.76,8.43,9.63,114.0,24042.0,2359.0,0.81,101.64,118.12,2041.35,446.82,8494.0,8.05,48.0,39.74,10712.0
2008-03-03,NASDAQ,3653.24,3672.07,3716.0,3640.31,903170423.0,5.49,9.76,8.43,9.63,114.0,24042.0,2359.0,0.81,101.64,118.12,2041.35,446.82,8494.0,8.05,48.0,39.74,10712.0
2008-03-04,NASDAQ,3653.24,3672.07,3716.0,3640.31,903170423.0,5.49,9.76,8.43,9.63,114.0,24042.0,2359.0,0.81,101.64,118.12,2041.35,446.82,8494.0,8.05,48.0,39.74,10712.0
2008-03-05,NASDAQ,1612.58,1640.78,1651.47,1593.63,561585137.0,3.2,8.67,8.4,0.68,117.0,2769.0,2633.0,1.38,109.96,46.98,1872.73,384.21,1687.0,5.56,21.0,31.09,8644.0
2008-03-06,NASDAQ,1612.58,1640.78,1651.47,1593.63,561585137.0,3.2,8.67,8.4,0.68,117.0,2769.0,2633.0,1.38,109.96,46.98,1872.73,384.21,1687.0,5.56,21.0,31.09,8644.0
2008-03-07,NASDAQ,1612.58,1640.78,1651.47,1593.63,561585137.0,3.2,8.67,8.4,0.68,117.0,2769.0,2633.0,1.38,109.96,46.98,1872.73,384.21,1687.0,5.56,21.0,31.09,8644.0
2008-03-08,NASDAQ,1612.58,1640.78,1651.47,1593.63,561585137.0,3.2,8.67,8.4,0.68,117.0,2769.0,2633.0,1.38,109.96,46.98,1872.73,384.21,1687.0,5.56,21.0,31.09,8644.0
2008-03-09,NASDAQ,4078.99,4112.849999999999,4146.77,4073.85,975733242.0,4.49,8.38,7.9,1.39,96.0,21619.0,3772.0,1.31,87.18,59.19,924.51,111.86,1174.0,8.2,5.0,30.21,4922.0
2008-03-10,NASDAQ,4078.99,4112.849999999999,4146.77,4073.85,975733242.0,4.49,8.38,7.9,1.39,96.0,21619.0,3772.0,1.31,87.18,59.19,924.51,111.86,1174.0,8.2,5.0,30.21,4922.0
2008-03-11,NASDAQ,3294.25,3267.09,3324.98,3237.4300000000003,274066900.0,-2.43,8.15,8.7,7.11,90.0,21313.0,382.0,1.45,98.58,46.93,1509.0,256.18,4867.0,1.23,27.0,48.44,12795.0
2008-03-12,NASDAQ,2366.56,2343.96,2409.02,2334.49,935042038.0,8.96,3.13,8.75,3.13,76.0,25982.0,1239.0,0.99,145.91,63.38,814.23,308.52,8771.0,4.16,42.0,83.88,7682.0
2008-03-13,NASDAQ,2366.56,2343.96,2409.02,2334.49,935042038.0,8.96,3.13,8.75,3.13,76.0,25982.0,1239.0,0.99,145.91,63.38,814.23,308.52,8771.0,4.16,42.0,83.88,7682.0
2008-03-14,NASDAQ,2366.56,2343.96,2409.02,2334.49,935042038.0,8.96,3.13,8.75,3.13,76.0,25982.0,1239.0,0.99,145.91,63.38,814.23,308.52,8771.0,4.16,42.0,83.88,7682.0
2008-03-15,NASDAQ,2366.56,2343.96,2409.02,2334.49,935042038.0,8.96,3.13,8.75,3.13,76.0,25982.0,1239.0,0.99,145.91,63.38,814.23,308.52,8771.0,4.16,42.0,83.88,7682.0
2008-03-16,NASDAQ,2366.56,2343.96,2409.02,2334.49,935042038.0,8.96,3.13,8.75,3.13,76.0,25982.0,1239.0,0.99,145.91,63.38,814.23,308.52,8771.0,4.16,42.0,83.88,7682.0
2008-03-17,NASDAQ,2311.37,2306.9,2346.3,2282.0,523425925.0,1.06,8.61,10.15,7.6,106.0,6495.0,1344.0,1.49,86.42,123.25,2211.4,236.07,2543.0,2.35,22.0,94.34,11979.0
2008-03-18,NASDAQ,4262.98,4303.82,4316.679999999999,4243.04,990814609.0,6.61,7.93,10.32,3.37,61.0,1069.0,4508.0,0.85,97.03,144.06,1225.09,201.82,4354.0,7.99,43.0,63.36,11220.0
