Date,Stock Index,Open Price,Close Price,Daily High,Daily Low,Trading Volume,GDP Growth (%),Inflation Rate (%),Unemployment Rate (%),Interest Rate (%),Consumer Confidence Index,Government Debt (Billion USD),Corporate Profits (Billion USD),Forex USD/EUR,Forex USD/JPY,Crude Oil Price (USD per Barrel),Gold Price (USD per Ounce),Real Estate Index,Retail Sales (Billion USD),Bankruptcy Rate (%),Mergers & Acquisitions Deals,Venture Capital Funding (Billion USD),Consumer Spending (Billion USD)
2000-01-01,S&P 500,2046.82,2036.18,2082.83,2009.53,690220415.0,3.19,4.95,6.62,2.19,101.0,16160.0,1008.0,1.0,98.22,52.84,1957.73,346.23,4156.0,1.4,21.0,5.67,10101.0
2000-01-02,S&P 500,2046.82,2036.18,2082.83,2009.53,690220415.0,3.19,4.95,6.62,2.19,101.0,16160.0,1008.0,1.0,98.22,52.84,1957.73,346.23,4156.0,1.4,21.0,5.67,10101.0
2000-01-03,S&P 500,2046.82,2036.18,2082.83,2009.53,690220415.0,3.19,4.95,6.62,2.19,101.0,16160.0,1008.0,1.0,98.22,52.84,1957.73,346.23,4156.0,1.4,21.0,5.67,10101.0
2000-01-04,S&P 500,2046.82,2036.18,2082.83,2009.53,690220415.0,3.19,4.95,6.62,2.19,101.0,16160.0,1008.0,1.0,98.22,52.84,1957.73,346.23,4156.0,1.4,21.0,5.67,10101.0
2000-01-05,S&P 500,1998.18,1982.18,2044.31,1966.44,385306746.0,1.53,2.2,8.2,4.56,99.0,22293.0,3440.0,1.43,113.71,92.2,2210.08,405.49,1596.0,2.21,34.0,86.37,10688.0
2000-01-06,S&P 500,2087.8,2124.76,2153.1800000000003,2085.1800000000003,82664194.0,1.42,6.08,3.24,1.09,88.0,15880.0,2525.0,1.39,140.0,60.23,2338.39,441.06,403.0,0.82,45.0,96.8,8613.0
2000-01-07,S&P 500,2087.8,2124.76,2153.1800000000003,2085.1800000000003,82664194.0,1.42,6.08,3.24,1.09,88.0,15880.0,2525.0,1.39,140.0,60.23,2338.39,441.06,403.0,0.82,45.0,96.8,8613.0
2000-01-08,S&P 500,2087.8,2124.76,2153.1800000000003,2085.1800000000003,82664194.0,1.42,6.08,3.24,1.09,88.0,15880.0,2525.0,1.39,140.0,60.23,2338.39,441.06,403.0,0.82,45.0,96.8,8613.0
2000-01-09,S&P 500,2087.8,2124.76,2153.1800000000003,2085.1800000000003,82664194.0,1.42,6.08,3.24,1.09,88.0,15880.0,2525.0,1.39,140.0,60.23,2338.39,441.06,403.0,0.82,45.0,96.8,8613.0
2000-01-10,S&P 500,2087.8,2124.76,2153.1800000000003,2085.1800000000003,82664194.0,1.42,6.08,3.24,1.09,88.0,15880.0,2525.0,1.39,140.0,60.23,2338.39,441.06,403.0,0.82,45.0,96.8,8613.0
2000-01-11,S&P 500,2087.8,2124.76,2153.1800000000003,2085.1800000000003,82664194.0,1.42,6.08,3.24,1.09,88.0,15880.0,2525.0,1.39,140.0,60.23,2338.39,441.06,403.0,0.82,45.0,96.8,8613.0
2000-01-12,S&P 500,2087.8,2124.76,2153.1800000000003,2085.1800000000003,82664194.0,1.42,6.08,3.24,1.09,88.0,15880.0,2525.0,1.39,140.0,60.23,2338.39,441.06,403.0,0.82,45.0,96.8,8613.0
2000-01-13,S&P 500,1250.61,1271.27,1293.68,1216.82,90792126.0,8.14,2.12,13.28,2.3,116.0,20391.0,915.0,1.1,97.9,122.27,996.99,373.38,1138.0,6.33,1.0,53.43,8113.0
2000-01-14,S&P 500,1250.61,1271.27,1293.68,1216.82,90792126.0,8.14,2.12,13.28,2.3,116.0,20391.0,915.0,1.1,97.9,122.27,996.99,373.38,1138.0,6.33,1.0,53.43,8113.0
2000-01-15,S&P 500,1250.61,1271.27,1293.68,1216.82,90792126.0,8.14,2.12,13.28,2.3,116.0,20391.0,915.0,1.1,97.9,122.27,996.99,373.38,1138.0,6.33,1.0,53.43,8113.0
2000-01-16,S&P 500,3129.68,3099.33,3163.53,3055.58,415077918.0,1.43,9.15,12.98,4.42,64.0,18293.0,2151.0,0.98,120.13,88.91,1317.51,267.95,7930.0,3.2,15.0,39.56,10713.0
2000-01-17,S&P 500,3129.68,3099.33,3163.53,3055.58,415077918.0,1.43,9.15,12.98,4.42,64.0,18293.0,2151.0,0.98,120.13,88.91,1317.51,267.95,7930.0,3.2,15.0,39.56,10713.0
2000-01-18,S&P 500,3129.68,3099.33,3163.53,3055.58,415077918.0,1.43,9.15,12.98,4.42,64.0,18293.0,2151.0,0.98,120.13,88.91,1317.51,267.95,7930.0,3.2,15.0,39.56,10713.0
2000-01-19,S&P 500,3129.68,3099.33,3163.53,3055.58,415077918.0,1.43,9.15,12.98,4.42,64.0,18293.0,2151.0,0.98,120.13,88.91,1317.51,267.95,7930.0,3.2,15.0,39.56,10713.0
2000-01-20,S&P 500,3129.68,3099.33,3163.53,3055.58,415077918.0,1.43,9.15,12.98,4.42,64.0,18293.0,2151.0,0.98,120.13,88.91,1317.51,267.95,7930.0,3.2,15.0,39.56,10713.0
2000-01-21,S&P 500,3655.16,3690.95,3735.65,3607.51,992784081.0,-4.61,5.51,2.87,5.23,69.0,22031.0,2682.0,1.41,145.12,26.14,2477.43,262.86,4543.0,3.46,38.0,62.5,3790.0
2000-01-22,S&P 500,4853.58,4870.27,4895.16,4818.44,349254868.0,3.48,6.27,2.11,2.26,59.0,625.0,2746.0,1.4,142.86,65.66,1677.52,164.4,1552.0,6.92,41.0,34.19,3259.0
2000-01-23,S&P 500,4853.58,4870.27,4895.16,4818.44,349254868.0,3.48,6.27,2.11,2.26,59.0,625.0,2746.0,1.4,142.86,65.66,1677.52,164.4,1552.0,6.92,41.0,34.19,3259.0
2000-01-24,S&P 500,4853.58,4870.27,4895.16,4818.44,349254868.0,3.48,6.27,2.11,2.26,59.0,625.0,2746.0,1.4,142.86,65.66,1677.52,164.4,1552.0,6.92,41.0,34.19,3259.0
2000-01-25,S&P 500,1209.03,1230.95,1251.48,1184.81,19640512.0,6.29,8.33,5.12,8.79,87.0,7142.0,3375.0,1.26,134.97,25.82,2400.2,405.28,5280.0,7.38,49.0,42.96,3414.0
2000-01-26,S&P 500,2675.17,2718.19,2729.69,2652.15,834168124.0,1.91,8.51,14.61,0.97,73.0,20142.0,446.0,1.34,108.27,147.48,1964.53,170.42,6773.0,1.93,48.0,60.16,2677.0
2000-01-27,S&P 500,2040.63,2043.39,2063.69,2012.31,97750245.0,1.44,8.03,9.76,2.03,88.0,9345.0,4254.0,0.86,86.43,144.29,931.07,227.28,3087.0,7.32,2.0,19.54,12464.0
2000-01-28,S&P 500,2040.63,2043.39,2063.69,2012.31,97750245.0,1.44,8.03,9.76,2.03,88.0,9345.0,4254.0,0.86,86.43,144.29,931.07,227.28,3087.0,7.32,2.0,19.54,12464.0
2000-01-29,S&P 500,2040.63,2043.39,2063.69,2012.31,97750245.0,1.44,8.03,9.76,2.03,88.0,9345.0,4254.0,0.86,86.43,144.29,931.07,227.28,3087.0,7.32,2.0,19.54,12464.0
2000-01-30,S&P 500,2040.63,2043.39,2063.69,2012.31,97750245.0,1.44,8.03,9.76,2.03,88.0,9345.0,4254.0,0.86,86.43,144.29,931.07,227.28,3087.0,7.32,2.0,19.54,12464.0
2000-01-31,S&P 500,2040.63,2043.39,2063.69,2012.31,97750245.0,1.44,8.03,9.76,2.03,88.0,9345.0,4254.0,0.86,86.43,144.29,931.07,227.28,3087.0,7.32,2.0,19.54,12464.0
2000-02-01,S&P 500,2040.63,2043.39,2063.69,2012.31,97750245.0,1.44,8.03,9.76,2.03,88.0,9345.0,4254.0,0.86,86.43,144.29,931.07,227.28,3087.0,7.32,2.0,19.54,12464.0
2000-02-02,S&P 500,2040.63,2043.39,2063.69,2012.31,97750245.0,1.44,8.03,9.76,2.03,88.0,9345.0,4254.0,0.86,86.43,144.29,931.07,227.28,3087.0,7.32,2.0,19.54,12464.0
2000-02-03,S&P 500,2040.63,2043.39,2063.69,2012.31,97750245.0,1.44,8.03,9.76,2.03,88.0,9345.0,4254.0,0.86,86.43,144.29,931.07,227.28,3087.0,7.32,2.0,19.54,12464.0
2000-02-04,S&P 500,2040.63,2043.39,2063.69,2012.31,97750245.0,1.44,8.03,9.76,2.03,88.0,9345.0,4254.0,0.86,86.43,144.29,931.07,227.28,3087.0,7.32,2.0,19.54,12464.0
2000-02-05,S&P 500,2040.63,2043.39,2063.69,2012.31,97750245.0,1.44,8.03,9.76,2.03,88.0,9345.0,4254.0,0.86,86.43,144.29,931.07,227.28,3087.0,7.32,2.0,19.54,12464.0
2000-02-06,S&P 500,2040.63,2043.39,2063.69,2012.31,97750245.0,1.44,8.03,9.76,2.03,88.0,9345.0,4254.0,0.86,86.43,144.29,931.07,227.28,3087.0,7.32,2.0,19.54,12464.0
2000-02-07,S&P 500,2040.63,2043.39,2063.69,2012.31,97750245.0,1.44,8.03,9.76,2.03,88.0,9345.0,4254.0,0.86,86.43,144.29,931.07,227.28,3087.0,7.32,2.0,19.54,12464.0
2000-02-08,S&P 500,1604.99,1651.97,1694.73,1592.26,642074973.0,-1.4,7.77,4.84,6.36,96.0,18577.0,3182.0,1.45,147.14,149.81,1228.07,190.55,3216.0,6.05,32.0,88.16,11375.0
2000-02-09,S&P 500,1604.99,1651.97,1694.73,1592.26,642074973.0,-1.4,7.77,4.84,6.36,96.0,18577.0,3182.0,1.45,147.14,149.81,1228.07,190.55,3216.0,6.05,32.0,88.16,11375.0
2000-02-10,S&P 500,2003.87,2046.13,2094.78,1965.1,299234285.0,-1.22,6.24,3.13,2.17,67.0,21528.0,846.0,1.24,149.77,106.93,804.16,148.43,5290.0,7.38,17.0,65.85,13524.0
2000-02-11,S&P 500,2003.87,2046.13,2094.78,1965.1,299234285.0,-1.22,6.24,3.13,2.17,67.0,21528.0,846.0,1.24,149.77,106.93,804.16,148.43,5290.0,7.38,17.0,65.85,13524.0
2000-02-12,S&P 500,2003.87,2046.13,2094.78,1965.1,299234285.0,-1.22,6.24,3.13,2.17,67.0,21528.0,846.0,1.24,149.77,106.93,804.16,148.43,5290.0,7.38,17.0,65.85,13524.0
2000-02-13,S&P 500,3093.56,3062.76,3095.61,3016.54,760179396.0,-1.33,5.99,14.59,1.42,107.0,20546.0,2956.0,1.48,88.09,30.19,1340.73,154.14,9546.0,5.08,9.0,23.06,10365.0
2000-02-14,S&P 500,1459.08,1475.75,1511.0,1423.46,433513212.0,0.65,9.61,11.77,1.65,74.0,15254.0,2441.0,1.35,118.95,23.79,1195.22,104.66,4719.0,4.11,26.0,70.52,490.0
2000-02-15,S&P 500,1459.08,1475.75,1511.0,1423.46,433513212.0,0.65,9.61,11.77,1.65,74.0,15254.0,2441.0,1.35,118.95,23.79,1195.22,104.66,4719.0,4.11,26.0,70.52,490.0
2000-02-16,S&P 500,1459.08,1475.75,1511.0,1423.46,433513212.0,0.65,9.61,11.77,1.65,74.0,15254.0,2441.0,1.35,118.95,23.79,1195.22,104.66,4719.0,4.11,26.0,70.52,490.0
2000-02-17,S&P 500,1270.67,1269.65,1306.0500000000002,1267.64,173299941.0,2.35,4.01,4.09,5.93,92.0,11921.0,3590.0,1.04,149.76,60.57,1163.88,298.06,5066.0,6.69,6.0,27.43,14002.0
2000-02-18,S&P 500,1270.67,1269.65,1306.0500000000002,1267.64,173299941.0,2.35,4.01,4.09,5.93,92.0,11921.0,3590.0,1.04,149.76,60.57,1163.88,298.06,5066.0,6.69,6.0,27.43,14002.0
2000-02-19,S&P 500,1270.67,1269.65,1306.0500000000002,1267.64,173299941.0,2.35,4.01,4.09,5.93,92.0,11921.0,3590.0,1.04,149.76,60.57,1163.88,298.06,5066.0,6.69,6.0,27.43,14002.0
2000-02-20,S&P 500,1270.67,1269.65,1306.0500000000002,1267.64,173299941.0,2.35,4.01,4.09,5.93,92.0,11921.0,3590.0,1.04,149.76,60.57,1163.88,298.06,5066.0,6.69,6.0,27.43,14002.0
2000-02-21,S&P 500,2833.2,2802.96,2839.57,2801.81,676997974.0,3.16,6.11,14.25,5.25,93.0,4461.0,1662.0,1.43,99.23,37.49,1832.18,395.24,5541.0,5.65,26.0,45.28,4346.0
2000-02-22,S&P 500,2833.2,2802.96,2839.57,2801.81,676997974.0,3.16,6.11,14.25,5.25,93.0,4461.0,1662.0,1.43,99.23,37.49,1832.18,395.24,5541.0,5.65,26.0,45.28,4346.0
2000-02-23,S&P 500,1663.1,1631.6799999999998,1711.11,1598.9499999999998,68204720.0,4.28,9.75,4.77,3.99,70.0,15553.0,3329.0,1.09,90.51,65.22,2452.7,307.75,8965.0,2.93,3.0,50.0,8754.0
2000-02-24,S&P 500,1663.1,1631.6799999999998,1711.11,1598.9499999999998,68204720.0,4.28,9.75,4.77,3.99,70.0,15553.0,3329.0,1.09,90.51,65.22,2452.7,307.75,8965.0,2.93,3.0,50.0,8754.0
2000-02-25,S&P 500,1663.1,1631.6799999999998,1711.11,1598.9499999999998,68204720.0,4.28,9.75,4.77,3.99,70.0,15553.0,3329.0,1.09,90.51,65.22,2452.7,307.75,8965.0,2.93,3.0,50.0,8754.0
2000-02-26,S&P 500,1663.1,1631.6799999999998,1711.11,1598.9499999999998,68204720.0,4.28,9.75,4.77,3.99,70.0,15553.0,3329.0,1.09,90.51,65.22,2452.7,307.75,8965.0,2.93,3.0,50.0,8754.0
2000-02-27,S&P 500,2849.18,2842.95,2866.0,2812.98,429041376.0,-2.03,4.55,10.69,5.35,106.0,12593.0,4822.0,0.8,141.09,139.36,1347.59,139.67,4571.0,3.58,42.0,46.75,13609.0
2000-02-28,S&P 500,2849.18,2842.95,2866.0,2812.98,429041376.0,-2.03,4.55,10.69,5.35,106.0,12593.0,4822.0,0.8,141.09,139.36,1347.59,139.67,4571.0,3.58,42.0,46.75,13609.0
2000-02-29,S&P 500,2849.18,2842.95,2866.0,2812.98,429041376.0,-2.03,4.55,10.69,5.35,106.0,12593.0,4822.0,0.8,141.09,139.36,1347.59,139.67,4571.0,3.58,42.0,46.75,13609.0
2000-03-01,S&P 500,2849.18,2842.95,2866.0,2812.98,429041376.0,-2.03,4.55,10.69,5.35,106.0,12593.0,4822.0,0.8,141.09,139.36,1347.59,139.67,4571.0,3.58,42.0,46.75,13609.0
2000-03-02,S&P 500,1249.09,1292.38,1323.9699999999998,1211.34,594469609.0,-0.42,9.66,3.06,5.1,89.0,8486.0,812.0,1.39,83.66,138.53,2215.28,281.02,2528.0,3.43,39.0,11.27,3475.0
2000-03-03,S&P 500,1249.09,1292.38,1323.9699999999998,1211.34,594469609.0,-0.42,9.66,3.06,5.1,89.0,8486.0,812.0,1.39,83.66,138.53,2215.28,281.02,2528.0,3.43,39.0,11.27,3475.0
2000-03-04,S&P 500,1249.09,1292.38,1323.9699999999998,1211.34,594469609.0,-0.42,9.66,3.06,5.1,89.0,8486.0,812.0,1.39,83.66,138.53,2215.28,281.02,2528.0,3.43,39.0,11.27,3475.0
2000-03-05,S&P 500,1249.09,1292.38,1323.9699999999998,1211.34,594469609.0,-0.42,9.66,3.06,5.1,89.0,8486.0,812.0,1.39,83.66,138.53,2215.28,281.02,2528.0,3.43,39.0,11.27,3475.0
2000-03-06,S&P 500,1249.09,1292.38,1323.9699999999998,1211.34,594469609.0,-0.42,9.66,3.06,5.1,89.0,8486.0,812.0,1.39,83.66,138.53,2215.28,281.02,2528.0,3.43,39.0,11.27,3475.0
2000-03-07,S&P 500,1249.09,1292.38,1323.9699999999998,1211.34,594469609.0,-0.42,9.66,3.06,5.1,89.0,8486.0,812.0,1.39,83.66,138.53,2215.28,281.02,2528.0,3.43,39.0,11.27,3475.0
2000-03-08,S&P 500,1249.09,1292.38,1323.9699999999998,1211.34,594469609.0,-0.42,9.66,3.06,5.1,89.0,8486.0,812.0,1.39,83.66,138.53,2215.28,281.02,2528.0,3.43,39.0,11.27,3475.0
2000-03-09,S&P 500,1249.09,1292.38,1323.9699999999998,1211.34,594469609.0,-0.42,9.66,3.06,5.1,89.0,8486.0,812.0,1.39,83.66,138.53,2215.28,281.02,2528.0,3.43,39.0,11.27,3475.0
2000-03-10,S&P 500,1658.83,1700.88,1723.34,1633.37,487813508.0,6.42,1.13,4.34,2.35,76.0,10137.0,1567.0,1.46,125.99,62.34,1001.11,442.86,3424.0,7.7,31.0,80.28,3242.0
2000-03-11,S&P 500,1658.83,1700.88,1723.34,1633.37,487813508.0,6.42,1.13,4.34,2.35,76.0,10137.0,1567.0,1.46,125.99,62.34,1001.11,442.86,3424.0,7.7,31.0,80.28,3242.0
2000-03-12,S&P 500,1658.83,1700.88,1723.34,1633.37,487813508.0,6.42,1.13,4.34,2.35,76.0,10137.0,1567.0,1.46,125.99,62.34,1001.11,442.86,3424.0,7.7,31.0,80.28,3242.0
2000-03-13,S&P 500,1658.83,1700.88,1723.34,1633.37,487813508.0,6.42,1.13,4.34,2.35,76.0,10137.0,1567.0,1.46,125.99,62.34,1001.11,442.86,3424.0,7.7,31.0,80.28,3242.0
2000-03-14,S&P 500,1658.83,1700.88,1723.34,1633.37,487813508.0,6.42,1.13,4.34,2.35,76.0,10137.0,1567.0,1.46,125.99,62.34,1001.11,442.86,3424.0,7.7,31.0,80.28,3242.0
2000-03-15,S&P 500,1658.83,1700.88,1723.34,1633.37,487813508.0,6.42,1.13,4.34,2.35,76.0,10137.0,1567.0,1.46,125.99,62.34,1001.11,442.86,3424.0,7.7,31.0,80.28,3242.0
2000-03-16,S&P 500,1658.83,1700.88,1723.34,1633.37,487813508.0,6.42,1.13,4.34,2.35,76.0,10137.0,1567.0,1.46,125.99,62.34,1001.11,442.86,3424.0,7.7,31.0,80.28,3242.0
2000-03-17,S&P 500,1658.83,1700.88,1723.34,1633.37,487813508.0,6.42,1.13,4.34,2.35,76.0,10137.0,1567.0,1.46,125.99,62.34,1001.11,442.86,3424.0,7.7,31.0,80.28,3242.0
2000-03-18,S&P 500,1658.83,1700.88,1723.34,1633.37,487813508.0,6.42,1.13,4.34,2.35,76.0,10137.0,1567.0,1.46,125.99,62.34,1001.11,442.86,3424.0,7.7,31.0,80.28,3242.0
2000-03-19,S&P 500,1658.83,1700.88,1723.34,1633.37,487813508.0,6.42,1.13,4.34,2.35,76.0,10137.0,1567.0,1.46,125.99,62.34,1001.11,442.86,3424.0,7.7,31.0,80.28,3242.0
2000-03-20,S&P 500,1658.83,1700.88,1723.34,1633.37,487813508.0,6.42,1.13,4.34,2.35,76.0,10137.0,1567.0,1.46,125.99,62.34,1001.11,442.86,3424.0,7.7,31.0,80.28,3242.0
2000-03-21,S&P 500,1658.83,1700.88,1723.34,1633.37,487813508.0,6.42,1.13,4.34,2.35,76.0,10137.0,1567.0,1.46,125.99,62.34,1001.11,442.86,3424.0,7.7,31.0,80.28,3242.0
2000-03-22,S&P 500,1108.67,1066.16,1124.36,1016.35,358434805.0,7.79,8.62,8.72,6.84,76.0,29050.0,3604.0,1.22,135.51,75.84,1386.58,361.95,969.0,1.3,42.0,35.31,6460.0
2000-03-23,S&P 500,1108.67,1066.16,1124.36,1016.35,358434805.0,7.79,8.62,8.72,6.84,76.0,29050.0,3604.0,1.22,135.51,75.84,1386.58,361.95,969.0,1.3,42.0,35.31,6460.0
2000-03-24,S&P 500,2855.73,2889.48,2900.17,2836.65,225886856.0,4.33,2.59,6.5,8.2,81.0,12111.0,470.0,1.0,90.43,134.07,1927.74,433.38,1004.0,4.55,2.0,12.69,12363.0
2000-03-25,S&P 500,4636.88,4610.86,4642.16,4579.96,815739709.0,2.44,7.43,13.19,1.83,90.0,24024.0,3564.0,0.99,83.89,144.49,1312.48,144.31,2122.0,5.52,45.0,82.52,5616.0
2000-03-26,S&P 500,4636.88,4610.86,4642.16,4579.96,815739709.0,2.44,7.43,13.19,1.83,90.0,24024.0,3564.0,0.99,83.89,144.49,1312.48,144.31,2122.0,5.52,45.0,82.52,5616.0
2000-03-27,S&P 500,4636.88,4610.86,4642.16,4579.96,815739709.0,2.44,7.43,13.19,1.83,90.0,24024.0,3564.0,0.99,83.89,144.49,1312.48,144.31,2122.0,5.52,45.0,82.52,5616.0
2000-03-28,S&P 500,1421.89,1448.76,1496.29,1376.64,791254083.0,1.14,3.28,13.86,8.58,110.0,26808.0,1047.0,1.01,122.06,51.11,1893.25,155.3,1394.0,0.71,13.0,9.68,11353.0
2000-03-29,S&P 500,1421.89,1448.76,1496.29,1376.64,791254083.0,1.14,3.28,13.86,8.58,110.0,26808.0,1047.0,1.01,122.06,51.11,1893.25,155.3,1394.0,0.71,13.0,9.68,11353.0
2000-03-30,S&P 500,4288.41,4296.09,4298.6900000000005,4265.889999999999,475226213.0,-1.83,0.45,12.07,6.79,72.0,8723.0,1555.0,1.47,113.02,58.52,1689.57,443.2,9155.0,6.1,32.0,29.52,214.0
2000-03-31,S&P 500,2521.68,2483.6,2565.89,2451.27,824342099.0,1.49,3.86,11.78,4.51,114.0,10660.0,2648.0,1.4,132.83,74.71,1840.24,350.96,1656.0,9.83,35.0,77.81,10542.0
2000-04-01,S&P 500,4102.45,4056.1,4145.58,4008.46,578975920.0,1.28,3.43,13.72,7.44,81.0,19858.0,2522.0,1.37,113.66,128.48,803.6,338.95,2402.0,8.5,22.0,9.75,6761.0
2000-04-02,S&P 500,4857.91,4813.18,4880.08,4773.450000000001,693648470.0,-4.34,8.17,5.99,7.38,90.0,12022.0,3711.0,0.95,85.88,81.36,1939.87,333.85,836.0,8.7,0.0,45.19,4135.0
2000-04-03,S&P 500,4857.91,4813.18,4880.08,4773.450000000001,693648470.0,-4.34,8.17,5.99,7.38,90.0,12022.0,3711.0,0.95,85.88,81.36,1939.87,333.85,836.0,8.7,0.0,45.19,4135.0
2000-04-04,S&P 500,3093.32,3055.1200000000003,3142.1200000000003,3038.5000000000005,83889149.0,3.25,4.61,13.24,8.06,97.0,28001.0,1440.0,1.37,138.21,31.71,940.38,266.8,5625.0,0.81,31.0,98.57,9440.0
2000-04-05,S&P 500,2148.55,2103.07,2175.17,2079.54,773567918.0,-3.83,8.25,12.12,4.76,65.0,27298.0,3945.0,0.93,124.07,119.08,2139.18,159.33,5933.0,9.13,20.0,9.05,6551.0
2000-04-06,S&P 500,4171.42,4165.21,4216.6900000000005,4149.4800000000005,659985095.0,9.15,7.0,7.12,1.65,80.0,28514.0,1618.0,1.15,99.54,82.78,2202.65,233.05,7625.0,1.18,43.0,11.48,13609.0
2000-04-07,S&P 500,4171.42,4165.21,4216.6900000000005,4149.4800000000005,659985095.0,9.15,7.0,7.12,1.65,80.0,28514.0,1618.0,1.15,99.54,82.78,2202.65,233.05,7625.0,1.18,43.0,11.48,13609.0
2000-04-08,S&P 500,3538.33,3514.57,3547.88,3473.26,578281956.0,7.82,8.11,2.61,3.02,81.0,11814.0,810.0,1.06,89.5,99.43,1075.76,342.41,4884.0,8.57,26.0,40.62,7782.0
2000-04-09,S&P 500,4191.66,4183.83,4213.7,4147.26,346079543.0,-5.0,0.77,12.17,4.15,59.0,8798.0,4670.0,1.4,125.17,33.26,1967.02,128.66,8135.0,4.72,35.0,74.4,11252.0
2000-04-10,S&P 500,4191.66,4183.83,4213.7,4147.26,346079543.0,-5.0,0.77,12.17,4.15,59.0,8798.0,4670.0,1.4,125.17,33.26,1967.02,128.66,8135.0,4.72,35.0,74.4,11252.0
2000-04-11,S&P 500,4191.66,4183.83,4213.7,4147.26,346079543.0,-5.0,0.77,12.17,4.15,59.0,8798.0,4670.0,1.4,125.17,33.26,1967.02,128.66,8135.0,4.72,35.0,74.4,11252.0
2000-04-12,S&P 500,4191.66,4183.83,4213.7,4147.26,346079543.0,-5.0,0.77,12.17,4.15,59.0,8798.0,4670.0,1.4,125.17,33.26,1967.02,128.66,8135.0,4.72,35.0,74.4,11252.0
2000-04-13,S&P 500,1631.82,1638.91,1658.35,1593.49,858221766.0,0.43,2.51,7.85,5.66,52.0,8456.0,2322.0,1.27,112.75,138.83,2346.68,384.01,6894.0,10.0,28.0,27.68,12595.0
2000-04-14,S&P 500,1631.82,1638.91,1658.35,1593.49,858221766.0,0.43,2.51,7.85,5.66,52.0,8456.0,2322.0,1.27,112.75,138.83,2346.68,384.01,6894.0,10.0,28.0,27.68,12595.0
2000-04-15,S&P 500,1631.82,1638.91,1658.35,1593.49,858221766.0,0.43,2.51,7.85,5.66,52.0,8456.0,2322.0,1.27,112.75,138.83,2346.68,384.01,6894.0,10.0,28.0,27.68,12595.0
2000-04-16,S&P 500,2267.05,2227.71,2297.27,2222.51,418511556.0,-3.94,7.99,6.31,3.27,104.0,2294.0,1797.0,1.23,114.98,71.94,1595.66,216.57,5797.0,0.44,34.0,69.98,238.0
2000-04-17,S&P 500,2267.05,2227.71,2297.27,2222.51,418511556.0,-3.94,7.99,6.31,3.27,104.0,2294.0,1797.0,1.23,114.98,71.94,1595.66,216.57,5797.0,0.44,34.0,69.98,238.0
2000-04-18,S&P 500,4624.57,4584.52,4649.31,4557.9,925614420.0,-3.93,8.07,11.99,4.34,104.0,1416.0,3889.0,1.4,96.89,93.38,2185.77,414.12,4211.0,3.69,42.0,26.33,7576.0
2000-04-19,S&P 500,4624.57,4584.52,4649.31,4557.9,925614420.0,-3.93,8.07,11.99,4.34,104.0,1416.0,3889.0,1.4,96.89,93.38,2185.77,414.12,4211.0,3.69,42.0,26.33,7576.0
2000-04-20,S&P 500,4624.57,4584.52,4649.31,4557.9,925614420.0,-3.93,8.07,11.99,4.34,104.0,1416.0,3889.0,1.4,96.89,93.38,2185.77,414.12,4211.0,3.69,42.0,26.33,7576.0
2000-04-21,S&P 500,4624.57,4584.52,4649.31,4557.9,925614420.0,-3.93,8.07,11.99,4.34,104.0,1416.0,3889.0,1.4,96.89,93.38,2185.77,414.12,4211.0,3.69,42.0,26.33,7576.0
2000-04-22,S&P 500,1808.06,1844.57,1859.83,1797.59,631074167.0,5.85,0.94,13.83,8.58,64.0,14940.0,3265.0,1.04,84.56,142.65,1698.57,274.24,8219.0,5.17,16.0,32.41,9358.0
2000-04-23,S&P 500,1808.06,1844.57,1859.83,1797.59,631074167.0,5.85,0.94,13.83,8.58,64.0,14940.0,3265.0,1.04,84.56,142.65,1698.57,274.24,8219.0,5.17,16.0,32.41,9358.0
2000-04-24,S&P 500,4575.96,4596.05,4629.22,4554.28,89001141.0,-1.74,5.04,2.59,2.19,101.0,16369.0,4709.0,1.39,110.25,147.53,1191.19,108.79,618.0,2.7,10.0,78.02,11228.0
2000-04-25,S&P 500,4575.96,4596.05,4629.22,4554.28,89001141.0,-1.74,5.04,2.59,2.19,101.0,16369.0,4709.0,1.39,110.25,147.53,1191.19,108.79,618.0,2.7,10.0,78.02,11228.0
2000-04-26,S&P 500,1608.42,1621.5,1635.52,1564.59,928499057.0,6.76,8.62,14.86,0.91,103.0,7844.0,2801.0,1.34,109.38,25.01,923.69,202.51,3951.0,2.13,30.0,57.32,11171.0
2000-04-27,S&P 500,1608.42,1621.5,1635.52,1564.59,928499057.0,6.76,8.62,14.86,0.91,103.0,7844.0,2801.0,1.34,109.38,25.01,923.69,202.51,3951.0,2.13,30.0,57.32,11171.0
2000-04-28,S&P 500,1608.42,1621.5,1635.52,1564.59,928499057.0,6.76,8.62,14.86,0.91,103.0,7844.0,2801.0,1.34,109.38,25.01,923.69,202.51,3951.0,2.13,30.0,57.32,11171.0
2000-04-29,S&P 500,1608.42,1621.5,1635.52,1564.59,928499057.0,6.76,8.62,14.86,0.91,103.0,7844.0,2801.0,1.34,109.38,25.01,923.69,202.51,3951.0,2.13,30.0,57.32,11171.0
2000-04-30,S&P 500,4529.67,4507.86,4556.16,4485.889999999999,961746099.0,0.45,8.89,7.98,1.58,118.0,4150.0,4075.0,1.43,138.4,32.48,1659.63,109.33,9325.0,5.87,10.0,14.04,13086.0
2000-05-01,S&P 500,4529.67,4507.86,4556.16,4485.889999999999,961746099.0,0.45,8.89,7.98,1.58,118.0,4150.0,4075.0,1.43,138.4,32.48,1659.63,109.33,9325.0,5.87,10.0,14.04,13086.0
2000-05-02,S&P 500,4529.67,4507.86,4556.16,4485.889999999999,961746099.0,0.45,8.89,7.98,1.58,118.0,4150.0,4075.0,1.43,138.4,32.48,1659.63,109.33,9325.0,5.87,10.0,14.04,13086.0
2000-05-03,S&P 500,4529.67,4507.86,4556.16,4485.889999999999,961746099.0,0.45,8.89,7.98,1.58,118.0,4150.0,4075.0,1.43,138.4,32.48,1659.63,109.33,9325.0,5.87,10.0,14.04,13086.0
2000-05-04,S&P 500,4529.67,4507.86,4556.16,4485.889999999999,961746099.0,0.45,8.89,7.98,1.58,118.0,4150.0,4075.0,1.43,138.4,32.48,1659.63,109.33,9325.0,5.87,10.0,14.04,13086.0
2000-05-05,S&P 500,4936.44,4977.719999999999,4991.879999999999,4935.53,215374897.0,1.06,5.03,2.35,3.23,63.0,16440.0,3646.0,1.22,101.5,142.32,2217.76,287.8,1087.0,3.36,41.0,7.67,5132.0
2000-05-06,S&P 500,4936.44,4977.719999999999,4991.879999999999,4935.53,215374897.0,1.06,5.03,2.35,3.23,63.0,16440.0,3646.0,1.22,101.5,142.32,2217.76,287.8,1087.0,3.36,41.0,7.67,5132.0
2000-05-07,S&P 500,3538.69,3543.33,3549.68,3496.91,781941002.0,8.77,6.63,7.15,1.72,110.0,23198.0,3606.0,1.45,146.08,130.06,1555.51,207.56,7595.0,8.74,5.0,52.04,10250.0
2000-05-08,S&P 500,3538.69,3543.33,3549.68,3496.91,781941002.0,8.77,6.63,7.15,1.72,110.0,23198.0,3606.0,1.45,146.08,130.06,1555.51,207.56,7595.0,8.74,5.0,52.04,10250.0
2000-05-09,S&P 500,3538.69,3543.33,3549.68,3496.91,781941002.0,8.77,6.63,7.15,1.72,110.0,23198.0,3606.0,1.45,146.08,130.06,1555.51,207.56,7595.0,8.74,5.0,52.04,10250.0
2000-05-10,S&P 500,3538.69,3543.33,3549.68,3496.91,781941002.0,8.77,6.63,7.15,1.72,110.0,23198.0,3606.0,1.45,146.08,130.06,1555.51,207.56,7595.0,8.74,5.0,52.04,10250.0
2000-05-11,S&P 500,1648.93,1654.85,1693.7700000000002,1610.15,905715957.0,4.61,0.04,5.79,0.89,75.0,1887.0,1561.0,1.38,103.46,67.66,1774.08,180.14,178.0,3.27,6.0,36.3,14629.0
2000-05-12,S&P 500,1050.43,1051.9,1082.3300000000002,1036.02,120588703.0,-4.09,3.64,7.73,7.75,76.0,27942.0,2271.0,1.18,127.39,147.43,1336.61,466.27,1918.0,2.19,36.0,81.74,6324.0
2000-05-13,S&P 500,1050.43,1051.9,1082.3300000000002,1036.02,120588703.0,-4.09,3.64,7.73,7.75,76.0,27942.0,2271.0,1.18,127.39,147.43,1336.61,466.27,1918.0,2.19,36.0,81.74,6324.0
2000-05-14,S&P 500,1050.43,1051.9,1082.3300000000002,1036.02,120588703.0,-4.09,3.64,7.73,7.75,76.0,27942.0,2271.0,1.18,127.39,147.43,1336.61,466.27,1918.0,2.19,36.0,81.74,6324.0
2000-05-15,S&P 500,1050.43,1051.9,1082.3300000000002,1036.02,120588703.0,-4.09,3.64,7.73,7.75,76.0,27942.0,2271.0,1.18,127.39,147.43,1336.61,466.27,1918.0,2.19,36.0,81.74,6324.0
2000-05-16,S&P 500,1050.43,1051.9,1082.3300000000002,1036.02,120588703.0,-4.09,3.64,7.73,7.75,76.0,27942.0,2271.0,1.18,127.39,147.43,1336.61,466.27,1918.0,2.19,36.0,81.74,6324.0
2000-05-17,S&P 500,1050.43,1051.9,1082.3300000000002,1036.02,120588703.0,-4.09,3.64,7.73,7.75,76.0,27942.0,2271.0,1.18,127.39,147.43,1336.61,466.27,1918.0,2.19,36.0,81.74,6324.0
2000-05-18,S&P 500,1050.43,1051.9,1082.3300000000002,1036.02,120588703.0,-4.09,3.64,7.73,7.75,76.0,27942.0,2271.0,1.18,127.39,147.43,1336.61,466.27,1918.0,2.19,36.0,81.74,6324.0
2000-05-19,S&P 500,1749.65,1767.96,1794.91,1715.24,779928276.0,8.64,7.72,6.78,7.37,52.0,20993.0,800.0,1.11,119.52,34.01,2339.23,464.43,4531.0,0.41,6.0,68.46,9685.0
2000-05-20,S&P 500,1749.65,1767.96,1794.91,1715.24,779928276.0,8.64,7.72,6.78,7.37,52.0,20993.0,800.0,1.11,119.52,34.01,2339.23,464.43,4531.0,0.41,6.0,68.46,9685.0
2000-05-21,S&P 500,1749.65,1767.96,1794.91,1715.24,779928276.0,8.64,7.72,6.78,7.37,52.0,20993.0,800.0,1.11,119.52,34.01,2339.23,464.43,4531.0,0.41,6.0,68.46,9685.0
2000-05-22,S&P 500,1749.65,1767.96,1794.91,1715.24,779928276.0,8.64,7.72,6.78,7.37,52.0,20993.0,800.0,1.11,119.52,34.01,2339.23,464.43,4531.0,0.41,6.0,68.46,9685.0
2000-05-23,S&P 500,1749.65,1767.96,1794.91,1715.24,779928276.0,8.64,7.72,6.78,7.37,52.0,20993.0,800.0,1.11,119.52,34.01,2339.23,464.43,4531.0,0.41,6.0,68.46,9685.0
2000-05-24,S&P 500,2257.4,2284.03,2302.73,2218.83,345509363.0,-4.76,6.6,6.74,9.16,58.0,5585.0,2426.0,1.22,93.08,44.48,2285.8,338.64,5116.0,3.63,5.0,48.62,6122.0
2000-05-25,S&P 500,2257.4,2284.03,2302.73,2218.83,345509363.0,-4.76,6.6,6.74,9.16,58.0,5585.0,2426.0,1.22,93.08,44.48,2285.8,338.64,5116.0,3.63,5.0,48.62,6122.0
2000-05-26,S&P 500,2257.4,2284.03,2302.73,2218.83,345509363.0,-4.76,6.6,6.74,9.16,58.0,5585.0,2426.0,1.22,93.08,44.48,2285.8,338.64,5116.0,3.63,5.0,48.62,6122.0
2000-05-27,S&P 500,2257.4,2284.03,2302.73,2218.83,345509363.0,-4.76,6.6,6.74,9.16,58.0,5585.0,2426.0,1.22,93.08,44.48,2285.8,338.64,5116.0,3.63,5.0,48.62,6122.0
2000-05-28,S&P 500,2431.19,2471.11,2517.1600000000003,2413.85,572500435.0,-4.04,3.32,6.62,4.43,106.0,21915.0,1710.0,1.32,130.58,41.38,928.1,107.71,7771.0,8.44,2.0,46.86,8809.0
2000-05-29,S&P 500,2976.85,2989.2,3005.25,2933.73,327327506.0,-2.96,8.84,9.75,7.28,59.0,27494.0,587.0,1.17,90.14,50.33,1735.99,418.01,9125.0,1.79,10.0,34.42,8255.0
2000-05-30,S&P 500,2976.85,2989.2,3005.25,2933.73,327327506.0,-2.96,8.84,9.75,7.28,59.0,27494.0,587.0,1.17,90.14,50.33,1735.99,418.01,9125.0,1.79,10.0,34.42,8255.0
2000-05-31,S&P 500,2340.83,2321.8,2367.54,2320.68,271503507.0,4.48,6.26,14.97,2.23,111.0,16757.0,4423.0,0.89,118.0,27.47,2097.21,313.67,1028.0,7.34,24.0,74.52,12768.0
2000-06-01,S&P 500,2340.83,2321.8,2367.54,2320.68,271503507.0,4.48,6.26,14.97,2.23,111.0,16757.0,4423.0,0.89,118.0,27.47,2097.21,313.67,1028.0,7.34,24.0,74.52,12768.0
2000-06-02,S&P 500,2340.83,2321.8,2367.54,2320.68,271503507.0,4.48,6.26,14.97,2.23,111.0,16757.0,4423.0,0.89,118.0,27.47,2097.21,313.67,1028.0,7.34,24.0,74.52,12768.0
2000-06-03,S&P 500,4303.91,4329.95,4377.099999999999,4283.13,553485440.0,-1.24,8.44,8.43,9.82,96.0,11869.0,898.0,1.21,112.01,20.63,2064.26,226.32,9635.0,3.36,3.0,70.14,13810.0
2000-06-04,S&P 500,4303.91,4329.95,4377.099999999999,4283.13,553485440.0,-1.24,8.44,8.43,9.82,96.0,11869.0,898.0,1.21,112.01,20.63,2064.26,226.32,9635.0,3.36,3.0,70.14,13810.0
2000-06-05,S&P 500,4303.91,4329.95,4377.099999999999,4283.13,553485440.0,-1.24,8.44,8.43,9.82,96.0,11869.0,898.0,1.21,112.01,20.63,2064.26,226.32,9635.0,3.36,3.0,70.14,13810.0
2000-06-06,S&P 500,1567.89,1536.2900000000002,1603.49,1489.14,955154926.0,-1.6,7.49,11.2,5.4,62.0,18921.0,3340.0,1.49,149.1,102.28,1653.09,148.94,297.0,3.39,33.0,94.82,14869.0
2000-06-07,S&P 500,2391.77,2417.42,2436.67,2382.79,946599186.0,8.47,5.72,7.84,1.93,56.0,29429.0,3455.0,1.18,146.34,85.23,1831.95,117.52,9148.0,2.86,26.0,35.41,13227.0
2000-06-08,S&P 500,2391.77,2417.42,2436.67,2382.79,946599186.0,8.47,5.72,7.84,1.93,56.0,29429.0,3455.0,1.18,146.34,85.23,1831.95,117.52,9148.0,2.86,26.0,35.41,13227.0
2000-06-09,S&P 500,2391.77,2417.42,2436.67,2382.79,946599186.0,8.47,5.72,7.84,1.93,56.0,29429.0,3455.0,1.18,146.34,85.23,1831.95,117.52,9148.0,2.86,26.0,35.41,13227.0
2000-06-10,S&P 500,2391.77,2417.42,2436.67,2382.79,946599186.0,8.47,5.72,7.84,1.93,56.0,29429.0,3455.0,1.18,146.34,85.23,1831.95,117.52,9148.0,2.86,26.0,35.41,13227.0
2000-06-11,S&P 500,2391.77,2417.42,2436.67,2382.79,946599186.0,8.47,5.72,7.84,1.93,56.0,29429.0,3455.0,1.18,146.34,85.23,1831.95,117.52,9148.0,2.86,26.0,35.41,13227.0
2000-06-12,S&P 500,2391.77,2417.42,2436.67,2382.79,946599186.0,8.47,5.72,7.84,1.93,56.0,29429.0,3455.0,1.18,146.34,85.23,1831.95,117.52,9148.0,2.86,26.0,35.41,13227.0
2000-06-13,S&P 500,2391.77,2417.42,2436.67,2382.79,946599186.0,8.47,5.72,7.84,1.93,56.0,29429.0,3455.0,1.18,146.34,85.23,1831.95,117.52,9148.0,2.86,26.0,35.41,13227.0
2000-06-14,S&P 500,2885.15,2849.9500000000003,2903.9700000000003,2833.5000000000005,323231884.0,-3.52,4.73,6.61,6.48,88.0,22363.0,2245.0,1.19,112.97,100.9,1860.46,341.38,1847.0,4.32,48.0,57.06,9566.0
2000-06-15,S&P 500,2885.15,2849.9500000000003,2903.9700000000003,2833.5000000000005,323231884.0,-3.52,4.73,6.61,6.48,88.0,22363.0,2245.0,1.19,112.97,100.9,1860.46,341.38,1847.0,4.32,48.0,57.06,9566.0
2000-06-16,S&P 500,3536.57,3507.48,3539.1800000000003,3504.4,469963180.0,-1.21,1.0,14.96,6.83,85.0,25188.0,4778.0,0.83,140.52,27.0,1649.92,370.88,5065.0,5.35,12.0,70.94,7562.0
2000-06-17,S&P 500,1505.06,1468.1,1539.34,1457.66,86383568.0,0.88,7.43,14.29,2.4,55.0,8474.0,3672.0,1.45,135.81,56.21,1096.49,424.44,9859.0,8.68,44.0,79.02,6813.0
2000-06-18,S&P 500,1505.06,1468.1,1539.34,1457.66,86383568.0,0.88,7.43,14.29,2.4,55.0,8474.0,3672.0,1.45,135.81,56.21,1096.49,424.44,9859.0,8.68,44.0,79.02,6813.0
2000-06-19,S&P 500,1505.06,1468.1,1539.34,1457.66,86383568.0,0.88,7.43,14.29,2.4,55.0,8474.0,3672.0,1.45,135.81,56.21,1096.49,424.44,9859.0,8.68,44.0,79.02,6813.0
2000-06-20,S&P 500,1505.06,1468.1,1539.34,1457.66,86383568.0,0.88,7.43,14.29,2.4,55.0,8474.0,3672.0,1.45,135.81,56.21,1096.49,424.44,9859.0,8.68,44.0,79.02,6813.0
2000-06-21,S&P 500,1505.06,1468.1,1539.34,1457.66,86383568.0,0.88,7.43,14.29,2.4,55.0,8474.0,3672.0,1.45,135.81,56.21,1096.49,424.44,9859.0,8.68,44.0,79.02,6813.0
2000-06-22,S&P 500,1505.06,1468.1,1539.34,1457.66,86383568.0,0.88,7.43,14.29,2.4,55.0,8474.0,3672.0,1.45,135.81,56.21,1096.49,424.44,9859.0,8.68,44.0,79.02,6813.0
2000-06-23,S&P 500,1505.06,1468.1,1539.34,1457.66,86383568.0,0.88,7.43,14.29,2.4,55.0,8474.0,3672.0,1.45,135.81,56.21,1096.49,424.44,9859.0,8.68,44.0,79.02,6813.0
2000-06-24,S&P 500,1908.72,1903.3,1940.62,1856.28,223070224.0,6.98,5.95,10.7,2.89,106.0,26777.0,4337.0,1.21,110.24,144.05,803.01,475.17,203.0,2.3,8.0,13.38,1896.0
2000-06-25,S&P 500,1908.72,1903.3,1940.62,1856.28,223070224.0,6.98,5.95,10.7,2.89,106.0,26777.0,4337.0,1.21,110.24,144.05,803.01,475.17,203.0,2.3,8.0,13.38,1896.0
2000-06-26,S&P 500,1908.72,1903.3,1940.62,1856.28,223070224.0,6.98,5.95,10.7,2.89,106.0,26777.0,4337.0,1.21,110.24,144.05,803.01,475.17,203.0,2.3,8.0,13.38,1896.0
2000-06-27,S&P 500,3571.53,3530.2000000000003,3608.06,3481.3500000000004,941175727.0,7.17,9.68,12.87,4.97,55.0,27906.0,3543.0,1.3,135.12,68.97,2054.58,296.93,4303.0,2.95,36.0,75.76,13440.0
2000-06-28,S&P 500,3776.6,3780.44,3782.46,3744.49,543647207.0,-2.64,1.15,13.75,7.23,51.0,27719.0,4289.0,1.43,114.64,82.76,1642.56,463.89,3631.0,3.1,29.0,45.02,13134.0
2000-06-29,S&P 500,3050.62,3091.94,3096.68,3049.08,836833323.0,-1.84,5.81,9.01,4.45,66.0,28956.0,860.0,0.92,106.11,24.38,820.56,370.7,3975.0,4.02,38.0,24.13,762.0
2000-06-30,S&P 500,3050.62,3091.94,3096.68,3049.08,836833323.0,-1.84,5.81,9.01,4.45,66.0,28956.0,860.0,0.92,106.11,24.38,820.56,370.7,3975.0,4.02,38.0,24.13,762.0
2000-07-01,S&P 500,3050.62,3091.94,3096.68,3049.08,836833323.0,-1.84,5.81,9.01,4.45,66.0,28956.0,860.0,0.92,106.11,24.38,820.56,370.7,3975.0,4.02,38.0,24.13,762.0
2000-07-02,S&P 500,1132.76,1096.13,1136.21,1056.35,270303051.0,-3.02,8.74,11.13,6.86,103.0,16525.0,2839.0,1.2,143.26,77.9,1882.4,162.42,7179.0,7.66,5.0,56.64,8786.0
2000-07-03,S&P 500,2215.79,2259.33,2309.12,2186.6,868362188.0,-3.17,9.78,7.38,8.71,56.0,13865.0,2117.0,1.04,116.31,50.71,891.61,236.78,7209.0,3.95,11.0,22.33,13544.0
2000-07-04,S&P 500,3612.65,3637.79,3652.23,3579.08,965689215.0,2.41,5.12,9.78,5.33,81.0,4281.0,1016.0,1.13,144.49,44.11,2379.15,394.47,8499.0,8.32,1.0,32.48,4075.0
2000-07-05,S&P 500,3612.65,3637.79,3652.23,3579.08,965689215.0,2.41,5.12,9.78,5.33,81.0,4281.0,1016.0,1.13,144.49,44.11,2379.15,394.47,8499.0,8.32,1.0,32.48,4075.0
2000-07-06,S&P 500,3612.65,3637.79,3652.23,3579.08,965689215.0,2.41,5.12,9.78,5.33,81.0,4281.0,1016.0,1.13,144.49,44.11,2379.15,394.47,8499.0,8.32,1.0,32.48,4075.0
2000-07-07,S&P 500,3612.65,3637.79,3652.23,3579.08,965689215.0,2.41,5.12,9.78,5.33,81.0,4281.0,1016.0,1.13,144.49,44.11,2379.15,394.47,8499.0,8.32,1.0,32.48,4075.0
2000-07-08,S&P 500,3612.65,3637.79,3652.23,3579.08,965689215.0,2.41,5.12,9.78,5.33,81.0,4281.0,1016.0,1.13,144.49,44.11,2379.15,394.47,8499.0,8.32,1.0,32.48,4075.0
2000-07-09,S&P 500,3659.94,3637.5,3678.18,3605.5,671161793.0,-3.32,8.18,3.35,7.9,102.0,9724.0,826.0,1.09,123.59,120.58,1490.34,316.35,4376.0,1.55,30.0,85.02,1831.0
2000-07-10,S&P 500,3659.94,3637.5,3678.18,3605.5,671161793.0,-3.32,8.18,3.35,7.9,102.0,9724.0,826.0,1.09,123.59,120.58,1490.34,316.35,4376.0,1.55,30.0,85.02,1831.0
2000-07-11,S&P 500,4628.78,4648.86,4668.61,4621.11,516095436.0,7.32,2.56,6.08,2.96,55.0,21206.0,1709.0,0.97,125.38,85.02,1646.37,218.73,740.0,4.06,37.0,76.1,3001.0
2000-07-12,S&P 500,3682.93,3709.46,3726.21,3672.59,331385665.0,8.29,0.56,3.92,3.87,87.0,27681.0,4848.0,1.24,115.56,110.33,803.48,287.15,1922.0,6.56,15.0,17.9,4527.0
2000-07-13,S&P 500,3682.93,3709.46,3726.21,3672.59,331385665.0,8.29,0.56,3.92,3.87,87.0,27681.0,4848.0,1.24,115.56,110.33,803.48,287.15,1922.0,6.56,15.0,17.9,4527.0
2000-07-14,S&P 500,3682.93,3709.46,3726.21,3672.59,331385665.0,8.29,0.56,3.92,3.87,87.0,27681.0,4848.0,1.24,115.56,110.33,803.48,287.15,1922.0,6.56,15.0,17.9,4527.0
2000-07-15,S&P 500,3682.93,3709.46,3726.21,3672.59,331385665.0,8.29,0.56,3.92,3.87,87.0,27681.0,4848.0,1.24,115.56,110.33,803.48,287.15,1922.0,6.56,15.0,17.9,4527.0
2000-07-16,S&P 500,3682.93,3709.46,3726.21,3672.59,331385665.0,8.29,0.56,3.92,3.87,87.0,27681.0,4848.0,1.24,115.56,110.33,803.48,287.15,1922.0,6.56,15.0,17.9,4527.0
2000-07-17,S&P 500,3682.93,3709.46,3726.21,3672.59,331385665.0,8.29,0.56,3.92,3.87,87.0,27681.0,4848.0,1.24,115.56,110.33,803.48,287.15,1922.0,6.56,15.0,17.9,4527.0
2000-07-18,S&P 500,3186.59,3175.31,3215.4500000000003,3150.91,967242243.0,0.59,4.92,9.9,8.9,52.0,23452.0,1590.0,1.3,117.9,26.19,1692.16,312.48,8762.0,4.6,4.0,99.28,510.0
2000-07-19,S&P 500,2521.6,2499.88,2524.89,2452.82,201601989.0,5.2,0.85,9.39,8.61,118.0,18359.0,4637.0,1.09,91.0,50.03,911.92,486.58,5899.0,4.28,39.0,61.81,10552.0
2000-07-20,S&P 500,2521.6,2499.88,2524.89,2452.82,201601989.0,5.2,0.85,9.39,8.61,118.0,18359.0,4637.0,1.09,91.0,50.03,911.92,486.58,5899.0,4.28,39.0,61.81,10552.0
2000-07-21,S&P 500,1442.88,1491.17,1511.54,1423.4,270595396.0,9.03,1.26,9.74,3.09,67.0,2907.0,1672.0,1.33,146.86,40.62,1036.06,170.79,6237.0,3.11,0.0,44.06,7769.0
2000-07-22,S&P 500,1442.88,1491.17,1511.54,1423.4,270595396.0,9.03,1.26,9.74,3.09,67.0,2907.0,1672.0,1.33,146.86,40.62,1036.06,170.79,6237.0,3.11,0.0,44.06,7769.0
2000-07-23,S&P 500,1442.88,1491.17,1511.54,1423.4,270595396.0,9.03,1.26,9.74,3.09,67.0,2907.0,1672.0,1.33,146.86,40.62,1036.06,170.79,6237.0,3.11,0.0,44.06,7769.0
2000-07-24,S&P 500,1442.88,1491.17,1511.54,1423.4,270595396.0,9.03,1.26,9.74,3.09,67.0,2907.0,1672.0,1.33,146.86,40.62,1036.06,170.79,6237.0,3.11,0.0,44.06,7769.0
2000-07-25,S&P 500,1442.88,1491.17,1511.54,1423.4,270595396.0,9.03,1.26,9.74,3.09,67.0,2907.0,1672.0,1.33,146.86,40.62,1036.06,170.79,6237.0,3.11,0.0,44.06,7769.0
2000-07-26,S&P 500,1442.88,1491.17,1511.54,1423.4,270595396.0,9.03,1.26,9.74,3.09,67.0,2907.0,1672.0,1.33,146.86,40.62,1036.06,170.79,6237.0,3.11,0.0,44.06,7769.0
2000-07-27,S&P 500,4433.37,4426.82,4436.3,4415.4,227390164.0,3.62,8.99,2.83,3.37,67.0,5915.0,4988.0,0.97,120.23,36.0,2448.44,190.94,5104.0,5.7,41.0,92.81,5968.0
2000-07-28,S&P 500,2168.87,2205.82,2221.09,2167.63,342220731.0,-3.75,6.77,5.85,6.78,76.0,2745.0,4885.0,1.11,147.61,33.88,2042.37,162.34,2700.0,8.46,34.0,39.01,3036.0
2000-07-29,S&P 500,4643.08,4611.15,4650.96,4591.96,442221147.0,-0.9,6.18,6.18,3.53,91.0,22573.0,4672.0,1.0,134.99,95.93,1071.5,387.34,9034.0,0.44,33.0,42.7,13864.0
2000-07-30,S&P 500,4015.85,4060.62,4069.32,4008.77,739835604.0,-0.53,7.06,8.8,4.6,115.0,27713.0,4880.0,0.95,130.62,26.33,1757.39,158.92,5882.0,5.07,38.0,97.52,6882.0
2000-07-31,S&P 500,4015.85,4060.62,4069.32,4008.77,739835604.0,-0.53,7.06,8.8,4.6,115.0,27713.0,4880.0,0.95,130.62,26.33,1757.39,158.92,5882.0,5.07,38.0,97.52,6882.0
2000-08-01,S&P 500,1072.03,1054.65,1072.82,1021.59,456383319.0,-1.13,8.78,11.74,9.93,72.0,7072.0,1243.0,0.82,122.34,62.75,1672.89,151.26,2130.0,0.04,24.0,85.15,4929.0
2000-08-02,S&P 500,1072.03,1054.65,1072.82,1021.59,456383319.0,-1.13,8.78,11.74,9.93,72.0,7072.0,1243.0,0.82,122.34,62.75,1672.89,151.26,2130.0,0.04,24.0,85.15,4929.0
2000-08-03,S&P 500,1072.03,1054.65,1072.82,1021.59,456383319.0,-1.13,8.78,11.74,9.93,72.0,7072.0,1243.0,0.82,122.34,62.75,1672.89,151.26,2130.0,0.04,24.0,85.15,4929.0
2000-08-04,S&P 500,1072.03,1054.65,1072.82,1021.59,456383319.0,-1.13,8.78,11.74,9.93,72.0,7072.0,1243.0,0.82,122.34,62.75,1672.89,151.26,2130.0,0.04,24.0,85.15,4929.0
2000-08-05,S&P 500,1072.03,1054.65,1072.82,1021.59,456383319.0,-1.13,8.78,11.74,9.93,72.0,7072.0,1243.0,0.82,122.34,62.75,1672.89,151.26,2130.0,0.04,24.0,85.15,4929.0
2000-08-06,S&P 500,2126.08,2150.32,2165.99,2092.68,316539794.0,-3.09,8.8,15.0,7.84,51.0,7985.0,847.0,1.21,112.94,65.23,1882.94,256.15,3364.0,5.07,8.0,88.44,583.0
2000-08-07,S&P 500,4491.02,4463.85,4505.780000000001,4442.38,437059637.0,7.04,5.41,12.11,7.16,92.0,20167.0,3589.0,1.13,88.95,65.72,890.96,197.84,1834.0,1.52,32.0,51.2,7014.0
2000-08-08,S&P 500,1450.32,1406.1699999999998,1486.99,1384.11,307758473.0,3.48,9.06,14.67,1.82,71.0,18180.0,2733.0,1.33,81.64,80.83,1090.58,170.92,5043.0,0.42,7.0,95.37,7063.0
2000-08-09,S&P 500,1450.32,1406.1699999999998,1486.99,1384.11,307758473.0,3.48,9.06,14.67,1.82,71.0,18180.0,2733.0,1.33,81.64,80.83,1090.58,170.92,5043.0,0.42,7.0,95.37,7063.0
2000-08-10,S&P 500,1450.32,1406.1699999999998,1486.99,1384.11,307758473.0,3.48,9.06,14.67,1.82,71.0,18180.0,2733.0,1.33,81.64,80.83,1090.58,170.92,5043.0,0.42,7.0,95.37,7063.0
2000-08-11,S&P 500,1450.32,1406.1699999999998,1486.99,1384.11,307758473.0,3.48,9.06,14.67,1.82,71.0,18180.0,2733.0,1.33,81.64,80.83,1090.58,170.92,5043.0,0.42,7.0,95.37,7063.0
2000-08-12,S&P 500,1967.58,1953.06,2012.47,1907.3,136440193.0,8.38,2.5,8.35,8.98,118.0,25435.0,1245.0,1.28,135.92,79.27,2035.12,413.91,2226.0,6.91,33.0,21.79,706.0
2000-08-13,S&P 500,1967.58,1953.06,2012.47,1907.3,136440193.0,8.38,2.5,8.35,8.98,118.0,25435.0,1245.0,1.28,135.92,79.27,2035.12,413.91,2226.0,6.91,33.0,21.79,706.0
2000-08-14,S&P 500,1967.58,1953.06,2012.47,1907.3,136440193.0,8.38,2.5,8.35,8.98,118.0,25435.0,1245.0,1.28,135.92,79.27,2035.12,413.91,2226.0,6.91,33.0,21.79,706.0
2000-08-15,S&P 500,1967.58,1953.06,2012.47,1907.3,136440193.0,8.38,2.5,8.35,8.98,118.0,25435.0,1245.0,1.28,135.92,79.27,2035.12,413.91,2226.0,6.91,33.0,21.79,706.0
2000-08-16,S&P 500,1967.58,1953.06,2012.47,1907.3,136440193.0,8.38,2.5,8.35,8.98,118.0,25435.0,1245.0,1.28,135.92,79.27,2035.12,413.91,2226.0,6.91,33.0,21.79,706.0
2000-08-17,S&P 500,1967.58,1953.06,2012.47,1907.3,136440193.0,8.38,2.5,8.35,8.98,118.0,25435.0,1245.0,1.28,135.92,79.27,2035.12,413.91,2226.0,6.91,33.0,21.79,706.0
2000-08-18,S&P 500,1967.58,1953.06,2012.47,1907.3,136440193.0,8.38,2.5,8.35,8.98,118.0,25435.0,1245.0,1.28,135.92,79.27,2035.12,413.91,2226.0,6.91,33.0,21.79,706.0
2000-08-19,S&P 500,3972.77,3989.24,3999.39,3932.97,67507182.0,5.83,7.76,7.47,8.65,54.0,24071.0,745.0,1.13,127.73,131.18,2322.37,341.85,7778.0,4.59,47.0,54.04,8726.0
2000-08-20,S&P 500,3972.77,3989.24,3999.39,3932.97,67507182.0,5.83,7.76,7.47,8.65,54.0,24071.0,745.0,1.13,127.73,131.18,2322.37,341.85,7778.0,4.59,47.0,54.04,8726.0
2000-08-21,S&P 500,3972.77,3989.24,3999.39,3932.97,67507182.0,5.83,7.76,7.47,8.65,54.0,24071.0,745.0,1.13,127.73,131.18,2322.37,341.85,7778.0,4.59,47.0,54.04,8726.0
2000-08-22,S&P 500,4409.06,4400.13,4438.580000000001,4368.74,747253334.0,1.66,6.86,8.88,3.17,86.0,9194.0,1213.0,0.99,133.94,116.36,1757.13,421.45,2931.0,6.56,17.0,66.23,1917.0
2000-08-23,S&P 500,4409.06,4400.13,4438.580000000001,4368.74,747253334.0,1.66,6.86,8.88,3.17,86.0,9194.0,1213.0,0.99,133.94,116.36,1757.13,421.45,2931.0,6.56,17.0,66.23,1917.0
2000-08-24,S&P 500,4409.06,4400.13,4438.580000000001,4368.74,747253334.0,1.66,6.86,8.88,3.17,86.0,9194.0,1213.0,0.99,133.94,116.36,1757.13,421.45,2931.0,6.56,17.0,66.23,1917.0
2000-08-25,S&P 500,4409.06,4400.13,4438.580000000001,4368.74,747253334.0,1.66,6.86,8.88,3.17,86.0,9194.0,1213.0,0.99,133.94,116.36,1757.13,421.45,2931.0,6.56,17.0,66.23,1917.0
2000-08-26,S&P 500,4409.06,4400.13,4438.580000000001,4368.74,747253334.0,1.66,6.86,8.88,3.17,86.0,9194.0,1213.0,0.99,133.94,116.36,1757.13,421.45,2931.0,6.56,17.0,66.23,1917.0
2000-08-27,S&P 500,4409.06,4400.13,4438.580000000001,4368.74,747253334.0,1.66,6.86,8.88,3.17,86.0,9194.0,1213.0,0.99,133.94,116.36,1757.13,421.45,2931.0,6.56,17.0,66.23,1917.0
2000-08-28,S&P 500,1958.04,1944.87,1965.67,1930.9,490462992.0,-0.63,7.83,13.65,2.82,118.0,28455.0,4692.0,0.8,125.84,81.94,1822.15,202.21,3478.0,7.79,31.0,66.52,9800.0
2000-08-29,S&P 500,4178.31,4226.21,4261.72,4166.76,929870670.0,7.76,1.61,3.81,8.24,100.0,20696.0,4654.0,0.85,94.82,57.52,844.03,411.18,3924.0,1.42,12.0,50.65,4880.0
2000-08-30,S&P 500,4178.31,4226.21,4261.72,4166.76,929870670.0,7.76,1.61,3.81,8.24,100.0,20696.0,4654.0,0.85,94.82,57.52,844.03,411.18,3924.0,1.42,12.0,50.65,4880.0
2000-08-31,S&P 500,4178.31,4226.21,4261.72,4166.76,929870670.0,7.76,1.61,3.81,8.24,100.0,20696.0,4654.0,0.85,94.82,57.52,844.03,411.18,3924.0,1.42,12.0,50.65,4880.0
2000-09-01,S&P 500,4981.75,5022.74,5043.33,4960.46,26841045.0,2.42,4.29,3.46,6.53,114.0,1285.0,1512.0,1.04,112.54,121.75,1706.41,298.39,2110.0,9.83,9.0,15.92,6965.0
2000-09-02,S&P 500,4981.75,5022.74,5043.33,4960.46,26841045.0,2.42,4.29,3.46,6.53,114.0,1285.0,1512.0,1.04,112.54,121.75,1706.41,298.39,2110.0,9.83,9.0,15.92,6965.0
2000-09-03,S&P 500,4981.75,5022.74,5043.33,4960.46,26841045.0,2.42,4.29,3.46,6.53,114.0,1285.0,1512.0,1.04,112.54,121.75,1706.41,298.39,2110.0,9.83,9.0,15.92,6965.0
2000-09-04,S&P 500,4981.75,5022.74,5043.33,4960.46,26841045.0,2.42,4.29,3.46,6.53,114.0,1285.0,1512.0,1.04,112.54,121.75,1706.41,298.39,2110.0,9.83,9.0,15.92,6965.0
2000-09-05,S&P 500,4981.75,5022.74,5043.33,4960.46,26841045.0,2.42,4.29,3.46,6.53,114.0,1285.0,1512.0,1.04,112.54,121.75,1706.41,298.39,2110.0,9.83,9.0,15.92,6965.0
2000-09-06,S&P 500,4981.75,5022.74,5043.33,4960.46,26841045.0,2.42,4.29,3.46,6.53,114.0,1285.0,1512.0,1.04,112.54,121.75,1706.41,298.39,2110.0,9.83,9.0,15.92,6965.0
2000-09-07,S&P 500,4981.75,5022.74,5043.33,4960.46,26841045.0,2.42,4.29,3.46,6.53,114.0,1285.0,1512.0,1.04,112.54,121.75,1706.41,298.39,2110.0,9.83,9.0,15.92,6965.0
2000-09-08,S&P 500,4981.75,5022.74,5043.33,4960.46,26841045.0,2.42,4.29,3.46,6.53,114.0,1285.0,1512.0,1.04,112.54,121.75,1706.41,298.39,2110.0,9.83,9.0,15.92,6965.0
2000-09-09,S&P 500,4981.75,5022.74,5043.33,4960.46,26841045.0,2.42,4.29,3.46,6.53,114.0,1285.0,1512.0,1.04,112.54,121.75,1706.41,298.39,2110.0,9.83,9.0,15.92,6965.0
2000-09-10,S&P 500,3676.8,3696.52,3697.05,3631.95,508829100.0,8.12,0.93,8.12,2.57,52.0,15220.0,4112.0,1.27,140.66,37.55,1109.14,454.04,7488.0,1.39,32.0,81.01,7593.0
2000-09-11,S&P 500,4317.15,4275.469999999999,4348.29,4230.379999999999,253732253.0,0.13,4.37,4.37,9.87,96.0,6756.0,1824.0,1.15,81.56,127.48,1486.17,408.62,6850.0,3.99,21.0,27.99,2987.0
2000-09-12,S&P 500,4317.15,4275.469999999999,4348.29,4230.379999999999,253732253.0,0.13,4.37,4.37,9.87,96.0,6756.0,1824.0,1.15,81.56,127.48,1486.17,408.62,6850.0,3.99,21.0,27.99,2987.0
2000-09-13,S&P 500,4317.15,4275.469999999999,4348.29,4230.379999999999,253732253.0,0.13,4.37,4.37,9.87,96.0,6756.0,1824.0,1.15,81.56,127.48,1486.17,408.62,6850.0,3.99,21.0,27.99,2987.0
2000-09-14,S&P 500,3069.79,3026.67,3082.38,3025.4300000000003,651613341.0,4.77,6.99,8.09,1.35,110.0,27414.0,1041.0,1.15,96.66,20.96,920.99,189.35,5891.0,3.69,29.0,69.34,4738.0
2000-09-15,S&P 500,3069.79,3026.67,3082.38,3025.4300000000003,651613341.0,4.77,6.99,8.09,1.35,110.0,27414.0,1041.0,1.15,96.66,20.96,920.99,189.35,5891.0,3.69,29.0,69.34,4738.0
2000-09-16,S&P 500,2267.79,2259.51,2298.48,2214.72,35255909.0,1.89,8.88,8.09,1.05,105.0,22966.0,1913.0,1.1,130.46,66.12,2479.41,459.57,2500.0,9.59,43.0,42.84,14710.0
2000-09-17,S&P 500,2738.38,2776.15,2815.83,2724.65,803391029.0,8.61,9.09,3.06,4.03,119.0,8982.0,3161.0,0.8,124.65,113.48,1570.51,351.45,7617.0,7.51,18.0,52.1,2218.0
2000-09-18,S&P 500,2738.38,2776.15,2815.83,2724.65,803391029.0,8.61,9.09,3.06,4.03,119.0,8982.0,3161.0,0.8,124.65,113.48,1570.51,351.45,7617.0,7.51,18.0,52.1,2218.0
2000-09-19,S&P 500,2738.38,2776.15,2815.83,2724.65,803391029.0,8.61,9.09,3.06,4.03,119.0,8982.0,3161.0,0.8,124.65,113.48,1570.51,351.45,7617.0,7.51,18.0,52.1,2218.0
2000-09-20,S&P 500,2738.38,2776.15,2815.83,2724.65,803391029.0,8.61,9.09,3.06,4.03,119.0,8982.0,3161.0,0.8,124.65,113.48,1570.51,351.45,7617.0,7.51,18.0,52.1,2218.0
2000-09-21,S&P 500,2738.38,2776.15,2815.83,2724.65,803391029.0,8.61,9.09,3.06,4.03,119.0,8982.0,3161.0,0.8,124.65,113.48,1570.51,351.45,7617.0,7.51,18.0,52.1,2218.0
2000-09-22,S&P 500,2738.38,2776.15,2815.83,2724.65,803391029.0,8.61,9.09,3.06,4.03,119.0,8982.0,3161.0,0.8,124.65,113.48,1570.51,351.45,7617.0,7.51,18.0,52.1,2218.0
2000-09-23,S&P 500,2738.38,2776.15,2815.83,2724.65,803391029.0,8.61,9.09,3.06,4.03,119.0,8982.0,3161.0,0.8,124.65,113.48,1570.51,351.45,7617.0,7.51,18.0,52.1,2218.0
2000-09-24,S&P 500,2738.38,2776.15,2815.83,2724.65,803391029.0,8.61,9.09,3.06,4.03,119.0,8982.0,3161.0,0.8,124.65,113.48,1570.51,351.45,7617.0,7.51,18.0,52.1,2218.0
2000-09-25,S&P 500,2738.38,2776.15,2815.83,2724.65,803391029.0,8.61,9.09,3.06,4.03,119.0,8982.0,3161.0,0.8,124.65,113.48,1570.51,351.45,7617.0,7.51,18.0,52.1,2218.0
2000-09-26,S&P 500,1949.73,1985.52,2016.09,1903.1,964898980.0,6.25,8.37,3.89,7.82,104.0,3839.0,1822.0,1.42,85.12,105.54,1808.76,354.42,7746.0,2.29,13.0,2.82,11772.0
2000-09-27,S&P 500,3049.46,3029.95,3084.26,3016.73,942649882.0,-1.93,7.17,7.67,1.51,95.0,19673.0,4543.0,0.81,103.62,142.91,1636.74,462.25,1375.0,7.14,3.0,7.13,9368.0
2000-09-28,S&P 500,3049.46,3029.95,3084.26,3016.73,942649882.0,-1.93,7.17,7.67,1.51,95.0,19673.0,4543.0,0.81,103.62,142.91,1636.74,462.25,1375.0,7.14,3.0,7.13,9368.0
2000-09-29,S&P 500,2538.05,2500.96,2543.4500000000003,2496.46,49638538.0,0.24,7.34,11.1,0.58,86.0,28266.0,1186.0,1.1,114.65,23.44,976.07,413.57,9361.0,7.53,9.0,28.75,1091.0
2000-09-30,S&P 500,2538.05,2500.96,2543.4500000000003,2496.46,49638538.0,0.24,7.34,11.1,0.58,86.0,28266.0,1186.0,1.1,114.65,23.44,976.07,413.57,9361.0,7.53,9.0,28.75,1091.0
2000-10-01,S&P 500,3608.9,3636.9,3666.35,3603.21,586610749.0,9.01,0.93,4.35,6.13,74.0,27568.0,3212.0,1.39,143.48,142.82,1032.99,448.75,1666.0,1.05,14.0,64.08,7911.0
2000-10-02,S&P 500,4802.12,4799.28,4828.15,4792.34,389281039.0,-4.44,3.06,14.37,7.34,78.0,6048.0,1114.0,0.93,99.96,66.62,1289.51,189.16,7480.0,7.55,30.0,22.15,8849.0
2000-10-03,S&P 500,4802.12,4799.28,4828.15,4792.34,389281039.0,-4.44,3.06,14.37,7.34,78.0,6048.0,1114.0,0.93,99.96,66.62,1289.51,189.16,7480.0,7.55,30.0,22.15,8849.0
2000-10-04,S&P 500,4802.12,4799.28,4828.15,4792.34,389281039.0,-4.44,3.06,14.37,7.34,78.0,6048.0,1114.0,0.93,99.96,66.62,1289.51,189.16,7480.0,7.55,30.0,22.15,8849.0
2000-10-05,S&P 500,3025.06,3008.33,3046.18,2978.12,168322548.0,3.82,5.42,13.15,6.15,61.0,29477.0,3905.0,1.18,130.27,44.68,1957.72,136.8,9207.0,3.08,10.0,5.99,9447.0
2000-10-06,S&P 500,3536.42,3580.41,3600.31,3495.58,958356686.0,-0.85,3.01,10.58,1.75,54.0,19546.0,1226.0,1.24,87.76,38.89,2060.9,296.65,5532.0,3.59,47.0,91.71,8933.0
2000-10-07,S&P 500,3536.42,3580.41,3600.31,3495.58,958356686.0,-0.85,3.01,10.58,1.75,54.0,19546.0,1226.0,1.24,87.76,38.89,2060.9,296.65,5532.0,3.59,47.0,91.71,8933.0
2000-10-08,S&P 500,3536.42,3580.41,3600.31,3495.58,958356686.0,-0.85,3.01,10.58,1.75,54.0,19546.0,1226.0,1.24,87.76,38.89,2060.9,296.65,5532.0,3.59,47.0,91.71,8933.0
2000-10-09,S&P 500,3536.42,3580.41,3600.31,3495.58,958356686.0,-0.85,3.01,10.58,1.75,54.0,19546.0,1226.0,1.24,87.76,38.89,2060.9,296.65,5532.0,3.59,47.0,91.71,8933.0
2000-10-10,S&P 500,3536.42,3580.41,3600.31,3495.58,958356686.0,-0.85,3.01,10.58,1.75,54.0,19546.0,1226.0,1.24,87.76,38.89,2060.9,296.65,5532.0,3.59,47.0,91.71,8933.0
2000-10-11,S&P 500,1182.59,1221.6999999999998,1238.1699999999998,1182.1799999999998,599679326.0,-3.93,4.77,3.14,0.83,78.0,9162.0,515.0,0.88,98.27,54.24,1532.96,379.97,6088.0,8.58,28.0,10.08,13757.0
2000-10-12,S&P 500,1182.59,1221.6999999999998,1238.1699999999998,1182.1799999999998,599679326.0,-3.93,4.77,3.14,0.83,78.0,9162.0,515.0,0.88,98.27,54.24,1532.96,379.97,6088.0,8.58,28.0,10.08,13757.0
2000-10-13,S&P 500,2107.26,2128.23,2170.59,2097.2700000000004,528736760.0,-1.51,4.91,4.8,7.4,90.0,19910.0,4212.0,0.99,104.59,47.79,1469.04,403.98,5756.0,1.06,20.0,7.46,8076.0
2000-10-14,S&P 500,2107.26,2128.23,2170.59,2097.2700000000004,528736760.0,-1.51,4.91,4.8,7.4,90.0,19910.0,4212.0,0.99,104.59,47.79,1469.04,403.98,5756.0,1.06,20.0,7.46,8076.0
2000-10-15,S&P 500,2107.26,2128.23,2170.59,2097.2700000000004,528736760.0,-1.51,4.91,4.8,7.4,90.0,19910.0,4212.0,0.99,104.59,47.79,1469.04,403.98,5756.0,1.06,20.0,7.46,8076.0
2000-10-16,S&P 500,2107.26,2128.23,2170.59,2097.2700000000004,528736760.0,-1.51,4.91,4.8,7.4,90.0,19910.0,4212.0,0.99,104.59,47.79,1469.04,403.98,5756.0,1.06,20.0,7.46,8076.0
2000-10-17,S&P 500,2107.26,2128.23,2170.59,2097.2700000000004,528736760.0,-1.51,4.91,4.8,7.4,90.0,19910.0,4212.0,0.99,104.59,47.79,1469.04,403.98,5756.0,1.06,20.0,7.46,8076.0
2000-10-18,S&P 500,3443.12,3421.3,3491.59,3391.92,29357507.0,9.01,8.21,6.16,9.96,57.0,13520.0,3230.0,0.94,123.56,44.39,1888.4,313.32,6557.0,6.77,21.0,52.51,4141.0
2000-10-19,S&P 500,3443.12,3421.3,3491.59,3391.92,29357507.0,9.01,8.21,6.16,9.96,57.0,13520.0,3230.0,0.94,123.56,44.39,1888.4,313.32,6557.0,6.77,21.0,52.51,4141.0
2000-10-20,S&P 500,1827.97,1781.91,1831.52,1754.22,355289598.0,-1.93,5.13,6.45,5.13,58.0,4971.0,3286.0,0.83,101.34,98.0,1352.29,394.88,693.0,8.25,19.0,92.53,3285.0
2000-10-21,S&P 500,3066.29,3018.47,3075.76,2981.93,389662344.0,-1.31,2.5,12.36,2.75,72.0,28861.0,571.0,0.88,148.89,93.7,2066.5,382.38,2170.0,2.02,47.0,50.17,518.0
2000-10-22,S&P 500,3066.29,3018.47,3075.76,2981.93,389662344.0,-1.31,2.5,12.36,2.75,72.0,28861.0,571.0,0.88,148.89,93.7,2066.5,382.38,2170.0,2.02,47.0,50.17,518.0
2000-10-23,S&P 500,3066.29,3018.47,3075.76,2981.93,389662344.0,-1.31,2.5,12.36,2.75,72.0,28861.0,571.0,0.88,148.89,93.7,2066.5,382.38,2170.0,2.02,47.0,50.17,518.0
2000-10-24,S&P 500,3066.29,3018.47,3075.76,2981.93,389662344.0,-1.31,2.5,12.36,2.75,72.0,28861.0,571.0,0.88,148.89,93.7,2066.5,382.38,2170.0,2.02,47.0,50.17,518.0
2000-10-25,S&P 500,3066.29,3018.47,3075.76,2981.93,389662344.0,-1.31,2.5,12.36,2.75,72.0,28861.0,571.0,0.88,148.89,93.7,2066.5,382.38,2170.0,2.02,47.0,50.17,518.0
2000-10-26,S&P 500,3066.29,3018.47,3075.76,2981.93,389662344.0,-1.31,2.5,12.36,2.75,72.0,28861.0,571.0,0.88,148.89,93.7,2066.5,382.38,2170.0,2.02,47.0,50.17,518.0
2000-10-27,S&P 500,3066.29,3018.47,3075.76,2981.93,389662344.0,-1.31,2.5,12.36,2.75,72.0,28861.0,571.0,0.88,148.89,93.7,2066.5,382.38,2170.0,2.02,47.0,50.17,518.0
2000-10-28,S&P 500,4210.34,4238.6900000000005,4278.1,4188.7,67206738.0,-1.06,3.54,11.51,6.37,54.0,6503.0,600.0,0.91,100.44,41.56,2294.81,225.99,1334.0,2.7,19.0,30.62,9931.0
2000-10-29,S&P 500,3288.19,3239.24,3301.14,3229.36,860679344.0,3.64,8.13,14.06,8.85,88.0,4290.0,220.0,1.32,89.66,79.88,2086.07,285.45,9909.0,2.02,28.0,76.18,3004.0
2000-10-30,S&P 500,3050.67,3076.86,3112.29,3023.25,461574270.0,7.33,4.95,11.75,7.53,115.0,22819.0,1875.0,0.8,81.59,116.6,2258.29,236.77,5777.0,5.6,47.0,48.28,2874.0
2000-10-31,S&P 500,2173.96,2213.29,2224.03,2168.16,747310003.0,6.68,9.95,7.75,4.89,94.0,7021.0,706.0,1.24,100.84,47.76,1293.03,485.08,1556.0,2.01,30.0,84.83,1753.0
2000-11-01,S&P 500,2173.96,2213.29,2224.03,2168.16,747310003.0,6.68,9.95,7.75,4.89,94.0,7021.0,706.0,1.24,100.84,47.76,1293.03,485.08,1556.0,2.01,30.0,84.83,1753.0
2000-11-02,S&P 500,2588.06,2591.61,2601.67,2585.5,589016916.0,8.92,0.68,12.48,4.83,81.0,25423.0,919.0,1.13,87.15,81.59,1412.02,391.22,2930.0,8.37,43.0,96.96,5885.0
2000-11-03,S&P 500,2588.06,2591.61,2601.67,2585.5,589016916.0,8.92,0.68,12.48,4.83,81.0,25423.0,919.0,1.13,87.15,81.59,1412.02,391.22,2930.0,8.37,43.0,96.96,5885.0
2000-11-04,S&P 500,2588.06,2591.61,2601.67,2585.5,589016916.0,8.92,0.68,12.48,4.83,81.0,25423.0,919.0,1.13,87.15,81.59,1412.02,391.22,2930.0,8.37,43.0,96.96,5885.0
2000-11-05,S&P 500,1455.35,1494.09,1515.01,1419.9299999999998,299851472.0,-4.78,2.51,11.35,0.72,108.0,20661.0,1946.0,1.06,80.43,80.8,2041.6,407.21,7854.0,4.82,18.0,43.87,2075.0
2000-11-06,S&P 500,2380.89,2420.28,2445.71,2377.49,634108113.0,8.19,3.54,5.79,5.72,60.0,21807.0,4692.0,1.11,146.1,126.6,1262.25,106.48,7488.0,5.64,10.0,42.67,10296.0
2000-11-07,S&P 500,2380.89,2420.28,2445.71,2377.49,634108113.0,8.19,3.54,5.79,5.72,60.0,21807.0,4692.0,1.11,146.1,126.6,1262.25,106.48,7488.0,5.64,10.0,42.67,10296.0
2000-11-08,S&P 500,2380.89,2420.28,2445.71,2377.49,634108113.0,8.19,3.54,5.79,5.72,60.0,21807.0,4692.0,1.11,146.1,126.6,1262.25,106.48,7488.0,5.64,10.0,42.67,10296.0
2000-11-09,S&P 500,2380.89,2420.28,2445.71,2377.49,634108113.0,8.19,3.54,5.79,5.72,60.0,21807.0,4692.0,1.11,146.1,126.6,1262.25,106.48,7488.0,5.64,10.0,42.67,10296.0
2000-11-10,S&P 500,2380.89,2420.28,2445.71,2377.49,634108113.0,8.19,3.54,5.79,5.72,60.0,21807.0,4692.0,1.11,146.1,126.6,1262.25,106.48,7488.0,5.64,10.0,42.67,10296.0
2000-11-11,S&P 500,2380.89,2420.28,2445.71,2377.49,634108113.0,8.19,3.54,5.79,5.72,60.0,21807.0,4692.0,1.11,146.1,126.6,1262.25,106.48,7488.0,5.64,10.0,42.67,10296.0
2000-11-12,S&P 500,2380.89,2420.28,2445.71,2377.49,634108113.0,8.19,3.54,5.79,5.72,60.0,21807.0,4692.0,1.11,146.1,126.6,1262.25,106.48,7488.0,5.64,10.0,42.67,10296.0
2000-11-13,S&P 500,2380.89,2420.28,2445.71,2377.49,634108113.0,8.19,3.54,5.79,5.72,60.0,21807.0,4692.0,1.11,146.1,126.6,1262.25,106.48,7488.0,5.64,10.0,42.67,10296.0
2000-11-14,S&P 500,2380.89,2420.28,2445.71,2377.49,634108113.0,8.19,3.54,5.79,5.72,60.0,21807.0,4692.0,1.11,146.1,126.6,1262.25,106.48,7488.0,5.64,10.0,42.67,10296.0
2000-11-15,S&P 500,2380.89,2420.28,2445.71,2377.49,634108113.0,8.19,3.54,5.79,5.72,60.0,21807.0,4692.0,1.11,146.1,126.6,1262.25,106.48,7488.0,5.64,10.0,42.67,10296.0
2000-11-16,S&P 500,2644.08,2652.06,2676.81,2596.73,441074308.0,-4.53,7.61,4.73,8.3,115.0,22747.0,4539.0,1.15,114.19,144.18,1305.35,336.8,7452.0,5.76,7.0,72.0,925.0
2000-11-17,S&P 500,2644.08,2652.06,2676.81,2596.73,441074308.0,-4.53,7.61,4.73,8.3,115.0,22747.0,4539.0,1.15,114.19,144.18,1305.35,336.8,7452.0,5.76,7.0,72.0,925.0
2000-11-18,S&P 500,2644.08,2652.06,2676.81,2596.73,441074308.0,-4.53,7.61,4.73,8.3,115.0,22747.0,4539.0,1.15,114.19,144.18,1305.35,336.8,7452.0,5.76,7.0,72.0,925.0
2000-11-19,S&P 500,2644.08,2652.06,2676.81,2596.73,441074308.0,-4.53,7.61,4.73,8.3,115.0,22747.0,4539.0,1.15,114.19,144.18,1305.35,336.8,7452.0,5.76,7.0,72.0,925.0
2000-11-20,S&P 500,2644.08,2652.06,2676.81,2596.73,441074308.0,-4.53,7.61,4.73,8.3,115.0,22747.0,4539.0,1.15,114.19,144.18,1305.35,336.8,7452.0,5.76,7.0,72.0,925.0
2000-11-21,S&P 500,2644.08,2652.06,2676.81,2596.73,441074308.0,-4.53,7.61,4.73,8.3,115.0,22747.0,4539.0,1.15,114.19,144.18,1305.35,336.8,7452.0,5.76,7.0,72.0,925.0
2000-11-22,S&P 500,4820.24,4828.09,4869.360000000001,4804.55,743816310.0,-0.89,0.95,12.61,2.03,57.0,28643.0,3034.0,1.24,111.6,103.74,2443.79,296.77,3209.0,8.8,19.0,11.77,4013.0
2000-11-23,S&P 500,4820.24,4828.09,4869.360000000001,4804.55,743816310.0,-0.89,0.95,12.61,2.03,57.0,28643.0,3034.0,1.24,111.6,103.74,2443.79,296.77,3209.0,8.8,19.0,11.77,4013.0
2000-11-24,S&P 500,1006.26,971.71,1051.41,965.98,286176050.0,-2.87,9.42,6.51,9.72,64.0,16185.0,3085.0,1.21,118.8,102.44,2487.71,280.46,4860.0,8.76,7.0,14.68,3821.0
2000-11-25,S&P 500,1006.26,971.71,1051.41,965.98,286176050.0,-2.87,9.42,6.51,9.72,64.0,16185.0,3085.0,1.21,118.8,102.44,2487.71,280.46,4860.0,8.76,7.0,14.68,3821.0
2000-11-26,S&P 500,1204.54,1205.59,1228.82,1203.16,783834411.0,3.19,9.85,2.0,9.61,88.0,9429.0,939.0,0.99,147.89,41.56,1585.72,353.18,2184.0,7.95,36.0,46.98,14227.0
2000-11-27,S&P 500,2030.43,2006.31,2067.65,1964.61,930125849.0,-1.44,0.57,14.11,0.86,78.0,4219.0,2610.0,1.01,124.84,35.63,2093.2,120.89,9030.0,8.7,31.0,60.08,1855.0
2000-11-28,S&P 500,1238.1,1219.75,1269.07,1212.74,543439950.0,5.19,7.18,9.15,9.31,111.0,23214.0,3869.0,1.41,122.22,84.81,2449.26,454.47,3099.0,8.46,26.0,95.82,11041.0
2000-11-29,S&P 500,1238.1,1219.75,1269.07,1212.74,543439950.0,5.19,7.18,9.15,9.31,111.0,23214.0,3869.0,1.41,122.22,84.81,2449.26,454.47,3099.0,8.46,26.0,95.82,11041.0
2000-11-30,S&P 500,1238.1,1219.75,1269.07,1212.74,543439950.0,5.19,7.18,9.15,9.31,111.0,23214.0,3869.0,1.41,122.22,84.81,2449.26,454.47,3099.0,8.46,26.0,95.82,11041.0
2000-12-01,S&P 500,1457.95,1504.61,1543.9,1449.72,89922072.0,9.22,9.71,9.3,1.03,67.0,23541.0,3143.0,1.03,106.19,148.25,2497.75,391.8,980.0,4.39,38.0,21.54,14427.0
2000-12-02,S&P 500,2535.36,2579.83,2602.95,2507.07,371931165.0,-3.26,1.3,13.14,9.51,112.0,26509.0,1731.0,1.04,116.41,145.8,2346.29,288.74,8050.0,1.75,5.0,15.29,14967.0
2000-12-03,S&P 500,2535.36,2579.83,2602.95,2507.07,371931165.0,-3.26,1.3,13.14,9.51,112.0,26509.0,1731.0,1.04,116.41,145.8,2346.29,288.74,8050.0,1.75,5.0,15.29,14967.0
2000-12-04,S&P 500,2476.21,2483.3,2507.6200000000003,2467.3,332973047.0,-0.21,6.91,13.8,3.38,103.0,18948.0,4345.0,1.29,113.31,135.83,2229.19,324.88,9828.0,4.88,9.0,22.37,4700.0
2000-12-05,S&P 500,2476.21,2483.3,2507.6200000000003,2467.3,332973047.0,-0.21,6.91,13.8,3.38,103.0,18948.0,4345.0,1.29,113.31,135.83,2229.19,324.88,9828.0,4.88,9.0,22.37,4700.0
2000-12-06,S&P 500,2675.79,2626.41,2715.04,2606.23,34801400.0,7.15,9.02,4.22,4.12,103.0,21067.0,4590.0,1.47,148.36,79.03,816.2,174.31,5136.0,5.92,28.0,11.54,5587.0
2000-12-07,S&P 500,2675.79,2626.41,2715.04,2606.23,34801400.0,7.15,9.02,4.22,4.12,103.0,21067.0,4590.0,1.47,148.36,79.03,816.2,174.31,5136.0,5.92,28.0,11.54,5587.0
2000-12-08,S&P 500,2675.79,2626.41,2715.04,2606.23,34801400.0,7.15,9.02,4.22,4.12,103.0,21067.0,4590.0,1.47,148.36,79.03,816.2,174.31,5136.0,5.92,28.0,11.54,5587.0
2000-12-09,S&P 500,1320.72,1279.85,1329.71,1260.7,280977258.0,3.07,3.89,11.09,6.26,81.0,13869.0,2681.0,1.04,90.85,81.4,1474.6,457.03,2294.0,0.87,14.0,83.12,1518.0
2000-12-10,S&P 500,2419.09,2385.23,2442.48,2341.65,984297575.0,-4.11,8.51,14.81,7.35,115.0,3251.0,319.0,1.1,107.53,74.33,851.46,319.82,9177.0,1.62,1.0,34.59,4582.0
2000-12-11,S&P 500,4766.9,4812.969999999999,4861.369999999999,4748.74,538674981.0,3.33,6.37,2.98,1.34,107.0,28709.0,3018.0,1.09,95.78,103.15,1326.18,377.9,8589.0,2.91,32.0,20.75,5163.0
2000-12-12,S&P 500,3674.29,3678.04,3715.69,3626.71,495271864.0,6.87,1.41,7.57,6.46,88.0,1224.0,111.0,1.11,127.32,68.85,1766.15,277.22,6613.0,6.17,11.0,95.82,2052.0
2000-12-13,S&P 500,3674.29,3678.04,3715.69,3626.71,495271864.0,6.87,1.41,7.57,6.46,88.0,1224.0,111.0,1.11,127.32,68.85,1766.15,277.22,6613.0,6.17,11.0,95.82,2052.0
2000-12-14,S&P 500,2447.68,2423.44,2449.32,2416.2000000000003,894455497.0,-1.02,1.91,10.2,8.91,103.0,9869.0,557.0,0.97,111.06,144.22,2483.62,277.28,7500.0,7.87,43.0,80.73,2130.0
2000-12-15,S&P 500,2447.68,2423.44,2449.32,2416.2000000000003,894455497.0,-1.02,1.91,10.2,8.91,103.0,9869.0,557.0,0.97,111.06,144.22,2483.62,277.28,7500.0,7.87,43.0,80.73,2130.0
2000-12-16,S&P 500,2447.68,2423.44,2449.32,2416.2000000000003,894455497.0,-1.02,1.91,10.2,8.91,103.0,9869.0,557.0,0.97,111.06,144.22,2483.62,277.28,7500.0,7.87,43.0,80.73,2130.0
2000-12-17,S&P 500,3544.38,3567.7000000000003,3609.2,3524.74,788614726.0,3.17,0.22,7.91,2.67,63.0,13857.0,2073.0,0.97,135.79,22.0,1072.58,232.18,347.0,3.82,38.0,6.91,861.0
2000-12-18,S&P 500,3544.38,3567.7000000000003,3609.2,3524.74,788614726.0,3.17,0.22,7.91,2.67,63.0,13857.0,2073.0,0.97,135.79,22.0,1072.58,232.18,347.0,3.82,38.0,6.91,861.0
2000-12-19,S&P 500,3450.29,3429.04,3492.91,3415.35,898289634.0,0.72,5.36,13.92,4.07,84.0,25970.0,2295.0,0.94,147.47,31.96,2398.14,382.63,1505.0,8.82,44.0,22.17,6006.0
2000-12-20,S&P 500,4494.79,4498.61,4526.03,4464.91,944054758.0,5.78,4.82,10.88,3.39,67.0,19383.0,4231.0,0.88,104.58,32.32,1081.17,112.52,7203.0,9.64,20.0,30.39,234.0
2000-12-21,S&P 500,4494.79,4498.61,4526.03,4464.91,944054758.0,5.78,4.82,10.88,3.39,67.0,19383.0,4231.0,0.88,104.58,32.32,1081.17,112.52,7203.0,9.64,20.0,30.39,234.0
2000-12-22,S&P 500,1482.23,1472.79,1498.09,1466.12,199231916.0,-4.92,2.48,9.9,0.97,101.0,27550.0,4837.0,1.29,121.44,73.21,2315.24,205.3,4873.0,1.07,15.0,42.27,2673.0
2000-12-23,S&P 500,1482.23,1472.79,1498.09,1466.12,199231916.0,-4.92,2.48,9.9,0.97,101.0,27550.0,4837.0,1.29,121.44,73.21,2315.24,205.3,4873.0,1.07,15.0,42.27,2673.0
2000-12-24,S&P 500,1482.23,1472.79,1498.09,1466.12,199231916.0,-4.92,2.48,9.9,0.97,101.0,27550.0,4837.0,1.29,121.44,73.21,2315.24,205.3,4873.0,1.07,15.0,42.27,2673.0
2000-12-25,S&P 500,3135.87,3171.2,3173.78,3098.31,79191199.0,5.51,3.58,10.35,8.93,86.0,13038.0,3052.0,0.82,89.11,68.68,2181.67,147.0,2627.0,1.26,42.0,24.68,6687.0
2000-12-26,S&P 500,3135.87,3171.2,3173.78,3098.31,79191199.0,5.51,3.58,10.35,8.93,86.0,13038.0,3052.0,0.82,89.11,68.68,2181.67,147.0,2627.0,1.26,42.0,24.68,6687.0
2000-12-27,S&P 500,3135.87,3171.2,3173.78,3098.31,79191199.0,5.51,3.58,10.35,8.93,86.0,13038.0,3052.0,0.82,89.11,68.68,2181.67,147.0,2627.0,1.26,42.0,24.68,6687.0
2000-12-28,S&P 500,3135.87,3171.2,3173.78,3098.31,79191199.0,5.51,3.58,10.35,8.93,86.0,13038.0,3052.0,0.82,89.11,68.68,2181.67,147.0,2627.0,1.26,42.0,24.68,6687.0
2000-12-29,S&P 500,3135.87,3171.2,3173.78,3098.31,79191199.0,5.51,3.58,10.35,8.93,86.0,13038.0,3052.0,0.82,89.11,68.68,2181.67,147.0,2627.0,1.26,42.0,24.68,6687.0
2000-12-30,S&P 500,3135.87,3171.2,3173.78,3098.31,79191199.0,5.51,3.58,10.35,8.93,86.0,13038.0,3052.0,0.82,89.11,68.68,2181.67,147.0,2627.0,1.26,42.0,24.68,6687.0
2000-12-31,S&P 500,3135.87,3171.2,3173.78,3098.31,79191199.0,5.51,3.58,10.35,8.93,86.0,13038.0,3052.0,0.82,89.11,68.68,2181.67,147.0,2627.0,1.26,42.0,24.68,6687.0
2001-01-01,S&P 500,3135.87,3171.2,3173.78,3098.31,79191199.0,5.51,3.58,10.35,8.93,86.0,13038.0,3052.0,0.82,89.11,68.68,2181.67,147.0,2627.0,1.26,42.0,24.68,6687.0
2001-01-02,S&P 500,3135.87,3171.2,3173.78,3098.31,79191199.0,5.51,3.58,10.35,8.93,86.0,13038.0,3052.0,0.82,89.11,68.68,2181.67,147.0,2627.0,1.26,42.0,24.68,6687.0
2001-01-03,S&P 500,3135.87,3171.2,3173.78,3098.31,79191199.0,5.51,3.58,10.35,8.93,86.0,13038.0,3052.0,0.82,89.11,68.68,2181.67,147.0,2627.0,1.26,42.0,24.68,6687.0
2001-01-04,S&P 500,3135.87,3171.2,3173.78,3098.31,79191199.0,5.51,3.58,10.35,8.93,86.0,13038.0,3052.0,0.82,89.11,68.68,2181.67,147.0,2627.0,1.26,42.0,24.68,6687.0
2001-01-05,S&P 500,3135.87,3171.2,3173.78,3098.31,79191199.0,5.51,3.58,10.35,8.93,86.0,13038.0,3052.0,0.82,89.11,68.68,2181.67,147.0,2627.0,1.26,42.0,24.68,6687.0
2001-01-06,S&P 500,3135.87,3171.2,3173.78,3098.31,79191199.0,5.51,3.58,10.35,8.93,86.0,13038.0,3052.0,0.82,89.11,68.68,2181.67,147.0,2627.0,1.26,42.0,24.68,6687.0
2001-01-07,S&P 500,3135.87,3171.2,3173.78,3098.31,79191199.0,5.51,3.58,10.35,8.93,86.0,13038.0,3052.0,0.82,89.11,68.68,2181.67,147.0,2627.0,1.26,42.0,24.68,6687.0
2001-01-08,S&P 500,3135.87,3171.2,3173.78,3098.31,79191199.0,5.51,3.58,10.35,8.93,86.0,13038.0,3052.0,0.82,89.11,68.68,2181.67,147.0,2627.0,1.26,42.0,24.68,6687.0
2001-01-09,S&P 500,3135.87,3171.2,3173.78,3098.31,79191199.0,5.51,3.58,10.35,8.93,86.0,13038.0,3052.0,0.82,89.11,68.68,2181.67,147.0,2627.0,1.26,42.0,24.68,6687.0
2001-01-10,S&P 500,3135.87,3171.2,3173.78,3098.31,79191199.0,5.51,3.58,10.35,8.93,86.0,13038.0,3052.0,0.82,89.11,68.68,2181.67,147.0,2627.0,1.26,42.0,24.68,6687.0
2001-01-11,S&P 500,2101.52,2130.92,2150.33,2079.01,955372695.0,0.9,0.15,6.97,2.54,79.0,28370.0,599.0,1.09,142.57,142.6,868.14,152.25,8938.0,2.92,9.0,51.3,10108.0
2001-01-12,S&P 500,2225.25,2232.9,2241.44,2188.03,938275278.0,9.47,8.98,7.39,9.2,51.0,1623.0,4214.0,1.24,128.24,79.37,1974.75,145.74,7136.0,6.25,42.0,87.24,6146.0
2001-01-13,S&P 500,4155.94,4140.15,4167.28,4116.799999999999,632029598.0,3.58,5.27,6.52,2.3,77.0,24077.0,3873.0,1.16,132.07,92.41,1466.23,436.29,8735.0,5.94,9.0,73.28,13585.0
2001-01-14,S&P 500,4155.94,4140.15,4167.28,4116.799999999999,632029598.0,3.58,5.27,6.52,2.3,77.0,24077.0,3873.0,1.16,132.07,92.41,1466.23,436.29,8735.0,5.94,9.0,73.28,13585.0
2001-01-15,S&P 500,4155.94,4140.15,4167.28,4116.799999999999,632029598.0,3.58,5.27,6.52,2.3,77.0,24077.0,3873.0,1.16,132.07,92.41,1466.23,436.29,8735.0,5.94,9.0,73.28,13585.0
2001-01-16,S&P 500,4155.94,4140.15,4167.28,4116.799999999999,632029598.0,3.58,5.27,6.52,2.3,77.0,24077.0,3873.0,1.16,132.07,92.41,1466.23,436.29,8735.0,5.94,9.0,73.28,13585.0
2001-01-17,S&P 500,4430.25,4430.7,4439.23,4392.48,977994581.0,5.76,2.59,11.65,9.27,76.0,15866.0,2167.0,1.15,91.72,36.12,2031.5,337.09,9140.0,3.31,46.0,80.23,6546.0
2001-01-18,S&P 500,4430.25,4430.7,4439.23,4392.48,977994581.0,5.76,2.59,11.65,9.27,76.0,15866.0,2167.0,1.15,91.72,36.12,2031.5,337.09,9140.0,3.31,46.0,80.23,6546.0
2001-01-19,S&P 500,4430.25,4430.7,4439.23,4392.48,977994581.0,5.76,2.59,11.65,9.27,76.0,15866.0,2167.0,1.15,91.72,36.12,2031.5,337.09,9140.0,3.31,46.0,80.23,6546.0
2001-01-20,S&P 500,4430.25,4430.7,4439.23,4392.48,977994581.0,5.76,2.59,11.65,9.27,76.0,15866.0,2167.0,1.15,91.72,36.12,2031.5,337.09,9140.0,3.31,46.0,80.23,6546.0
2001-01-21,S&P 500,4430.25,4430.7,4439.23,4392.48,977994581.0,5.76,2.59,11.65,9.27,76.0,15866.0,2167.0,1.15,91.72,36.12,2031.5,337.09,9140.0,3.31,46.0,80.23,6546.0
2001-01-22,S&P 500,4430.25,4430.7,4439.23,4392.48,977994581.0,5.76,2.59,11.65,9.27,76.0,15866.0,2167.0,1.15,91.72,36.12,2031.5,337.09,9140.0,3.31,46.0,80.23,6546.0
2001-01-23,S&P 500,3404.3,3451.0,3467.66,3363.42,894416003.0,-4.56,0.79,12.32,9.68,79.0,7556.0,4260.0,0.98,131.66,52.1,1751.16,378.5,2666.0,9.86,27.0,3.3,13798.0
2001-01-24,S&P 500,3822.34,3829.46,3859.21,3772.85,71694394.0,9.62,7.6,10.19,5.28,104.0,26556.0,2646.0,1.05,133.82,145.26,1336.29,134.25,1430.0,8.03,23.0,13.55,5993.0
2001-01-25,S&P 500,3822.34,3829.46,3859.21,3772.85,71694394.0,9.62,7.6,10.19,5.28,104.0,26556.0,2646.0,1.05,133.82,145.26,1336.29,134.25,1430.0,8.03,23.0,13.55,5993.0
2001-01-26,S&P 500,3822.34,3829.46,3859.21,3772.85,71694394.0,9.62,7.6,10.19,5.28,104.0,26556.0,2646.0,1.05,133.82,145.26,1336.29,134.25,1430.0,8.03,23.0,13.55,5993.0
2001-01-27,S&P 500,1667.44,1674.36,1678.84,1658.95,756946108.0,-4.08,6.82,13.79,2.83,95.0,24955.0,2782.0,1.42,148.99,104.76,2397.87,454.61,3853.0,1.36,17.0,68.41,13348.0
2001-01-28,S&P 500,2722.12,2758.92,2806.88,2689.49,867962828.0,2.83,1.35,9.36,3.71,82.0,11598.0,3296.0,1.01,133.42,97.79,1539.38,440.25,4606.0,6.53,22.0,72.39,12501.0
2001-01-29,S&P 500,1570.38,1578.69,1614.47,1539.7800000000002,103246200.0,0.7,1.43,12.4,0.91,117.0,29807.0,2174.0,0.9,91.0,95.62,1929.48,412.84,1544.0,0.6,6.0,66.25,2155.0
2001-01-30,S&P 500,1570.38,1578.69,1614.47,1539.7800000000002,103246200.0,0.7,1.43,12.4,0.91,117.0,29807.0,2174.0,0.9,91.0,95.62,1929.48,412.84,1544.0,0.6,6.0,66.25,2155.0
2001-01-31,S&P 500,1570.38,1578.69,1614.47,1539.7800000000002,103246200.0,0.7,1.43,12.4,0.91,117.0,29807.0,2174.0,0.9,91.0,95.62,1929.48,412.84,1544.0,0.6,6.0,66.25,2155.0
2001-02-01,S&P 500,1570.38,1578.69,1614.47,1539.7800000000002,103246200.0,0.7,1.43,12.4,0.91,117.0,29807.0,2174.0,0.9,91.0,95.62,1929.48,412.84,1544.0,0.6,6.0,66.25,2155.0
2001-02-02,S&P 500,1570.38,1578.69,1614.47,1539.7800000000002,103246200.0,0.7,1.43,12.4,0.91,117.0,29807.0,2174.0,0.9,91.0,95.62,1929.48,412.84,1544.0,0.6,6.0,66.25,2155.0
2001-02-03,S&P 500,1570.38,1578.69,1614.47,1539.7800000000002,103246200.0,0.7,1.43,12.4,0.91,117.0,29807.0,2174.0,0.9,91.0,95.62,1929.48,412.84,1544.0,0.6,6.0,66.25,2155.0
2001-02-04,S&P 500,1570.38,1578.69,1614.47,1539.7800000000002,103246200.0,0.7,1.43,12.4,0.91,117.0,29807.0,2174.0,0.9,91.0,95.62,1929.48,412.84,1544.0,0.6,6.0,66.25,2155.0
2001-02-05,S&P 500,1570.38,1578.69,1614.47,1539.7800000000002,103246200.0,0.7,1.43,12.4,0.91,117.0,29807.0,2174.0,0.9,91.0,95.62,1929.48,412.84,1544.0,0.6,6.0,66.25,2155.0
2001-02-06,S&P 500,1570.38,1578.69,1614.47,1539.7800000000002,103246200.0,0.7,1.43,12.4,0.91,117.0,29807.0,2174.0,0.9,91.0,95.62,1929.48,412.84,1544.0,0.6,6.0,66.25,2155.0
2001-02-07,S&P 500,1570.38,1578.69,1614.47,1539.7800000000002,103246200.0,0.7,1.43,12.4,0.91,117.0,29807.0,2174.0,0.9,91.0,95.62,1929.48,412.84,1544.0,0.6,6.0,66.25,2155.0
2001-02-08,S&P 500,1570.38,1578.69,1614.47,1539.7800000000002,103246200.0,0.7,1.43,12.4,0.91,117.0,29807.0,2174.0,0.9,91.0,95.62,1929.48,412.84,1544.0,0.6,6.0,66.25,2155.0
2001-02-09,S&P 500,1570.38,1578.69,1614.47,1539.7800000000002,103246200.0,0.7,1.43,12.4,0.91,117.0,29807.0,2174.0,0.9,91.0,95.62,1929.48,412.84,1544.0,0.6,6.0,66.25,2155.0
2001-02-10,S&P 500,3423.12,3462.68,3473.14,3393.61,512530858.0,5.45,8.96,7.45,2.42,60.0,28234.0,3839.0,1.32,143.65,67.95,1162.13,484.74,9830.0,9.06,41.0,95.38,8879.0
2001-02-11,S&P 500,3423.12,3462.68,3473.14,3393.61,512530858.0,5.45,8.96,7.45,2.42,60.0,28234.0,3839.0,1.32,143.65,67.95,1162.13,484.74,9830.0,9.06,41.0,95.38,8879.0
2001-02-12,S&P 500,3423.12,3462.68,3473.14,3393.61,512530858.0,5.45,8.96,7.45,2.42,60.0,28234.0,3839.0,1.32,143.65,67.95,1162.13,484.74,9830.0,9.06,41.0,95.38,8879.0
2001-02-13,S&P 500,3423.12,3462.68,3473.14,3393.61,512530858.0,5.45,8.96,7.45,2.42,60.0,28234.0,3839.0,1.32,143.65,67.95,1162.13,484.74,9830.0,9.06,41.0,95.38,8879.0
2001-02-14,S&P 500,2816.01,2818.6200000000003,2837.6200000000003,2796.0800000000004,673196306.0,2.58,6.77,3.26,4.48,55.0,9294.0,713.0,0.99,90.33,80.76,1891.48,380.57,6320.0,6.12,13.0,83.73,133.0
2001-02-15,S&P 500,2816.01,2818.6200000000003,2837.6200000000003,2796.0800000000004,673196306.0,2.58,6.77,3.26,4.48,55.0,9294.0,713.0,0.99,90.33,80.76,1891.48,380.57,6320.0,6.12,13.0,83.73,133.0
2001-02-16,S&P 500,2816.01,2818.6200000000003,2837.6200000000003,2796.0800000000004,673196306.0,2.58,6.77,3.26,4.48,55.0,9294.0,713.0,0.99,90.33,80.76,1891.48,380.57,6320.0,6.12,13.0,83.73,133.0
2001-02-17,S&P 500,2816.01,2818.6200000000003,2837.6200000000003,2796.0800000000004,673196306.0,2.58,6.77,3.26,4.48,55.0,9294.0,713.0,0.99,90.33,80.76,1891.48,380.57,6320.0,6.12,13.0,83.73,133.0
2001-02-18,S&P 500,2816.01,2818.6200000000003,2837.6200000000003,2796.0800000000004,673196306.0,2.58,6.77,3.26,4.48,55.0,9294.0,713.0,0.99,90.33,80.76,1891.48,380.57,6320.0,6.12,13.0,83.73,133.0
2001-02-19,S&P 500,3021.82,2976.75,3028.5,2955.95,691241596.0,1.9,9.32,2.72,5.61,95.0,24546.0,4410.0,1.21,124.45,145.49,1839.24,338.32,6350.0,1.35,27.0,43.01,10472.0
2001-02-20,S&P 500,3021.82,2976.75,3028.5,2955.95,691241596.0,1.9,9.32,2.72,5.61,95.0,24546.0,4410.0,1.21,124.45,145.49,1839.24,338.32,6350.0,1.35,27.0,43.01,10472.0
2001-02-21,S&P 500,3021.82,2976.75,3028.5,2955.95,691241596.0,1.9,9.32,2.72,5.61,95.0,24546.0,4410.0,1.21,124.45,145.49,1839.24,338.32,6350.0,1.35,27.0,43.01,10472.0
2001-02-22,S&P 500,3021.82,2976.75,3028.5,2955.95,691241596.0,1.9,9.32,2.72,5.61,95.0,24546.0,4410.0,1.21,124.45,145.49,1839.24,338.32,6350.0,1.35,27.0,43.01,10472.0
2001-02-23,S&P 500,3021.82,2976.75,3028.5,2955.95,691241596.0,1.9,9.32,2.72,5.61,95.0,24546.0,4410.0,1.21,124.45,145.49,1839.24,338.32,6350.0,1.35,27.0,43.01,10472.0
2001-02-24,S&P 500,3021.82,2976.75,3028.5,2955.95,691241596.0,1.9,9.32,2.72,5.61,95.0,24546.0,4410.0,1.21,124.45,145.49,1839.24,338.32,6350.0,1.35,27.0,43.01,10472.0
2001-02-25,S&P 500,1640.1,1609.33,1668.6899999999998,1574.13,94697722.0,0.73,7.06,8.78,2.54,101.0,23819.0,216.0,1.18,98.06,63.38,1629.38,252.5,5561.0,5.85,32.0,2.84,7460.0
2001-02-26,S&P 500,1093.41,1074.36,1106.09,1061.35,535238246.0,7.15,5.66,4.1,4.78,60.0,10745.0,2298.0,1.27,117.96,50.68,1264.15,327.16,9595.0,1.95,49.0,28.07,3255.0
2001-02-27,S&P 500,4024.85,4072.34,4083.74,3977.75,170369272.0,3.77,9.25,6.99,7.09,86.0,18004.0,3131.0,1.14,92.28,40.36,1499.7,460.37,1824.0,5.47,45.0,46.76,995.0
2001-02-28,S&P 500,2834.09,2825.2000000000003,2834.67,2798.7000000000003,425064082.0,0.86,0.25,9.61,8.46,71.0,12859.0,3556.0,1.15,102.63,50.54,2153.01,496.8,6320.0,6.47,11.0,10.83,12294.0
2001-03-01,S&P 500,2834.09,2825.2000000000003,2834.67,2798.7000000000003,425064082.0,0.86,0.25,9.61,8.46,71.0,12859.0,3556.0,1.15,102.63,50.54,2153.01,496.8,6320.0,6.47,11.0,10.83,12294.0
2001-03-02,S&P 500,2834.09,2825.2000000000003,2834.67,2798.7000000000003,425064082.0,0.86,0.25,9.61,8.46,71.0,12859.0,3556.0,1.15,102.63,50.54,2153.01,496.8,6320.0,6.47,11.0,10.83,12294.0
2001-03-03,S&P 500,1464.56,1512.89,1518.7299999999998,1459.55,38687289.0,-4.47,1.8,11.28,5.51,51.0,13167.0,2467.0,1.03,109.0,103.62,2245.19,139.71,7088.0,0.6,27.0,52.03,12050.0
2001-03-04,S&P 500,1464.56,1512.89,1518.7299999999998,1459.55,38687289.0,-4.47,1.8,11.28,5.51,51.0,13167.0,2467.0,1.03,109.0,103.62,2245.19,139.71,7088.0,0.6,27.0,52.03,12050.0
2001-03-05,S&P 500,1464.56,1512.89,1518.7299999999998,1459.55,38687289.0,-4.47,1.8,11.28,5.51,51.0,13167.0,2467.0,1.03,109.0,103.62,2245.19,139.71,7088.0,0.6,27.0,52.03,12050.0
2001-03-06,S&P 500,1464.56,1512.89,1518.7299999999998,1459.55,38687289.0,-4.47,1.8,11.28,5.51,51.0,13167.0,2467.0,1.03,109.0,103.62,2245.19,139.71,7088.0,0.6,27.0,52.03,12050.0
2001-03-07,S&P 500,1464.56,1512.89,1518.7299999999998,1459.55,38687289.0,-4.47,1.8,11.28,5.51,51.0,13167.0,2467.0,1.03,109.0,103.62,2245.19,139.71,7088.0,0.6,27.0,52.03,12050.0
2001-03-08,S&P 500,4306.83,4265.69,4336.22,4234.32,306000439.0,-2.72,4.08,4.12,4.31,95.0,23642.0,4744.0,1.14,141.46,64.38,1414.74,121.49,8155.0,6.24,22.0,79.27,2180.0
2001-03-09,S&P 500,4306.83,4265.69,4336.22,4234.32,306000439.0,-2.72,4.08,4.12,4.31,95.0,23642.0,4744.0,1.14,141.46,64.38,1414.74,121.49,8155.0,6.24,22.0,79.27,2180.0
2001-03-10,S&P 500,4306.83,4265.69,4336.22,4234.32,306000439.0,-2.72,4.08,4.12,4.31,95.0,23642.0,4744.0,1.14,141.46,64.38,1414.74,121.49,8155.0,6.24,22.0,79.27,2180.0
2001-03-11,S&P 500,4306.83,4265.69,4336.22,4234.32,306000439.0,-2.72,4.08,4.12,4.31,95.0,23642.0,4744.0,1.14,141.46,64.38,1414.74,121.49,8155.0,6.24,22.0,79.27,2180.0
2001-03-12,S&P 500,4306.83,4265.69,4336.22,4234.32,306000439.0,-2.72,4.08,4.12,4.31,95.0,23642.0,4744.0,1.14,141.46,64.38,1414.74,121.49,8155.0,6.24,22.0,79.27,2180.0
2001-03-13,S&P 500,2542.05,2513.15,2564.55,2488.36,881107674.0,4.37,9.7,8.09,4.98,93.0,23237.0,2005.0,1.27,143.9,86.71,1677.42,444.67,6070.0,2.55,18.0,15.1,12510.0
2001-03-14,S&P 500,2542.05,2513.15,2564.55,2488.36,881107674.0,4.37,9.7,8.09,4.98,93.0,23237.0,2005.0,1.27,143.9,86.71,1677.42,444.67,6070.0,2.55,18.0,15.1,12510.0
2001-03-15,S&P 500,2542.05,2513.15,2564.55,2488.36,881107674.0,4.37,9.7,8.09,4.98,93.0,23237.0,2005.0,1.27,143.9,86.71,1677.42,444.67,6070.0,2.55,18.0,15.1,12510.0
2001-03-16,S&P 500,2542.05,2513.15,2564.55,2488.36,881107674.0,4.37,9.7,8.09,4.98,93.0,23237.0,2005.0,1.27,143.9,86.71,1677.42,444.67,6070.0,2.55,18.0,15.1,12510.0
2001-03-17,S&P 500,2542.05,2513.15,2564.55,2488.36,881107674.0,4.37,9.7,8.09,4.98,93.0,23237.0,2005.0,1.27,143.9,86.71,1677.42,444.67,6070.0,2.55,18.0,15.1,12510.0
2001-03-18,S&P 500,2542.05,2513.15,2564.55,2488.36,881107674.0,4.37,9.7,8.09,4.98,93.0,23237.0,2005.0,1.27,143.9,86.71,1677.42,444.67,6070.0,2.55,18.0,15.1,12510.0
2001-03-19,S&P 500,4047.61,4010.99,4080.31,3999.8,971204498.0,1.52,1.18,7.55,5.37,75.0,5770.0,3719.0,1.06,130.8,57.57,1464.25,405.33,4329.0,4.98,12.0,71.96,3675.0
2001-03-20,S&P 500,4047.61,4010.99,4080.31,3999.8,971204498.0,1.52,1.18,7.55,5.37,75.0,5770.0,3719.0,1.06,130.8,57.57,1464.25,405.33,4329.0,4.98,12.0,71.96,3675.0
2001-03-21,S&P 500,2761.77,2719.04,2770.75,2694.83,813098047.0,0.44,6.3,7.98,1.17,80.0,15026.0,3251.0,0.83,139.55,130.92,1708.57,480.57,3190.0,8.22,38.0,25.8,14327.0
2001-03-22,S&P 500,2761.77,2719.04,2770.75,2694.83,813098047.0,0.44,6.3,7.98,1.17,80.0,15026.0,3251.0,0.83,139.55,130.92,1708.57,480.57,3190.0,8.22,38.0,25.8,14327.0
2001-03-23,S&P 500,2761.77,2719.04,2770.75,2694.83,813098047.0,0.44,6.3,7.98,1.17,80.0,15026.0,3251.0,0.83,139.55,130.92,1708.57,480.57,3190.0,8.22,38.0,25.8,14327.0
2001-03-24,S&P 500,2761.77,2719.04,2770.75,2694.83,813098047.0,0.44,6.3,7.98,1.17,80.0,15026.0,3251.0,0.83,139.55,130.92,1708.57,480.57,3190.0,8.22,38.0,25.8,14327.0
2001-03-25,S&P 500,1230.59,1235.07,1240.9399999999998,1229.6999999999998,42991207.0,-4.2,0.49,11.34,5.84,110.0,11293.0,406.0,1.33,82.54,126.91,1770.85,499.24,8822.0,1.36,15.0,46.61,4459.0
2001-03-26,S&P 500,2369.79,2332.35,2409.07,2289.26,572721525.0,5.33,1.88,5.57,3.15,97.0,2001.0,804.0,1.01,114.19,56.24,1839.24,448.4,8132.0,0.89,44.0,22.64,10333.0
2001-03-27,S&P 500,2080.99,2059.96,2114.67,2051.2499999999995,754573356.0,-3.89,0.67,12.26,4.19,94.0,15795.0,4592.0,0.94,126.25,44.53,925.48,100.49,8725.0,3.99,16.0,88.97,12475.0
2001-03-28,S&P 500,2080.99,2059.96,2114.67,2051.2499999999995,754573356.0,-3.89,0.67,12.26,4.19,94.0,15795.0,4592.0,0.94,126.25,44.53,925.48,100.49,8725.0,3.99,16.0,88.97,12475.0
2001-03-29,S&P 500,2080.99,2059.96,2114.67,2051.2499999999995,754573356.0,-3.89,0.67,12.26,4.19,94.0,15795.0,4592.0,0.94,126.25,44.53,925.48,100.49,8725.0,3.99,16.0,88.97,12475.0
2001-03-30,S&P 500,2389.11,2380.2200000000003,2411.19,2360.24,898250563.0,-4.05,1.18,4.1,5.4,101.0,21572.0,4093.0,0.8,141.99,122.17,2433.81,231.1,6376.0,4.63,43.0,11.25,1633.0
2001-03-31,S&P 500,2389.11,2380.2200000000003,2411.19,2360.24,898250563.0,-4.05,1.18,4.1,5.4,101.0,21572.0,4093.0,0.8,141.99,122.17,2433.81,231.1,6376.0,4.63,43.0,11.25,1633.0
2001-04-01,S&P 500,2389.11,2380.2200000000003,2411.19,2360.24,898250563.0,-4.05,1.18,4.1,5.4,101.0,21572.0,4093.0,0.8,141.99,122.17,2433.81,231.1,6376.0,4.63,43.0,11.25,1633.0
2001-04-02,S&P 500,2389.11,2380.2200000000003,2411.19,2360.24,898250563.0,-4.05,1.18,4.1,5.4,101.0,21572.0,4093.0,0.8,141.99,122.17,2433.81,231.1,6376.0,4.63,43.0,11.25,1633.0
2001-04-03,S&P 500,2389.11,2380.2200000000003,2411.19,2360.24,898250563.0,-4.05,1.18,4.1,5.4,101.0,21572.0,4093.0,0.8,141.99,122.17,2433.81,231.1,6376.0,4.63,43.0,11.25,1633.0
2001-04-04,S&P 500,2955.59,3003.24,3051.0800000000004,2910.34,788555067.0,8.14,4.29,13.32,8.18,98.0,9516.0,4453.0,0.92,109.8,43.48,1094.62,138.64,7762.0,8.49,12.0,69.99,3340.0
2001-04-05,S&P 500,2607.12,2652.59,2669.09,2563.65,38254050.0,-2.36,6.44,6.24,4.01,93.0,14447.0,2262.0,1.29,141.47,84.69,1359.08,314.64,4810.0,3.83,9.0,53.81,7319.0
2001-04-06,S&P 500,4975.39,5005.400000000001,5053.51,4963.51,411571975.0,-1.03,9.37,7.39,9.86,85.0,20158.0,4529.0,0.95,127.82,117.83,2213.21,341.11,5300.0,1.45,33.0,63.08,3399.0
2001-04-07,S&P 500,4521.26,4495.43,4566.33,4491.37,420099334.0,-3.85,1.08,7.8,4.0,102.0,12353.0,4544.0,1.35,124.66,126.94,2255.6,246.76,639.0,5.92,30.0,8.25,7515.0
2001-04-08,S&P 500,3493.62,3450.42,3507.14,3419.06,819851011.0,6.68,0.99,13.03,3.84,93.0,28869.0,2380.0,0.94,131.0,56.82,1437.42,342.64,1921.0,4.4,26.0,66.56,2479.0
2001-04-09,S&P 500,3493.62,3450.42,3507.14,3419.06,819851011.0,6.68,0.99,13.03,3.84,93.0,28869.0,2380.0,0.94,131.0,56.82,1437.42,342.64,1921.0,4.4,26.0,66.56,2479.0
2001-04-10,S&P 500,3493.62,3450.42,3507.14,3419.06,819851011.0,6.68,0.99,13.03,3.84,93.0,28869.0,2380.0,0.94,131.0,56.82,1437.42,342.64,1921.0,4.4,26.0,66.56,2479.0
2001-04-11,S&P 500,1805.25,1805.84,1818.47,1803.64,14900306.0,-1.28,7.66,10.02,9.77,56.0,29157.0,4180.0,1.15,109.35,68.72,1535.27,481.53,2640.0,4.36,4.0,51.3,13447.0
2001-04-12,S&P 500,1805.25,1805.84,1818.47,1803.64,14900306.0,-1.28,7.66,10.02,9.77,56.0,29157.0,4180.0,1.15,109.35,68.72,1535.27,481.53,2640.0,4.36,4.0,51.3,13447.0
2001-04-13,S&P 500,1157.84,1193.6699999999998,1219.6799999999998,1123.52,754145158.0,9.86,8.29,6.23,7.67,93.0,16571.0,2755.0,1.06,114.81,76.85,1097.3,436.91,7472.0,6.25,36.0,74.27,198.0
2001-04-14,S&P 500,1157.84,1193.6699999999998,1219.6799999999998,1123.52,754145158.0,9.86,8.29,6.23,7.67,93.0,16571.0,2755.0,1.06,114.81,76.85,1097.3,436.91,7472.0,6.25,36.0,74.27,198.0
2001-04-15,S&P 500,1157.84,1193.6699999999998,1219.6799999999998,1123.52,754145158.0,9.86,8.29,6.23,7.67,93.0,16571.0,2755.0,1.06,114.81,76.85,1097.3,436.91,7472.0,6.25,36.0,74.27,198.0
2001-04-16,S&P 500,1157.84,1193.6699999999998,1219.6799999999998,1123.52,754145158.0,9.86,8.29,6.23,7.67,93.0,16571.0,2755.0,1.06,114.81,76.85,1097.3,436.91,7472.0,6.25,36.0,74.27,198.0
2001-04-17,S&P 500,1157.84,1193.6699999999998,1219.6799999999998,1123.52,754145158.0,9.86,8.29,6.23,7.67,93.0,16571.0,2755.0,1.06,114.81,76.85,1097.3,436.91,7472.0,6.25,36.0,74.27,198.0
2001-04-18,S&P 500,4637.82,4593.91,4660.0,4543.98,454667454.0,4.68,7.92,8.39,6.39,91.0,29423.0,2778.0,1.22,88.89,130.47,1084.72,467.79,5698.0,9.75,12.0,39.9,5486.0
2001-04-19,S&P 500,4637.82,4593.91,4660.0,4543.98,454667454.0,4.68,7.92,8.39,6.39,91.0,29423.0,2778.0,1.22,88.89,130.47,1084.72,467.79,5698.0,9.75,12.0,39.9,5486.0
2001-04-20,S&P 500,3133.55,3084.53,3177.21,3049.38,988769752.0,-0.78,0.37,7.42,5.84,106.0,19682.0,3596.0,1.12,146.24,90.7,1266.59,198.53,5592.0,5.29,35.0,19.37,1697.0
2001-04-21,S&P 500,4479.88,4470.8,4515.13,4461.67,146068508.0,3.93,7.99,12.26,8.96,81.0,3515.0,4322.0,1.3,134.08,116.24,876.32,166.45,3582.0,3.29,33.0,50.26,12270.0
2001-04-22,S&P 500,4479.88,4470.8,4515.13,4461.67,146068508.0,3.93,7.99,12.26,8.96,81.0,3515.0,4322.0,1.3,134.08,116.24,876.32,166.45,3582.0,3.29,33.0,50.26,12270.0
2001-04-23,S&P 500,4162.04,4181.38,4213.88,4125.73,882697483.0,0.89,2.22,5.5,2.48,59.0,18688.0,2089.0,1.34,96.77,73.35,2499.66,370.8,8541.0,4.35,9.0,73.14,2992.0
2001-04-24,S&P 500,4162.04,4181.38,4213.88,4125.73,882697483.0,0.89,2.22,5.5,2.48,59.0,18688.0,2089.0,1.34,96.77,73.35,2499.66,370.8,8541.0,4.35,9.0,73.14,2992.0
2001-04-25,S&P 500,4176.84,4157.25,4224.650000000001,4115.81,214424494.0,9.7,2.65,9.76,2.48,90.0,2523.0,3400.0,1.02,147.8,22.98,1769.45,204.42,9877.0,5.28,34.0,84.89,6128.0
2001-04-26,S&P 500,4176.84,4157.25,4224.650000000001,4115.81,214424494.0,9.7,2.65,9.76,2.48,90.0,2523.0,3400.0,1.02,147.8,22.98,1769.45,204.42,9877.0,5.28,34.0,84.89,6128.0
2001-04-27,S&P 500,4176.84,4157.25,4224.650000000001,4115.81,214424494.0,9.7,2.65,9.76,2.48,90.0,2523.0,3400.0,1.02,147.8,22.98,1769.45,204.42,9877.0,5.28,34.0,84.89,6128.0
2001-04-28,S&P 500,4176.84,4157.25,4224.650000000001,4115.81,214424494.0,9.7,2.65,9.76,2.48,90.0,2523.0,3400.0,1.02,147.8,22.98,1769.45,204.42,9877.0,5.28,34.0,84.89,6128.0
2001-04-29,S&P 500,1595.18,1617.88,1664.49,1566.34,214009221.0,7.79,6.56,6.07,8.63,102.0,26999.0,4981.0,0.97,121.25,82.46,2139.1,344.98,5188.0,3.41,44.0,5.74,9885.0
2001-04-30,S&P 500,1595.18,1617.88,1664.49,1566.34,214009221.0,7.79,6.56,6.07,8.63,102.0,26999.0,4981.0,0.97,121.25,82.46,2139.1,344.98,5188.0,3.41,44.0,5.74,9885.0
2001-05-01,S&P 500,1595.18,1617.88,1664.49,1566.34,214009221.0,7.79,6.56,6.07,8.63,102.0,26999.0,4981.0,0.97,121.25,82.46,2139.1,344.98,5188.0,3.41,44.0,5.74,9885.0
2001-05-02,S&P 500,2933.63,2906.15,2938.2000000000003,2888.98,652404609.0,3.13,5.97,3.68,6.22,77.0,3824.0,2735.0,1.4,106.4,25.65,2072.74,436.63,4936.0,0.48,19.0,51.9,5104.0
2001-05-03,S&P 500,2933.63,2906.15,2938.2000000000003,2888.98,652404609.0,3.13,5.97,3.68,6.22,77.0,3824.0,2735.0,1.4,106.4,25.65,2072.74,436.63,4936.0,0.48,19.0,51.9,5104.0
2001-05-04,S&P 500,3354.93,3365.9,3377.48,3316.87,353053228.0,6.68,4.6,3.07,6.51,51.0,18761.0,1718.0,1.27,94.24,95.6,1487.09,211.98,6688.0,3.95,11.0,97.56,11304.0
2001-05-05,S&P 500,3354.93,3365.9,3377.48,3316.87,353053228.0,6.68,4.6,3.07,6.51,51.0,18761.0,1718.0,1.27,94.24,95.6,1487.09,211.98,6688.0,3.95,11.0,97.56,11304.0
2001-05-06,S&P 500,3354.93,3365.9,3377.48,3316.87,353053228.0,6.68,4.6,3.07,6.51,51.0,18761.0,1718.0,1.27,94.24,95.6,1487.09,211.98,6688.0,3.95,11.0,97.56,11304.0
2001-05-07,S&P 500,1812.89,1838.07,1844.82,1798.21,478863399.0,6.98,0.29,8.79,6.03,104.0,4175.0,1335.0,0.81,109.1,77.83,1811.15,156.79,903.0,7.28,18.0,80.8,3747.0
2001-05-08,S&P 500,1812.89,1838.07,1844.82,1798.21,478863399.0,6.98,0.29,8.79,6.03,104.0,4175.0,1335.0,0.81,109.1,77.83,1811.15,156.79,903.0,7.28,18.0,80.8,3747.0
2001-05-09,S&P 500,1812.89,1838.07,1844.82,1798.21,478863399.0,6.98,0.29,8.79,6.03,104.0,4175.0,1335.0,0.81,109.1,77.83,1811.15,156.79,903.0,7.28,18.0,80.8,3747.0
2001-05-10,S&P 500,1812.89,1838.07,1844.82,1798.21,478863399.0,6.98,0.29,8.79,6.03,104.0,4175.0,1335.0,0.81,109.1,77.83,1811.15,156.79,903.0,7.28,18.0,80.8,3747.0
2001-05-11,S&P 500,1812.89,1838.07,1844.82,1798.21,478863399.0,6.98,0.29,8.79,6.03,104.0,4175.0,1335.0,0.81,109.1,77.83,1811.15,156.79,903.0,7.28,18.0,80.8,3747.0
2001-05-12,S&P 500,3309.12,3317.05,3366.76,3306.45,341533667.0,0.07,5.39,7.75,3.8,53.0,25661.0,1647.0,1.42,136.23,66.14,1470.68,442.58,9073.0,0.11,47.0,63.62,4473.0
2001-05-13,S&P 500,3309.12,3317.05,3366.76,3306.45,341533667.0,0.07,5.39,7.75,3.8,53.0,25661.0,1647.0,1.42,136.23,66.14,1470.68,442.58,9073.0,0.11,47.0,63.62,4473.0
2001-05-14,S&P 500,3309.12,3317.05,3366.76,3306.45,341533667.0,0.07,5.39,7.75,3.8,53.0,25661.0,1647.0,1.42,136.23,66.14,1470.68,442.58,9073.0,0.11,47.0,63.62,4473.0
2001-05-15,S&P 500,3309.12,3317.05,3366.76,3306.45,341533667.0,0.07,5.39,7.75,3.8,53.0,25661.0,1647.0,1.42,136.23,66.14,1470.68,442.58,9073.0,0.11,47.0,63.62,4473.0
2001-05-16,S&P 500,3309.12,3317.05,3366.76,3306.45,341533667.0,0.07,5.39,7.75,3.8,53.0,25661.0,1647.0,1.42,136.23,66.14,1470.68,442.58,9073.0,0.11,47.0,63.62,4473.0
2001-05-17,S&P 500,3309.12,3317.05,3366.76,3306.45,341533667.0,0.07,5.39,7.75,3.8,53.0,25661.0,1647.0,1.42,136.23,66.14,1470.68,442.58,9073.0,0.11,47.0,63.62,4473.0
2001-05-18,S&P 500,3309.12,3317.05,3366.76,3306.45,341533667.0,0.07,5.39,7.75,3.8,53.0,25661.0,1647.0,1.42,136.23,66.14,1470.68,442.58,9073.0,0.11,47.0,63.62,4473.0
2001-05-19,S&P 500,4824.19,4823.389999999999,4872.799999999999,4806.339999999999,365875782.0,-1.49,8.43,12.56,4.08,80.0,23517.0,4799.0,0.89,80.82,90.87,1477.44,140.37,4071.0,3.98,2.0,45.22,8951.0
2001-05-20,S&P 500,1801.9,1782.92,1809.57,1755.74,262053146.0,7.45,1.53,12.88,3.42,71.0,3593.0,3305.0,1.49,105.7,21.78,1140.46,470.22,7729.0,2.1,18.0,89.83,4290.0
2001-05-21,S&P 500,1437.06,1405.24,1473.73,1363.21,467533964.0,5.19,0.33,2.2,8.39,81.0,15276.0,1286.0,0.81,149.83,33.01,2255.89,478.02,7623.0,9.53,35.0,92.33,1750.0
2001-05-22,S&P 500,1437.06,1405.24,1473.73,1363.21,467533964.0,5.19,0.33,2.2,8.39,81.0,15276.0,1286.0,0.81,149.83,33.01,2255.89,478.02,7623.0,9.53,35.0,92.33,1750.0
2001-05-23,S&P 500,1437.06,1405.24,1473.73,1363.21,467533964.0,5.19,0.33,2.2,8.39,81.0,15276.0,1286.0,0.81,149.83,33.01,2255.89,478.02,7623.0,9.53,35.0,92.33,1750.0
2001-05-24,S&P 500,4387.88,4363.6900000000005,4433.68,4346.710000000001,234832863.0,2.6,8.29,11.98,5.46,76.0,27381.0,3067.0,1.2,96.68,149.75,1148.52,461.02,9669.0,6.31,36.0,96.99,6877.0
2001-05-25,S&P 500,4387.88,4363.6900000000005,4433.68,4346.710000000001,234832863.0,2.6,8.29,11.98,5.46,76.0,27381.0,3067.0,1.2,96.68,149.75,1148.52,461.02,9669.0,6.31,36.0,96.99,6877.0
2001-05-26,S&P 500,4387.88,4363.6900000000005,4433.68,4346.710000000001,234832863.0,2.6,8.29,11.98,5.46,76.0,27381.0,3067.0,1.2,96.68,149.75,1148.52,461.02,9669.0,6.31,36.0,96.99,6877.0
2001-05-27,S&P 500,4387.88,4363.6900000000005,4433.68,4346.710000000001,234832863.0,2.6,8.29,11.98,5.46,76.0,27381.0,3067.0,1.2,96.68,149.75,1148.52,461.02,9669.0,6.31,36.0,96.99,6877.0
2001-05-28,S&P 500,2793.28,2830.05,2865.6800000000003,2750.5400000000004,741245653.0,8.63,9.83,8.51,3.19,76.0,27262.0,730.0,1.21,80.29,42.9,925.3,432.22,520.0,6.97,43.0,97.04,8513.0
2001-05-29,S&P 500,3041.73,3062.49,3096.8900000000003,3022.65,88779724.0,1.62,2.96,7.17,1.43,105.0,1725.0,2942.0,0.82,100.6,68.96,1403.91,127.72,7573.0,5.65,16.0,45.69,10250.0
2001-05-30,S&P 500,3506.37,3466.99,3522.34,3429.99,739023804.0,6.2,2.4,12.92,5.05,72.0,16511.0,977.0,1.02,93.7,54.42,1225.54,294.79,6672.0,9.66,41.0,90.98,13158.0
2001-05-31,S&P 500,3506.37,3466.99,3522.34,3429.99,739023804.0,6.2,2.4,12.92,5.05,72.0,16511.0,977.0,1.02,93.7,54.42,1225.54,294.79,6672.0,9.66,41.0,90.98,13158.0
2001-06-01,S&P 500,3506.37,3466.99,3522.34,3429.99,739023804.0,6.2,2.4,12.92,5.05,72.0,16511.0,977.0,1.02,93.7,54.42,1225.54,294.79,6672.0,9.66,41.0,90.98,13158.0
2001-06-02,S&P 500,2907.37,2934.15,2980.31,2900.32,854645312.0,-4.15,6.26,6.88,6.84,117.0,7953.0,4393.0,0.81,114.82,72.27,2497.17,346.88,2586.0,1.35,8.0,41.85,4929.0
2001-06-03,S&P 500,2907.37,2934.15,2980.31,2900.32,854645312.0,-4.15,6.26,6.88,6.84,117.0,7953.0,4393.0,0.81,114.82,72.27,2497.17,346.88,2586.0,1.35,8.0,41.85,4929.0
2001-06-04,S&P 500,3890.83,3905.22,3947.53,3848.1,826405683.0,2.15,6.18,6.0,1.86,89.0,10031.0,2640.0,1.01,84.06,23.42,1087.12,148.06,1700.0,6.79,16.0,94.68,10944.0
2001-06-05,S&P 500,3770.13,3803.56,3826.18,3735.84,876685750.0,1.47,2.76,4.73,4.91,109.0,5056.0,181.0,1.26,101.95,48.34,2303.34,132.7,5455.0,1.77,40.0,69.94,13961.0
2001-06-06,S&P 500,3770.13,3803.56,3826.18,3735.84,876685750.0,1.47,2.76,4.73,4.91,109.0,5056.0,181.0,1.26,101.95,48.34,2303.34,132.7,5455.0,1.77,40.0,69.94,13961.0
2001-06-07,S&P 500,3770.13,3803.56,3826.18,3735.84,876685750.0,1.47,2.76,4.73,4.91,109.0,5056.0,181.0,1.26,101.95,48.34,2303.34,132.7,5455.0,1.77,40.0,69.94,13961.0
2001-06-08,S&P 500,2434.86,2430.7000000000003,2456.1800000000003,2427.2300000000005,165623214.0,-3.31,8.83,13.95,8.84,59.0,25038.0,456.0,1.13,97.66,138.43,1888.52,207.9,9182.0,1.57,48.0,91.84,220.0
2001-06-09,S&P 500,4217.75,4220.62,4247.49,4189.23,206863671.0,1.78,9.71,8.62,1.64,79.0,13986.0,1419.0,1.12,81.45,104.71,1168.38,360.8,9103.0,7.06,1.0,74.02,7828.0
2001-06-10,S&P 500,4217.75,4220.62,4247.49,4189.23,206863671.0,1.78,9.71,8.62,1.64,79.0,13986.0,1419.0,1.12,81.45,104.71,1168.38,360.8,9103.0,7.06,1.0,74.02,7828.0
2001-06-11,S&P 500,4217.75,4220.62,4247.49,4189.23,206863671.0,1.78,9.71,8.62,1.64,79.0,13986.0,1419.0,1.12,81.45,104.71,1168.38,360.8,9103.0,7.06,1.0,74.02,7828.0
2001-06-12,S&P 500,4217.75,4220.62,4247.49,4189.23,206863671.0,1.78,9.71,8.62,1.64,79.0,13986.0,1419.0,1.12,81.45,104.71,1168.38,360.8,9103.0,7.06,1.0,74.02,7828.0
2001-06-13,S&P 500,1035.45,1028.95,1069.45,1001.17,859670579.0,2.18,1.26,14.63,0.53,93.0,11224.0,2333.0,0.97,117.6,108.33,1770.1,235.08,3552.0,6.32,40.0,82.92,9883.0
2001-06-14,S&P 500,1035.45,1028.95,1069.45,1001.17,859670579.0,2.18,1.26,14.63,0.53,93.0,11224.0,2333.0,0.97,117.6,108.33,1770.1,235.08,3552.0,6.32,40.0,82.92,9883.0
2001-06-15,S&P 500,1035.45,1028.95,1069.45,1001.17,859670579.0,2.18,1.26,14.63,0.53,93.0,11224.0,2333.0,0.97,117.6,108.33,1770.1,235.08,3552.0,6.32,40.0,82.92,9883.0
2001-06-16,S&P 500,1035.45,1028.95,1069.45,1001.17,859670579.0,2.18,1.26,14.63,0.53,93.0,11224.0,2333.0,0.97,117.6,108.33,1770.1,235.08,3552.0,6.32,40.0,82.92,9883.0
2001-06-17,S&P 500,1035.45,1028.95,1069.45,1001.17,859670579.0,2.18,1.26,14.63,0.53,93.0,11224.0,2333.0,0.97,117.6,108.33,1770.1,235.08,3552.0,6.32,40.0,82.92,9883.0
2001-06-18,S&P 500,1057.26,1086.76,1126.13,1050.95,720867564.0,8.31,9.23,7.92,0.85,61.0,22989.0,1134.0,1.2,143.33,25.77,1796.22,299.47,9499.0,6.17,11.0,67.27,11838.0
2001-06-19,S&P 500,1057.26,1086.76,1126.13,1050.95,720867564.0,8.31,9.23,7.92,0.85,61.0,22989.0,1134.0,1.2,143.33,25.77,1796.22,299.47,9499.0,6.17,11.0,67.27,11838.0
2001-06-20,S&P 500,4336.58,4297.01,4352.77,4254.4400000000005,857670689.0,3.37,7.16,11.32,5.52,73.0,13945.0,2920.0,1.12,82.6,43.33,2360.39,445.21,3339.0,7.93,2.0,37.46,7863.0
2001-06-21,S&P 500,4336.58,4297.01,4352.77,4254.4400000000005,857670689.0,3.37,7.16,11.32,5.52,73.0,13945.0,2920.0,1.12,82.6,43.33,2360.39,445.21,3339.0,7.93,2.0,37.46,7863.0
2001-06-22,S&P 500,4336.58,4297.01,4352.77,4254.4400000000005,857670689.0,3.37,7.16,11.32,5.52,73.0,13945.0,2920.0,1.12,82.6,43.33,2360.39,445.21,3339.0,7.93,2.0,37.46,7863.0
2001-06-23,S&P 500,4336.58,4297.01,4352.77,4254.4400000000005,857670689.0,3.37,7.16,11.32,5.52,73.0,13945.0,2920.0,1.12,82.6,43.33,2360.39,445.21,3339.0,7.93,2.0,37.46,7863.0
2001-06-24,S&P 500,4336.58,4297.01,4352.77,4254.4400000000005,857670689.0,3.37,7.16,11.32,5.52,73.0,13945.0,2920.0,1.12,82.6,43.33,2360.39,445.21,3339.0,7.93,2.0,37.46,7863.0
2001-06-25,S&P 500,4336.58,4297.01,4352.77,4254.4400000000005,857670689.0,3.37,7.16,11.32,5.52,73.0,13945.0,2920.0,1.12,82.6,43.33,2360.39,445.21,3339.0,7.93,2.0,37.46,7863.0
2001-06-26,S&P 500,4336.58,4297.01,4352.77,4254.4400000000005,857670689.0,3.37,7.16,11.32,5.52,73.0,13945.0,2920.0,1.12,82.6,43.33,2360.39,445.21,3339.0,7.93,2.0,37.46,7863.0
2001-06-27,S&P 500,4383.69,4420.49,4460.7,4343.19,120452230.0,-1.21,1.29,8.33,9.32,103.0,18847.0,1505.0,1.05,98.98,40.83,2216.66,105.87,6449.0,5.41,13.0,85.92,2222.0
2001-06-28,S&P 500,4383.69,4420.49,4460.7,4343.19,120452230.0,-1.21,1.29,8.33,9.32,103.0,18847.0,1505.0,1.05,98.98,40.83,2216.66,105.87,6449.0,5.41,13.0,85.92,2222.0
2001-06-29,S&P 500,4383.69,4420.49,4460.7,4343.19,120452230.0,-1.21,1.29,8.33,9.32,103.0,18847.0,1505.0,1.05,98.98,40.83,2216.66,105.87,6449.0,5.41,13.0,85.92,2222.0
2001-06-30,S&P 500,2950.51,2908.0400000000004,2976.19,2886.8500000000004,78448802.0,4.03,4.55,3.64,6.96,108.0,8163.0,4420.0,1.35,128.38,123.76,2277.71,288.24,1059.0,2.63,7.0,49.18,3383.0
2001-07-01,S&P 500,2950.51,2908.0400000000004,2976.19,2886.8500000000004,78448802.0,4.03,4.55,3.64,6.96,108.0,8163.0,4420.0,1.35,128.38,123.76,2277.71,288.24,1059.0,2.63,7.0,49.18,3383.0
2001-07-02,S&P 500,2630.17,2585.1,2648.85,2537.85,55299573.0,0.82,1.22,8.78,1.58,110.0,26310.0,1846.0,0.81,116.39,108.19,2495.12,422.57,4352.0,5.41,1.0,20.46,11918.0
2001-07-03,S&P 500,2630.17,2585.1,2648.85,2537.85,55299573.0,0.82,1.22,8.78,1.58,110.0,26310.0,1846.0,0.81,116.39,108.19,2495.12,422.57,4352.0,5.41,1.0,20.46,11918.0
2001-07-04,S&P 500,1264.04,1227.61,1268.82,1179.9499999999998,534310806.0,7.51,7.84,14.16,8.33,57.0,10168.0,1454.0,1.41,117.46,32.77,1376.52,364.78,5026.0,4.14,45.0,49.77,9089.0
2001-07-05,S&P 500,2395.28,2371.28,2441.01,2362.27,280762329.0,2.14,0.22,4.96,7.42,114.0,4255.0,3732.0,1.18,104.5,106.56,2286.99,226.68,398.0,1.87,30.0,20.71,10925.0
2001-07-06,S&P 500,1443.99,1432.5,1448.54,1396.29,785267008.0,9.82,3.84,7.32,2.68,54.0,15929.0,4388.0,0.87,92.35,78.18,1912.39,272.91,118.0,8.81,38.0,3.25,11848.0
2001-07-07,S&P 500,4232.94,4277.24,4309.65,4192.33,130823629.0,1.59,0.69,4.01,9.59,92.0,1330.0,1268.0,0.99,118.85,111.93,1349.66,314.19,9814.0,3.27,26.0,46.7,1667.0
2001-07-08,S&P 500,4790.75,4801.79,4822.45,4756.79,314099999.0,4.74,7.92,8.97,0.74,109.0,14125.0,4866.0,1.0,83.39,128.61,2385.02,404.81,8991.0,7.75,16.0,74.29,4411.0
2001-07-09,S&P 500,4790.75,4801.79,4822.45,4756.79,314099999.0,4.74,7.92,8.97,0.74,109.0,14125.0,4866.0,1.0,83.39,128.61,2385.02,404.81,8991.0,7.75,16.0,74.29,4411.0
2001-07-10,S&P 500,4820.46,4841.5,4875.48,4792.22,967761327.0,4.8,9.02,8.36,2.97,60.0,14193.0,2685.0,1.19,84.52,104.24,1569.81,277.42,724.0,9.41,45.0,24.87,463.0
2001-07-11,S&P 500,3090.31,3051.56,3093.66,3008.51,274314633.0,7.77,2.36,4.92,0.96,83.0,6621.0,4807.0,1.23,127.08,33.64,1572.63,193.22,2516.0,5.25,23.0,39.7,14502.0
2001-07-12,S&P 500,3090.31,3051.56,3093.66,3008.51,274314633.0,7.77,2.36,4.92,0.96,83.0,6621.0,4807.0,1.23,127.08,33.64,1572.63,193.22,2516.0,5.25,23.0,39.7,14502.0
2001-07-13,S&P 500,1307.45,1284.96,1346.05,1278.85,20248708.0,9.96,1.84,12.13,6.42,70.0,16026.0,3441.0,0.84,114.59,21.65,1435.31,236.3,1398.0,6.56,28.0,42.37,8270.0
2001-07-14,S&P 500,1307.45,1284.96,1346.05,1278.85,20248708.0,9.96,1.84,12.13,6.42,70.0,16026.0,3441.0,0.84,114.59,21.65,1435.31,236.3,1398.0,6.56,28.0,42.37,8270.0
2001-07-15,S&P 500,1307.45,1284.96,1346.05,1278.85,20248708.0,9.96,1.84,12.13,6.42,70.0,16026.0,3441.0,0.84,114.59,21.65,1435.31,236.3,1398.0,6.56,28.0,42.37,8270.0
2001-07-16,S&P 500,3828.35,3878.12,3922.99,3815.67,104169073.0,1.76,0.53,2.62,8.18,58.0,10856.0,1775.0,0.92,105.08,92.31,2304.25,119.01,4092.0,4.69,34.0,81.09,2301.0
2001-07-17,S&P 500,3828.35,3878.12,3922.99,3815.67,104169073.0,1.76,0.53,2.62,8.18,58.0,10856.0,1775.0,0.92,105.08,92.31,2304.25,119.01,4092.0,4.69,34.0,81.09,2301.0
2001-07-18,S&P 500,3828.35,3878.12,3922.99,3815.67,104169073.0,1.76,0.53,2.62,8.18,58.0,10856.0,1775.0,0.92,105.08,92.31,2304.25,119.01,4092.0,4.69,34.0,81.09,2301.0
2001-07-19,S&P 500,3828.35,3878.12,3922.99,3815.67,104169073.0,1.76,0.53,2.62,8.18,58.0,10856.0,1775.0,0.92,105.08,92.31,2304.25,119.01,4092.0,4.69,34.0,81.09,2301.0
2001-07-20,S&P 500,2181.16,2133.62,2208.26,2120.45,765444786.0,8.64,2.72,8.22,4.92,59.0,24213.0,683.0,0.85,116.18,112.9,1944.77,371.22,951.0,8.82,32.0,21.64,4207.0
2001-07-21,S&P 500,1929.54,1949.21,1995.16,1929.34,644346293.0,1.74,9.03,6.43,7.96,85.0,2344.0,1566.0,1.11,113.38,32.02,934.63,202.74,5700.0,8.27,25.0,92.18,10513.0
2001-07-22,S&P 500,1929.54,1949.21,1995.16,1929.34,644346293.0,1.74,9.03,6.43,7.96,85.0,2344.0,1566.0,1.11,113.38,32.02,934.63,202.74,5700.0,8.27,25.0,92.18,10513.0
2001-07-23,S&P 500,4213.93,4247.570000000001,4269.9800000000005,4208.92,362250133.0,-2.89,9.19,13.4,4.17,111.0,17345.0,4480.0,0.99,87.16,146.04,1646.2,395.69,8774.0,2.56,38.0,51.72,2302.0
2001-07-24,S&P 500,4213.93,4247.570000000001,4269.9800000000005,4208.92,362250133.0,-2.89,9.19,13.4,4.17,111.0,17345.0,4480.0,0.99,87.16,146.04,1646.2,395.69,8774.0,2.56,38.0,51.72,2302.0
2001-07-25,S&P 500,2620.41,2667.97,2687.63,2606.61,779788623.0,-0.32,8.12,7.3,6.92,90.0,23727.0,1599.0,1.42,119.87,71.35,1025.19,449.78,5263.0,5.73,37.0,13.05,5197.0
2001-07-26,S&P 500,2620.41,2667.97,2687.63,2606.61,779788623.0,-0.32,8.12,7.3,6.92,90.0,23727.0,1599.0,1.42,119.87,71.35,1025.19,449.78,5263.0,5.73,37.0,13.05,5197.0
2001-07-27,S&P 500,2285.98,2318.16,2332.5,2281.63,970789934.0,5.07,1.9,13.99,3.89,71.0,700.0,2691.0,1.36,96.49,35.46,1033.5,132.46,2628.0,1.82,37.0,81.88,5257.0
2001-07-28,S&P 500,2285.98,2318.16,2332.5,2281.63,970789934.0,5.07,1.9,13.99,3.89,71.0,700.0,2691.0,1.36,96.49,35.46,1033.5,132.46,2628.0,1.82,37.0,81.88,5257.0
2001-07-29,S&P 500,1904.12,1918.85,1961.9,1865.05,614452879.0,3.39,7.13,5.22,9.14,97.0,6371.0,2094.0,1.5,100.44,110.33,1226.55,298.6,2465.0,5.9,28.0,0.75,4493.0
2001-07-30,S&P 500,3561.9,3524.73,3565.39,3517.15,627503111.0,-4.31,9.85,4.4,9.77,113.0,14017.0,1545.0,0.9,87.88,73.2,2185.65,217.17,8195.0,0.86,28.0,52.48,1367.0
2001-07-31,S&P 500,3561.9,3524.73,3565.39,3517.15,627503111.0,-4.31,9.85,4.4,9.77,113.0,14017.0,1545.0,0.9,87.88,73.2,2185.65,217.17,8195.0,0.86,28.0,52.48,1367.0
2001-08-01,S&P 500,3413.97,3462.22,3470.86,3368.1,796528135.0,4.42,2.71,5.43,2.33,90.0,21723.0,3380.0,1.43,95.47,96.69,2229.29,398.51,6113.0,5.45,8.0,56.3,9807.0
2001-08-02,S&P 500,3413.97,3462.22,3470.86,3368.1,796528135.0,4.42,2.71,5.43,2.33,90.0,21723.0,3380.0,1.43,95.47,96.69,2229.29,398.51,6113.0,5.45,8.0,56.3,9807.0
2001-08-03,S&P 500,3591.27,3585.18,3594.35,3544.63,879090441.0,3.06,9.79,10.56,4.44,101.0,27472.0,2604.0,1.21,97.08,76.11,2262.92,172.53,1834.0,2.48,5.0,53.15,10637.0
2001-08-04,S&P 500,3591.27,3585.18,3594.35,3544.63,879090441.0,3.06,9.79,10.56,4.44,101.0,27472.0,2604.0,1.21,97.08,76.11,2262.92,172.53,1834.0,2.48,5.0,53.15,10637.0
2001-08-05,S&P 500,3591.27,3585.18,3594.35,3544.63,879090441.0,3.06,9.79,10.56,4.44,101.0,27472.0,2604.0,1.21,97.08,76.11,2262.92,172.53,1834.0,2.48,5.0,53.15,10637.0
2001-08-06,S&P 500,3012.34,3044.98,3089.23,2967.61,974041355.0,4.48,5.42,10.13,8.16,101.0,9967.0,729.0,1.17,105.57,115.42,2068.28,418.24,1345.0,3.07,26.0,9.79,13452.0
2001-08-07,S&P 500,2797.4,2817.55,2828.63,2761.64,296729800.0,6.47,1.7,5.78,8.08,69.0,20177.0,2817.0,1.43,142.28,32.89,1501.64,472.42,2633.0,8.77,33.0,85.11,9580.0
2001-08-08,S&P 500,3343.46,3339.39,3366.64,3307.41,624410660.0,6.68,0.22,2.85,5.2,65.0,23885.0,4982.0,0.85,115.03,119.35,1781.47,379.09,1914.0,2.5,23.0,5.03,3279.0
2001-08-09,S&P 500,3343.46,3339.39,3366.64,3307.41,624410660.0,6.68,0.22,2.85,5.2,65.0,23885.0,4982.0,0.85,115.03,119.35,1781.47,379.09,1914.0,2.5,23.0,5.03,3279.0
2001-08-10,S&P 500,1287.1,1279.79,1330.78,1259.08,661521519.0,-1.61,8.65,3.64,6.01,115.0,20902.0,1207.0,1.31,93.25,52.16,1790.35,376.43,9423.0,3.68,4.0,93.78,1297.0
2001-08-11,S&P 500,1287.1,1279.79,1330.78,1259.08,661521519.0,-1.61,8.65,3.64,6.01,115.0,20902.0,1207.0,1.31,93.25,52.16,1790.35,376.43,9423.0,3.68,4.0,93.78,1297.0
2001-08-12,S&P 500,1287.1,1279.79,1330.78,1259.08,661521519.0,-1.61,8.65,3.64,6.01,115.0,20902.0,1207.0,1.31,93.25,52.16,1790.35,376.43,9423.0,3.68,4.0,93.78,1297.0
2001-08-13,S&P 500,1287.1,1279.79,1330.78,1259.08,661521519.0,-1.61,8.65,3.64,6.01,115.0,20902.0,1207.0,1.31,93.25,52.16,1790.35,376.43,9423.0,3.68,4.0,93.78,1297.0
2001-08-14,S&P 500,1287.1,1279.79,1330.78,1259.08,661521519.0,-1.61,8.65,3.64,6.01,115.0,20902.0,1207.0,1.31,93.25,52.16,1790.35,376.43,9423.0,3.68,4.0,93.78,1297.0
2001-08-15,S&P 500,1287.1,1279.79,1330.78,1259.08,661521519.0,-1.61,8.65,3.64,6.01,115.0,20902.0,1207.0,1.31,93.25,52.16,1790.35,376.43,9423.0,3.68,4.0,93.78,1297.0
2001-08-16,S&P 500,1287.1,1279.79,1330.78,1259.08,661521519.0,-1.61,8.65,3.64,6.01,115.0,20902.0,1207.0,1.31,93.25,52.16,1790.35,376.43,9423.0,3.68,4.0,93.78,1297.0
2001-08-17,S&P 500,3080.68,3127.94,3173.3,3065.96,818665469.0,0.07,9.5,8.8,6.56,57.0,7805.0,269.0,1.35,145.41,70.81,2111.98,390.58,1680.0,7.16,30.0,96.05,12508.0
2001-08-18,S&P 500,1571.5,1557.51,1608.52,1513.87,544428947.0,9.52,0.35,8.25,4.12,110.0,17743.0,3931.0,0.96,149.57,96.61,2494.75,316.49,9953.0,4.22,5.0,57.48,3001.0
2001-08-19,S&P 500,1571.5,1557.51,1608.52,1513.87,544428947.0,9.52,0.35,8.25,4.12,110.0,17743.0,3931.0,0.96,149.57,96.61,2494.75,316.49,9953.0,4.22,5.0,57.48,3001.0
2001-08-20,S&P 500,2085.64,2071.17,2112.12,2045.42,210773155.0,2.47,6.43,3.79,2.9,75.0,709.0,4857.0,0.85,85.25,140.16,1452.35,180.92,8278.0,5.85,6.0,36.76,3088.0
2001-08-21,S&P 500,2085.64,2071.17,2112.12,2045.42,210773155.0,2.47,6.43,3.79,2.9,75.0,709.0,4857.0,0.85,85.25,140.16,1452.35,180.92,8278.0,5.85,6.0,36.76,3088.0
2001-08-22,S&P 500,2137.1,2153.32,2179.35,2126.35,550504857.0,-0.11,5.07,13.44,1.19,115.0,10300.0,3415.0,1.03,141.99,42.86,1080.1,423.03,7273.0,8.91,45.0,25.51,8715.0
2001-08-23,S&P 500,1535.31,1556.84,1589.61,1502.5,159027849.0,4.68,1.3,14.27,1.52,100.0,713.0,731.0,1.25,119.01,48.72,2451.18,341.48,3589.0,8.37,14.0,50.59,3517.0
2001-08-24,S&P 500,1535.31,1556.84,1589.61,1502.5,159027849.0,4.68,1.3,14.27,1.52,100.0,713.0,731.0,1.25,119.01,48.72,2451.18,341.48,3589.0,8.37,14.0,50.59,3517.0
2001-08-25,S&P 500,1217.33,1198.9,1253.04,1157.08,550264652.0,5.75,3.58,11.62,7.68,89.0,28507.0,3134.0,0.89,113.37,78.8,992.08,127.71,8111.0,5.69,23.0,29.0,11469.0
2001-08-26,S&P 500,1217.33,1198.9,1253.04,1157.08,550264652.0,5.75,3.58,11.62,7.68,89.0,28507.0,3134.0,0.89,113.37,78.8,992.08,127.71,8111.0,5.69,23.0,29.0,11469.0
2001-08-27,S&P 500,2270.35,2285.9,2293.63,2230.07,256899763.0,7.07,1.59,14.31,5.15,89.0,7902.0,4580.0,1.1,110.95,59.69,2402.79,179.65,2589.0,8.64,32.0,58.44,1093.0
2001-08-28,S&P 500,1000.54,954.52,1023.12,935.64,96061677.0,7.9,2.06,5.29,9.48,50.0,26048.0,3512.0,1.03,130.69,53.58,1337.8,490.56,6609.0,0.53,19.0,26.25,14098.0
2001-08-29,S&P 500,1000.54,954.52,1023.12,935.64,96061677.0,7.9,2.06,5.29,9.48,50.0,26048.0,3512.0,1.03,130.69,53.58,1337.8,490.56,6609.0,0.53,19.0,26.25,14098.0
2001-08-30,S&P 500,1000.54,954.52,1023.12,935.64,96061677.0,7.9,2.06,5.29,9.48,50.0,26048.0,3512.0,1.03,130.69,53.58,1337.8,490.56,6609.0,0.53,19.0,26.25,14098.0
2001-08-31,S&P 500,1000.54,954.52,1023.12,935.64,96061677.0,7.9,2.06,5.29,9.48,50.0,26048.0,3512.0,1.03,130.69,53.58,1337.8,490.56,6609.0,0.53,19.0,26.25,14098.0
2001-09-01,S&P 500,1000.54,954.52,1023.12,935.64,96061677.0,7.9,2.06,5.29,9.48,50.0,26048.0,3512.0,1.03,130.69,53.58,1337.8,490.56,6609.0,0.53,19.0,26.25,14098.0
2001-09-02,S&P 500,1000.54,954.52,1023.12,935.64,96061677.0,7.9,2.06,5.29,9.48,50.0,26048.0,3512.0,1.03,130.69,53.58,1337.8,490.56,6609.0,0.53,19.0,26.25,14098.0
2001-09-03,S&P 500,1000.54,954.52,1023.12,935.64,96061677.0,7.9,2.06,5.29,9.48,50.0,26048.0,3512.0,1.03,130.69,53.58,1337.8,490.56,6609.0,0.53,19.0,26.25,14098.0
2001-09-04,S&P 500,1015.28,1032.36,1077.91,1003.33,589120189.0,8.55,4.95,6.74,7.86,77.0,17744.0,3456.0,1.5,132.33,33.76,2377.76,203.03,7357.0,0.01,21.0,93.74,3615.0
2001-09-05,S&P 500,1015.28,1032.36,1077.91,1003.33,589120189.0,8.55,4.95,6.74,7.86,77.0,17744.0,3456.0,1.5,132.33,33.76,2377.76,203.03,7357.0,0.01,21.0,93.74,3615.0
2001-09-06,S&P 500,1015.28,1032.36,1077.91,1003.33,589120189.0,8.55,4.95,6.74,7.86,77.0,17744.0,3456.0,1.5,132.33,33.76,2377.76,203.03,7357.0,0.01,21.0,93.74,3615.0
2001-09-07,S&P 500,2265.08,2257.21,2276.73,2255.96,412408332.0,-2.72,3.62,7.42,8.06,69.0,7451.0,2194.0,1.45,143.95,41.64,1176.41,261.57,1578.0,8.44,30.0,84.9,2032.0
2001-09-08,S&P 500,2265.08,2257.21,2276.73,2255.96,412408332.0,-2.72,3.62,7.42,8.06,69.0,7451.0,2194.0,1.45,143.95,41.64,1176.41,261.57,1578.0,8.44,30.0,84.9,2032.0
2001-09-09,S&P 500,2265.08,2257.21,2276.73,2255.96,412408332.0,-2.72,3.62,7.42,8.06,69.0,7451.0,2194.0,1.45,143.95,41.64,1176.41,261.57,1578.0,8.44,30.0,84.9,2032.0
2001-09-10,S&P 500,2265.08,2257.21,2276.73,2255.96,412408332.0,-2.72,3.62,7.42,8.06,69.0,7451.0,2194.0,1.45,143.95,41.64,1176.41,261.57,1578.0,8.44,30.0,84.9,2032.0
2001-09-11,S&P 500,2265.08,2257.21,2276.73,2255.96,412408332.0,-2.72,3.62,7.42,8.06,69.0,7451.0,2194.0,1.45,143.95,41.64,1176.41,261.57,1578.0,8.44,30.0,84.9,2032.0
2001-09-12,S&P 500,2253.39,2222.64,2261.45,2215.66,655582750.0,3.33,4.82,10.26,5.26,101.0,2974.0,2401.0,1.01,140.79,54.21,1139.11,315.22,2339.0,3.66,6.0,14.62,13453.0
2001-09-13,S&P 500,2253.39,2222.64,2261.45,2215.66,655582750.0,3.33,4.82,10.26,5.26,101.0,2974.0,2401.0,1.01,140.79,54.21,1139.11,315.22,2339.0,3.66,6.0,14.62,13453.0
2001-09-14,S&P 500,2253.39,2222.64,2261.45,2215.66,655582750.0,3.33,4.82,10.26,5.26,101.0,2974.0,2401.0,1.01,140.79,54.21,1139.11,315.22,2339.0,3.66,6.0,14.62,13453.0
2001-09-15,S&P 500,2735.27,2767.32,2792.4500000000003,2732.01,701311025.0,1.78,9.15,12.31,1.76,80.0,2877.0,3128.0,1.01,114.59,116.51,1828.61,174.04,8470.0,8.5,7.0,47.28,12322.0
2001-09-16,S&P 500,4639.77,4665.77,4708.1900000000005,4637.27,569154196.0,6.02,9.29,4.29,4.21,98.0,26826.0,2637.0,1.04,148.9,20.18,1833.97,478.78,6465.0,1.05,3.0,12.7,6915.0
2001-09-17,S&P 500,4639.77,4665.77,4708.1900000000005,4637.27,569154196.0,6.02,9.29,4.29,4.21,98.0,26826.0,2637.0,1.04,148.9,20.18,1833.97,478.78,6465.0,1.05,3.0,12.7,6915.0
2001-09-18,S&P 500,4639.77,4665.77,4708.1900000000005,4637.27,569154196.0,6.02,9.29,4.29,4.21,98.0,26826.0,2637.0,1.04,148.9,20.18,1833.97,478.78,6465.0,1.05,3.0,12.7,6915.0
2001-09-19,S&P 500,4639.77,4665.77,4708.1900000000005,4637.27,569154196.0,6.02,9.29,4.29,4.21,98.0,26826.0,2637.0,1.04,148.9,20.18,1833.97,478.78,6465.0,1.05,3.0,12.7,6915.0
2001-09-20,S&P 500,3748.08,3732.32,3791.2,3708.04,244389902.0,-1.99,6.29,11.22,4.4,58.0,4775.0,3822.0,0.92,144.59,64.65,1326.35,487.86,4174.0,2.57,21.0,36.95,11603.0
2001-09-21,S&P 500,3748.08,3732.32,3791.2,3708.04,244389902.0,-1.99,6.29,11.22,4.4,58.0,4775.0,3822.0,0.92,144.59,64.65,1326.35,487.86,4174.0,2.57,21.0,36.95,11603.0
2001-09-22,S&P 500,2550.6,2509.74,2584.94,2488.82,909724741.0,1.6,9.96,3.11,2.8,67.0,12974.0,503.0,1.18,120.51,59.2,1135.56,430.04,5004.0,4.94,40.0,35.57,255.0
2001-09-23,S&P 500,2550.6,2509.74,2584.94,2488.82,909724741.0,1.6,9.96,3.11,2.8,67.0,12974.0,503.0,1.18,120.51,59.2,1135.56,430.04,5004.0,4.94,40.0,35.57,255.0
2001-09-24,S&P 500,2550.6,2509.74,2584.94,2488.82,909724741.0,1.6,9.96,3.11,2.8,67.0,12974.0,503.0,1.18,120.51,59.2,1135.56,430.04,5004.0,4.94,40.0,35.57,255.0
2001-09-25,S&P 500,2550.6,2509.74,2584.94,2488.82,909724741.0,1.6,9.96,3.11,2.8,67.0,12974.0,503.0,1.18,120.51,59.2,1135.56,430.04,5004.0,4.94,40.0,35.57,255.0
2001-09-26,S&P 500,2550.6,2509.74,2584.94,2488.82,909724741.0,1.6,9.96,3.11,2.8,67.0,12974.0,503.0,1.18,120.51,59.2,1135.56,430.04,5004.0,4.94,40.0,35.57,255.0
2001-09-27,S&P 500,3852.18,3820.6,3866.64,3804.62,526991525.0,0.08,8.01,14.21,7.89,116.0,1272.0,3716.0,1.05,117.17,37.3,943.46,131.62,8492.0,8.18,47.0,57.99,5556.0
2001-09-28,S&P 500,3665.54,3621.24,3705.99,3602.18,892749593.0,1.18,4.07,2.56,9.65,67.0,12469.0,4828.0,1.0,121.46,24.82,1816.45,286.18,7656.0,7.93,11.0,32.96,2829.0
2001-09-29,S&P 500,4864.19,4872.969999999999,4912.99,4833.5,638568718.0,-3.55,3.2,9.99,3.57,87.0,18716.0,1669.0,1.25,137.65,75.48,2380.21,491.52,3995.0,7.98,39.0,64.19,10624.0
2001-09-30,S&P 500,4864.19,4872.969999999999,4912.99,4833.5,638568718.0,-3.55,3.2,9.99,3.57,87.0,18716.0,1669.0,1.25,137.65,75.48,2380.21,491.52,3995.0,7.98,39.0,64.19,10624.0
2001-10-01,S&P 500,4864.19,4872.969999999999,4912.99,4833.5,638568718.0,-3.55,3.2,9.99,3.57,87.0,18716.0,1669.0,1.25,137.65,75.48,2380.21,491.52,3995.0,7.98,39.0,64.19,10624.0
2001-10-02,S&P 500,3810.16,3765.06,3840.37,3745.03,786496467.0,9.94,3.57,2.62,9.32,108.0,1799.0,4783.0,1.45,135.71,78.97,1357.51,356.57,2563.0,8.53,12.0,14.54,14793.0
2001-10-03,S&P 500,2192.21,2199.49,2240.8500000000004,2142.9,999977078.0,6.05,8.58,12.2,6.89,101.0,16353.0,1943.0,1.14,130.31,35.87,1385.15,240.43,2244.0,6.05,47.0,23.06,1797.0
2001-10-04,S&P 500,2192.21,2199.49,2240.8500000000004,2142.9,999977078.0,6.05,8.58,12.2,6.89,101.0,16353.0,1943.0,1.14,130.31,35.87,1385.15,240.43,2244.0,6.05,47.0,23.06,1797.0
2001-10-05,S&P 500,4127.3,4109.97,4141.070000000001,4088.22,248779322.0,-4.7,1.51,3.39,0.97,70.0,26338.0,3064.0,1.05,80.06,22.66,1245.58,258.49,8912.0,7.76,10.0,49.39,9169.0
2001-10-06,S&P 500,4127.3,4109.97,4141.070000000001,4088.22,248779322.0,-4.7,1.51,3.39,0.97,70.0,26338.0,3064.0,1.05,80.06,22.66,1245.58,258.49,8912.0,7.76,10.0,49.39,9169.0
2001-10-07,S&P 500,4127.3,4109.97,4141.070000000001,4088.22,248779322.0,-4.7,1.51,3.39,0.97,70.0,26338.0,3064.0,1.05,80.06,22.66,1245.58,258.49,8912.0,7.76,10.0,49.39,9169.0
2001-10-08,S&P 500,2440.2,2417.62,2462.66,2412.61,761896227.0,6.8,9.97,9.64,3.28,108.0,5663.0,2272.0,0.99,146.99,88.62,2072.92,210.04,3980.0,7.92,12.0,67.44,11287.0
2001-10-09,S&P 500,4827.2,4779.86,4849.21,4762.24,193884823.0,8.85,1.73,4.1,2.99,51.0,12634.0,3520.0,1.5,122.31,56.65,1029.72,468.66,6784.0,9.16,32.0,40.47,5112.0
2001-10-10,S&P 500,4827.2,4779.86,4849.21,4762.24,193884823.0,8.85,1.73,4.1,2.99,51.0,12634.0,3520.0,1.5,122.31,56.65,1029.72,468.66,6784.0,9.16,32.0,40.47,5112.0
2001-10-11,S&P 500,4827.2,4779.86,4849.21,4762.24,193884823.0,8.85,1.73,4.1,2.99,51.0,12634.0,3520.0,1.5,122.31,56.65,1029.72,468.66,6784.0,9.16,32.0,40.47,5112.0
2001-10-12,S&P 500,4827.2,4779.86,4849.21,4762.24,193884823.0,8.85,1.73,4.1,2.99,51.0,12634.0,3520.0,1.5,122.31,56.65,1029.72,468.66,6784.0,9.16,32.0,40.47,5112.0
2001-10-13,S&P 500,1835.53,1859.7,1869.55,1817.57,746280289.0,9.34,0.32,10.46,5.89,68.0,10690.0,2853.0,0.86,110.68,148.0,880.77,437.95,704.0,0.19,33.0,5.27,456.0
2001-10-14,S&P 500,1835.53,1859.7,1869.55,1817.57,746280289.0,9.34,0.32,10.46,5.89,68.0,10690.0,2853.0,0.86,110.68,148.0,880.77,437.95,704.0,0.19,33.0,5.27,456.0
2001-10-15,S&P 500,1835.53,1859.7,1869.55,1817.57,746280289.0,9.34,0.32,10.46,5.89,68.0,10690.0,2853.0,0.86,110.68,148.0,880.77,437.95,704.0,0.19,33.0,5.27,456.0
2001-10-16,S&P 500,1835.53,1859.7,1869.55,1817.57,746280289.0,9.34,0.32,10.46,5.89,68.0,10690.0,2853.0,0.86,110.68,148.0,880.77,437.95,704.0,0.19,33.0,5.27,456.0
2001-10-17,S&P 500,1835.53,1859.7,1869.55,1817.57,746280289.0,9.34,0.32,10.46,5.89,68.0,10690.0,2853.0,0.86,110.68,148.0,880.77,437.95,704.0,0.19,33.0,5.27,456.0
2001-10-18,S&P 500,1835.53,1859.7,1869.55,1817.57,746280289.0,9.34,0.32,10.46,5.89,68.0,10690.0,2853.0,0.86,110.68,148.0,880.77,437.95,704.0,0.19,33.0,5.27,456.0
2001-10-19,S&P 500,1835.53,1859.7,1869.55,1817.57,746280289.0,9.34,0.32,10.46,5.89,68.0,10690.0,2853.0,0.86,110.68,148.0,880.77,437.95,704.0,0.19,33.0,5.27,456.0
2001-10-20,S&P 500,1835.53,1859.7,1869.55,1817.57,746280289.0,9.34,0.32,10.46,5.89,68.0,10690.0,2853.0,0.86,110.68,148.0,880.77,437.95,704.0,0.19,33.0,5.27,456.0
2001-10-21,S&P 500,1835.53,1859.7,1869.55,1817.57,746280289.0,9.34,0.32,10.46,5.89,68.0,10690.0,2853.0,0.86,110.68,148.0,880.77,437.95,704.0,0.19,33.0,5.27,456.0
2001-10-22,S&P 500,1835.53,1859.7,1869.55,1817.57,746280289.0,9.34,0.32,10.46,5.89,68.0,10690.0,2853.0,0.86,110.68,148.0,880.77,437.95,704.0,0.19,33.0,5.27,456.0
2001-10-23,S&P 500,2889.13,2857.54,2910.82,2814.62,94177685.0,-1.82,9.21,5.87,3.85,93.0,29137.0,2401.0,1.25,138.7,79.86,2185.69,492.1,6658.0,6.72,21.0,88.01,1119.0
2001-10-24,S&P 500,4520.63,4481.2,4541.2300000000005,4431.27,396437855.0,2.98,5.6,14.96,7.53,101.0,7898.0,4183.0,1.17,87.35,24.7,888.27,195.92,1010.0,5.26,15.0,98.49,6545.0
2001-10-25,S&P 500,4520.63,4481.2,4541.2300000000005,4431.27,396437855.0,2.98,5.6,14.96,7.53,101.0,7898.0,4183.0,1.17,87.35,24.7,888.27,195.92,1010.0,5.26,15.0,98.49,6545.0
2001-10-26,S&P 500,4520.63,4481.2,4541.2300000000005,4431.27,396437855.0,2.98,5.6,14.96,7.53,101.0,7898.0,4183.0,1.17,87.35,24.7,888.27,195.92,1010.0,5.26,15.0,98.49,6545.0
2001-10-27,S&P 500,4520.63,4481.2,4541.2300000000005,4431.27,396437855.0,2.98,5.6,14.96,7.53,101.0,7898.0,4183.0,1.17,87.35,24.7,888.27,195.92,1010.0,5.26,15.0,98.49,6545.0
2001-10-28,S&P 500,2181.21,2209.36,2237.3,2163.44,219982647.0,6.87,9.65,7.41,3.63,117.0,12544.0,916.0,0.84,103.47,57.68,2485.27,240.14,8119.0,3.75,40.0,46.42,9728.0
2001-10-29,S&P 500,2181.21,2209.36,2237.3,2163.44,219982647.0,6.87,9.65,7.41,3.63,117.0,12544.0,916.0,0.84,103.47,57.68,2485.27,240.14,8119.0,3.75,40.0,46.42,9728.0
2001-10-30,S&P 500,3606.56,3640.01,3648.88,3564.91,41304034.0,1.96,6.36,8.27,3.15,106.0,8907.0,1903.0,1.25,106.16,64.8,1484.1,351.79,4714.0,9.2,47.0,29.27,8652.0
2001-10-31,S&P 500,3606.56,3640.01,3648.88,3564.91,41304034.0,1.96,6.36,8.27,3.15,106.0,8907.0,1903.0,1.25,106.16,64.8,1484.1,351.79,4714.0,9.2,47.0,29.27,8652.0
2001-11-01,S&P 500,2262.51,2287.26,2327.8,2261.4500000000003,339585355.0,4.7,7.7,12.92,2.55,60.0,7479.0,3504.0,0.99,102.8,85.07,2494.57,404.62,8524.0,7.23,48.0,74.11,3107.0
2001-11-02,S&P 500,2262.51,2287.26,2327.8,2261.4500000000003,339585355.0,4.7,7.7,12.92,2.55,60.0,7479.0,3504.0,0.99,102.8,85.07,2494.57,404.62,8524.0,7.23,48.0,74.11,3107.0
2001-11-03,S&P 500,2580.52,2559.13,2587.32,2551.9100000000003,544009620.0,4.34,2.37,11.39,7.82,79.0,14779.0,1432.0,1.23,130.14,68.27,2063.29,142.9,9116.0,2.19,36.0,75.18,3657.0
2001-11-04,S&P 500,2580.52,2559.13,2587.32,2551.9100000000003,544009620.0,4.34,2.37,11.39,7.82,79.0,14779.0,1432.0,1.23,130.14,68.27,2063.29,142.9,9116.0,2.19,36.0,75.18,3657.0
2001-11-05,S&P 500,1796.86,1778.28,1807.57,1733.01,401287289.0,-4.74,7.32,7.03,4.38,103.0,14772.0,855.0,0.93,90.68,59.55,2103.0,203.6,797.0,1.36,33.0,26.81,14650.0
2001-11-06,S&P 500,1796.86,1778.28,1807.57,1733.01,401287289.0,-4.74,7.32,7.03,4.38,103.0,14772.0,855.0,0.93,90.68,59.55,2103.0,203.6,797.0,1.36,33.0,26.81,14650.0
2001-11-07,S&P 500,2149.64,2102.98,2165.92,2091.99,868834302.0,-2.06,9.97,12.95,2.75,78.0,12444.0,1896.0,1.2,136.88,106.93,1371.49,308.13,347.0,5.53,12.0,83.65,976.0
2001-11-08,S&P 500,2471.14,2479.12,2486.3,2455.66,332250376.0,7.2,8.03,8.48,7.9,50.0,3609.0,4069.0,1.07,125.73,108.5,927.5,411.5,2019.0,1.31,47.0,81.16,3864.0
2001-11-09,S&P 500,1232.37,1199.02,1267.87,1168.18,173269034.0,7.67,8.29,3.66,6.26,107.0,13015.0,3159.0,0.98,130.96,103.97,1636.22,330.09,1711.0,8.66,36.0,99.69,13247.0
2001-11-10,S&P 500,1232.37,1199.02,1267.87,1168.18,173269034.0,7.67,8.29,3.66,6.26,107.0,13015.0,3159.0,0.98,130.96,103.97,1636.22,330.09,1711.0,8.66,36.0,99.69,13247.0
2001-11-11,S&P 500,3063.45,3031.04,3070.64,3020.13,686463151.0,-0.12,1.51,4.07,2.95,64.0,5504.0,3656.0,0.86,112.01,135.44,1443.65,147.94,4292.0,4.96,14.0,54.08,1919.0
2001-11-12,S&P 500,3063.45,3031.04,3070.64,3020.13,686463151.0,-0.12,1.51,4.07,2.95,64.0,5504.0,3656.0,0.86,112.01,135.44,1443.65,147.94,4292.0,4.96,14.0,54.08,1919.0
2001-11-13,S&P 500,3063.45,3031.04,3070.64,3020.13,686463151.0,-0.12,1.51,4.07,2.95,64.0,5504.0,3656.0,0.86,112.01,135.44,1443.65,147.94,4292.0,4.96,14.0,54.08,1919.0
2001-11-14,S&P 500,1058.77,1100.25,1109.06,1033.64,835735849.0,2.54,3.29,4.65,3.67,87.0,784.0,654.0,1.44,90.77,42.4,1300.81,452.3,1477.0,6.38,28.0,71.07,101.0
2001-11-15,S&P 500,2516.38,2487.55,2546.69,2473.99,325891445.0,4.84,8.39,13.01,6.81,68.0,12273.0,365.0,1.19,149.43,121.87,1627.52,265.92,7255.0,6.08,33.0,13.81,9984.0
2001-11-16,S&P 500,2349.38,2313.8,2366.23,2266.42,744523374.0,1.23,7.62,5.66,5.83,53.0,10702.0,1022.0,1.06,137.46,86.18,917.33,312.32,6718.0,3.43,31.0,0.25,5015.0
2001-11-17,S&P 500,2349.38,2313.8,2366.23,2266.42,744523374.0,1.23,7.62,5.66,5.83,53.0,10702.0,1022.0,1.06,137.46,86.18,917.33,312.32,6718.0,3.43,31.0,0.25,5015.0
2001-11-18,S&P 500,1497.47,1497.53,1513.31,1494.53,35234482.0,0.79,9.97,8.35,9.05,119.0,18527.0,633.0,1.39,95.01,139.78,1578.92,290.92,9842.0,6.45,22.0,38.07,2289.0
2001-11-19,S&P 500,1497.47,1497.53,1513.31,1494.53,35234482.0,0.79,9.97,8.35,9.05,119.0,18527.0,633.0,1.39,95.01,139.78,1578.92,290.92,9842.0,6.45,22.0,38.07,2289.0
2001-11-20,S&P 500,2971.46,2936.12,2982.61,2919.68,85181986.0,4.52,7.35,6.96,7.54,66.0,9819.0,1793.0,0.81,104.56,88.15,1673.58,335.66,4730.0,7.19,7.0,87.41,2404.0
2001-11-21,S&P 500,2971.46,2936.12,2982.61,2919.68,85181986.0,4.52,7.35,6.96,7.54,66.0,9819.0,1793.0,0.81,104.56,88.15,1673.58,335.66,4730.0,7.19,7.0,87.41,2404.0
2001-11-22,S&P 500,3123.75,3097.04,3145.15,3083.06,911856827.0,-0.6,3.13,12.94,6.35,63.0,26345.0,3790.0,1.13,109.54,149.87,1568.83,322.32,8963.0,7.8,10.0,44.33,14223.0
2001-11-23,S&P 500,3123.75,3097.04,3145.15,3083.06,911856827.0,-0.6,3.13,12.94,6.35,63.0,26345.0,3790.0,1.13,109.54,149.87,1568.83,322.32,8963.0,7.8,10.0,44.33,14223.0
2001-11-24,S&P 500,3123.75,3097.04,3145.15,3083.06,911856827.0,-0.6,3.13,12.94,6.35,63.0,26345.0,3790.0,1.13,109.54,149.87,1568.83,322.32,8963.0,7.8,10.0,44.33,14223.0
2001-11-25,S&P 500,2856.38,2865.75,2866.35,2809.98,864195807.0,1.23,5.95,10.43,7.38,115.0,17527.0,3020.0,1.31,85.7,81.97,2134.8,272.19,1411.0,4.5,38.0,13.33,14259.0
2001-11-26,S&P 500,2856.38,2865.75,2866.35,2809.98,864195807.0,1.23,5.95,10.43,7.38,115.0,17527.0,3020.0,1.31,85.7,81.97,2134.8,272.19,1411.0,4.5,38.0,13.33,14259.0
2001-11-27,S&P 500,2856.38,2865.75,2866.35,2809.98,864195807.0,1.23,5.95,10.43,7.38,115.0,17527.0,3020.0,1.31,85.7,81.97,2134.8,272.19,1411.0,4.5,38.0,13.33,14259.0
2001-11-28,S&P 500,3710.17,3704.97,3758.31,3681.76,888038047.0,-4.46,2.2,3.6,7.21,109.0,8717.0,4723.0,0.97,99.55,122.81,2206.87,194.12,8427.0,2.5,33.0,1.3,3414.0
2001-11-29,S&P 500,2247.46,2238.01,2276.93,2191.65,54299306.0,-1.35,3.38,8.68,9.24,101.0,28398.0,985.0,0.9,147.12,121.02,914.96,379.03,6731.0,2.39,37.0,96.81,5425.0
2001-11-30,S&P 500,2247.46,2238.01,2276.93,2191.65,54299306.0,-1.35,3.38,8.68,9.24,101.0,28398.0,985.0,0.9,147.12,121.02,914.96,379.03,6731.0,2.39,37.0,96.81,5425.0
2001-12-01,S&P 500,2247.46,2238.01,2276.93,2191.65,54299306.0,-1.35,3.38,8.68,9.24,101.0,28398.0,985.0,0.9,147.12,121.02,914.96,379.03,6731.0,2.39,37.0,96.81,5425.0
2001-12-02,S&P 500,2247.46,2238.01,2276.93,2191.65,54299306.0,-1.35,3.38,8.68,9.24,101.0,28398.0,985.0,0.9,147.12,121.02,914.96,379.03,6731.0,2.39,37.0,96.81,5425.0
2001-12-03,S&P 500,4904.06,4889.51,4945.4800000000005,4864.7300000000005,302590181.0,5.94,9.86,7.65,2.97,109.0,5307.0,3510.0,1.34,110.71,70.9,922.64,318.06,2506.0,7.5,39.0,95.8,1394.0
2001-12-04,S&P 500,1502.2,1508.66,1524.8100000000002,1496.87,749345245.0,-1.36,9.8,10.48,1.48,79.0,15450.0,4124.0,1.18,122.18,111.54,963.29,246.17,3165.0,3.45,15.0,58.96,13971.0
2001-12-05,S&P 500,1502.2,1508.66,1524.8100000000002,1496.87,749345245.0,-1.36,9.8,10.48,1.48,79.0,15450.0,4124.0,1.18,122.18,111.54,963.29,246.17,3165.0,3.45,15.0,58.96,13971.0
2001-12-06,S&P 500,1502.2,1508.66,1524.8100000000002,1496.87,749345245.0,-1.36,9.8,10.48,1.48,79.0,15450.0,4124.0,1.18,122.18,111.54,963.29,246.17,3165.0,3.45,15.0,58.96,13971.0
2001-12-07,S&P 500,1502.2,1508.66,1524.8100000000002,1496.87,749345245.0,-1.36,9.8,10.48,1.48,79.0,15450.0,4124.0,1.18,122.18,111.54,963.29,246.17,3165.0,3.45,15.0,58.96,13971.0
2001-12-08,S&P 500,1502.2,1508.66,1524.8100000000002,1496.87,749345245.0,-1.36,9.8,10.48,1.48,79.0,15450.0,4124.0,1.18,122.18,111.54,963.29,246.17,3165.0,3.45,15.0,58.96,13971.0
2001-12-09,S&P 500,2062.33,2022.68,2087.49,1972.84,151320306.0,6.6,0.26,10.27,5.0,91.0,6222.0,2816.0,1.38,116.34,145.93,829.29,455.8,726.0,5.27,37.0,28.4,12807.0
2001-12-10,S&P 500,2062.33,2022.68,2087.49,1972.84,151320306.0,6.6,0.26,10.27,5.0,91.0,6222.0,2816.0,1.38,116.34,145.93,829.29,455.8,726.0,5.27,37.0,28.4,12807.0
2001-12-11,S&P 500,2062.33,2022.68,2087.49,1972.84,151320306.0,6.6,0.26,10.27,5.0,91.0,6222.0,2816.0,1.38,116.34,145.93,829.29,455.8,726.0,5.27,37.0,28.4,12807.0
2001-12-12,S&P 500,2062.33,2022.68,2087.49,1972.84,151320306.0,6.6,0.26,10.27,5.0,91.0,6222.0,2816.0,1.38,116.34,145.93,829.29,455.8,726.0,5.27,37.0,28.4,12807.0
2001-12-13,S&P 500,3071.84,3118.67,3133.14,3065.9700000000003,154028808.0,-4.9,5.46,8.53,1.27,55.0,15765.0,4993.0,1.24,86.97,108.17,1376.87,147.79,2203.0,0.95,46.0,31.78,3558.0
2001-12-14,S&P 500,3071.84,3118.67,3133.14,3065.9700000000003,154028808.0,-4.9,5.46,8.53,1.27,55.0,15765.0,4993.0,1.24,86.97,108.17,1376.87,147.79,2203.0,0.95,46.0,31.78,3558.0
2001-12-15,S&P 500,3071.84,3118.67,3133.14,3065.9700000000003,154028808.0,-4.9,5.46,8.53,1.27,55.0,15765.0,4993.0,1.24,86.97,108.17,1376.87,147.79,2203.0,0.95,46.0,31.78,3558.0
2001-12-16,S&P 500,3071.84,3118.67,3133.14,3065.9700000000003,154028808.0,-4.9,5.46,8.53,1.27,55.0,15765.0,4993.0,1.24,86.97,108.17,1376.87,147.79,2203.0,0.95,46.0,31.78,3558.0
2001-12-17,S&P 500,3071.84,3118.67,3133.14,3065.9700000000003,154028808.0,-4.9,5.46,8.53,1.27,55.0,15765.0,4993.0,1.24,86.97,108.17,1376.87,147.79,2203.0,0.95,46.0,31.78,3558.0
2001-12-18,S&P 500,3585.83,3554.66,3612.1,3550.86,221079783.0,6.2,5.91,7.37,2.62,98.0,11017.0,2362.0,1.43,116.39,146.87,1854.26,221.2,1711.0,2.21,37.0,57.23,1505.0
2001-12-19,S&P 500,4896.78,4877.15,4931.36,4842.379999999999,207772486.0,8.91,9.02,12.02,9.42,112.0,17059.0,842.0,0.9,92.48,114.62,1868.93,179.69,4162.0,8.26,4.0,77.22,9790.0
2001-12-20,S&P 500,4896.78,4877.15,4931.36,4842.379999999999,207772486.0,8.91,9.02,12.02,9.42,112.0,17059.0,842.0,0.9,92.48,114.62,1868.93,179.69,4162.0,8.26,4.0,77.22,9790.0
2001-12-21,S&P 500,4896.78,4877.15,4931.36,4842.379999999999,207772486.0,8.91,9.02,12.02,9.42,112.0,17059.0,842.0,0.9,92.48,114.62,1868.93,179.69,4162.0,8.26,4.0,77.22,9790.0
2001-12-22,S&P 500,4896.78,4877.15,4931.36,4842.379999999999,207772486.0,8.91,9.02,12.02,9.42,112.0,17059.0,842.0,0.9,92.48,114.62,1868.93,179.69,4162.0,8.26,4.0,77.22,9790.0
2001-12-23,S&P 500,4132.79,4125.08,4170.47,4081.85,342549399.0,0.25,6.39,4.06,7.27,78.0,22777.0,882.0,1.08,144.6,146.14,1169.27,494.65,6029.0,5.85,23.0,72.06,4931.0
2001-12-24,S&P 500,4121.5,4151.06,4162.06,4096.83,417093359.0,3.15,5.76,13.89,6.27,60.0,24225.0,196.0,1.08,140.98,110.86,1724.19,323.22,9286.0,0.7,42.0,57.0,4542.0
2001-12-25,S&P 500,2831.98,2796.12,2851.41,2767.51,372601384.0,0.75,4.84,13.42,9.38,84.0,20394.0,686.0,0.95,139.91,106.51,2132.52,413.56,1501.0,3.02,22.0,72.43,9514.0
2001-12-26,S&P 500,2592.02,2555.05,2635.31,2526.5800000000004,752070598.0,-4.98,8.46,6.9,4.51,72.0,20946.0,4736.0,1.08,93.9,119.13,2273.69,184.72,6291.0,0.66,21.0,54.39,3402.0
2001-12-27,S&P 500,2211.66,2226.0,2262.22,2191.14,278059594.0,5.98,6.45,7.13,8.18,70.0,8297.0,2338.0,1.24,113.9,44.54,1233.82,308.03,1653.0,4.8,35.0,95.64,11797.0
2001-12-28,S&P 500,1262.78,1232.5,1282.97,1222.87,732760840.0,6.28,8.01,7.98,4.11,86.0,1450.0,1016.0,0.82,123.13,124.75,1639.97,304.21,6844.0,9.02,45.0,62.74,3503.0
2001-12-29,S&P 500,1912.94,1872.7,1923.68,1835.44,624125424.0,6.2,7.86,10.53,8.46,77.0,4936.0,3449.0,1.49,87.0,146.12,1692.55,425.07,3670.0,3.89,20.0,57.41,9651.0
2001-12-30,S&P 500,1912.94,1872.7,1923.68,1835.44,624125424.0,6.2,7.86,10.53,8.46,77.0,4936.0,3449.0,1.49,87.0,146.12,1692.55,425.07,3670.0,3.89,20.0,57.41,9651.0
2001-12-31,S&P 500,1912.94,1872.7,1923.68,1835.44,624125424.0,6.2,7.86,10.53,8.46,77.0,4936.0,3449.0,1.49,87.0,146.12,1692.55,425.07,3670.0,3.89,20.0,57.41,9651.0
2002-01-01,S&P 500,3989.78,4021.93,4030.730000000001,3954.27,233230101.0,0.4,2.0,3.84,6.94,77.0,25196.0,2588.0,1.0,145.56,29.37,1298.87,131.84,1064.0,8.56,26.0,31.65,9549.0
2002-01-02,S&P 500,3989.78,4021.93,4030.730000000001,3954.27,233230101.0,0.4,2.0,3.84,6.94,77.0,25196.0,2588.0,1.0,145.56,29.37,1298.87,131.84,1064.0,8.56,26.0,31.65,9549.0
2002-01-03,S&P 500,3989.78,4021.93,4030.730000000001,3954.27,233230101.0,0.4,2.0,3.84,6.94,77.0,25196.0,2588.0,1.0,145.56,29.37,1298.87,131.84,1064.0,8.56,26.0,31.65,9549.0
2002-01-04,S&P 500,3989.78,4021.93,4030.730000000001,3954.27,233230101.0,0.4,2.0,3.84,6.94,77.0,25196.0,2588.0,1.0,145.56,29.37,1298.87,131.84,1064.0,8.56,26.0,31.65,9549.0
2002-01-05,S&P 500,4770.9,4788.61,4807.9,4748.429999999999,360091743.0,-3.8,0.31,3.39,6.95,104.0,22496.0,1941.0,1.34,90.74,147.3,2394.34,139.76,2230.0,5.13,38.0,68.26,14188.0
2002-01-06,S&P 500,4770.9,4788.61,4807.9,4748.429999999999,360091743.0,-3.8,0.31,3.39,6.95,104.0,22496.0,1941.0,1.34,90.74,147.3,2394.34,139.76,2230.0,5.13,38.0,68.26,14188.0
2002-01-07,S&P 500,4965.31,4978.18,4997.7300000000005,4934.14,376520582.0,-4.86,0.77,13.64,6.91,96.0,9660.0,4869.0,1.16,134.91,71.05,1052.68,219.71,9568.0,0.58,42.0,57.77,11902.0
2002-01-08,S&P 500,4965.31,4978.18,4997.7300000000005,4934.14,376520582.0,-4.86,0.77,13.64,6.91,96.0,9660.0,4869.0,1.16,134.91,71.05,1052.68,219.71,9568.0,0.58,42.0,57.77,11902.0
2002-01-09,S&P 500,4965.31,4978.18,4997.7300000000005,4934.14,376520582.0,-4.86,0.77,13.64,6.91,96.0,9660.0,4869.0,1.16,134.91,71.05,1052.68,219.71,9568.0,0.58,42.0,57.77,11902.0
2002-01-10,S&P 500,4965.31,4978.18,4997.7300000000005,4934.14,376520582.0,-4.86,0.77,13.64,6.91,96.0,9660.0,4869.0,1.16,134.91,71.05,1052.68,219.71,9568.0,0.58,42.0,57.77,11902.0
2002-01-11,S&P 500,4965.31,4978.18,4997.7300000000005,4934.14,376520582.0,-4.86,0.77,13.64,6.91,96.0,9660.0,4869.0,1.16,134.91,71.05,1052.68,219.71,9568.0,0.58,42.0,57.77,11902.0
2002-01-12,S&P 500,4965.31,4978.18,4997.7300000000005,4934.14,376520582.0,-4.86,0.77,13.64,6.91,96.0,9660.0,4869.0,1.16,134.91,71.05,1052.68,219.71,9568.0,0.58,42.0,57.77,11902.0
2002-01-13,S&P 500,1783.33,1816.57,1838.16,1767.96,115629922.0,0.24,3.23,14.84,3.61,55.0,15156.0,4388.0,1.02,142.87,133.14,1202.83,137.98,9512.0,0.34,1.0,65.94,8461.0
2002-01-14,S&P 500,1563.21,1612.37,1615.0700000000002,1513.96,502958763.0,7.65,0.88,6.33,2.6,91.0,5238.0,3875.0,0.98,141.02,102.89,890.56,492.25,5390.0,2.91,46.0,33.75,3608.0
2002-01-15,S&P 500,1563.21,1612.37,1615.0700000000002,1513.96,502958763.0,7.65,0.88,6.33,2.6,91.0,5238.0,3875.0,0.98,141.02,102.89,890.56,492.25,5390.0,2.91,46.0,33.75,3608.0
2002-01-16,S&P 500,4125.29,4144.47,4169.71,4117.06,454655079.0,-1.09,8.52,12.13,6.83,77.0,17988.0,4455.0,1.33,143.48,128.99,2278.88,324.55,6757.0,7.36,34.0,20.47,7612.0
2002-01-17,S&P 500,4125.29,4144.47,4169.71,4117.06,454655079.0,-1.09,8.52,12.13,6.83,77.0,17988.0,4455.0,1.33,143.48,128.99,2278.88,324.55,6757.0,7.36,34.0,20.47,7612.0
2002-01-18,S&P 500,1587.85,1635.85,1641.04,1585.7099999999998,101468847.0,0.62,6.99,11.82,8.12,74.0,21273.0,2763.0,1.47,143.2,130.94,1326.04,134.5,5834.0,7.81,5.0,50.87,11726.0
2002-01-19,S&P 500,1587.85,1635.85,1641.04,1585.7099999999998,101468847.0,0.62,6.99,11.82,8.12,74.0,21273.0,2763.0,1.47,143.2,130.94,1326.04,134.5,5834.0,7.81,5.0,50.87,11726.0
2002-01-20,S&P 500,1587.85,1635.85,1641.04,1585.7099999999998,101468847.0,0.62,6.99,11.82,8.12,74.0,21273.0,2763.0,1.47,143.2,130.94,1326.04,134.5,5834.0,7.81,5.0,50.87,11726.0
2002-01-21,S&P 500,2552.66,2527.02,2583.15,2500.35,164868491.0,4.82,9.58,9.87,9.86,107.0,13534.0,4891.0,1.22,145.08,105.79,1470.51,393.29,4077.0,6.25,29.0,53.06,14924.0
2002-01-22,S&P 500,2552.66,2527.02,2583.15,2500.35,164868491.0,4.82,9.58,9.87,9.86,107.0,13534.0,4891.0,1.22,145.08,105.79,1470.51,393.29,4077.0,6.25,29.0,53.06,14924.0
2002-01-23,S&P 500,2039.62,2000.32,2052.19,1963.48,773311104.0,1.48,7.74,13.49,6.62,85.0,1232.0,297.0,1.27,143.59,119.24,2249.53,495.59,4249.0,7.24,41.0,77.02,7802.0
2002-01-24,S&P 500,2039.62,2000.32,2052.19,1963.48,773311104.0,1.48,7.74,13.49,6.62,85.0,1232.0,297.0,1.27,143.59,119.24,2249.53,495.59,4249.0,7.24,41.0,77.02,7802.0
2002-01-25,S&P 500,2039.62,2000.32,2052.19,1963.48,773311104.0,1.48,7.74,13.49,6.62,85.0,1232.0,297.0,1.27,143.59,119.24,2249.53,495.59,4249.0,7.24,41.0,77.02,7802.0
2002-01-26,S&P 500,2162.02,2150.3,2204.75,2124.9100000000003,402651969.0,6.34,7.43,13.96,8.0,63.0,20563.0,2226.0,1.27,87.65,128.35,1145.39,159.73,4611.0,0.62,38.0,43.39,12464.0
2002-01-27,S&P 500,2162.02,2150.3,2204.75,2124.9100000000003,402651969.0,6.34,7.43,13.96,8.0,63.0,20563.0,2226.0,1.27,87.65,128.35,1145.39,159.73,4611.0,0.62,38.0,43.39,12464.0
2002-01-28,S&P 500,2162.02,2150.3,2204.75,2124.9100000000003,402651969.0,6.34,7.43,13.96,8.0,63.0,20563.0,2226.0,1.27,87.65,128.35,1145.39,159.73,4611.0,0.62,38.0,43.39,12464.0
2002-01-29,S&P 500,2162.02,2150.3,2204.75,2124.9100000000003,402651969.0,6.34,7.43,13.96,8.0,63.0,20563.0,2226.0,1.27,87.65,128.35,1145.39,159.73,4611.0,0.62,38.0,43.39,12464.0
2002-01-30,S&P 500,1248.81,1229.85,1273.4,1204.39,53102474.0,-1.97,5.35,12.6,9.86,92.0,4199.0,4879.0,1.42,139.11,27.46,2426.23,207.46,3963.0,0.1,47.0,41.41,9054.0
2002-01-31,S&P 500,1589.21,1615.42,1616.4,1554.5,125720628.0,-2.68,7.77,2.8,8.1,106.0,5681.0,4327.0,0.95,129.31,106.14,2373.11,169.36,217.0,1.55,35.0,36.83,999.0
2002-02-01,S&P 500,1031.37,1074.9899999999998,1108.5599999999995,1025.78,784748778.0,2.23,5.81,5.21,8.75,97.0,28068.0,2224.0,1.44,122.29,119.38,1548.18,276.89,2627.0,9.32,40.0,14.33,2790.0
2002-02-02,S&P 500,1031.37,1074.9899999999998,1108.5599999999995,1025.78,784748778.0,2.23,5.81,5.21,8.75,97.0,28068.0,2224.0,1.44,122.29,119.38,1548.18,276.89,2627.0,9.32,40.0,14.33,2790.0
2002-02-03,S&P 500,2790.69,2758.17,2835.62,2745.74,525173095.0,9.23,7.34,13.69,2.27,93.0,9053.0,3871.0,1.12,86.26,120.22,1090.71,231.96,3861.0,2.36,10.0,82.82,5256.0
2002-02-04,S&P 500,2790.69,2758.17,2835.62,2745.74,525173095.0,9.23,7.34,13.69,2.27,93.0,9053.0,3871.0,1.12,86.26,120.22,1090.71,231.96,3861.0,2.36,10.0,82.82,5256.0
2002-02-05,S&P 500,2790.69,2758.17,2835.62,2745.74,525173095.0,9.23,7.34,13.69,2.27,93.0,9053.0,3871.0,1.12,86.26,120.22,1090.71,231.96,3861.0,2.36,10.0,82.82,5256.0
2002-02-06,S&P 500,3118.64,3093.92,3158.24,3081.07,241998427.0,2.9,9.02,4.28,4.27,51.0,13468.0,2698.0,1.32,140.73,90.19,1742.97,234.85,9750.0,1.77,0.0,66.16,3944.0
2002-02-07,S&P 500,1967.57,1924.3,1973.93,1921.69,774357805.0,2.74,5.46,14.59,3.01,80.0,10584.0,4535.0,1.07,130.03,34.14,1746.3,122.06,5336.0,3.71,7.0,3.11,5772.0
2002-02-08,S&P 500,1967.57,1924.3,1973.93,1921.69,774357805.0,2.74,5.46,14.59,3.01,80.0,10584.0,4535.0,1.07,130.03,34.14,1746.3,122.06,5336.0,3.71,7.0,3.11,5772.0
2002-02-09,S&P 500,1967.57,1924.3,1973.93,1921.69,774357805.0,2.74,5.46,14.59,3.01,80.0,10584.0,4535.0,1.07,130.03,34.14,1746.3,122.06,5336.0,3.71,7.0,3.11,5772.0
2002-02-10,S&P 500,1304.96,1318.28,1331.02,1304.54,235422207.0,-4.39,4.45,10.59,6.69,107.0,18356.0,4187.0,0.88,125.01,33.1,1710.47,393.18,9340.0,7.6,2.0,59.74,13749.0
2002-02-11,S&P 500,2098.82,2120.9300000000003,2134.09,2093.3,972632382.0,5.08,5.08,5.16,5.1,60.0,17990.0,757.0,1.34,115.09,79.72,954.65,305.32,6330.0,5.64,26.0,88.19,14507.0
2002-02-12,S&P 500,2098.82,2120.9300000000003,2134.09,2093.3,972632382.0,5.08,5.08,5.16,5.1,60.0,17990.0,757.0,1.34,115.09,79.72,954.65,305.32,6330.0,5.64,26.0,88.19,14507.0
2002-02-13,S&P 500,2838.66,2860.6,2881.17,2827.6,473696360.0,-4.74,4.49,2.14,8.61,94.0,16317.0,1799.0,1.37,122.19,142.27,2468.21,313.64,7522.0,5.09,47.0,22.91,10241.0
2002-02-14,S&P 500,2838.66,2860.6,2881.17,2827.6,473696360.0,-4.74,4.49,2.14,8.61,94.0,16317.0,1799.0,1.37,122.19,142.27,2468.21,313.64,7522.0,5.09,47.0,22.91,10241.0
2002-02-15,S&P 500,2838.66,2860.6,2881.17,2827.6,473696360.0,-4.74,4.49,2.14,8.61,94.0,16317.0,1799.0,1.37,122.19,142.27,2468.21,313.64,7522.0,5.09,47.0,22.91,10241.0
2002-02-16,S&P 500,1175.6,1188.28,1236.96,1169.23,966337878.0,4.25,1.27,8.34,4.65,108.0,8772.0,4524.0,1.46,92.52,145.95,972.38,313.43,9397.0,0.31,38.0,48.48,1568.0
2002-02-17,S&P 500,1175.6,1188.28,1236.96,1169.23,966337878.0,4.25,1.27,8.34,4.65,108.0,8772.0,4524.0,1.46,92.52,145.95,972.38,313.43,9397.0,0.31,38.0,48.48,1568.0
2002-02-18,S&P 500,2782.17,2814.4700000000003,2853.11,2739.27,486554767.0,1.2,9.96,8.43,3.97,67.0,16168.0,4635.0,1.36,99.82,68.06,2109.68,184.74,3093.0,6.3,10.0,15.89,10795.0
2002-02-19,S&P 500,1836.74,1810.24,1853.69,1776.34,250102324.0,2.24,5.96,7.35,4.12,100.0,28044.0,3726.0,1.27,119.92,36.73,1979.8,449.72,8822.0,0.67,44.0,81.08,5218.0
2002-02-20,S&P 500,1199.92,1215.15,1222.3000000000002,1185.12,551956082.0,1.89,7.86,13.57,6.71,110.0,7406.0,4077.0,1.02,88.79,141.35,1793.21,148.27,4962.0,4.1,10.0,2.15,12506.0
2002-02-21,S&P 500,1199.92,1215.15,1222.3000000000002,1185.12,551956082.0,1.89,7.86,13.57,6.71,110.0,7406.0,4077.0,1.02,88.79,141.35,1793.21,148.27,4962.0,4.1,10.0,2.15,12506.0
2002-02-22,S&P 500,1199.92,1215.15,1222.3000000000002,1185.12,551956082.0,1.89,7.86,13.57,6.71,110.0,7406.0,4077.0,1.02,88.79,141.35,1793.21,148.27,4962.0,4.1,10.0,2.15,12506.0
2002-02-23,S&P 500,1199.92,1215.15,1222.3000000000002,1185.12,551956082.0,1.89,7.86,13.57,6.71,110.0,7406.0,4077.0,1.02,88.79,141.35,1793.21,148.27,4962.0,4.1,10.0,2.15,12506.0
2002-02-24,S&P 500,4415.14,4366.83,4443.46,4333.5,334803748.0,3.73,7.24,3.97,5.38,105.0,3488.0,1037.0,0.93,127.16,90.96,1999.88,154.16,1174.0,1.51,23.0,17.29,4162.0
2002-02-25,S&P 500,1967.91,2008.87,2032.46,1924.37,942637781.0,6.94,5.0,2.61,6.63,88.0,7704.0,1389.0,0.87,114.85,34.29,1441.17,374.92,7628.0,3.75,18.0,49.43,8872.0
2002-02-26,S&P 500,1967.91,2008.87,2032.46,1924.37,942637781.0,6.94,5.0,2.61,6.63,88.0,7704.0,1389.0,0.87,114.85,34.29,1441.17,374.92,7628.0,3.75,18.0,49.43,8872.0
2002-02-27,S&P 500,1787.7,1819.67,1856.28,1758.75,848346825.0,1.81,7.13,5.05,7.11,77.0,22660.0,2250.0,1.01,114.66,135.67,2246.56,380.48,3882.0,6.52,39.0,51.89,7201.0
2002-02-28,S&P 500,1787.7,1819.67,1856.28,1758.75,848346825.0,1.81,7.13,5.05,7.11,77.0,22660.0,2250.0,1.01,114.66,135.67,2246.56,380.48,3882.0,6.52,39.0,51.89,7201.0
2002-03-01,S&P 500,4979.28,4950.42,5012.69,4918.34,864677896.0,8.44,2.72,5.19,3.91,111.0,2861.0,4861.0,1.17,99.71,55.05,1005.04,325.02,4121.0,8.84,16.0,89.24,3060.0
2002-03-02,S&P 500,4979.28,4950.42,5012.69,4918.34,864677896.0,8.44,2.72,5.19,3.91,111.0,2861.0,4861.0,1.17,99.71,55.05,1005.04,325.02,4121.0,8.84,16.0,89.24,3060.0
2002-03-03,S&P 500,4924.57,4940.86,4943.75,4924.29,165666861.0,-2.01,2.92,9.2,9.19,70.0,16986.0,2182.0,1.43,94.18,29.92,2154.14,239.46,4283.0,0.99,34.0,8.36,14274.0
2002-03-04,S&P 500,3278.16,3324.7,3331.73,3228.56,161877070.0,2.44,5.08,3.01,4.55,65.0,15274.0,1504.0,1.3,104.58,79.02,2398.0,173.88,7569.0,1.26,11.0,32.1,12479.0
2002-03-05,S&P 500,3278.16,3324.7,3331.73,3228.56,161877070.0,2.44,5.08,3.01,4.55,65.0,15274.0,1504.0,1.3,104.58,79.02,2398.0,173.88,7569.0,1.26,11.0,32.1,12479.0
2002-03-06,S&P 500,2747.98,2748.27,2770.13,2724.47,428184301.0,-0.16,5.68,12.29,0.82,114.0,1246.0,2031.0,0.83,135.0,128.96,1470.16,151.88,7291.0,8.44,38.0,10.08,1788.0
2002-03-07,S&P 500,3374.24,3403.75,3423.93,3330.64,573448345.0,4.78,0.53,3.06,4.43,54.0,14873.0,1985.0,1.3,106.15,26.38,1228.37,371.89,2324.0,4.6,12.0,71.63,2515.0
2002-03-08,S&P 500,3374.24,3403.75,3423.93,3330.64,573448345.0,4.78,0.53,3.06,4.43,54.0,14873.0,1985.0,1.3,106.15,26.38,1228.37,371.89,2324.0,4.6,12.0,71.63,2515.0
2002-03-09,S&P 500,3374.24,3403.75,3423.93,3330.64,573448345.0,4.78,0.53,3.06,4.43,54.0,14873.0,1985.0,1.3,106.15,26.38,1228.37,371.89,2324.0,4.6,12.0,71.63,2515.0
2002-03-10,S&P 500,3374.24,3403.75,3423.93,3330.64,573448345.0,4.78,0.53,3.06,4.43,54.0,14873.0,1985.0,1.3,106.15,26.38,1228.37,371.89,2324.0,4.6,12.0,71.63,2515.0
2002-03-11,S&P 500,3374.24,3403.75,3423.93,3330.64,573448345.0,4.78,0.53,3.06,4.43,54.0,14873.0,1985.0,1.3,106.15,26.38,1228.37,371.89,2324.0,4.6,12.0,71.63,2515.0
2002-03-12,S&P 500,3374.24,3403.75,3423.93,3330.64,573448345.0,4.78,0.53,3.06,4.43,54.0,14873.0,1985.0,1.3,106.15,26.38,1228.37,371.89,2324.0,4.6,12.0,71.63,2515.0
2002-03-13,S&P 500,3374.24,3403.75,3423.93,3330.64,573448345.0,4.78,0.53,3.06,4.43,54.0,14873.0,1985.0,1.3,106.15,26.38,1228.37,371.89,2324.0,4.6,12.0,71.63,2515.0
2002-03-14,S&P 500,3374.24,3403.75,3423.93,3330.64,573448345.0,4.78,0.53,3.06,4.43,54.0,14873.0,1985.0,1.3,106.15,26.38,1228.37,371.89,2324.0,4.6,12.0,71.63,2515.0
2002-03-15,S&P 500,3374.24,3403.75,3423.93,3330.64,573448345.0,4.78,0.53,3.06,4.43,54.0,14873.0,1985.0,1.3,106.15,26.38,1228.37,371.89,2324.0,4.6,12.0,71.63,2515.0
2002-03-16,S&P 500,3374.24,3403.75,3423.93,3330.64,573448345.0,4.78,0.53,3.06,4.43,54.0,14873.0,1985.0,1.3,106.15,26.38,1228.37,371.89,2324.0,4.6,12.0,71.63,2515.0
2002-03-17,S&P 500,3374.24,3403.75,3423.93,3330.64,573448345.0,4.78,0.53,3.06,4.43,54.0,14873.0,1985.0,1.3,106.15,26.38,1228.37,371.89,2324.0,4.6,12.0,71.63,2515.0
2002-03-18,S&P 500,3374.24,3403.75,3423.93,3330.64,573448345.0,4.78,0.53,3.06,4.43,54.0,14873.0,1985.0,1.3,106.15,26.38,1228.37,371.89,2324.0,4.6,12.0,71.63,2515.0
2002-03-19,S&P 500,1646.69,1694.8300000000002,1733.2200000000005,1644.1,633634037.0,5.72,1.25,3.19,0.53,74.0,11228.0,398.0,1.17,94.38,118.49,1461.94,335.38,3701.0,4.51,36.0,61.42,1056.0
2002-03-20,S&P 500,1646.69,1694.8300000000002,1733.2200000000005,1644.1,633634037.0,5.72,1.25,3.19,0.53,74.0,11228.0,398.0,1.17,94.38,118.49,1461.94,335.38,3701.0,4.51,36.0,61.42,1056.0
2002-03-21,S&P 500,3873.32,3864.94,3879.47,3859.67,91540747.0,5.25,4.57,2.66,1.81,84.0,8237.0,144.0,1.21,131.94,71.63,1746.47,356.2,2100.0,5.65,40.0,49.44,4120.0
2002-03-22,S&P 500,3873.32,3864.94,3879.47,3859.67,91540747.0,5.25,4.57,2.66,1.81,84.0,8237.0,144.0,1.21,131.94,71.63,1746.47,356.2,2100.0,5.65,40.0,49.44,4120.0
2002-03-23,S&P 500,3873.32,3864.94,3879.47,3859.67,91540747.0,5.25,4.57,2.66,1.81,84.0,8237.0,144.0,1.21,131.94,71.63,1746.47,356.2,2100.0,5.65,40.0,49.44,4120.0
2002-03-24,S&P 500,3873.32,3864.94,3879.47,3859.67,91540747.0,5.25,4.57,2.66,1.81,84.0,8237.0,144.0,1.21,131.94,71.63,1746.47,356.2,2100.0,5.65,40.0,49.44,4120.0
2002-03-25,S&P 500,1650.8,1628.95,1668.11,1620.87,728694621.0,3.95,6.7,5.99,6.4,72.0,2289.0,4494.0,0.93,105.74,147.37,2493.11,174.44,5333.0,1.24,43.0,21.12,1555.0
2002-03-26,S&P 500,3260.34,3217.3500000000004,3293.07,3205.32,185241256.0,-0.64,9.38,8.91,4.32,110.0,26840.0,3652.0,1.17,138.7,123.53,1896.04,250.7,2464.0,9.25,5.0,88.54,13158.0
2002-03-27,S&P 500,3260.34,3217.3500000000004,3293.07,3205.32,185241256.0,-0.64,9.38,8.91,4.32,110.0,26840.0,3652.0,1.17,138.7,123.53,1896.04,250.7,2464.0,9.25,5.0,88.54,13158.0
2002-03-28,S&P 500,3260.34,3217.3500000000004,3293.07,3205.32,185241256.0,-0.64,9.38,8.91,4.32,110.0,26840.0,3652.0,1.17,138.7,123.53,1896.04,250.7,2464.0,9.25,5.0,88.54,13158.0
2002-03-29,S&P 500,3260.34,3217.3500000000004,3293.07,3205.32,185241256.0,-0.64,9.38,8.91,4.32,110.0,26840.0,3652.0,1.17,138.7,123.53,1896.04,250.7,2464.0,9.25,5.0,88.54,13158.0
2002-03-30,S&P 500,3260.34,3217.3500000000004,3293.07,3205.32,185241256.0,-0.64,9.38,8.91,4.32,110.0,26840.0,3652.0,1.17,138.7,123.53,1896.04,250.7,2464.0,9.25,5.0,88.54,13158.0
2002-03-31,S&P 500,2428.12,2427.79,2445.23,2412.31,826079326.0,4.92,7.75,13.7,3.16,63.0,29758.0,616.0,1.2,85.12,112.39,1590.08,459.81,1898.0,2.36,2.0,68.6,11563.0
2002-04-01,S&P 500,4704.78,4739.07,4743.259999999999,4658.67,457540906.0,5.43,4.43,11.43,2.57,101.0,28073.0,2301.0,1.42,92.64,99.62,1921.97,365.34,646.0,1.33,12.0,46.91,14063.0
2002-04-02,S&P 500,4704.78,4739.07,4743.259999999999,4658.67,457540906.0,5.43,4.43,11.43,2.57,101.0,28073.0,2301.0,1.42,92.64,99.62,1921.97,365.34,646.0,1.33,12.0,46.91,14063.0
2002-04-03,S&P 500,4704.78,4739.07,4743.259999999999,4658.67,457540906.0,5.43,4.43,11.43,2.57,101.0,28073.0,2301.0,1.42,92.64,99.62,1921.97,365.34,646.0,1.33,12.0,46.91,14063.0
2002-04-04,S&P 500,4704.78,4739.07,4743.259999999999,4658.67,457540906.0,5.43,4.43,11.43,2.57,101.0,28073.0,2301.0,1.42,92.64,99.62,1921.97,365.34,646.0,1.33,12.0,46.91,14063.0
2002-04-05,S&P 500,4704.78,4739.07,4743.259999999999,4658.67,457540906.0,5.43,4.43,11.43,2.57,101.0,28073.0,2301.0,1.42,92.64,99.62,1921.97,365.34,646.0,1.33,12.0,46.91,14063.0
2002-04-06,S&P 500,4704.78,4739.07,4743.259999999999,4658.67,457540906.0,5.43,4.43,11.43,2.57,101.0,28073.0,2301.0,1.42,92.64,99.62,1921.97,365.34,646.0,1.33,12.0,46.91,14063.0
2002-04-07,S&P 500,4704.78,4739.07,4743.259999999999,4658.67,457540906.0,5.43,4.43,11.43,2.57,101.0,28073.0,2301.0,1.42,92.64,99.62,1921.97,365.34,646.0,1.33,12.0,46.91,14063.0
2002-04-08,S&P 500,4704.78,4739.07,4743.259999999999,4658.67,457540906.0,5.43,4.43,11.43,2.57,101.0,28073.0,2301.0,1.42,92.64,99.62,1921.97,365.34,646.0,1.33,12.0,46.91,14063.0
2002-04-09,S&P 500,4704.78,4739.07,4743.259999999999,4658.67,457540906.0,5.43,4.43,11.43,2.57,101.0,28073.0,2301.0,1.42,92.64,99.62,1921.97,365.34,646.0,1.33,12.0,46.91,14063.0
2002-04-10,S&P 500,4704.78,4739.07,4743.259999999999,4658.67,457540906.0,5.43,4.43,11.43,2.57,101.0,28073.0,2301.0,1.42,92.64,99.62,1921.97,365.34,646.0,1.33,12.0,46.91,14063.0
2002-04-11,S&P 500,4704.78,4739.07,4743.259999999999,4658.67,457540906.0,5.43,4.43,11.43,2.57,101.0,28073.0,2301.0,1.42,92.64,99.62,1921.97,365.34,646.0,1.33,12.0,46.91,14063.0
2002-04-12,S&P 500,4704.78,4739.07,4743.259999999999,4658.67,457540906.0,5.43,4.43,11.43,2.57,101.0,28073.0,2301.0,1.42,92.64,99.62,1921.97,365.34,646.0,1.33,12.0,46.91,14063.0
2002-04-13,S&P 500,4704.78,4739.07,4743.259999999999,4658.67,457540906.0,5.43,4.43,11.43,2.57,101.0,28073.0,2301.0,1.42,92.64,99.62,1921.97,365.34,646.0,1.33,12.0,46.91,14063.0
2002-04-14,S&P 500,4704.78,4739.07,4743.259999999999,4658.67,457540906.0,5.43,4.43,11.43,2.57,101.0,28073.0,2301.0,1.42,92.64,99.62,1921.97,365.34,646.0,1.33,12.0,46.91,14063.0
2002-04-15,S&P 500,4704.78,4739.07,4743.259999999999,4658.67,457540906.0,5.43,4.43,11.43,2.57,101.0,28073.0,2301.0,1.42,92.64,99.62,1921.97,365.34,646.0,1.33,12.0,46.91,14063.0
2002-04-16,S&P 500,4704.78,4739.07,4743.259999999999,4658.67,457540906.0,5.43,4.43,11.43,2.57,101.0,28073.0,2301.0,1.42,92.64,99.62,1921.97,365.34,646.0,1.33,12.0,46.91,14063.0
2002-04-17,S&P 500,4704.78,4739.07,4743.259999999999,4658.67,457540906.0,5.43,4.43,11.43,2.57,101.0,28073.0,2301.0,1.42,92.64,99.62,1921.97,365.34,646.0,1.33,12.0,46.91,14063.0
2002-04-18,S&P 500,4704.78,4739.07,4743.259999999999,4658.67,457540906.0,5.43,4.43,11.43,2.57,101.0,28073.0,2301.0,1.42,92.64,99.62,1921.97,365.34,646.0,1.33,12.0,46.91,14063.0
2002-04-19,S&P 500,4044.03,4054.46,4100.47,4039.36,723373906.0,-3.88,5.65,12.03,2.91,96.0,5524.0,1322.0,0.86,107.44,128.73,2317.12,280.95,6008.0,3.97,35.0,2.25,633.0
2002-04-20,S&P 500,4044.03,4054.46,4100.47,4039.36,723373906.0,-3.88,5.65,12.03,2.91,96.0,5524.0,1322.0,0.86,107.44,128.73,2317.12,280.95,6008.0,3.97,35.0,2.25,633.0
2002-04-21,S&P 500,2569.83,2561.57,2598.5,2560.96,618799566.0,5.12,0.79,5.57,8.44,55.0,14255.0,1533.0,0.83,136.01,24.77,1090.91,406.93,4792.0,2.45,11.0,41.27,2795.0
2002-04-22,S&P 500,2569.83,2561.57,2598.5,2560.96,618799566.0,5.12,0.79,5.57,8.44,55.0,14255.0,1533.0,0.83,136.01,24.77,1090.91,406.93,4792.0,2.45,11.0,41.27,2795.0
2002-04-23,S&P 500,2569.83,2561.57,2598.5,2560.96,618799566.0,5.12,0.79,5.57,8.44,55.0,14255.0,1533.0,0.83,136.01,24.77,1090.91,406.93,4792.0,2.45,11.0,41.27,2795.0
2002-04-24,S&P 500,2569.83,2561.57,2598.5,2560.96,618799566.0,5.12,0.79,5.57,8.44,55.0,14255.0,1533.0,0.83,136.01,24.77,1090.91,406.93,4792.0,2.45,11.0,41.27,2795.0
2002-04-25,S&P 500,2569.83,2561.57,2598.5,2560.96,618799566.0,5.12,0.79,5.57,8.44,55.0,14255.0,1533.0,0.83,136.01,24.77,1090.91,406.93,4792.0,2.45,11.0,41.27,2795.0
2002-04-26,S&P 500,2569.83,2561.57,2598.5,2560.96,618799566.0,5.12,0.79,5.57,8.44,55.0,14255.0,1533.0,0.83,136.01,24.77,1090.91,406.93,4792.0,2.45,11.0,41.27,2795.0
2002-04-27,S&P 500,4150.2,4121.349999999999,4196.86,4076.2,735697498.0,-2.46,7.16,12.57,4.51,58.0,11854.0,2727.0,1.19,131.39,26.64,1074.34,224.56,926.0,5.81,6.0,41.8,9867.0
2002-04-28,S&P 500,2004.01,2027.61,2060.47,1963.31,951460054.0,5.46,6.11,6.39,4.52,80.0,11791.0,2635.0,1.16,98.21,97.67,2315.95,410.79,4103.0,0.22,1.0,81.61,9406.0
2002-04-29,S&P 500,3256.3,3238.3,3278.25,3222.59,475296110.0,-1.63,8.53,14.53,7.72,92.0,29630.0,2372.0,1.06,120.72,63.43,921.62,267.17,8581.0,2.57,2.0,65.46,11003.0
2002-04-30,S&P 500,3256.3,3238.3,3278.25,3222.59,475296110.0,-1.63,8.53,14.53,7.72,92.0,29630.0,2372.0,1.06,120.72,63.43,921.62,267.17,8581.0,2.57,2.0,65.46,11003.0
2002-05-01,S&P 500,3626.52,3592.77,3672.53,3578.37,138496843.0,2.22,8.85,11.99,1.4,100.0,18292.0,4904.0,0.88,145.16,43.73,1746.78,141.6,4697.0,6.87,47.0,22.77,5295.0
2002-05-02,S&P 500,3626.52,3592.77,3672.53,3578.37,138496843.0,2.22,8.85,11.99,1.4,100.0,18292.0,4904.0,0.88,145.16,43.73,1746.78,141.6,4697.0,6.87,47.0,22.77,5295.0
2002-05-03,S&P 500,1766.37,1801.53,1802.98,1722.33,692239923.0,5.94,4.01,6.41,7.74,73.0,719.0,1884.0,1.42,130.94,33.58,2128.63,182.3,8945.0,0.36,26.0,95.59,1776.0
2002-05-04,S&P 500,4672.96,4709.34,4743.83,4635.08,838648449.0,-1.44,4.05,10.43,7.97,64.0,6907.0,2044.0,1.34,99.42,126.81,838.12,281.39,3230.0,5.37,21.0,84.71,2635.0
2002-05-05,S&P 500,4672.96,4709.34,4743.83,4635.08,838648449.0,-1.44,4.05,10.43,7.97,64.0,6907.0,2044.0,1.34,99.42,126.81,838.12,281.39,3230.0,5.37,21.0,84.71,2635.0
2002-05-06,S&P 500,4672.96,4709.34,4743.83,4635.08,838648449.0,-1.44,4.05,10.43,7.97,64.0,6907.0,2044.0,1.34,99.42,126.81,838.12,281.39,3230.0,5.37,21.0,84.71,2635.0
2002-05-07,S&P 500,1883.41,1847.8,1894.12,1821.2000000000005,580621779.0,-0.73,1.39,13.26,8.65,78.0,14091.0,3724.0,1.13,86.26,36.31,1026.69,166.87,3208.0,2.84,16.0,49.1,10215.0
2002-05-08,S&P 500,1883.41,1847.8,1894.12,1821.2000000000005,580621779.0,-0.73,1.39,13.26,8.65,78.0,14091.0,3724.0,1.13,86.26,36.31,1026.69,166.87,3208.0,2.84,16.0,49.1,10215.0
2002-05-09,S&P 500,1144.08,1096.08,1172.79,1056.47,87030204.0,7.23,3.19,12.61,4.54,103.0,3739.0,866.0,1.07,90.7,109.97,2190.42,262.59,8758.0,6.02,6.0,47.11,4772.0
2002-05-10,S&P 500,1144.08,1096.08,1172.79,1056.47,87030204.0,7.23,3.19,12.61,4.54,103.0,3739.0,866.0,1.07,90.7,109.97,2190.42,262.59,8758.0,6.02,6.0,47.11,4772.0
2002-05-11,S&P 500,1144.08,1096.08,1172.79,1056.47,87030204.0,7.23,3.19,12.61,4.54,103.0,3739.0,866.0,1.07,90.7,109.97,2190.42,262.59,8758.0,6.02,6.0,47.11,4772.0
2002-05-12,S&P 500,1144.08,1096.08,1172.79,1056.47,87030204.0,7.23,3.19,12.61,4.54,103.0,3739.0,866.0,1.07,90.7,109.97,2190.42,262.59,8758.0,6.02,6.0,47.11,4772.0
2002-05-13,S&P 500,1144.08,1096.08,1172.79,1056.47,87030204.0,7.23,3.19,12.61,4.54,103.0,3739.0,866.0,1.07,90.7,109.97,2190.42,262.59,8758.0,6.02,6.0,47.11,4772.0
2002-05-14,S&P 500,1144.08,1096.08,1172.79,1056.47,87030204.0,7.23,3.19,12.61,4.54,103.0,3739.0,866.0,1.07,90.7,109.97,2190.42,262.59,8758.0,6.02,6.0,47.11,4772.0
2002-05-15,S&P 500,1144.08,1096.08,1172.79,1056.47,87030204.0,7.23,3.19,12.61,4.54,103.0,3739.0,866.0,1.07,90.7,109.97,2190.42,262.59,8758.0,6.02,6.0,47.11,4772.0
2002-05-16,S&P 500,3320.36,3314.63,3355.1200000000003,3308.12,286007631.0,6.85,1.24,7.12,1.35,80.0,7357.0,2639.0,1.38,94.55,91.56,1860.98,266.76,2760.0,0.43,49.0,44.1,10381.0
2002-05-17,S&P 500,3320.36,3314.63,3355.1200000000003,3308.12,286007631.0,6.85,1.24,7.12,1.35,80.0,7357.0,2639.0,1.38,94.55,91.56,1860.98,266.76,2760.0,0.43,49.0,44.1,10381.0
2002-05-18,S&P 500,3320.36,3314.63,3355.1200000000003,3308.12,286007631.0,6.85,1.24,7.12,1.35,80.0,7357.0,2639.0,1.38,94.55,91.56,1860.98,266.76,2760.0,0.43,49.0,44.1,10381.0
2002-05-19,S&P 500,3320.36,3314.63,3355.1200000000003,3308.12,286007631.0,6.85,1.24,7.12,1.35,80.0,7357.0,2639.0,1.38,94.55,91.56,1860.98,266.76,2760.0,0.43,49.0,44.1,10381.0
2002-05-20,S&P 500,3320.36,3314.63,3355.1200000000003,3308.12,286007631.0,6.85,1.24,7.12,1.35,80.0,7357.0,2639.0,1.38,94.55,91.56,1860.98,266.76,2760.0,0.43,49.0,44.1,10381.0
2002-05-21,S&P 500,3320.36,3314.63,3355.1200000000003,3308.12,286007631.0,6.85,1.24,7.12,1.35,80.0,7357.0,2639.0,1.38,94.55,91.56,1860.98,266.76,2760.0,0.43,49.0,44.1,10381.0
2002-05-22,S&P 500,4785.83,4759.5,4792.53,4739.6,741132708.0,2.66,1.79,11.27,4.87,113.0,2512.0,3948.0,0.91,118.94,105.14,1684.09,256.77,9237.0,0.4,33.0,33.8,7612.0
2002-05-23,S&P 500,4785.83,4759.5,4792.53,4739.6,741132708.0,2.66,1.79,11.27,4.87,113.0,2512.0,3948.0,0.91,118.94,105.14,1684.09,256.77,9237.0,0.4,33.0,33.8,7612.0
2002-05-24,S&P 500,4785.83,4759.5,4792.53,4739.6,741132708.0,2.66,1.79,11.27,4.87,113.0,2512.0,3948.0,0.91,118.94,105.14,1684.09,256.77,9237.0,0.4,33.0,33.8,7612.0
2002-05-25,S&P 500,4785.83,4759.5,4792.53,4739.6,741132708.0,2.66,1.79,11.27,4.87,113.0,2512.0,3948.0,0.91,118.94,105.14,1684.09,256.77,9237.0,0.4,33.0,33.8,7612.0
2002-05-26,S&P 500,2905.34,2881.17,2910.9700000000003,2834.33,72828429.0,-2.52,9.82,5.77,1.72,105.0,24550.0,2271.0,1.04,144.97,121.63,1861.78,104.48,4925.0,2.5,38.0,41.92,7260.0
2002-05-27,S&P 500,2905.34,2881.17,2910.9700000000003,2834.33,72828429.0,-2.52,9.82,5.77,1.72,105.0,24550.0,2271.0,1.04,144.97,121.63,1861.78,104.48,4925.0,2.5,38.0,41.92,7260.0
2002-05-28,S&P 500,1818.72,1835.65,1852.3,1797.39,734194834.0,-0.25,3.15,11.72,4.57,109.0,6812.0,4248.0,0.9,115.3,147.33,1049.29,412.5,9914.0,5.51,25.0,11.04,4568.0
2002-05-29,S&P 500,1818.72,1835.65,1852.3,1797.39,734194834.0,-0.25,3.15,11.72,4.57,109.0,6812.0,4248.0,0.9,115.3,147.33,1049.29,412.5,9914.0,5.51,25.0,11.04,4568.0
2002-05-30,S&P 500,1818.72,1835.65,1852.3,1797.39,734194834.0,-0.25,3.15,11.72,4.57,109.0,6812.0,4248.0,0.9,115.3,147.33,1049.29,412.5,9914.0,5.51,25.0,11.04,4568.0
2002-05-31,S&P 500,1818.72,1835.65,1852.3,1797.39,734194834.0,-0.25,3.15,11.72,4.57,109.0,6812.0,4248.0,0.9,115.3,147.33,1049.29,412.5,9914.0,5.51,25.0,11.04,4568.0
2002-06-01,S&P 500,4420.12,4432.8,4454.95,4409.29,483117061.0,-3.16,9.15,14.68,3.12,107.0,5151.0,4921.0,1.35,119.64,149.6,1241.15,332.59,9907.0,9.55,15.0,35.46,3448.0
2002-06-02,S&P 500,1828.3,1814.17,1830.01,1805.68,65683707.0,-0.56,4.19,14.38,8.1,52.0,852.0,1513.0,1.46,91.53,31.5,1557.96,201.04,3248.0,8.74,11.0,83.76,7833.0
2002-06-03,S&P 500,1828.3,1814.17,1830.01,1805.68,65683707.0,-0.56,4.19,14.38,8.1,52.0,852.0,1513.0,1.46,91.53,31.5,1557.96,201.04,3248.0,8.74,11.0,83.76,7833.0
2002-06-04,S&P 500,1828.3,1814.17,1830.01,1805.68,65683707.0,-0.56,4.19,14.38,8.1,52.0,852.0,1513.0,1.46,91.53,31.5,1557.96,201.04,3248.0,8.74,11.0,83.76,7833.0
2002-06-05,S&P 500,4763.14,4761.7300000000005,4797.63,4756.18,104390369.0,5.71,4.35,3.42,4.5,111.0,4878.0,2269.0,1.27,102.37,149.54,1354.48,315.8,7748.0,2.08,41.0,27.82,9925.0
2002-06-06,S&P 500,4763.14,4761.7300000000005,4797.63,4756.18,104390369.0,5.71,4.35,3.42,4.5,111.0,4878.0,2269.0,1.27,102.37,149.54,1354.48,315.8,7748.0,2.08,41.0,27.82,9925.0
2002-06-07,S&P 500,2637.65,2679.33,2714.24,2622.76,708879217.0,1.41,3.85,13.47,3.1,82.0,28912.0,2825.0,1.31,98.46,69.41,940.13,463.79,5358.0,6.46,24.0,27.95,13374.0
2002-06-08,S&P 500,2637.65,2679.33,2714.24,2622.76,708879217.0,1.41,3.85,13.47,3.1,82.0,28912.0,2825.0,1.31,98.46,69.41,940.13,463.79,5358.0,6.46,24.0,27.95,13374.0
2002-06-09,S&P 500,4343.3,4338.41,4348.28,4318.51,960406350.0,0.54,0.01,10.07,3.44,97.0,21435.0,4114.0,1.13,142.27,147.63,1566.5,215.96,6357.0,9.16,10.0,42.17,2908.0
2002-06-10,S&P 500,2328.76,2350.63,2364.25,2295.03,599733220.0,3.88,8.04,10.66,7.58,102.0,3506.0,4695.0,1.42,110.02,140.15,2014.83,245.7,8187.0,7.77,17.0,33.54,209.0
2002-06-11,S&P 500,3774.47,3783.09,3824.68,3771.69,53243598.0,0.26,8.89,12.16,0.95,90.0,1504.0,173.0,1.41,132.7,124.59,1854.52,122.11,6203.0,4.19,35.0,78.74,10536.0
2002-06-12,S&P 500,3774.47,3783.09,3824.68,3771.69,53243598.0,0.26,8.89,12.16,0.95,90.0,1504.0,173.0,1.41,132.7,124.59,1854.52,122.11,6203.0,4.19,35.0,78.74,10536.0
2002-06-13,S&P 500,3774.47,3783.09,3824.68,3771.69,53243598.0,0.26,8.89,12.16,0.95,90.0,1504.0,173.0,1.41,132.7,124.59,1854.52,122.11,6203.0,4.19,35.0,78.74,10536.0
2002-06-14,S&P 500,3774.47,3783.09,3824.68,3771.69,53243598.0,0.26,8.89,12.16,0.95,90.0,1504.0,173.0,1.41,132.7,124.59,1854.52,122.11,6203.0,4.19,35.0,78.74,10536.0
2002-06-15,S&P 500,4503.53,4478.11,4510.53,4463.32,346815999.0,1.6,2.69,6.74,3.74,85.0,2578.0,3232.0,0.84,146.03,55.72,2359.83,101.08,9738.0,8.6,22.0,97.39,1048.0
2002-06-16,S&P 500,4503.53,4478.11,4510.53,4463.32,346815999.0,1.6,2.69,6.74,3.74,85.0,2578.0,3232.0,0.84,146.03,55.72,2359.83,101.08,9738.0,8.6,22.0,97.39,1048.0
2002-06-17,S&P 500,4503.53,4478.11,4510.53,4463.32,346815999.0,1.6,2.69,6.74,3.74,85.0,2578.0,3232.0,0.84,146.03,55.72,2359.83,101.08,9738.0,8.6,22.0,97.39,1048.0
2002-06-18,S&P 500,2700.91,2746.14,2749.89,2666.32,557588767.0,8.09,6.81,8.24,2.41,105.0,28840.0,3902.0,1.01,144.5,53.63,1755.58,201.04,4410.0,1.07,46.0,41.29,11815.0
2002-06-19,S&P 500,2700.91,2746.14,2749.89,2666.32,557588767.0,8.09,6.81,8.24,2.41,105.0,28840.0,3902.0,1.01,144.5,53.63,1755.58,201.04,4410.0,1.07,46.0,41.29,11815.0
2002-06-20,S&P 500,1511.47,1524.62,1542.87,1508.22,208027054.0,2.21,8.45,6.52,9.6,71.0,3596.0,2317.0,1.38,95.02,117.43,1102.79,259.79,2637.0,6.36,46.0,1.6,8398.0
2002-06-21,S&P 500,1511.47,1524.62,1542.87,1508.22,208027054.0,2.21,8.45,6.52,9.6,71.0,3596.0,2317.0,1.38,95.02,117.43,1102.79,259.79,2637.0,6.36,46.0,1.6,8398.0
2002-06-22,S&P 500,1000.05,962.99,1039.08,928.93,740909142.0,5.8,2.2,4.91,4.21,73.0,2944.0,2179.0,1.09,134.75,103.72,1582.8,400.16,8631.0,1.08,1.0,55.36,5363.0
2002-06-23,S&P 500,1000.05,962.99,1039.08,928.93,740909142.0,5.8,2.2,4.91,4.21,73.0,2944.0,2179.0,1.09,134.75,103.72,1582.8,400.16,8631.0,1.08,1.0,55.36,5363.0
2002-06-24,S&P 500,3090.04,3049.95,3120.38,3014.86,667689642.0,-2.33,8.95,7.93,5.49,54.0,19867.0,3087.0,1.43,111.63,91.22,927.86,320.77,3837.0,3.75,49.0,57.64,9084.0
2002-06-25,S&P 500,3090.04,3049.95,3120.38,3014.86,667689642.0,-2.33,8.95,7.93,5.49,54.0,19867.0,3087.0,1.43,111.63,91.22,927.86,320.77,3837.0,3.75,49.0,57.64,9084.0
2002-06-26,S&P 500,3090.04,3049.95,3120.38,3014.86,667689642.0,-2.33,8.95,7.93,5.49,54.0,19867.0,3087.0,1.43,111.63,91.22,927.86,320.77,3837.0,3.75,49.0,57.64,9084.0
2002-06-27,S&P 500,3090.04,3049.95,3120.38,3014.86,667689642.0,-2.33,8.95,7.93,5.49,54.0,19867.0,3087.0,1.43,111.63,91.22,927.86,320.77,3837.0,3.75,49.0,57.64,9084.0
2002-06-28,S&P 500,3090.04,3049.95,3120.38,3014.86,667689642.0,-2.33,8.95,7.93,5.49,54.0,19867.0,3087.0,1.43,111.63,91.22,927.86,320.77,3837.0,3.75,49.0,57.64,9084.0
2002-06-29,S&P 500,3090.04,3049.95,3120.38,3014.86,667689642.0,-2.33,8.95,7.93,5.49,54.0,19867.0,3087.0,1.43,111.63,91.22,927.86,320.77,3837.0,3.75,49.0,57.64,9084.0
2002-06-30,S&P 500,1921.67,1912.3,1958.28,1865.9700000000005,901822125.0,1.59,6.07,10.57,2.58,60.0,13556.0,3076.0,1.16,121.19,141.59,1078.95,121.62,7627.0,1.46,41.0,2.3,8706.0
2002-07-01,S&P 500,1005.9,1048.56,1087.41,975.73,337333351.0,5.2,2.91,11.31,8.98,89.0,11362.0,1348.0,0.91,129.55,25.11,2019.85,315.01,267.0,0.25,48.0,87.67,8068.0
2002-07-02,S&P 500,1005.9,1048.56,1087.41,975.73,337333351.0,5.2,2.91,11.31,8.98,89.0,11362.0,1348.0,0.91,129.55,25.11,2019.85,315.01,267.0,0.25,48.0,87.67,8068.0
2002-07-03,S&P 500,4867.38,4859.27,4878.16,4813.290000000001,516602221.0,9.42,5.52,11.89,6.48,53.0,8687.0,4935.0,1.31,86.79,65.05,1810.62,161.59,7148.0,8.8,7.0,58.26,6623.0
2002-07-04,S&P 500,1897.17,1898.9,1903.09,1851.42,453954299.0,6.25,7.9,4.32,2.53,51.0,26790.0,4464.0,0.8,128.22,104.01,1220.85,304.06,7215.0,8.61,36.0,88.32,8488.0
2002-07-05,S&P 500,1897.17,1898.9,1903.09,1851.42,453954299.0,6.25,7.9,4.32,2.53,51.0,26790.0,4464.0,0.8,128.22,104.01,1220.85,304.06,7215.0,8.61,36.0,88.32,8488.0
2002-07-06,S&P 500,3967.59,4016.05,4041.75,3923.89,309805650.0,-0.26,3.44,14.23,4.14,72.0,3470.0,3542.0,0.91,107.32,104.93,1493.51,408.84,3391.0,1.47,7.0,41.26,8071.0
2002-07-07,S&P 500,3967.59,4016.05,4041.75,3923.89,309805650.0,-0.26,3.44,14.23,4.14,72.0,3470.0,3542.0,0.91,107.32,104.93,1493.51,408.84,3391.0,1.47,7.0,41.26,8071.0
2002-07-08,S&P 500,3967.59,4016.05,4041.75,3923.89,309805650.0,-0.26,3.44,14.23,4.14,72.0,3470.0,3542.0,0.91,107.32,104.93,1493.51,408.84,3391.0,1.47,7.0,41.26,8071.0
2002-07-09,S&P 500,3967.59,4016.05,4041.75,3923.89,309805650.0,-0.26,3.44,14.23,4.14,72.0,3470.0,3542.0,0.91,107.32,104.93,1493.51,408.84,3391.0,1.47,7.0,41.26,8071.0
2002-07-10,S&P 500,3967.59,4016.05,4041.75,3923.89,309805650.0,-0.26,3.44,14.23,4.14,72.0,3470.0,3542.0,0.91,107.32,104.93,1493.51,408.84,3391.0,1.47,7.0,41.26,8071.0
2002-07-11,S&P 500,3967.59,4016.05,4041.75,3923.89,309805650.0,-0.26,3.44,14.23,4.14,72.0,3470.0,3542.0,0.91,107.32,104.93,1493.51,408.84,3391.0,1.47,7.0,41.26,8071.0
2002-07-12,S&P 500,3967.59,4016.05,4041.75,3923.89,309805650.0,-0.26,3.44,14.23,4.14,72.0,3470.0,3542.0,0.91,107.32,104.93,1493.51,408.84,3391.0,1.47,7.0,41.26,8071.0
2002-07-13,S&P 500,3967.59,4016.05,4041.75,3923.89,309805650.0,-0.26,3.44,14.23,4.14,72.0,3470.0,3542.0,0.91,107.32,104.93,1493.51,408.84,3391.0,1.47,7.0,41.26,8071.0
2002-07-14,S&P 500,3967.59,4016.05,4041.75,3923.89,309805650.0,-0.26,3.44,14.23,4.14,72.0,3470.0,3542.0,0.91,107.32,104.93,1493.51,408.84,3391.0,1.47,7.0,41.26,8071.0
2002-07-15,S&P 500,3967.59,4016.05,4041.75,3923.89,309805650.0,-0.26,3.44,14.23,4.14,72.0,3470.0,3542.0,0.91,107.32,104.93,1493.51,408.84,3391.0,1.47,7.0,41.26,8071.0
2002-07-16,S&P 500,4226.77,4254.450000000001,4284.130000000001,4226.56,413327215.0,6.38,1.05,7.93,6.72,90.0,25185.0,1568.0,1.22,131.95,99.29,1068.85,197.22,3226.0,4.02,36.0,5.74,11338.0
2002-07-17,S&P 500,4226.77,4254.450000000001,4284.130000000001,4226.56,413327215.0,6.38,1.05,7.93,6.72,90.0,25185.0,1568.0,1.22,131.95,99.29,1068.85,197.22,3226.0,4.02,36.0,5.74,11338.0
2002-07-18,S&P 500,4226.77,4254.450000000001,4284.130000000001,4226.56,413327215.0,6.38,1.05,7.93,6.72,90.0,25185.0,1568.0,1.22,131.95,99.29,1068.85,197.22,3226.0,4.02,36.0,5.74,11338.0
2002-07-19,S&P 500,4226.77,4254.450000000001,4284.130000000001,4226.56,413327215.0,6.38,1.05,7.93,6.72,90.0,25185.0,1568.0,1.22,131.95,99.29,1068.85,197.22,3226.0,4.02,36.0,5.74,11338.0
2002-07-20,S&P 500,4226.77,4254.450000000001,4284.130000000001,4226.56,413327215.0,6.38,1.05,7.93,6.72,90.0,25185.0,1568.0,1.22,131.95,99.29,1068.85,197.22,3226.0,4.02,36.0,5.74,11338.0
2002-07-21,S&P 500,4226.77,4254.450000000001,4284.130000000001,4226.56,413327215.0,6.38,1.05,7.93,6.72,90.0,25185.0,1568.0,1.22,131.95,99.29,1068.85,197.22,3226.0,4.02,36.0,5.74,11338.0
2002-07-22,S&P 500,4226.77,4254.450000000001,4284.130000000001,4226.56,413327215.0,6.38,1.05,7.93,6.72,90.0,25185.0,1568.0,1.22,131.95,99.29,1068.85,197.22,3226.0,4.02,36.0,5.74,11338.0
2002-07-23,S&P 500,4226.77,4254.450000000001,4284.130000000001,4226.56,413327215.0,6.38,1.05,7.93,6.72,90.0,25185.0,1568.0,1.22,131.95,99.29,1068.85,197.22,3226.0,4.02,36.0,5.74,11338.0
2002-07-24,S&P 500,4226.77,4254.450000000001,4284.130000000001,4226.56,413327215.0,6.38,1.05,7.93,6.72,90.0,25185.0,1568.0,1.22,131.95,99.29,1068.85,197.22,3226.0,4.02,36.0,5.74,11338.0
2002-07-25,S&P 500,4226.77,4254.450000000001,4284.130000000001,4226.56,413327215.0,6.38,1.05,7.93,6.72,90.0,25185.0,1568.0,1.22,131.95,99.29,1068.85,197.22,3226.0,4.02,36.0,5.74,11338.0
2002-07-26,S&P 500,4226.77,4254.450000000001,4284.130000000001,4226.56,413327215.0,6.38,1.05,7.93,6.72,90.0,25185.0,1568.0,1.22,131.95,99.29,1068.85,197.22,3226.0,4.02,36.0,5.74,11338.0
2002-07-27,S&P 500,4226.77,4254.450000000001,4284.130000000001,4226.56,413327215.0,6.38,1.05,7.93,6.72,90.0,25185.0,1568.0,1.22,131.95,99.29,1068.85,197.22,3226.0,4.02,36.0,5.74,11338.0
2002-07-28,S&P 500,4808.89,4782.79,4828.35,4778.12,815081780.0,9.2,9.32,12.58,1.55,68.0,20512.0,1142.0,1.39,122.8,50.68,1753.54,404.81,9475.0,5.06,4.0,94.73,8200.0
2002-07-29,S&P 500,4808.89,4782.79,4828.35,4778.12,815081780.0,9.2,9.32,12.58,1.55,68.0,20512.0,1142.0,1.39,122.8,50.68,1753.54,404.81,9475.0,5.06,4.0,94.73,8200.0
2002-07-30,S&P 500,4808.89,4782.79,4828.35,4778.12,815081780.0,9.2,9.32,12.58,1.55,68.0,20512.0,1142.0,1.39,122.8,50.68,1753.54,404.81,9475.0,5.06,4.0,94.73,8200.0
2002-07-31,S&P 500,4808.89,4782.79,4828.35,4778.12,815081780.0,9.2,9.32,12.58,1.55,68.0,20512.0,1142.0,1.39,122.8,50.68,1753.54,404.81,9475.0,5.06,4.0,94.73,8200.0
2002-08-01,S&P 500,4808.89,4782.79,4828.35,4778.12,815081780.0,9.2,9.32,12.58,1.55,68.0,20512.0,1142.0,1.39,122.8,50.68,1753.54,404.81,9475.0,5.06,4.0,94.73,8200.0
2002-08-02,S&P 500,4808.89,4782.79,4828.35,4778.12,815081780.0,9.2,9.32,12.58,1.55,68.0,20512.0,1142.0,1.39,122.8,50.68,1753.54,404.81,9475.0,5.06,4.0,94.73,8200.0
2002-08-03,S&P 500,4808.89,4782.79,4828.35,4778.12,815081780.0,9.2,9.32,12.58,1.55,68.0,20512.0,1142.0,1.39,122.8,50.68,1753.54,404.81,9475.0,5.06,4.0,94.73,8200.0
2002-08-04,S&P 500,1410.06,1394.22,1453.26,1352.91,784618578.0,6.45,1.19,9.12,1.21,63.0,18085.0,640.0,1.28,108.13,110.8,1779.92,427.41,6165.0,7.29,22.0,82.02,346.0
2002-08-05,S&P 500,1410.06,1394.22,1453.26,1352.91,784618578.0,6.45,1.19,9.12,1.21,63.0,18085.0,640.0,1.28,108.13,110.8,1779.92,427.41,6165.0,7.29,22.0,82.02,346.0
2002-08-06,S&P 500,3035.56,2986.27,3082.1,2972.65,312373166.0,2.65,1.86,11.27,3.53,97.0,14573.0,4901.0,1.35,138.97,144.64,2474.48,426.46,1337.0,2.81,16.0,38.35,7706.0
2002-08-07,S&P 500,3035.56,2986.27,3082.1,2972.65,312373166.0,2.65,1.86,11.27,3.53,97.0,14573.0,4901.0,1.35,138.97,144.64,2474.48,426.46,1337.0,2.81,16.0,38.35,7706.0
2002-08-08,S&P 500,3035.56,2986.27,3082.1,2972.65,312373166.0,2.65,1.86,11.27,3.53,97.0,14573.0,4901.0,1.35,138.97,144.64,2474.48,426.46,1337.0,2.81,16.0,38.35,7706.0
2002-08-09,S&P 500,4310.03,4274.69,4323.759999999999,4225.02,31780426.0,2.86,3.68,2.5,3.19,66.0,22887.0,1788.0,0.94,114.24,54.69,2055.65,338.2,2277.0,5.98,29.0,66.45,13714.0
2002-08-10,S&P 500,3788.84,3754.81,3830.04,3748.23,775363109.0,4.12,7.24,2.35,4.72,87.0,510.0,954.0,1.25,89.8,133.22,1221.9,203.46,5581.0,0.75,28.0,6.95,7887.0
2002-08-11,S&P 500,3788.84,3754.81,3830.04,3748.23,775363109.0,4.12,7.24,2.35,4.72,87.0,510.0,954.0,1.25,89.8,133.22,1221.9,203.46,5581.0,0.75,28.0,6.95,7887.0
2002-08-12,S&P 500,3788.84,3754.81,3830.04,3748.23,775363109.0,4.12,7.24,2.35,4.72,87.0,510.0,954.0,1.25,89.8,133.22,1221.9,203.46,5581.0,0.75,28.0,6.95,7887.0
2002-08-13,S&P 500,3788.84,3754.81,3830.04,3748.23,775363109.0,4.12,7.24,2.35,4.72,87.0,510.0,954.0,1.25,89.8,133.22,1221.9,203.46,5581.0,0.75,28.0,6.95,7887.0
2002-08-14,S&P 500,3788.84,3754.81,3830.04,3748.23,775363109.0,4.12,7.24,2.35,4.72,87.0,510.0,954.0,1.25,89.8,133.22,1221.9,203.46,5581.0,0.75,28.0,6.95,7887.0
2002-08-15,S&P 500,3915.92,3896.81,3948.17,3862.89,620207361.0,8.44,8.46,9.05,2.5,53.0,18385.0,3040.0,1.15,148.75,86.09,1670.49,470.77,5467.0,6.38,47.0,61.43,9664.0
2002-08-16,S&P 500,4446.76,4433.63,4489.33,4385.93,468830979.0,6.17,4.55,10.61,3.59,82.0,25204.0,1507.0,1.21,106.41,113.66,1331.96,429.24,9528.0,7.88,38.0,43.07,3407.0
2002-08-17,S&P 500,2096.29,2123.26,2153.72,2070.74,731603505.0,-3.42,7.75,5.62,0.7,59.0,8405.0,920.0,1.13,81.11,124.11,1479.64,298.04,1533.0,0.68,39.0,90.14,6877.0
2002-08-18,S&P 500,4228.28,4259.37,4302.03,4182.59,949435803.0,9.73,1.93,6.18,1.53,85.0,4103.0,3774.0,0.83,116.49,133.35,894.9,275.21,1956.0,0.03,47.0,32.9,3982.0
2002-08-19,S&P 500,4228.28,4259.37,4302.03,4182.59,949435803.0,9.73,1.93,6.18,1.53,85.0,4103.0,3774.0,0.83,116.49,133.35,894.9,275.21,1956.0,0.03,47.0,32.9,3982.0
2002-08-20,S&P 500,4228.28,4259.37,4302.03,4182.59,949435803.0,9.73,1.93,6.18,1.53,85.0,4103.0,3774.0,0.83,116.49,133.35,894.9,275.21,1956.0,0.03,47.0,32.9,3982.0
2002-08-21,S&P 500,2342.44,2333.09,2364.9700000000003,2317.6000000000004,687354343.0,-4.28,3.48,8.16,6.23,57.0,6188.0,4167.0,0.88,114.83,101.76,2353.79,169.06,5063.0,8.87,26.0,60.56,5118.0
2002-08-22,S&P 500,4914.1,4941.280000000001,4941.860000000001,4904.29,886876484.0,2.57,2.26,8.73,9.98,76.0,7893.0,3387.0,0.86,132.74,39.72,1589.12,113.01,1595.0,1.85,22.0,98.91,11332.0
2002-08-23,S&P 500,4914.1,4941.280000000001,4941.860000000001,4904.29,886876484.0,2.57,2.26,8.73,9.98,76.0,7893.0,3387.0,0.86,132.74,39.72,1589.12,113.01,1595.0,1.85,22.0,98.91,11332.0
2002-08-24,S&P 500,4914.1,4941.280000000001,4941.860000000001,4904.29,886876484.0,2.57,2.26,8.73,9.98,76.0,7893.0,3387.0,0.86,132.74,39.72,1589.12,113.01,1595.0,1.85,22.0,98.91,11332.0
2002-08-25,S&P 500,4914.1,4941.280000000001,4941.860000000001,4904.29,886876484.0,2.57,2.26,8.73,9.98,76.0,7893.0,3387.0,0.86,132.74,39.72,1589.12,113.01,1595.0,1.85,22.0,98.91,11332.0
2002-08-26,S&P 500,4914.1,4941.280000000001,4941.860000000001,4904.29,886876484.0,2.57,2.26,8.73,9.98,76.0,7893.0,3387.0,0.86,132.74,39.72,1589.12,113.01,1595.0,1.85,22.0,98.91,11332.0
2002-08-27,S&P 500,4914.1,4941.280000000001,4941.860000000001,4904.29,886876484.0,2.57,2.26,8.73,9.98,76.0,7893.0,3387.0,0.86,132.74,39.72,1589.12,113.01,1595.0,1.85,22.0,98.91,11332.0
2002-08-28,S&P 500,4914.1,4941.280000000001,4941.860000000001,4904.29,886876484.0,2.57,2.26,8.73,9.98,76.0,7893.0,3387.0,0.86,132.74,39.72,1589.12,113.01,1595.0,1.85,22.0,98.91,11332.0
2002-08-29,S&P 500,2522.07,2551.2000000000003,2557.0200000000004,2517.32,255295291.0,-2.56,8.33,6.26,1.58,75.0,26903.0,3546.0,1.09,139.57,62.35,1237.47,321.84,8234.0,2.26,42.0,15.78,6842.0
2002-08-30,S&P 500,2522.07,2551.2000000000003,2557.0200000000004,2517.32,255295291.0,-2.56,8.33,6.26,1.58,75.0,26903.0,3546.0,1.09,139.57,62.35,1237.47,321.84,8234.0,2.26,42.0,15.78,6842.0
2002-08-31,S&P 500,2522.07,2551.2000000000003,2557.0200000000004,2517.32,255295291.0,-2.56,8.33,6.26,1.58,75.0,26903.0,3546.0,1.09,139.57,62.35,1237.47,321.84,8234.0,2.26,42.0,15.78,6842.0
2002-09-01,S&P 500,3937.78,3972.79,3976.77,3906.65,897220629.0,0.47,7.54,14.73,4.37,69.0,13485.0,296.0,1.34,144.8,140.06,2123.29,287.51,5629.0,1.06,38.0,94.97,3780.0
2002-09-02,S&P 500,2537.42,2516.34,2558.9,2508.4300000000003,942040104.0,0.7,7.52,8.46,9.16,94.0,12514.0,1133.0,1.34,110.85,147.0,2234.14,373.41,5180.0,0.16,17.0,17.86,13258.0
2002-09-03,S&P 500,2537.42,2516.34,2558.9,2508.4300000000003,942040104.0,0.7,7.52,8.46,9.16,94.0,12514.0,1133.0,1.34,110.85,147.0,2234.14,373.41,5180.0,0.16,17.0,17.86,13258.0
2002-09-04,S&P 500,2537.42,2516.34,2558.9,2508.4300000000003,942040104.0,0.7,7.52,8.46,9.16,94.0,12514.0,1133.0,1.34,110.85,147.0,2234.14,373.41,5180.0,0.16,17.0,17.86,13258.0
2002-09-05,S&P 500,2537.42,2516.34,2558.9,2508.4300000000003,942040104.0,0.7,7.52,8.46,9.16,94.0,12514.0,1133.0,1.34,110.85,147.0,2234.14,373.41,5180.0,0.16,17.0,17.86,13258.0
2002-09-06,S&P 500,2537.42,2516.34,2558.9,2508.4300000000003,942040104.0,0.7,7.52,8.46,9.16,94.0,12514.0,1133.0,1.34,110.85,147.0,2234.14,373.41,5180.0,0.16,17.0,17.86,13258.0
2002-09-07,S&P 500,2537.42,2516.34,2558.9,2508.4300000000003,942040104.0,0.7,7.52,8.46,9.16,94.0,12514.0,1133.0,1.34,110.85,147.0,2234.14,373.41,5180.0,0.16,17.0,17.86,13258.0
2002-09-08,S&P 500,2750.65,2765.17,2802.91,2743.56,476911692.0,-2.3,9.98,13.76,1.92,116.0,27831.0,1919.0,1.35,130.24,134.85,2440.98,259.26,9247.0,4.17,14.0,4.32,2867.0
2002-09-09,S&P 500,2750.65,2765.17,2802.91,2743.56,476911692.0,-2.3,9.98,13.76,1.92,116.0,27831.0,1919.0,1.35,130.24,134.85,2440.98,259.26,9247.0,4.17,14.0,4.32,2867.0
2002-09-10,S&P 500,3819.48,3865.52,3897.39,3792.87,328960309.0,4.62,7.26,11.44,3.16,76.0,13465.0,4108.0,1.2,140.07,56.22,872.89,201.25,1785.0,2.38,45.0,38.07,2204.0
2002-09-11,S&P 500,4268.51,4222.97,4296.18,4217.610000000001,866708810.0,6.61,6.93,9.93,1.01,101.0,19733.0,4782.0,1.07,91.32,55.45,1801.82,436.46,384.0,0.92,23.0,62.17,8362.0
2002-09-12,S&P 500,3185.72,3150.03,3186.29,3130.44,869180618.0,1.04,2.04,9.54,1.7,112.0,21319.0,583.0,1.29,133.0,68.8,1400.9,276.16,5032.0,1.09,1.0,33.02,8788.0
2002-09-13,S&P 500,4868.14,4819.54,4902.97,4790.08,939886996.0,5.84,0.59,14.96,6.29,94.0,28288.0,4012.0,0.93,145.28,51.72,1382.55,356.12,5611.0,5.99,35.0,71.22,12647.0
2002-09-14,S&P 500,4868.14,4819.54,4902.97,4790.08,939886996.0,5.84,0.59,14.96,6.29,94.0,28288.0,4012.0,0.93,145.28,51.72,1382.55,356.12,5611.0,5.99,35.0,71.22,12647.0
2002-09-15,S&P 500,3019.18,3062.41,3109.54,3010.42,818586516.0,9.45,7.0,12.14,2.97,87.0,6904.0,4580.0,1.26,108.42,42.44,2367.03,173.32,1262.0,9.02,47.0,60.1,7301.0
2002-09-16,S&P 500,3019.18,3062.41,3109.54,3010.42,818586516.0,9.45,7.0,12.14,2.97,87.0,6904.0,4580.0,1.26,108.42,42.44,2367.03,173.32,1262.0,9.02,47.0,60.1,7301.0
2002-09-17,S&P 500,3019.18,3062.41,3109.54,3010.42,818586516.0,9.45,7.0,12.14,2.97,87.0,6904.0,4580.0,1.26,108.42,42.44,2367.03,173.32,1262.0,9.02,47.0,60.1,7301.0
2002-09-18,S&P 500,3019.18,3062.41,3109.54,3010.42,818586516.0,9.45,7.0,12.14,2.97,87.0,6904.0,4580.0,1.26,108.42,42.44,2367.03,173.32,1262.0,9.02,47.0,60.1,7301.0
2002-09-19,S&P 500,3019.18,3062.41,3109.54,3010.42,818586516.0,9.45,7.0,12.14,2.97,87.0,6904.0,4580.0,1.26,108.42,42.44,2367.03,173.32,1262.0,9.02,47.0,60.1,7301.0
2002-09-20,S&P 500,3019.18,3062.41,3109.54,3010.42,818586516.0,9.45,7.0,12.14,2.97,87.0,6904.0,4580.0,1.26,108.42,42.44,2367.03,173.32,1262.0,9.02,47.0,60.1,7301.0
2002-09-21,S&P 500,3019.18,3062.41,3109.54,3010.42,818586516.0,9.45,7.0,12.14,2.97,87.0,6904.0,4580.0,1.26,108.42,42.44,2367.03,173.32,1262.0,9.02,47.0,60.1,7301.0
2002-09-22,S&P 500,3019.18,3062.41,3109.54,3010.42,818586516.0,9.45,7.0,12.14,2.97,87.0,6904.0,4580.0,1.26,108.42,42.44,2367.03,173.32,1262.0,9.02,47.0,60.1,7301.0
2002-09-23,S&P 500,3019.18,3062.41,3109.54,3010.42,818586516.0,9.45,7.0,12.14,2.97,87.0,6904.0,4580.0,1.26,108.42,42.44,2367.03,173.32,1262.0,9.02,47.0,60.1,7301.0
2002-09-24,S&P 500,3019.18,3062.41,3109.54,3010.42,818586516.0,9.45,7.0,12.14,2.97,87.0,6904.0,4580.0,1.26,108.42,42.44,2367.03,173.32,1262.0,9.02,47.0,60.1,7301.0
2002-09-25,S&P 500,3019.18,3062.41,3109.54,3010.42,818586516.0,9.45,7.0,12.14,2.97,87.0,6904.0,4580.0,1.26,108.42,42.44,2367.03,173.32,1262.0,9.02,47.0,60.1,7301.0
2002-09-26,S&P 500,2160.18,2158.71,2165.58,2111.78,986317000.0,3.59,7.46,8.57,3.33,88.0,6325.0,3227.0,0.84,117.48,54.17,2189.6,265.48,2604.0,5.29,44.0,42.69,10080.0
2002-09-27,S&P 500,2160.18,2158.71,2165.58,2111.78,986317000.0,3.59,7.46,8.57,3.33,88.0,6325.0,3227.0,0.84,117.48,54.17,2189.6,265.48,2604.0,5.29,44.0,42.69,10080.0
2002-09-28,S&P 500,2160.18,2158.71,2165.58,2111.78,986317000.0,3.59,7.46,8.57,3.33,88.0,6325.0,3227.0,0.84,117.48,54.17,2189.6,265.48,2604.0,5.29,44.0,42.69,10080.0
2002-09-29,S&P 500,2160.18,2158.71,2165.58,2111.78,986317000.0,3.59,7.46,8.57,3.33,88.0,6325.0,3227.0,0.84,117.48,54.17,2189.6,265.48,2604.0,5.29,44.0,42.69,10080.0
2002-09-30,S&P 500,2160.18,2158.71,2165.58,2111.78,986317000.0,3.59,7.46,8.57,3.33,88.0,6325.0,3227.0,0.84,117.48,54.17,2189.6,265.48,2604.0,5.29,44.0,42.69,10080.0
2002-10-01,S&P 500,3499.5,3510.81,3532.61,3460.82,729249772.0,9.26,7.98,5.46,7.44,56.0,5957.0,3102.0,0.95,91.3,85.72,1961.24,168.75,1376.0,9.38,35.0,52.22,3934.0
2002-10-02,S&P 500,3499.5,3510.81,3532.61,3460.82,729249772.0,9.26,7.98,5.46,7.44,56.0,5957.0,3102.0,0.95,91.3,85.72,1961.24,168.75,1376.0,9.38,35.0,52.22,3934.0
2002-10-03,S&P 500,3499.5,3510.81,3532.61,3460.82,729249772.0,9.26,7.98,5.46,7.44,56.0,5957.0,3102.0,0.95,91.3,85.72,1961.24,168.75,1376.0,9.38,35.0,52.22,3934.0
2002-10-04,S&P 500,3499.5,3510.81,3532.61,3460.82,729249772.0,9.26,7.98,5.46,7.44,56.0,5957.0,3102.0,0.95,91.3,85.72,1961.24,168.75,1376.0,9.38,35.0,52.22,3934.0
2002-10-05,S&P 500,3499.5,3510.81,3532.61,3460.82,729249772.0,9.26,7.98,5.46,7.44,56.0,5957.0,3102.0,0.95,91.3,85.72,1961.24,168.75,1376.0,9.38,35.0,52.22,3934.0
2002-10-06,S&P 500,3499.5,3510.81,3532.61,3460.82,729249772.0,9.26,7.98,5.46,7.44,56.0,5957.0,3102.0,0.95,91.3,85.72,1961.24,168.75,1376.0,9.38,35.0,52.22,3934.0
2002-10-07,S&P 500,3499.5,3510.81,3532.61,3460.82,729249772.0,9.26,7.98,5.46,7.44,56.0,5957.0,3102.0,0.95,91.3,85.72,1961.24,168.75,1376.0,9.38,35.0,52.22,3934.0
2002-10-08,S&P 500,3499.5,3510.81,3532.61,3460.82,729249772.0,9.26,7.98,5.46,7.44,56.0,5957.0,3102.0,0.95,91.3,85.72,1961.24,168.75,1376.0,9.38,35.0,52.22,3934.0
2002-10-09,S&P 500,2150.53,2182.3100000000004,2200.6600000000003,2134.07,415813438.0,6.0,6.74,6.25,4.92,116.0,9041.0,4486.0,1.25,114.85,67.38,1412.26,339.83,9748.0,0.76,8.0,39.76,13507.0
2002-10-10,S&P 500,2150.53,2182.3100000000004,2200.6600000000003,2134.07,415813438.0,6.0,6.74,6.25,4.92,116.0,9041.0,4486.0,1.25,114.85,67.38,1412.26,339.83,9748.0,0.76,8.0,39.76,13507.0
2002-10-11,S&P 500,2150.53,2182.3100000000004,2200.6600000000003,2134.07,415813438.0,6.0,6.74,6.25,4.92,116.0,9041.0,4486.0,1.25,114.85,67.38,1412.26,339.83,9748.0,0.76,8.0,39.76,13507.0
2002-10-12,S&P 500,2150.53,2182.3100000000004,2200.6600000000003,2134.07,415813438.0,6.0,6.74,6.25,4.92,116.0,9041.0,4486.0,1.25,114.85,67.38,1412.26,339.83,9748.0,0.76,8.0,39.76,13507.0
2002-10-13,S&P 500,2150.53,2182.3100000000004,2200.6600000000003,2134.07,415813438.0,6.0,6.74,6.25,4.92,116.0,9041.0,4486.0,1.25,114.85,67.38,1412.26,339.83,9748.0,0.76,8.0,39.76,13507.0
2002-10-14,S&P 500,3930.8,3894.05,3935.99,3890.42,107846820.0,2.34,9.11,14.81,4.72,103.0,17281.0,810.0,1.42,148.89,94.1,1226.8,496.22,4280.0,4.72,4.0,48.69,8006.0
2002-10-15,S&P 500,3930.8,3894.05,3935.99,3890.42,107846820.0,2.34,9.11,14.81,4.72,103.0,17281.0,810.0,1.42,148.89,94.1,1226.8,496.22,4280.0,4.72,4.0,48.69,8006.0
2002-10-16,S&P 500,3930.8,3894.05,3935.99,3890.42,107846820.0,2.34,9.11,14.81,4.72,103.0,17281.0,810.0,1.42,148.89,94.1,1226.8,496.22,4280.0,4.72,4.0,48.69,8006.0
2002-10-17,S&P 500,3930.8,3894.05,3935.99,3890.42,107846820.0,2.34,9.11,14.81,4.72,103.0,17281.0,810.0,1.42,148.89,94.1,1226.8,496.22,4280.0,4.72,4.0,48.69,8006.0
2002-10-18,S&P 500,3930.8,3894.05,3935.99,3890.42,107846820.0,2.34,9.11,14.81,4.72,103.0,17281.0,810.0,1.42,148.89,94.1,1226.8,496.22,4280.0,4.72,4.0,48.69,8006.0
2002-10-19,S&P 500,3930.8,3894.05,3935.99,3890.42,107846820.0,2.34,9.11,14.81,4.72,103.0,17281.0,810.0,1.42,148.89,94.1,1226.8,496.22,4280.0,4.72,4.0,48.69,8006.0
2002-10-20,S&P 500,3741.78,3777.4,3801.65,3699.03,663147863.0,0.23,4.06,6.08,0.78,81.0,29591.0,4931.0,1.45,146.88,121.05,1443.51,462.56,8300.0,2.53,11.0,39.78,5777.0
2002-10-21,S&P 500,2329.82,2289.74,2345.1000000000004,2241.03,280827010.0,7.34,2.27,3.54,1.83,93.0,11464.0,2726.0,0.83,113.99,50.15,1815.92,325.02,7908.0,4.87,45.0,13.35,9540.0
2002-10-22,S&P 500,2329.82,2289.74,2345.1000000000004,2241.03,280827010.0,7.34,2.27,3.54,1.83,93.0,11464.0,2726.0,0.83,113.99,50.15,1815.92,325.02,7908.0,4.87,45.0,13.35,9540.0
2002-10-23,S&P 500,2329.82,2289.74,2345.1000000000004,2241.03,280827010.0,7.34,2.27,3.54,1.83,93.0,11464.0,2726.0,0.83,113.99,50.15,1815.92,325.02,7908.0,4.87,45.0,13.35,9540.0
2002-10-24,S&P 500,2329.82,2289.74,2345.1000000000004,2241.03,280827010.0,7.34,2.27,3.54,1.83,93.0,11464.0,2726.0,0.83,113.99,50.15,1815.92,325.02,7908.0,4.87,45.0,13.35,9540.0
2002-10-25,S&P 500,2329.82,2289.74,2345.1000000000004,2241.03,280827010.0,7.34,2.27,3.54,1.83,93.0,11464.0,2726.0,0.83,113.99,50.15,1815.92,325.02,7908.0,4.87,45.0,13.35,9540.0
2002-10-26,S&P 500,3685.92,3707.92,3757.77,3663.53,47418028.0,2.48,6.89,11.35,5.26,101.0,17693.0,1518.0,1.11,119.33,73.45,1969.35,352.63,6129.0,9.28,26.0,8.9,10858.0
2002-10-27,S&P 500,3529.13,3489.25,3550.4100000000003,3473.79,671637832.0,9.65,9.52,2.26,9.08,86.0,6973.0,2703.0,0.9,139.49,127.35,897.02,113.76,4340.0,0.08,49.0,69.69,4509.0
2002-10-28,S&P 500,3529.13,3489.25,3550.4100000000003,3473.79,671637832.0,9.65,9.52,2.26,9.08,86.0,6973.0,2703.0,0.9,139.49,127.35,897.02,113.76,4340.0,0.08,49.0,69.69,4509.0
2002-10-29,S&P 500,2673.34,2658.9500000000003,2708.8500000000004,2642.0200000000004,31091529.0,0.38,8.34,4.88,2.05,90.0,7983.0,2118.0,1.45,121.34,68.61,1439.77,343.38,3074.0,5.87,8.0,21.09,959.0
2002-10-30,S&P 500,2673.34,2658.9500000000003,2708.8500000000004,2642.0200000000004,31091529.0,0.38,8.34,4.88,2.05,90.0,7983.0,2118.0,1.45,121.34,68.61,1439.77,343.38,3074.0,5.87,8.0,21.09,959.0
2002-10-31,S&P 500,2673.34,2658.9500000000003,2708.8500000000004,2642.0200000000004,31091529.0,0.38,8.34,4.88,2.05,90.0,7983.0,2118.0,1.45,121.34,68.61,1439.77,343.38,3074.0,5.87,8.0,21.09,959.0
2002-11-01,S&P 500,2673.34,2658.9500000000003,2708.8500000000004,2642.0200000000004,31091529.0,0.38,8.34,4.88,2.05,90.0,7983.0,2118.0,1.45,121.34,68.61,1439.77,343.38,3074.0,5.87,8.0,21.09,959.0
2002-11-02,S&P 500,2105.28,2078.8500000000004,2141.26,2051.6700000000005,222566461.0,-4.69,4.82,8.14,7.96,112.0,9205.0,913.0,0.96,85.38,71.68,947.04,157.51,5422.0,2.94,30.0,9.54,2302.0
2002-11-03,S&P 500,2105.28,2078.8500000000004,2141.26,2051.6700000000005,222566461.0,-4.69,4.82,8.14,7.96,112.0,9205.0,913.0,0.96,85.38,71.68,947.04,157.51,5422.0,2.94,30.0,9.54,2302.0
2002-11-04,S&P 500,2105.28,2078.8500000000004,2141.26,2051.6700000000005,222566461.0,-4.69,4.82,8.14,7.96,112.0,9205.0,913.0,0.96,85.38,71.68,947.04,157.51,5422.0,2.94,30.0,9.54,2302.0
2002-11-05,S&P 500,2105.28,2078.8500000000004,2141.26,2051.6700000000005,222566461.0,-4.69,4.82,8.14,7.96,112.0,9205.0,913.0,0.96,85.38,71.68,947.04,157.51,5422.0,2.94,30.0,9.54,2302.0
2002-11-06,S&P 500,3074.8,3111.46,3122.05,3064.46,652614935.0,2.67,6.85,3.03,8.81,102.0,21703.0,1609.0,1.08,115.11,86.31,1893.9,243.75,2397.0,2.41,13.0,86.19,7918.0
2002-11-07,S&P 500,3074.8,3111.46,3122.05,3064.46,652614935.0,2.67,6.85,3.03,8.81,102.0,21703.0,1609.0,1.08,115.11,86.31,1893.9,243.75,2397.0,2.41,13.0,86.19,7918.0
2002-11-08,S&P 500,3074.8,3111.46,3122.05,3064.46,652614935.0,2.67,6.85,3.03,8.81,102.0,21703.0,1609.0,1.08,115.11,86.31,1893.9,243.75,2397.0,2.41,13.0,86.19,7918.0
2002-11-09,S&P 500,1453.21,1445.96,1502.01,1403.74,952236820.0,-1.77,8.69,3.51,1.39,54.0,27079.0,2446.0,1.13,117.21,48.61,1636.47,178.22,486.0,4.14,3.0,12.79,1685.0
2002-11-10,S&P 500,1453.21,1445.96,1502.01,1403.74,952236820.0,-1.77,8.69,3.51,1.39,54.0,27079.0,2446.0,1.13,117.21,48.61,1636.47,178.22,486.0,4.14,3.0,12.79,1685.0
2002-11-11,S&P 500,1453.21,1445.96,1502.01,1403.74,952236820.0,-1.77,8.69,3.51,1.39,54.0,27079.0,2446.0,1.13,117.21,48.61,1636.47,178.22,486.0,4.14,3.0,12.79,1685.0
2002-11-12,S&P 500,1453.21,1445.96,1502.01,1403.74,952236820.0,-1.77,8.69,3.51,1.39,54.0,27079.0,2446.0,1.13,117.21,48.61,1636.47,178.22,486.0,4.14,3.0,12.79,1685.0
2002-11-13,S&P 500,2690.91,2651.49,2710.77,2631.69,938542254.0,8.04,0.03,11.64,8.25,52.0,22298.0,1765.0,1.0,113.27,142.54,2319.65,369.96,7228.0,9.85,20.0,23.87,1782.0
2002-11-14,S&P 500,2690.91,2651.49,2710.77,2631.69,938542254.0,8.04,0.03,11.64,8.25,52.0,22298.0,1765.0,1.0,113.27,142.54,2319.65,369.96,7228.0,9.85,20.0,23.87,1782.0
2002-11-15,S&P 500,2690.91,2651.49,2710.77,2631.69,938542254.0,8.04,0.03,11.64,8.25,52.0,22298.0,1765.0,1.0,113.27,142.54,2319.65,369.96,7228.0,9.85,20.0,23.87,1782.0
2002-11-16,S&P 500,2690.91,2651.49,2710.77,2631.69,938542254.0,8.04,0.03,11.64,8.25,52.0,22298.0,1765.0,1.0,113.27,142.54,2319.65,369.96,7228.0,9.85,20.0,23.87,1782.0
2002-11-17,S&P 500,1821.33,1822.68,1863.64,1807.44,865213213.0,4.41,4.76,11.8,2.15,72.0,19830.0,1216.0,1.15,100.97,34.64,1670.04,409.89,5338.0,8.62,7.0,63.59,5863.0
2002-11-18,S&P 500,1821.33,1822.68,1863.64,1807.44,865213213.0,4.41,4.76,11.8,2.15,72.0,19830.0,1216.0,1.15,100.97,34.64,1670.04,409.89,5338.0,8.62,7.0,63.59,5863.0
2002-11-19,S&P 500,2074.14,2077.71,2079.75,2041.62,641335585.0,5.78,1.7,4.23,4.94,81.0,2344.0,4642.0,1.0,103.41,93.4,2394.87,114.73,1243.0,1.15,16.0,99.11,11401.0
2002-11-20,S&P 500,2074.14,2077.71,2079.75,2041.62,641335585.0,5.78,1.7,4.23,4.94,81.0,2344.0,4642.0,1.0,103.41,93.4,2394.87,114.73,1243.0,1.15,16.0,99.11,11401.0
2002-11-21,S&P 500,3627.02,3661.84,3690.62,3589.54,773252578.0,3.81,8.68,14.61,5.59,98.0,15757.0,3883.0,1.24,99.96,142.93,1909.6,335.14,8440.0,4.44,45.0,27.44,6938.0
2002-11-22,S&P 500,4874.15,4873.45,4921.679999999999,4847.96,599226502.0,-0.34,6.74,12.15,0.8,64.0,8059.0,3021.0,1.3,90.39,131.66,2068.47,257.12,7085.0,9.89,19.0,91.51,7793.0
2002-11-23,S&P 500,3414.55,3411.74,3457.51,3371.2000000000003,56996904.0,9.99,6.64,5.67,7.02,107.0,25068.0,3429.0,1.2,110.77,72.37,1350.24,114.43,2366.0,2.82,4.0,84.44,1839.0
2002-11-24,S&P 500,1307.92,1306.95,1319.34,1285.1,92541351.0,6.23,5.98,9.33,5.13,102.0,22570.0,4717.0,1.48,114.83,102.78,2272.65,260.77,6426.0,5.29,34.0,8.55,11448.0
2002-11-25,S&P 500,1307.92,1306.95,1319.34,1285.1,92541351.0,6.23,5.98,9.33,5.13,102.0,22570.0,4717.0,1.48,114.83,102.78,2272.65,260.77,6426.0,5.29,34.0,8.55,11448.0
2002-11-26,S&P 500,1307.92,1306.95,1319.34,1285.1,92541351.0,6.23,5.98,9.33,5.13,102.0,22570.0,4717.0,1.48,114.83,102.78,2272.65,260.77,6426.0,5.29,34.0,8.55,11448.0
2002-11-27,S&P 500,1307.92,1306.95,1319.34,1285.1,92541351.0,6.23,5.98,9.33,5.13,102.0,22570.0,4717.0,1.48,114.83,102.78,2272.65,260.77,6426.0,5.29,34.0,8.55,11448.0
2002-11-28,S&P 500,1307.92,1306.95,1319.34,1285.1,92541351.0,6.23,5.98,9.33,5.13,102.0,22570.0,4717.0,1.48,114.83,102.78,2272.65,260.77,6426.0,5.29,34.0,8.55,11448.0
2002-11-29,S&P 500,1307.92,1306.95,1319.34,1285.1,92541351.0,6.23,5.98,9.33,5.13,102.0,22570.0,4717.0,1.48,114.83,102.78,2272.65,260.77,6426.0,5.29,34.0,8.55,11448.0
2002-11-30,S&P 500,1307.92,1306.95,1319.34,1285.1,92541351.0,6.23,5.98,9.33,5.13,102.0,22570.0,4717.0,1.48,114.83,102.78,2272.65,260.77,6426.0,5.29,34.0,8.55,11448.0
2002-12-01,S&P 500,1307.92,1306.95,1319.34,1285.1,92541351.0,6.23,5.98,9.33,5.13,102.0,22570.0,4717.0,1.48,114.83,102.78,2272.65,260.77,6426.0,5.29,34.0,8.55,11448.0
2002-12-02,S&P 500,2069.61,2099.01,2122.23,2048.19,139947011.0,4.39,2.61,4.02,2.97,96.0,20931.0,2613.0,1.28,115.96,57.78,1449.17,189.19,7571.0,0.38,42.0,42.62,397.0
2002-12-03,S&P 500,1060.44,1059.09,1073.11,1042.5200000000002,857291740.0,-3.74,6.16,12.7,1.99,92.0,14071.0,3615.0,0.86,115.26,104.55,1839.78,401.1,9003.0,4.97,4.0,41.32,6164.0
2002-12-04,S&P 500,1060.44,1059.09,1073.11,1042.5200000000002,857291740.0,-3.74,6.16,12.7,1.99,92.0,14071.0,3615.0,0.86,115.26,104.55,1839.78,401.1,9003.0,4.97,4.0,41.32,6164.0
2002-12-05,S&P 500,1060.44,1059.09,1073.11,1042.5200000000002,857291740.0,-3.74,6.16,12.7,1.99,92.0,14071.0,3615.0,0.86,115.26,104.55,1839.78,401.1,9003.0,4.97,4.0,41.32,6164.0
2002-12-06,S&P 500,1060.44,1059.09,1073.11,1042.5200000000002,857291740.0,-3.74,6.16,12.7,1.99,92.0,14071.0,3615.0,0.86,115.26,104.55,1839.78,401.1,9003.0,4.97,4.0,41.32,6164.0
2002-12-07,S&P 500,3826.52,3871.45,3915.78,3803.33,787739455.0,-0.54,4.56,7.91,6.73,95.0,12945.0,2680.0,1.0,119.34,64.49,883.96,427.53,2452.0,7.61,15.0,71.47,8568.0
2002-12-08,S&P 500,3826.52,3871.45,3915.78,3803.33,787739455.0,-0.54,4.56,7.91,6.73,95.0,12945.0,2680.0,1.0,119.34,64.49,883.96,427.53,2452.0,7.61,15.0,71.47,8568.0
2002-12-09,S&P 500,2251.63,2218.52,2272.77,2211.07,616684222.0,3.17,8.36,4.08,0.98,90.0,11523.0,2267.0,1.32,120.12,144.59,1146.94,495.22,9283.0,7.56,32.0,42.25,10914.0
2002-12-10,S&P 500,2251.63,2218.52,2272.77,2211.07,616684222.0,3.17,8.36,4.08,0.98,90.0,11523.0,2267.0,1.32,120.12,144.59,1146.94,495.22,9283.0,7.56,32.0,42.25,10914.0
2002-12-11,S&P 500,2251.63,2218.52,2272.77,2211.07,616684222.0,3.17,8.36,4.08,0.98,90.0,11523.0,2267.0,1.32,120.12,144.59,1146.94,495.22,9283.0,7.56,32.0,42.25,10914.0
2002-12-12,S&P 500,2251.63,2218.52,2272.77,2211.07,616684222.0,3.17,8.36,4.08,0.98,90.0,11523.0,2267.0,1.32,120.12,144.59,1146.94,495.22,9283.0,7.56,32.0,42.25,10914.0
2002-12-13,S&P 500,4786.93,4769.240000000001,4826.14,4759.77,605282252.0,6.73,0.43,12.24,9.67,101.0,21100.0,4905.0,1.14,113.43,139.08,905.84,467.46,960.0,4.78,24.0,80.43,10458.0
2002-12-14,S&P 500,4786.93,4769.240000000001,4826.14,4759.77,605282252.0,6.73,0.43,12.24,9.67,101.0,21100.0,4905.0,1.14,113.43,139.08,905.84,467.46,960.0,4.78,24.0,80.43,10458.0
2002-12-15,S&P 500,1619.31,1624.48,1660.61,1618.11,944495569.0,6.74,7.18,11.72,3.12,86.0,25749.0,3248.0,1.0,123.04,87.85,877.78,198.94,1414.0,3.13,46.0,27.21,12670.0
2002-12-16,S&P 500,1619.31,1624.48,1660.61,1618.11,944495569.0,6.74,7.18,11.72,3.12,86.0,25749.0,3248.0,1.0,123.04,87.85,877.78,198.94,1414.0,3.13,46.0,27.21,12670.0
2002-12-17,S&P 500,3946.14,3940.87,3963.04,3911.82,997193100.0,5.25,6.46,2.99,7.1,76.0,24618.0,3257.0,1.23,137.46,146.26,2042.36,335.58,1157.0,3.41,35.0,53.25,13547.0
2002-12-18,S&P 500,4531.98,4578.53,4602.02,4500.7,871539221.0,2.22,6.87,14.09,5.6,51.0,8006.0,100.0,0.84,93.47,25.43,1626.31,217.36,6986.0,5.33,34.0,52.76,10753.0
2002-12-19,S&P 500,4531.98,4578.53,4602.02,4500.7,871539221.0,2.22,6.87,14.09,5.6,51.0,8006.0,100.0,0.84,93.47,25.43,1626.31,217.36,6986.0,5.33,34.0,52.76,10753.0
2002-12-20,S&P 500,4531.98,4578.53,4602.02,4500.7,871539221.0,2.22,6.87,14.09,5.6,51.0,8006.0,100.0,0.84,93.47,25.43,1626.31,217.36,6986.0,5.33,34.0,52.76,10753.0
2002-12-21,S&P 500,4531.98,4578.53,4602.02,4500.7,871539221.0,2.22,6.87,14.09,5.6,51.0,8006.0,100.0,0.84,93.47,25.43,1626.31,217.36,6986.0,5.33,34.0,52.76,10753.0
2002-12-22,S&P 500,3720.45,3716.23,3727.36,3701.78,603415206.0,-4.17,4.67,11.3,0.91,105.0,7826.0,673.0,0.91,102.24,147.32,1852.14,176.69,9461.0,4.06,3.0,98.17,10369.0
2002-12-23,S&P 500,2632.61,2658.56,2678.51,2601.24,726595377.0,-2.77,3.37,11.56,8.12,80.0,29987.0,1648.0,0.86,124.46,61.78,1350.34,278.29,7985.0,2.23,7.0,54.91,12405.0
2002-12-24,S&P 500,1061.58,1032.1799999999998,1110.58,1003.87,126998293.0,3.65,6.19,14.96,5.56,92.0,29269.0,285.0,1.32,133.95,139.42,1553.76,292.68,1673.0,3.47,10.0,31.88,10362.0
2002-12-25,S&P 500,1061.58,1032.1799999999998,1110.58,1003.87,126998293.0,3.65,6.19,14.96,5.56,92.0,29269.0,285.0,1.32,133.95,139.42,1553.76,292.68,1673.0,3.47,10.0,31.88,10362.0
2002-12-26,S&P 500,1061.58,1032.1799999999998,1110.58,1003.87,126998293.0,3.65,6.19,14.96,5.56,92.0,29269.0,285.0,1.32,133.95,139.42,1553.76,292.68,1673.0,3.47,10.0,31.88,10362.0
2002-12-27,S&P 500,1061.58,1032.1799999999998,1110.58,1003.87,126998293.0,3.65,6.19,14.96,5.56,92.0,29269.0,285.0,1.32,133.95,139.42,1553.76,292.68,1673.0,3.47,10.0,31.88,10362.0
2002-12-28,S&P 500,1061.58,1032.1799999999998,1110.58,1003.87,126998293.0,3.65,6.19,14.96,5.56,92.0,29269.0,285.0,1.32,133.95,139.42,1553.76,292.68,1673.0,3.47,10.0,31.88,10362.0
2002-12-29,S&P 500,1061.58,1032.1799999999998,1110.58,1003.87,126998293.0,3.65,6.19,14.96,5.56,92.0,29269.0,285.0,1.32,133.95,139.42,1553.76,292.68,1673.0,3.47,10.0,31.88,10362.0
2002-12-30,S&P 500,4359.21,4365.58,4400.69,4316.76,777400873.0,2.22,5.53,5.23,3.69,83.0,21454.0,1720.0,0.91,85.5,48.29,2005.07,381.21,7200.0,9.75,19.0,90.36,7809.0
2002-12-31,S&P 500,1754.16,1724.66,1779.8200000000002,1693.84,470485368.0,6.12,3.29,4.89,3.83,116.0,19455.0,1996.0,1.36,138.13,38.79,2493.58,380.3,6327.0,3.24,31.0,23.84,13530.0
2003-01-01,S&P 500,1754.16,1724.66,1779.8200000000002,1693.84,470485368.0,6.12,3.29,4.89,3.83,116.0,19455.0,1996.0,1.36,138.13,38.79,2493.58,380.3,6327.0,3.24,31.0,23.84,13530.0
2003-01-02,S&P 500,4908.03,4863.259999999999,4922.48,4854.4,579423941.0,2.4,4.66,13.78,2.02,107.0,26491.0,1900.0,0.93,111.94,36.63,1018.87,107.46,4778.0,2.82,26.0,45.13,7211.0
2003-01-03,S&P 500,4908.03,4863.259999999999,4922.48,4854.4,579423941.0,2.4,4.66,13.78,2.02,107.0,26491.0,1900.0,0.93,111.94,36.63,1018.87,107.46,4778.0,2.82,26.0,45.13,7211.0
2003-01-04,S&P 500,4908.03,4863.259999999999,4922.48,4854.4,579423941.0,2.4,4.66,13.78,2.02,107.0,26491.0,1900.0,0.93,111.94,36.63,1018.87,107.46,4778.0,2.82,26.0,45.13,7211.0
2003-01-05,S&P 500,4908.03,4863.259999999999,4922.48,4854.4,579423941.0,2.4,4.66,13.78,2.02,107.0,26491.0,1900.0,0.93,111.94,36.63,1018.87,107.46,4778.0,2.82,26.0,45.13,7211.0
2003-01-06,S&P 500,4908.03,4863.259999999999,4922.48,4854.4,579423941.0,2.4,4.66,13.78,2.02,107.0,26491.0,1900.0,0.93,111.94,36.63,1018.87,107.46,4778.0,2.82,26.0,45.13,7211.0
2003-01-07,S&P 500,3993.54,4015.81,4055.41,3980.44,297948169.0,-1.51,8.24,5.32,4.45,84.0,18117.0,2752.0,1.43,99.59,128.97,1681.41,206.08,2369.0,7.66,27.0,6.99,12660.0
2003-01-08,S&P 500,3993.54,4015.81,4055.41,3980.44,297948169.0,-1.51,8.24,5.32,4.45,84.0,18117.0,2752.0,1.43,99.59,128.97,1681.41,206.08,2369.0,7.66,27.0,6.99,12660.0
2003-01-09,S&P 500,2736.08,2776.67,2812.48,2696.22,240244891.0,1.62,2.08,7.05,7.98,75.0,5211.0,1286.0,0.99,97.83,122.59,1553.88,142.46,4428.0,1.97,33.0,10.26,3496.0
2003-01-10,S&P 500,2736.08,2776.67,2812.48,2696.22,240244891.0,1.62,2.08,7.05,7.98,75.0,5211.0,1286.0,0.99,97.83,122.59,1553.88,142.46,4428.0,1.97,33.0,10.26,3496.0
2003-01-11,S&P 500,2736.08,2776.67,2812.48,2696.22,240244891.0,1.62,2.08,7.05,7.98,75.0,5211.0,1286.0,0.99,97.83,122.59,1553.88,142.46,4428.0,1.97,33.0,10.26,3496.0
2003-01-12,S&P 500,2736.08,2776.67,2812.48,2696.22,240244891.0,1.62,2.08,7.05,7.98,75.0,5211.0,1286.0,0.99,97.83,122.59,1553.88,142.46,4428.0,1.97,33.0,10.26,3496.0
2003-01-13,S&P 500,1036.22,994.41,1076.78,979.56,916533267.0,6.44,4.37,6.4,9.93,96.0,13339.0,3894.0,1.46,95.57,112.79,1846.07,456.52,7132.0,9.73,48.0,5.49,10162.0
2003-01-14,S&P 500,3357.82,3327.42,3368.9500000000003,3306.09,799752625.0,6.03,2.69,11.18,5.92,119.0,7199.0,2819.0,1.0,127.45,133.67,949.97,408.22,1469.0,0.53,45.0,59.62,8017.0
2003-01-15,S&P 500,3453.17,3497.55,3533.42,3443.87,502450170.0,7.22,7.0,12.74,1.82,107.0,13667.0,4702.0,1.28,111.79,86.3,2253.63,339.43,1555.0,1.92,24.0,23.55,14420.0
2003-01-16,S&P 500,3550.75,3598.4,3645.56,3545.2,711359360.0,-4.52,1.26,6.5,3.09,59.0,8959.0,2326.0,0.85,118.86,50.4,2402.19,168.8,2365.0,6.4,16.0,17.75,14442.0
2003-01-17,S&P 500,3550.75,3598.4,3645.56,3545.2,711359360.0,-4.52,1.26,6.5,3.09,59.0,8959.0,2326.0,0.85,118.86,50.4,2402.19,168.8,2365.0,6.4,16.0,17.75,14442.0
2003-01-18,S&P 500,3550.75,3598.4,3645.56,3545.2,711359360.0,-4.52,1.26,6.5,3.09,59.0,8959.0,2326.0,0.85,118.86,50.4,2402.19,168.8,2365.0,6.4,16.0,17.75,14442.0
2003-01-19,S&P 500,3550.75,3598.4,3645.56,3545.2,711359360.0,-4.52,1.26,6.5,3.09,59.0,8959.0,2326.0,0.85,118.86,50.4,2402.19,168.8,2365.0,6.4,16.0,17.75,14442.0
2003-01-20,S&P 500,3550.75,3598.4,3645.56,3545.2,711359360.0,-4.52,1.26,6.5,3.09,59.0,8959.0,2326.0,0.85,118.86,50.4,2402.19,168.8,2365.0,6.4,16.0,17.75,14442.0
2003-01-21,S&P 500,4509.88,4530.12,4553.9,4506.05,225741600.0,-4.21,4.68,4.03,6.5,108.0,27717.0,4057.0,0.89,142.44,143.31,1189.02,230.72,813.0,2.08,31.0,82.95,2577.0
2003-01-22,S&P 500,4509.88,4530.12,4553.9,4506.05,225741600.0,-4.21,4.68,4.03,6.5,108.0,27717.0,4057.0,0.89,142.44,143.31,1189.02,230.72,813.0,2.08,31.0,82.95,2577.0
2003-01-23,S&P 500,4509.88,4530.12,4553.9,4506.05,225741600.0,-4.21,4.68,4.03,6.5,108.0,27717.0,4057.0,0.89,142.44,143.31,1189.02,230.72,813.0,2.08,31.0,82.95,2577.0
2003-01-24,S&P 500,4509.88,4530.12,4553.9,4506.05,225741600.0,-4.21,4.68,4.03,6.5,108.0,27717.0,4057.0,0.89,142.44,143.31,1189.02,230.72,813.0,2.08,31.0,82.95,2577.0
2003-01-25,S&P 500,4509.88,4530.12,4553.9,4506.05,225741600.0,-4.21,4.68,4.03,6.5,108.0,27717.0,4057.0,0.89,142.44,143.31,1189.02,230.72,813.0,2.08,31.0,82.95,2577.0
2003-01-26,S&P 500,4509.88,4530.12,4553.9,4506.05,225741600.0,-4.21,4.68,4.03,6.5,108.0,27717.0,4057.0,0.89,142.44,143.31,1189.02,230.72,813.0,2.08,31.0,82.95,2577.0
2003-01-27,S&P 500,4509.88,4530.12,4553.9,4506.05,225741600.0,-4.21,4.68,4.03,6.5,108.0,27717.0,4057.0,0.89,142.44,143.31,1189.02,230.72,813.0,2.08,31.0,82.95,2577.0
2003-01-28,S&P 500,4509.88,4530.12,4553.9,4506.05,225741600.0,-4.21,4.68,4.03,6.5,108.0,27717.0,4057.0,0.89,142.44,143.31,1189.02,230.72,813.0,2.08,31.0,82.95,2577.0
2003-01-29,S&P 500,4509.88,4530.12,4553.9,4506.05,225741600.0,-4.21,4.68,4.03,6.5,108.0,27717.0,4057.0,0.89,142.44,143.31,1189.02,230.72,813.0,2.08,31.0,82.95,2577.0
2003-01-30,S&P 500,4509.88,4530.12,4553.9,4506.05,225741600.0,-4.21,4.68,4.03,6.5,108.0,27717.0,4057.0,0.89,142.44,143.31,1189.02,230.72,813.0,2.08,31.0,82.95,2577.0
2003-01-31,S&P 500,4509.88,4530.12,4553.9,4506.05,225741600.0,-4.21,4.68,4.03,6.5,108.0,27717.0,4057.0,0.89,142.44,143.31,1189.02,230.72,813.0,2.08,31.0,82.95,2577.0
2003-02-01,S&P 500,4509.88,4530.12,4553.9,4506.05,225741600.0,-4.21,4.68,4.03,6.5,108.0,27717.0,4057.0,0.89,142.44,143.31,1189.02,230.72,813.0,2.08,31.0,82.95,2577.0
2003-02-02,S&P 500,1324.6,1304.61,1354.65,1255.16,780869462.0,8.64,4.53,9.95,3.81,50.0,8513.0,261.0,1.3,129.58,77.48,1216.09,493.41,3014.0,6.18,22.0,38.51,7980.0
2003-02-03,S&P 500,4805.96,4771.09,4841.45,4737.58,563923205.0,-1.73,8.9,8.15,6.3,104.0,24839.0,798.0,1.12,103.63,54.41,960.02,380.95,7890.0,7.3,16.0,88.78,8741.0
2003-02-04,S&P 500,4805.96,4771.09,4841.45,4737.58,563923205.0,-1.73,8.9,8.15,6.3,104.0,24839.0,798.0,1.12,103.63,54.41,960.02,380.95,7890.0,7.3,16.0,88.78,8741.0
2003-02-05,S&P 500,4805.96,4771.09,4841.45,4737.58,563923205.0,-1.73,8.9,8.15,6.3,104.0,24839.0,798.0,1.12,103.63,54.41,960.02,380.95,7890.0,7.3,16.0,88.78,8741.0
2003-02-06,S&P 500,4805.96,4771.09,4841.45,4737.58,563923205.0,-1.73,8.9,8.15,6.3,104.0,24839.0,798.0,1.12,103.63,54.41,960.02,380.95,7890.0,7.3,16.0,88.78,8741.0
2003-02-07,S&P 500,4730.84,4734.81,4760.85,4717.13,897378103.0,6.92,9.71,7.18,9.74,85.0,2654.0,2305.0,1.45,102.97,122.79,2225.33,197.17,8548.0,6.02,18.0,23.08,7876.0
2003-02-08,S&P 500,4730.84,4734.81,4760.85,4717.13,897378103.0,6.92,9.71,7.18,9.74,85.0,2654.0,2305.0,1.45,102.97,122.79,2225.33,197.17,8548.0,6.02,18.0,23.08,7876.0
2003-02-09,S&P 500,1801.13,1752.93,1839.96,1747.23,605875495.0,7.12,9.64,12.03,9.0,63.0,11036.0,2092.0,1.44,85.19,35.48,2166.51,288.41,2535.0,8.46,38.0,94.39,4531.0
2003-02-10,S&P 500,3467.13,3427.36,3494.74,3409.98,38892713.0,4.18,1.58,13.91,5.79,50.0,4423.0,1132.0,1.48,129.22,21.02,1164.06,306.26,1848.0,6.98,39.0,44.54,10183.0
2003-02-11,S&P 500,3971.53,3962.58,4004.58,3924.440000000001,393166381.0,-2.1,0.52,13.05,9.39,96.0,10546.0,3383.0,0.92,136.93,59.76,1796.96,431.08,8423.0,7.33,18.0,80.56,9192.0
2003-02-12,S&P 500,3951.67,3994.99,4011.14,3921.27,762025633.0,2.1,5.79,12.37,2.17,70.0,22968.0,3610.0,0.9,91.43,126.07,1694.63,155.79,2774.0,8.08,7.0,28.89,7944.0
2003-02-13,S&P 500,3951.67,3994.99,4011.14,3921.27,762025633.0,2.1,5.79,12.37,2.17,70.0,22968.0,3610.0,0.9,91.43,126.07,1694.63,155.79,2774.0,8.08,7.0,28.89,7944.0
2003-02-14,S&P 500,3951.67,3994.99,4011.14,3921.27,762025633.0,2.1,5.79,12.37,2.17,70.0,22968.0,3610.0,0.9,91.43,126.07,1694.63,155.79,2774.0,8.08,7.0,28.89,7944.0
2003-02-15,S&P 500,2484.45,2481.09,2504.7,2451.0199999999995,944366139.0,1.41,2.12,11.76,8.89,65.0,4290.0,1933.0,1.11,108.76,118.88,1157.24,475.61,9094.0,7.74,17.0,52.0,10888.0
2003-02-16,S&P 500,2484.45,2481.09,2504.7,2451.0199999999995,944366139.0,1.41,2.12,11.76,8.89,65.0,4290.0,1933.0,1.11,108.76,118.88,1157.24,475.61,9094.0,7.74,17.0,52.0,10888.0
2003-02-17,S&P 500,2484.45,2481.09,2504.7,2451.0199999999995,944366139.0,1.41,2.12,11.76,8.89,65.0,4290.0,1933.0,1.11,108.76,118.88,1157.24,475.61,9094.0,7.74,17.0,52.0,10888.0
2003-02-18,S&P 500,2484.45,2481.09,2504.7,2451.0199999999995,944366139.0,1.41,2.12,11.76,8.89,65.0,4290.0,1933.0,1.11,108.76,118.88,1157.24,475.61,9094.0,7.74,17.0,52.0,10888.0
2003-02-19,S&P 500,2484.45,2481.09,2504.7,2451.0199999999995,944366139.0,1.41,2.12,11.76,8.89,65.0,4290.0,1933.0,1.11,108.76,118.88,1157.24,475.61,9094.0,7.74,17.0,52.0,10888.0
2003-02-20,S&P 500,2473.8,2440.61,2494.3500000000004,2408.19,9653210.0,8.83,9.75,13.93,6.23,110.0,1773.0,2561.0,0.92,130.27,82.21,2064.67,440.88,2652.0,8.52,32.0,72.31,3421.0
2003-02-21,S&P 500,2473.8,2440.61,2494.3500000000004,2408.19,9653210.0,8.83,9.75,13.93,6.23,110.0,1773.0,2561.0,0.92,130.27,82.21,2064.67,440.88,2652.0,8.52,32.0,72.31,3421.0
2003-02-22,S&P 500,2473.8,2440.61,2494.3500000000004,2408.19,9653210.0,8.83,9.75,13.93,6.23,110.0,1773.0,2561.0,0.92,130.27,82.21,2064.67,440.88,2652.0,8.52,32.0,72.31,3421.0
2003-02-23,S&P 500,4149.55,4162.06,4182.52,4143.08,287267276.0,7.05,3.27,14.3,8.35,51.0,27180.0,671.0,1.03,149.73,28.6,2227.89,369.03,6523.0,1.21,4.0,4.14,2699.0
2003-02-24,S&P 500,4149.55,4162.06,4182.52,4143.08,287267276.0,7.05,3.27,14.3,8.35,51.0,27180.0,671.0,1.03,149.73,28.6,2227.89,369.03,6523.0,1.21,4.0,4.14,2699.0
2003-02-25,S&P 500,4149.55,4162.06,4182.52,4143.08,287267276.0,7.05,3.27,14.3,8.35,51.0,27180.0,671.0,1.03,149.73,28.6,2227.89,369.03,6523.0,1.21,4.0,4.14,2699.0
2003-02-26,S&P 500,1993.53,1997.55,2022.41,1969.16,271530172.0,-1.39,1.0,2.14,9.16,68.0,29917.0,683.0,0.98,149.24,75.08,1026.76,263.97,6626.0,9.23,37.0,43.0,2882.0
2003-02-27,S&P 500,1993.53,1997.55,2022.41,1969.16,271530172.0,-1.39,1.0,2.14,9.16,68.0,29917.0,683.0,0.98,149.24,75.08,1026.76,263.97,6626.0,9.23,37.0,43.0,2882.0
2003-02-28,S&P 500,1993.53,1997.55,2022.41,1969.16,271530172.0,-1.39,1.0,2.14,9.16,68.0,29917.0,683.0,0.98,149.24,75.08,1026.76,263.97,6626.0,9.23,37.0,43.0,2882.0
2003-03-01,S&P 500,2770.18,2738.91,2778.64,2709.1,415031931.0,7.84,8.8,7.87,2.44,73.0,23736.0,4645.0,1.19,110.88,60.56,812.22,300.53,380.0,5.94,36.0,88.16,1934.0
2003-03-02,S&P 500,2770.18,2738.91,2778.64,2709.1,415031931.0,7.84,8.8,7.87,2.44,73.0,23736.0,4645.0,1.19,110.88,60.56,812.22,300.53,380.0,5.94,36.0,88.16,1934.0
2003-03-03,S&P 500,4745.12,4769.46,4816.09,4744.44,513519198.0,4.73,0.24,13.93,2.57,109.0,8311.0,4670.0,0.82,128.75,62.13,2146.99,133.73,7860.0,8.03,14.0,33.58,14234.0
2003-03-04,S&P 500,1256.03,1278.36,1308.61,1252.15,605856652.0,5.88,9.89,6.67,6.55,98.0,10987.0,3888.0,1.09,149.17,30.19,2065.62,318.99,9768.0,7.57,16.0,67.19,3207.0
2003-03-05,S&P 500,4298.97,4262.58,4331.9400000000005,4243.0,596865675.0,3.24,7.1,13.13,8.87,53.0,10889.0,2233.0,1.02,86.42,139.77,833.61,222.39,372.0,9.93,36.0,61.22,4303.0
2003-03-06,S&P 500,4298.97,4262.58,4331.9400000000005,4243.0,596865675.0,3.24,7.1,13.13,8.87,53.0,10889.0,2233.0,1.02,86.42,139.77,833.61,222.39,372.0,9.93,36.0,61.22,4303.0
2003-03-07,S&P 500,2775.68,2741.16,2821.13,2722.32,921713532.0,4.72,3.9,8.49,8.37,98.0,28360.0,2132.0,0.81,145.84,143.9,960.48,336.61,7606.0,1.25,28.0,39.18,13872.0
2003-03-08,S&P 500,2775.68,2741.16,2821.13,2722.32,921713532.0,4.72,3.9,8.49,8.37,98.0,28360.0,2132.0,0.81,145.84,143.9,960.48,336.61,7606.0,1.25,28.0,39.18,13872.0
2003-03-09,S&P 500,2775.68,2741.16,2821.13,2722.32,921713532.0,4.72,3.9,8.49,8.37,98.0,28360.0,2132.0,0.81,145.84,143.9,960.48,336.61,7606.0,1.25,28.0,39.18,13872.0
2003-03-10,S&P 500,2775.68,2741.16,2821.13,2722.32,921713532.0,4.72,3.9,8.49,8.37,98.0,28360.0,2132.0,0.81,145.84,143.9,960.48,336.61,7606.0,1.25,28.0,39.18,13872.0
2003-03-11,S&P 500,2775.68,2741.16,2821.13,2722.32,921713532.0,4.72,3.9,8.49,8.37,98.0,28360.0,2132.0,0.81,145.84,143.9,960.48,336.61,7606.0,1.25,28.0,39.18,13872.0
2003-03-12,S&P 500,2775.68,2741.16,2821.13,2722.32,921713532.0,4.72,3.9,8.49,8.37,98.0,28360.0,2132.0,0.81,145.84,143.9,960.48,336.61,7606.0,1.25,28.0,39.18,13872.0
2003-03-13,S&P 500,2775.68,2741.16,2821.13,2722.32,921713532.0,4.72,3.9,8.49,8.37,98.0,28360.0,2132.0,0.81,145.84,143.9,960.48,336.61,7606.0,1.25,28.0,39.18,13872.0
2003-03-14,S&P 500,2775.68,2741.16,2821.13,2722.32,921713532.0,4.72,3.9,8.49,8.37,98.0,28360.0,2132.0,0.81,145.84,143.9,960.48,336.61,7606.0,1.25,28.0,39.18,13872.0
2003-03-15,S&P 500,2775.68,2741.16,2821.13,2722.32,921713532.0,4.72,3.9,8.49,8.37,98.0,28360.0,2132.0,0.81,145.84,143.9,960.48,336.61,7606.0,1.25,28.0,39.18,13872.0
2003-03-16,S&P 500,2638.68,2602.9,2652.96,2584.7899999999995,659237940.0,3.83,5.78,5.4,8.33,89.0,20366.0,1955.0,1.19,114.41,97.79,992.06,189.97,5486.0,1.35,38.0,11.02,10654.0
2003-03-17,S&P 500,2638.68,2602.9,2652.96,2584.7899999999995,659237940.0,3.83,5.78,5.4,8.33,89.0,20366.0,1955.0,1.19,114.41,97.79,992.06,189.97,5486.0,1.35,38.0,11.02,10654.0
2003-03-18,S&P 500,2638.68,2602.9,2652.96,2584.7899999999995,659237940.0,3.83,5.78,5.4,8.33,89.0,20366.0,1955.0,1.19,114.41,97.79,992.06,189.97,5486.0,1.35,38.0,11.02,10654.0
2003-03-19,S&P 500,2638.68,2602.9,2652.96,2584.7899999999995,659237940.0,3.83,5.78,5.4,8.33,89.0,20366.0,1955.0,1.19,114.41,97.79,992.06,189.97,5486.0,1.35,38.0,11.02,10654.0
2003-03-20,S&P 500,2638.68,2602.9,2652.96,2584.7899999999995,659237940.0,3.83,5.78,5.4,8.33,89.0,20366.0,1955.0,1.19,114.41,97.79,992.06,189.97,5486.0,1.35,38.0,11.02,10654.0
2003-03-21,S&P 500,2638.68,2602.9,2652.96,2584.7899999999995,659237940.0,3.83,5.78,5.4,8.33,89.0,20366.0,1955.0,1.19,114.41,97.79,992.06,189.97,5486.0,1.35,38.0,11.02,10654.0
2003-03-22,S&P 500,2638.68,2602.9,2652.96,2584.7899999999995,659237940.0,3.83,5.78,5.4,8.33,89.0,20366.0,1955.0,1.19,114.41,97.79,992.06,189.97,5486.0,1.35,38.0,11.02,10654.0
2003-03-23,S&P 500,2638.68,2602.9,2652.96,2584.7899999999995,659237940.0,3.83,5.78,5.4,8.33,89.0,20366.0,1955.0,1.19,114.41,97.79,992.06,189.97,5486.0,1.35,38.0,11.02,10654.0
2003-03-24,S&P 500,2638.68,2602.9,2652.96,2584.7899999999995,659237940.0,3.83,5.78,5.4,8.33,89.0,20366.0,1955.0,1.19,114.41,97.79,992.06,189.97,5486.0,1.35,38.0,11.02,10654.0
2003-03-25,S&P 500,2638.68,2602.9,2652.96,2584.7899999999995,659237940.0,3.83,5.78,5.4,8.33,89.0,20366.0,1955.0,1.19,114.41,97.79,992.06,189.97,5486.0,1.35,38.0,11.02,10654.0
2003-03-26,S&P 500,2638.68,2602.9,2652.96,2584.7899999999995,659237940.0,3.83,5.78,5.4,8.33,89.0,20366.0,1955.0,1.19,114.41,97.79,992.06,189.97,5486.0,1.35,38.0,11.02,10654.0
2003-03-27,S&P 500,2638.68,2602.9,2652.96,2584.7899999999995,659237940.0,3.83,5.78,5.4,8.33,89.0,20366.0,1955.0,1.19,114.41,97.79,992.06,189.97,5486.0,1.35,38.0,11.02,10654.0
2003-03-28,S&P 500,2156.75,2127.76,2177.14,2083.24,56665995.0,-2.48,2.03,2.12,3.44,110.0,26523.0,2231.0,1.01,87.38,22.65,2039.69,137.5,6223.0,7.28,11.0,18.27,3798.0
2003-03-29,S&P 500,2156.75,2127.76,2177.14,2083.24,56665995.0,-2.48,2.03,2.12,3.44,110.0,26523.0,2231.0,1.01,87.38,22.65,2039.69,137.5,6223.0,7.28,11.0,18.27,3798.0
2003-03-30,S&P 500,2156.75,2127.76,2177.14,2083.24,56665995.0,-2.48,2.03,2.12,3.44,110.0,26523.0,2231.0,1.01,87.38,22.65,2039.69,137.5,6223.0,7.28,11.0,18.27,3798.0
2003-03-31,S&P 500,3060.02,3012.22,3095.12,3008.59,489322582.0,3.11,9.47,2.13,8.15,69.0,18639.0,2399.0,0.93,118.36,44.9,1624.97,163.73,3541.0,0.19,0.0,65.84,4165.0
2003-04-01,S&P 500,3142.22,3172.49,3208.53,3106.51,683841841.0,5.5,0.72,12.46,5.23,91.0,7533.0,4016.0,1.08,127.25,141.31,1340.08,180.17,1019.0,2.38,48.0,53.53,2658.0
2003-04-02,S&P 500,3142.22,3172.49,3208.53,3106.51,683841841.0,5.5,0.72,12.46,5.23,91.0,7533.0,4016.0,1.08,127.25,141.31,1340.08,180.17,1019.0,2.38,48.0,53.53,2658.0
2003-04-03,S&P 500,3142.22,3172.49,3208.53,3106.51,683841841.0,5.5,0.72,12.46,5.23,91.0,7533.0,4016.0,1.08,127.25,141.31,1340.08,180.17,1019.0,2.38,48.0,53.53,2658.0
2003-04-04,S&P 500,4314.22,4277.780000000001,4361.92,4252.27,596812493.0,8.24,2.48,13.89,5.34,80.0,26955.0,4108.0,1.27,138.09,65.1,2089.59,404.91,2212.0,3.44,22.0,47.53,860.0
2003-04-05,S&P 500,4157.17,4121.7300000000005,4197.88,4100.040000000001,8875728.0,9.51,7.71,9.04,4.46,119.0,27885.0,2573.0,1.06,106.34,102.3,1394.83,326.65,4051.0,4.97,27.0,82.4,8993.0
2003-04-06,S&P 500,4157.17,4121.7300000000005,4197.88,4100.040000000001,8875728.0,9.51,7.71,9.04,4.46,119.0,27885.0,2573.0,1.06,106.34,102.3,1394.83,326.65,4051.0,4.97,27.0,82.4,8993.0
2003-04-07,S&P 500,4157.17,4121.7300000000005,4197.88,4100.040000000001,8875728.0,9.51,7.71,9.04,4.46,119.0,27885.0,2573.0,1.06,106.34,102.3,1394.83,326.65,4051.0,4.97,27.0,82.4,8993.0
2003-04-08,S&P 500,4811.26,4839.530000000001,4886.22,4764.2,80072697.0,5.85,6.08,5.97,6.13,107.0,20945.0,2186.0,1.33,144.91,30.22,1215.64,280.39,5367.0,8.79,11.0,41.4,13120.0
2003-04-09,S&P 500,4811.26,4839.530000000001,4886.22,4764.2,80072697.0,5.85,6.08,5.97,6.13,107.0,20945.0,2186.0,1.33,144.91,30.22,1215.64,280.39,5367.0,8.79,11.0,41.4,13120.0
2003-04-10,S&P 500,4811.26,4839.530000000001,4886.22,4764.2,80072697.0,5.85,6.08,5.97,6.13,107.0,20945.0,2186.0,1.33,144.91,30.22,1215.64,280.39,5367.0,8.79,11.0,41.4,13120.0
2003-04-11,S&P 500,3022.54,2988.13,3027.2,2965.65,539568370.0,5.3,9.96,4.13,8.87,83.0,12594.0,2052.0,1.02,122.15,86.96,869.82,431.33,9512.0,1.48,17.0,58.09,11648.0
2003-04-12,S&P 500,3022.54,2988.13,3027.2,2965.65,539568370.0,5.3,9.96,4.13,8.87,83.0,12594.0,2052.0,1.02,122.15,86.96,869.82,431.33,9512.0,1.48,17.0,58.09,11648.0
2003-04-13,S&P 500,3022.54,2988.13,3027.2,2965.65,539568370.0,5.3,9.96,4.13,8.87,83.0,12594.0,2052.0,1.02,122.15,86.96,869.82,431.33,9512.0,1.48,17.0,58.09,11648.0
2003-04-14,S&P 500,1410.27,1381.2,1444.2,1366.56,159871177.0,3.77,5.41,8.04,8.59,68.0,25038.0,1793.0,0.82,140.87,118.49,950.41,471.97,853.0,2.83,42.0,4.46,9604.0
2003-04-15,S&P 500,1410.27,1381.2,1444.2,1366.56,159871177.0,3.77,5.41,8.04,8.59,68.0,25038.0,1793.0,0.82,140.87,118.49,950.41,471.97,853.0,2.83,42.0,4.46,9604.0
2003-04-16,S&P 500,3213.48,3233.81,3281.09,3197.71,362908423.0,-0.02,7.75,8.12,7.24,113.0,20204.0,4380.0,1.1,82.23,30.13,981.44,269.06,9732.0,9.01,46.0,4.81,8435.0
2003-04-17,S&P 500,3213.48,3233.81,3281.09,3197.71,362908423.0,-0.02,7.75,8.12,7.24,113.0,20204.0,4380.0,1.1,82.23,30.13,981.44,269.06,9732.0,9.01,46.0,4.81,8435.0
2003-04-18,S&P 500,3213.48,3233.81,3281.09,3197.71,362908423.0,-0.02,7.75,8.12,7.24,113.0,20204.0,4380.0,1.1,82.23,30.13,981.44,269.06,9732.0,9.01,46.0,4.81,8435.0
2003-04-19,S&P 500,3213.48,3233.81,3281.09,3197.71,362908423.0,-0.02,7.75,8.12,7.24,113.0,20204.0,4380.0,1.1,82.23,30.13,981.44,269.06,9732.0,9.01,46.0,4.81,8435.0
2003-04-20,S&P 500,3707.76,3666.8,3754.4,3663.38,604964940.0,-1.9,4.98,4.07,3.05,93.0,8918.0,4764.0,1.1,146.14,55.01,2310.05,409.95,2306.0,0.71,22.0,85.51,11600.0
2003-04-21,S&P 500,3707.76,3666.8,3754.4,3663.38,604964940.0,-1.9,4.98,4.07,3.05,93.0,8918.0,4764.0,1.1,146.14,55.01,2310.05,409.95,2306.0,0.71,22.0,85.51,11600.0
2003-04-22,S&P 500,4435.06,4410.92,4460.120000000001,4366.01,705379165.0,-1.94,9.38,9.72,7.12,95.0,2307.0,3807.0,1.26,87.59,120.92,1336.04,216.87,7265.0,1.0,10.0,34.25,8496.0
2003-04-23,S&P 500,3993.42,3977.14,4027.77,3948.07,199767262.0,-3.19,5.1,11.73,0.61,103.0,13000.0,252.0,1.5,123.71,132.96,2331.92,451.32,7446.0,1.77,27.0,89.72,6021.0
2003-04-24,S&P 500,3993.42,3977.14,4027.77,3948.07,199767262.0,-3.19,5.1,11.73,0.61,103.0,13000.0,252.0,1.5,123.71,132.96,2331.92,451.32,7446.0,1.77,27.0,89.72,6021.0
2003-04-25,S&P 500,3993.42,3977.14,4027.77,3948.07,199767262.0,-3.19,5.1,11.73,0.61,103.0,13000.0,252.0,1.5,123.71,132.96,2331.92,451.32,7446.0,1.77,27.0,89.72,6021.0
2003-04-26,S&P 500,3993.42,3977.14,4027.77,3948.07,199767262.0,-3.19,5.1,11.73,0.61,103.0,13000.0,252.0,1.5,123.71,132.96,2331.92,451.32,7446.0,1.77,27.0,89.72,6021.0
2003-04-27,S&P 500,3993.42,3977.14,4027.77,3948.07,199767262.0,-3.19,5.1,11.73,0.61,103.0,13000.0,252.0,1.5,123.71,132.96,2331.92,451.32,7446.0,1.77,27.0,89.72,6021.0
2003-04-28,S&P 500,1717.01,1707.11,1720.23,1657.53,496597256.0,-3.4,9.32,5.21,3.38,69.0,3655.0,3667.0,1.02,92.98,44.81,1972.55,346.77,9702.0,2.25,20.0,37.62,8057.0
2003-04-29,S&P 500,3775.8,3760.87,3795.92,3711.710000000001,521170645.0,3.25,6.79,11.61,3.13,74.0,9610.0,4371.0,0.98,94.77,38.98,1114.98,479.55,943.0,3.84,35.0,30.35,12694.0
2003-04-30,S&P 500,3775.8,3760.87,3795.92,3711.710000000001,521170645.0,3.25,6.79,11.61,3.13,74.0,9610.0,4371.0,0.98,94.77,38.98,1114.98,479.55,943.0,3.84,35.0,30.35,12694.0
2003-05-01,S&P 500,3775.8,3760.87,3795.92,3711.710000000001,521170645.0,3.25,6.79,11.61,3.13,74.0,9610.0,4371.0,0.98,94.77,38.98,1114.98,479.55,943.0,3.84,35.0,30.35,12694.0
2003-05-02,S&P 500,3775.8,3760.87,3795.92,3711.710000000001,521170645.0,3.25,6.79,11.61,3.13,74.0,9610.0,4371.0,0.98,94.77,38.98,1114.98,479.55,943.0,3.84,35.0,30.35,12694.0
2003-05-03,S&P 500,3775.8,3760.87,3795.92,3711.710000000001,521170645.0,3.25,6.79,11.61,3.13,74.0,9610.0,4371.0,0.98,94.77,38.98,1114.98,479.55,943.0,3.84,35.0,30.35,12694.0
2003-05-04,S&P 500,3775.8,3760.87,3795.92,3711.710000000001,521170645.0,3.25,6.79,11.61,3.13,74.0,9610.0,4371.0,0.98,94.77,38.98,1114.98,479.55,943.0,3.84,35.0,30.35,12694.0
2003-05-05,S&P 500,3929.6,3894.74,3935.97,3878.32,370851684.0,-3.03,1.6,11.56,1.14,58.0,3131.0,4842.0,0.85,114.91,62.36,2446.09,165.02,5785.0,0.25,12.0,1.71,3376.0
2003-05-06,S&P 500,3929.6,3894.74,3935.97,3878.32,370851684.0,-3.03,1.6,11.56,1.14,58.0,3131.0,4842.0,0.85,114.91,62.36,2446.09,165.02,5785.0,0.25,12.0,1.71,3376.0
2003-05-07,S&P 500,1645.45,1666.17,1695.63,1641.78,765815631.0,5.08,3.88,4.48,4.75,70.0,26421.0,2815.0,1.44,101.74,78.48,901.97,369.07,1661.0,9.79,18.0,37.01,12900.0
2003-05-08,S&P 500,1334.22,1303.26,1360.83,1293.47,100212330.0,-4.44,1.6,10.63,7.22,99.0,5130.0,453.0,1.23,98.19,55.72,2218.4,159.57,5547.0,4.33,7.0,63.11,7436.0
2003-05-09,S&P 500,1076.52,1063.19,1089.84,1038.93,793612307.0,7.83,8.89,3.28,3.56,65.0,7368.0,1402.0,1.15,113.87,147.47,1000.54,103.6,9403.0,4.56,28.0,9.08,533.0
2003-05-10,S&P 500,1076.52,1063.19,1089.84,1038.93,793612307.0,7.83,8.89,3.28,3.56,65.0,7368.0,1402.0,1.15,113.87,147.47,1000.54,103.6,9403.0,4.56,28.0,9.08,533.0
2003-05-11,S&P 500,4563.42,4576.24,4622.61,4539.15,933675051.0,7.76,5.69,13.29,5.58,75.0,2329.0,3831.0,1.05,83.12,136.65,1910.38,196.6,303.0,4.76,39.0,11.12,13876.0
2003-05-12,S&P 500,1966.15,1928.29,1986.28,1911.52,829892331.0,7.37,7.75,10.14,9.46,93.0,10355.0,4721.0,0.94,100.55,96.1,2067.75,446.9,4776.0,3.03,15.0,64.64,12148.0
2003-05-13,S&P 500,1966.15,1928.29,1986.28,1911.52,829892331.0,7.37,7.75,10.14,9.46,93.0,10355.0,4721.0,0.94,100.55,96.1,2067.75,446.9,4776.0,3.03,15.0,64.64,12148.0
2003-05-14,S&P 500,1421.38,1449.45,1468.65,1393.87,225814728.0,4.5,7.01,13.54,5.39,95.0,13111.0,1637.0,0.84,113.89,23.84,1545.44,365.14,963.0,1.85,29.0,61.75,12966.0
2003-05-15,S&P 500,1421.38,1449.45,1468.65,1393.87,225814728.0,4.5,7.01,13.54,5.39,95.0,13111.0,1637.0,0.84,113.89,23.84,1545.44,365.14,963.0,1.85,29.0,61.75,12966.0
2003-05-16,S&P 500,1421.38,1449.45,1468.65,1393.87,225814728.0,4.5,7.01,13.54,5.39,95.0,13111.0,1637.0,0.84,113.89,23.84,1545.44,365.14,963.0,1.85,29.0,61.75,12966.0
2003-05-17,S&P 500,3431.01,3472.1400000000003,3478.2700000000004,3382.15,95434835.0,4.94,0.71,4.53,0.72,66.0,17770.0,900.0,1.24,104.08,35.84,1928.26,172.73,8825.0,3.45,19.0,41.7,4281.0
2003-05-18,S&P 500,3431.01,3472.1400000000003,3478.2700000000004,3382.15,95434835.0,4.94,0.71,4.53,0.72,66.0,17770.0,900.0,1.24,104.08,35.84,1928.26,172.73,8825.0,3.45,19.0,41.7,4281.0
2003-05-19,S&P 500,3431.01,3472.1400000000003,3478.2700000000004,3382.15,95434835.0,4.94,0.71,4.53,0.72,66.0,17770.0,900.0,1.24,104.08,35.84,1928.26,172.73,8825.0,3.45,19.0,41.7,4281.0
2003-05-20,S&P 500,3431.01,3472.1400000000003,3478.2700000000004,3382.15,95434835.0,4.94,0.71,4.53,0.72,66.0,17770.0,900.0,1.24,104.08,35.84,1928.26,172.73,8825.0,3.45,19.0,41.7,4281.0
2003-05-21,S&P 500,3431.01,3472.1400000000003,3478.2700000000004,3382.15,95434835.0,4.94,0.71,4.53,0.72,66.0,17770.0,900.0,1.24,104.08,35.84,1928.26,172.73,8825.0,3.45,19.0,41.7,4281.0
2003-05-22,S&P 500,3431.01,3472.1400000000003,3478.2700000000004,3382.15,95434835.0,4.94,0.71,4.53,0.72,66.0,17770.0,900.0,1.24,104.08,35.84,1928.26,172.73,8825.0,3.45,19.0,41.7,4281.0
2003-05-23,S&P 500,3431.01,3472.1400000000003,3478.2700000000004,3382.15,95434835.0,4.94,0.71,4.53,0.72,66.0,17770.0,900.0,1.24,104.08,35.84,1928.26,172.73,8825.0,3.45,19.0,41.7,4281.0
2003-05-24,S&P 500,3431.01,3472.1400000000003,3478.2700000000004,3382.15,95434835.0,4.94,0.71,4.53,0.72,66.0,17770.0,900.0,1.24,104.08,35.84,1928.26,172.73,8825.0,3.45,19.0,41.7,4281.0
2003-05-25,S&P 500,3431.01,3472.1400000000003,3478.2700000000004,3382.15,95434835.0,4.94,0.71,4.53,0.72,66.0,17770.0,900.0,1.24,104.08,35.84,1928.26,172.73,8825.0,3.45,19.0,41.7,4281.0
2003-05-26,S&P 500,3431.01,3472.1400000000003,3478.2700000000004,3382.15,95434835.0,4.94,0.71,4.53,0.72,66.0,17770.0,900.0,1.24,104.08,35.84,1928.26,172.73,8825.0,3.45,19.0,41.7,4281.0
2003-05-27,S&P 500,2715.78,2675.26,2750.55,2672.61,639755589.0,-4.48,8.43,5.05,4.25,75.0,3259.0,2769.0,0.95,82.69,25.91,2215.01,131.64,462.0,4.46,34.0,99.78,5583.0
2003-05-28,S&P 500,2715.78,2675.26,2750.55,2672.61,639755589.0,-4.48,8.43,5.05,4.25,75.0,3259.0,2769.0,0.95,82.69,25.91,2215.01,131.64,462.0,4.46,34.0,99.78,5583.0
2003-05-29,S&P 500,2715.78,2675.26,2750.55,2672.61,639755589.0,-4.48,8.43,5.05,4.25,75.0,3259.0,2769.0,0.95,82.69,25.91,2215.01,131.64,462.0,4.46,34.0,99.78,5583.0
2003-05-30,S&P 500,2715.78,2675.26,2750.55,2672.61,639755589.0,-4.48,8.43,5.05,4.25,75.0,3259.0,2769.0,0.95,82.69,25.91,2215.01,131.64,462.0,4.46,34.0,99.78,5583.0
2003-05-31,S&P 500,2715.78,2675.26,2750.55,2672.61,639755589.0,-4.48,8.43,5.05,4.25,75.0,3259.0,2769.0,0.95,82.69,25.91,2215.01,131.64,462.0,4.46,34.0,99.78,5583.0
2003-06-01,S&P 500,2715.78,2675.26,2750.55,2672.61,639755589.0,-4.48,8.43,5.05,4.25,75.0,3259.0,2769.0,0.95,82.69,25.91,2215.01,131.64,462.0,4.46,34.0,99.78,5583.0
2003-06-02,S&P 500,2647.83,2677.57,2700.08,2642.6,899447611.0,1.47,9.95,5.94,1.68,104.0,10403.0,3772.0,1.15,99.98,104.87,1677.53,454.81,5363.0,6.98,8.0,44.78,868.0
2003-06-03,S&P 500,2647.83,2677.57,2700.08,2642.6,899447611.0,1.47,9.95,5.94,1.68,104.0,10403.0,3772.0,1.15,99.98,104.87,1677.53,454.81,5363.0,6.98,8.0,44.78,868.0
2003-06-04,S&P 500,2647.83,2677.57,2700.08,2642.6,899447611.0,1.47,9.95,5.94,1.68,104.0,10403.0,3772.0,1.15,99.98,104.87,1677.53,454.81,5363.0,6.98,8.0,44.78,868.0
2003-06-05,S&P 500,3130.02,3126.4,3132.14,3093.01,180241408.0,7.2,3.61,11.93,2.21,89.0,11551.0,2971.0,1.24,118.74,87.48,844.34,293.75,2802.0,1.42,14.0,81.88,9081.0
2003-06-06,S&P 500,1461.58,1428.98,1493.26,1390.05,350097198.0,-0.54,5.46,9.48,8.13,72.0,25882.0,3345.0,1.07,93.2,44.71,2020.85,249.05,9869.0,4.58,31.0,36.43,14085.0
2003-06-07,S&P 500,3422.55,3406.3,3434.98,3367.49,734385193.0,-1.79,6.54,12.74,6.01,75.0,19940.0,967.0,0.95,82.84,142.57,2333.7,485.72,1731.0,1.84,38.0,60.03,996.0
2003-06-08,S&P 500,1468.82,1420.63,1484.03,1393.88,560933297.0,5.0,6.2,3.66,9.58,67.0,21634.0,4308.0,0.94,112.3,68.53,2377.41,261.08,946.0,3.36,43.0,4.94,6576.0
2003-06-09,S&P 500,1468.82,1420.63,1484.03,1393.88,560933297.0,5.0,6.2,3.66,9.58,67.0,21634.0,4308.0,0.94,112.3,68.53,2377.41,261.08,946.0,3.36,43.0,4.94,6576.0
2003-06-10,S&P 500,1468.82,1420.63,1484.03,1393.88,560933297.0,5.0,6.2,3.66,9.58,67.0,21634.0,4308.0,0.94,112.3,68.53,2377.41,261.08,946.0,3.36,43.0,4.94,6576.0
2003-06-11,S&P 500,1468.82,1420.63,1484.03,1393.88,560933297.0,5.0,6.2,3.66,9.58,67.0,21634.0,4308.0,0.94,112.3,68.53,2377.41,261.08,946.0,3.36,43.0,4.94,6576.0
2003-06-12,S&P 500,1468.82,1420.63,1484.03,1393.88,560933297.0,5.0,6.2,3.66,9.58,67.0,21634.0,4308.0,0.94,112.3,68.53,2377.41,261.08,946.0,3.36,43.0,4.94,6576.0
2003-06-13,S&P 500,1468.82,1420.63,1484.03,1393.88,560933297.0,5.0,6.2,3.66,9.58,67.0,21634.0,4308.0,0.94,112.3,68.53,2377.41,261.08,946.0,3.36,43.0,4.94,6576.0
2003-06-14,S&P 500,4582.7,4554.25,4589.19,4513.08,128610035.0,4.32,1.73,10.47,2.3,111.0,23151.0,4692.0,1.24,83.93,68.07,1371.38,403.51,2346.0,3.87,17.0,90.23,7188.0
2003-06-15,S&P 500,1817.27,1779.32,1839.96,1730.23,667261411.0,-3.63,1.39,3.22,7.81,91.0,2281.0,2342.0,1.16,111.09,60.53,1172.58,359.15,9754.0,8.69,33.0,66.19,7536.0
2003-06-16,S&P 500,1817.27,1779.32,1839.96,1730.23,667261411.0,-3.63,1.39,3.22,7.81,91.0,2281.0,2342.0,1.16,111.09,60.53,1172.58,359.15,9754.0,8.69,33.0,66.19,7536.0
2003-06-17,S&P 500,2677.09,2642.75,2711.46,2604.58,527221606.0,-1.59,4.93,11.42,5.54,84.0,17873.0,2588.0,1.24,126.48,123.37,1684.15,112.07,6293.0,3.69,24.0,38.1,7105.0
2003-06-18,S&P 500,1072.5,1119.98,1151.64,1067.51,664487702.0,-1.19,0.63,14.92,6.29,104.0,29009.0,1612.0,1.02,127.56,66.51,2221.69,378.01,1463.0,0.55,11.0,47.71,10077.0
2003-06-19,S&P 500,4171.03,4205.28,4245.82,4132.19,107118105.0,2.56,9.46,11.01,6.29,98.0,11856.0,2871.0,1.25,98.37,139.78,1822.29,134.18,3702.0,1.3,44.0,35.31,6471.0
2003-06-20,S&P 500,4171.03,4205.28,4245.82,4132.19,107118105.0,2.56,9.46,11.01,6.29,98.0,11856.0,2871.0,1.25,98.37,139.78,1822.29,134.18,3702.0,1.3,44.0,35.31,6471.0
2003-06-21,S&P 500,4171.03,4205.28,4245.82,4132.19,107118105.0,2.56,9.46,11.01,6.29,98.0,11856.0,2871.0,1.25,98.37,139.78,1822.29,134.18,3702.0,1.3,44.0,35.31,6471.0
2003-06-22,S&P 500,4171.03,4205.28,4245.82,4132.19,107118105.0,2.56,9.46,11.01,6.29,98.0,11856.0,2871.0,1.25,98.37,139.78,1822.29,134.18,3702.0,1.3,44.0,35.31,6471.0
2003-06-23,S&P 500,3513.71,3494.02,3521.01,3463.49,931777856.0,3.09,6.04,14.96,4.84,79.0,27154.0,3043.0,1.02,146.31,64.77,1961.26,179.59,475.0,3.91,8.0,91.51,4891.0
2003-06-24,S&P 500,3754.53,3768.35,3782.81,3748.57,247744138.0,1.41,5.3,12.13,6.81,118.0,877.0,4499.0,1.12,85.04,20.89,1375.88,423.18,122.0,8.11,39.0,86.54,3386.0
2003-06-25,S&P 500,3754.53,3768.35,3782.81,3748.57,247744138.0,1.41,5.3,12.13,6.81,118.0,877.0,4499.0,1.12,85.04,20.89,1375.88,423.18,122.0,8.11,39.0,86.54,3386.0
2003-06-26,S&P 500,1039.92,1082.76,1108.85,1036.04,256100617.0,3.4,7.48,3.03,3.47,55.0,6545.0,1816.0,0.98,106.98,146.01,1586.74,330.91,1129.0,7.56,24.0,6.87,5265.0
2003-06-27,S&P 500,3893.77,3850.33,3926.96,3803.83,170134221.0,-1.19,5.76,11.45,1.68,60.0,14110.0,4233.0,1.16,138.07,147.72,1338.2,354.34,4475.0,2.95,46.0,55.27,4210.0
2003-06-28,S&P 500,3893.77,3850.33,3926.96,3803.83,170134221.0,-1.19,5.76,11.45,1.68,60.0,14110.0,4233.0,1.16,138.07,147.72,1338.2,354.34,4475.0,2.95,46.0,55.27,4210.0
2003-06-29,S&P 500,3893.77,3850.33,3926.96,3803.83,170134221.0,-1.19,5.76,11.45,1.68,60.0,14110.0,4233.0,1.16,138.07,147.72,1338.2,354.34,4475.0,2.95,46.0,55.27,4210.0
2003-06-30,S&P 500,3893.77,3850.33,3926.96,3803.83,170134221.0,-1.19,5.76,11.45,1.68,60.0,14110.0,4233.0,1.16,138.07,147.72,1338.2,354.34,4475.0,2.95,46.0,55.27,4210.0
2003-07-01,S&P 500,3893.77,3850.33,3926.96,3803.83,170134221.0,-1.19,5.76,11.45,1.68,60.0,14110.0,4233.0,1.16,138.07,147.72,1338.2,354.34,4475.0,2.95,46.0,55.27,4210.0
2003-07-02,S&P 500,3893.77,3850.33,3926.96,3803.83,170134221.0,-1.19,5.76,11.45,1.68,60.0,14110.0,4233.0,1.16,138.07,147.72,1338.2,354.34,4475.0,2.95,46.0,55.27,4210.0
2003-07-03,S&P 500,3893.77,3850.33,3926.96,3803.83,170134221.0,-1.19,5.76,11.45,1.68,60.0,14110.0,4233.0,1.16,138.07,147.72,1338.2,354.34,4475.0,2.95,46.0,55.27,4210.0
2003-07-04,S&P 500,3893.77,3850.33,3926.96,3803.83,170134221.0,-1.19,5.76,11.45,1.68,60.0,14110.0,4233.0,1.16,138.07,147.72,1338.2,354.34,4475.0,2.95,46.0,55.27,4210.0
2003-07-05,S&P 500,2805.18,2837.87,2858.77,2780.79,878167002.0,-3.97,2.71,10.89,4.17,96.0,18722.0,3497.0,1.01,84.69,114.75,1651.58,121.85,5023.0,9.86,7.0,69.43,13009.0
2003-07-06,S&P 500,1733.77,1740.04,1787.19,1684.28,159231479.0,0.43,6.29,5.83,8.76,57.0,14858.0,1887.0,1.01,84.39,26.63,900.57,166.4,8522.0,9.06,16.0,34.05,3582.0
2003-07-07,S&P 500,4419.9,4446.12,4482.2,4409.2,522554817.0,9.03,9.17,2.12,0.87,66.0,13124.0,3455.0,1.05,110.67,55.8,1130.09,275.69,186.0,5.27,42.0,99.99,1922.0
2003-07-08,S&P 500,4530.24,4551.599999999999,4556.009999999999,4509.349999999999,893788646.0,7.94,3.16,10.23,1.88,94.0,7070.0,1113.0,1.06,120.99,66.18,1170.0,431.63,4584.0,0.35,21.0,89.41,10514.0
2003-07-09,S&P 500,4530.24,4551.599999999999,4556.009999999999,4509.349999999999,893788646.0,7.94,3.16,10.23,1.88,94.0,7070.0,1113.0,1.06,120.99,66.18,1170.0,431.63,4584.0,0.35,21.0,89.41,10514.0
2003-07-10,S&P 500,4530.24,4551.599999999999,4556.009999999999,4509.349999999999,893788646.0,7.94,3.16,10.23,1.88,94.0,7070.0,1113.0,1.06,120.99,66.18,1170.0,431.63,4584.0,0.35,21.0,89.41,10514.0
2003-07-11,S&P 500,4530.24,4551.599999999999,4556.009999999999,4509.349999999999,893788646.0,7.94,3.16,10.23,1.88,94.0,7070.0,1113.0,1.06,120.99,66.18,1170.0,431.63,4584.0,0.35,21.0,89.41,10514.0
2003-07-12,S&P 500,4214.15,4207.36,4255.16,4192.74,611486333.0,0.34,0.62,14.6,0.61,70.0,29594.0,3556.0,1.32,89.09,83.35,1909.32,296.93,2329.0,1.61,0.0,89.41,975.0
2003-07-13,S&P 500,4214.15,4207.36,4255.16,4192.74,611486333.0,0.34,0.62,14.6,0.61,70.0,29594.0,3556.0,1.32,89.09,83.35,1909.32,296.93,2329.0,1.61,0.0,89.41,975.0
2003-07-14,S&P 500,4214.15,4207.36,4255.16,4192.74,611486333.0,0.34,0.62,14.6,0.61,70.0,29594.0,3556.0,1.32,89.09,83.35,1909.32,296.93,2329.0,1.61,0.0,89.41,975.0
2003-07-15,S&P 500,4214.15,4207.36,4255.16,4192.74,611486333.0,0.34,0.62,14.6,0.61,70.0,29594.0,3556.0,1.32,89.09,83.35,1909.32,296.93,2329.0,1.61,0.0,89.41,975.0
2003-07-16,S&P 500,4214.15,4207.36,4255.16,4192.74,611486333.0,0.34,0.62,14.6,0.61,70.0,29594.0,3556.0,1.32,89.09,83.35,1909.32,296.93,2329.0,1.61,0.0,89.41,975.0
2003-07-17,S&P 500,4214.15,4207.36,4255.16,4192.74,611486333.0,0.34,0.62,14.6,0.61,70.0,29594.0,3556.0,1.32,89.09,83.35,1909.32,296.93,2329.0,1.61,0.0,89.41,975.0
2003-07-18,S&P 500,4214.15,4207.36,4255.16,4192.74,611486333.0,0.34,0.62,14.6,0.61,70.0,29594.0,3556.0,1.32,89.09,83.35,1909.32,296.93,2329.0,1.61,0.0,89.41,975.0
2003-07-19,S&P 500,4872.26,4909.070000000001,4956.51,4859.4400000000005,226502791.0,9.29,5.31,7.29,6.53,98.0,10381.0,2025.0,0.95,110.43,68.07,2117.67,163.54,2483.0,1.89,37.0,16.02,507.0
2003-07-20,S&P 500,4872.26,4909.070000000001,4956.51,4859.4400000000005,226502791.0,9.29,5.31,7.29,6.53,98.0,10381.0,2025.0,0.95,110.43,68.07,2117.67,163.54,2483.0,1.89,37.0,16.02,507.0
2003-07-21,S&P 500,4872.26,4909.070000000001,4956.51,4859.4400000000005,226502791.0,9.29,5.31,7.29,6.53,98.0,10381.0,2025.0,0.95,110.43,68.07,2117.67,163.54,2483.0,1.89,37.0,16.02,507.0
2003-07-22,S&P 500,4872.26,4909.070000000001,4956.51,4859.4400000000005,226502791.0,9.29,5.31,7.29,6.53,98.0,10381.0,2025.0,0.95,110.43,68.07,2117.67,163.54,2483.0,1.89,37.0,16.02,507.0
2003-07-23,S&P 500,4872.26,4909.070000000001,4956.51,4859.4400000000005,226502791.0,9.29,5.31,7.29,6.53,98.0,10381.0,2025.0,0.95,110.43,68.07,2117.67,163.54,2483.0,1.89,37.0,16.02,507.0
2003-07-24,S&P 500,4872.26,4909.070000000001,4956.51,4859.4400000000005,226502791.0,9.29,5.31,7.29,6.53,98.0,10381.0,2025.0,0.95,110.43,68.07,2117.67,163.54,2483.0,1.89,37.0,16.02,507.0
2003-07-25,S&P 500,2733.89,2762.18,2775.44,2686.68,875664241.0,1.76,3.38,14.68,6.13,80.0,23582.0,4457.0,1.43,114.42,136.23,2126.34,418.7,1194.0,9.88,44.0,30.18,10400.0
2003-07-26,S&P 500,4988.73,4983.0,5013.48,4953.52,739105901.0,-0.03,2.18,14.19,5.62,53.0,7937.0,1727.0,1.26,84.34,62.87,1389.92,426.0,4107.0,1.72,35.0,51.7,12894.0
2003-07-27,S&P 500,4988.73,4983.0,5013.48,4953.52,739105901.0,-0.03,2.18,14.19,5.62,53.0,7937.0,1727.0,1.26,84.34,62.87,1389.92,426.0,4107.0,1.72,35.0,51.7,12894.0
2003-07-28,S&P 500,4988.73,4983.0,5013.48,4953.52,739105901.0,-0.03,2.18,14.19,5.62,53.0,7937.0,1727.0,1.26,84.34,62.87,1389.92,426.0,4107.0,1.72,35.0,51.7,12894.0
2003-07-29,S&P 500,4988.73,4983.0,5013.48,4953.52,739105901.0,-0.03,2.18,14.19,5.62,53.0,7937.0,1727.0,1.26,84.34,62.87,1389.92,426.0,4107.0,1.72,35.0,51.7,12894.0
2003-07-30,S&P 500,4988.73,4983.0,5013.48,4953.52,739105901.0,-0.03,2.18,14.19,5.62,53.0,7937.0,1727.0,1.26,84.34,62.87,1389.92,426.0,4107.0,1.72,35.0,51.7,12894.0
2003-07-31,S&P 500,4988.73,4983.0,5013.48,4953.52,739105901.0,-0.03,2.18,14.19,5.62,53.0,7937.0,1727.0,1.26,84.34,62.87,1389.92,426.0,4107.0,1.72,35.0,51.7,12894.0
2003-08-01,S&P 500,4988.73,4983.0,5013.48,4953.52,739105901.0,-0.03,2.18,14.19,5.62,53.0,7937.0,1727.0,1.26,84.34,62.87,1389.92,426.0,4107.0,1.72,35.0,51.7,12894.0
2003-08-02,S&P 500,4988.73,4983.0,5013.48,4953.52,739105901.0,-0.03,2.18,14.19,5.62,53.0,7937.0,1727.0,1.26,84.34,62.87,1389.92,426.0,4107.0,1.72,35.0,51.7,12894.0
2003-08-03,S&P 500,4988.73,4983.0,5013.48,4953.52,739105901.0,-0.03,2.18,14.19,5.62,53.0,7937.0,1727.0,1.26,84.34,62.87,1389.92,426.0,4107.0,1.72,35.0,51.7,12894.0
2003-08-04,S&P 500,3890.95,3877.13,3904.19,3846.41,441313437.0,-2.5,9.53,4.2,4.04,116.0,26756.0,314.0,1.1,86.87,93.8,859.68,286.48,5081.0,4.13,10.0,38.18,10118.0
2003-08-05,S&P 500,3890.95,3877.13,3904.19,3846.41,441313437.0,-2.5,9.53,4.2,4.04,116.0,26756.0,314.0,1.1,86.87,93.8,859.68,286.48,5081.0,4.13,10.0,38.18,10118.0
2003-08-06,S&P 500,3890.95,3877.13,3904.19,3846.41,441313437.0,-2.5,9.53,4.2,4.04,116.0,26756.0,314.0,1.1,86.87,93.8,859.68,286.48,5081.0,4.13,10.0,38.18,10118.0
2003-08-07,S&P 500,3890.95,3877.13,3904.19,3846.41,441313437.0,-2.5,9.53,4.2,4.04,116.0,26756.0,314.0,1.1,86.87,93.8,859.68,286.48,5081.0,4.13,10.0,38.18,10118.0
2003-08-08,S&P 500,3890.95,3877.13,3904.19,3846.41,441313437.0,-2.5,9.53,4.2,4.04,116.0,26756.0,314.0,1.1,86.87,93.8,859.68,286.48,5081.0,4.13,10.0,38.18,10118.0
2003-08-09,S&P 500,3646.74,3690.08,3695.08,3635.96,188696189.0,-0.28,7.54,2.86,4.07,107.0,7141.0,1180.0,1.23,146.53,33.34,1456.59,183.86,6869.0,2.84,48.0,67.12,4235.0
2003-08-10,S&P 500,2935.96,2958.31,2998.56,2914.98,22970451.0,-2.54,2.39,13.39,1.76,102.0,10133.0,4754.0,1.11,148.61,123.89,1608.34,454.24,7973.0,7.43,33.0,80.33,14609.0
2003-08-11,S&P 500,1021.25,1028.97,1047.46,1011.84,952991536.0,-4.4,7.38,14.21,6.27,96.0,24039.0,1525.0,0.88,148.13,111.3,1880.5,265.66,2202.0,8.86,29.0,75.88,13910.0
2003-08-12,S&P 500,1021.25,1028.97,1047.46,1011.84,952991536.0,-4.4,7.38,14.21,6.27,96.0,24039.0,1525.0,0.88,148.13,111.3,1880.5,265.66,2202.0,8.86,29.0,75.88,13910.0
2003-08-13,S&P 500,1021.25,1028.97,1047.46,1011.84,952991536.0,-4.4,7.38,14.21,6.27,96.0,24039.0,1525.0,0.88,148.13,111.3,1880.5,265.66,2202.0,8.86,29.0,75.88,13910.0
2003-08-14,S&P 500,1021.25,1028.97,1047.46,1011.84,952991536.0,-4.4,7.38,14.21,6.27,96.0,24039.0,1525.0,0.88,148.13,111.3,1880.5,265.66,2202.0,8.86,29.0,75.88,13910.0
2003-08-15,S&P 500,1021.25,1028.97,1047.46,1011.84,952991536.0,-4.4,7.38,14.21,6.27,96.0,24039.0,1525.0,0.88,148.13,111.3,1880.5,265.66,2202.0,8.86,29.0,75.88,13910.0
2003-08-16,S&P 500,1021.25,1028.97,1047.46,1011.84,952991536.0,-4.4,7.38,14.21,6.27,96.0,24039.0,1525.0,0.88,148.13,111.3,1880.5,265.66,2202.0,8.86,29.0,75.88,13910.0
2003-08-17,S&P 500,3334.85,3320.79,3356.29,3291.42,682429565.0,2.73,1.68,7.3,2.13,82.0,5639.0,4372.0,0.84,114.49,73.04,854.1,415.99,8678.0,2.57,43.0,65.81,12670.0
2003-08-18,S&P 500,3334.85,3320.79,3356.29,3291.42,682429565.0,2.73,1.68,7.3,2.13,82.0,5639.0,4372.0,0.84,114.49,73.04,854.1,415.99,8678.0,2.57,43.0,65.81,12670.0
2003-08-19,S&P 500,4006.99,3976.32,4054.11,3936.82,226878652.0,-4.46,5.75,9.61,4.63,78.0,25196.0,791.0,1.11,80.61,146.61,1718.6,136.59,9472.0,1.96,9.0,2.09,13705.0
2003-08-20,S&P 500,4006.99,3976.32,4054.11,3936.82,226878652.0,-4.46,5.75,9.61,4.63,78.0,25196.0,791.0,1.11,80.61,146.61,1718.6,136.59,9472.0,1.96,9.0,2.09,13705.0
2003-08-21,S&P 500,3072.03,3062.9,3082.4300000000003,3057.27,217863498.0,2.19,8.23,10.29,8.57,81.0,21013.0,2722.0,0.9,146.64,147.51,1978.15,147.18,886.0,7.08,10.0,93.53,8505.0
2003-08-22,S&P 500,3072.03,3062.9,3082.4300000000003,3057.27,217863498.0,2.19,8.23,10.29,8.57,81.0,21013.0,2722.0,0.9,146.64,147.51,1978.15,147.18,886.0,7.08,10.0,93.53,8505.0
2003-08-23,S&P 500,3072.03,3062.9,3082.4300000000003,3057.27,217863498.0,2.19,8.23,10.29,8.57,81.0,21013.0,2722.0,0.9,146.64,147.51,1978.15,147.18,886.0,7.08,10.0,93.53,8505.0
2003-08-24,S&P 500,3481.9,3435.6600000000003,3516.6800000000003,3405.01,537111305.0,8.05,2.8,10.24,7.49,94.0,13332.0,3973.0,1.07,113.48,27.46,1416.47,125.4,7358.0,3.99,47.0,15.16,1706.0
2003-08-25,S&P 500,3481.9,3435.6600000000003,3516.6800000000003,3405.01,537111305.0,8.05,2.8,10.24,7.49,94.0,13332.0,3973.0,1.07,113.48,27.46,1416.47,125.4,7358.0,3.99,47.0,15.16,1706.0
2003-08-26,S&P 500,3481.9,3435.6600000000003,3516.6800000000003,3405.01,537111305.0,8.05,2.8,10.24,7.49,94.0,13332.0,3973.0,1.07,113.48,27.46,1416.47,125.4,7358.0,3.99,47.0,15.16,1706.0
2003-08-27,S&P 500,3481.9,3435.6600000000003,3516.6800000000003,3405.01,537111305.0,8.05,2.8,10.24,7.49,94.0,13332.0,3973.0,1.07,113.48,27.46,1416.47,125.4,7358.0,3.99,47.0,15.16,1706.0
2003-08-28,S&P 500,3481.9,3435.6600000000003,3516.6800000000003,3405.01,537111305.0,8.05,2.8,10.24,7.49,94.0,13332.0,3973.0,1.07,113.48,27.46,1416.47,125.4,7358.0,3.99,47.0,15.16,1706.0
2003-08-29,S&P 500,3481.9,3435.6600000000003,3516.6800000000003,3405.01,537111305.0,8.05,2.8,10.24,7.49,94.0,13332.0,3973.0,1.07,113.48,27.46,1416.47,125.4,7358.0,3.99,47.0,15.16,1706.0
2003-08-30,S&P 500,3481.9,3435.6600000000003,3516.6800000000003,3405.01,537111305.0,8.05,2.8,10.24,7.49,94.0,13332.0,3973.0,1.07,113.48,27.46,1416.47,125.4,7358.0,3.99,47.0,15.16,1706.0
2003-08-31,S&P 500,4034.86,4003.85,4083.66,3978.83,890087946.0,9.58,6.06,6.52,3.73,70.0,5925.0,376.0,1.16,120.83,46.55,1921.15,448.25,9540.0,9.65,19.0,93.03,7977.0
2003-09-01,S&P 500,4034.86,4003.85,4083.66,3978.83,890087946.0,9.58,6.06,6.52,3.73,70.0,5925.0,376.0,1.16,120.83,46.55,1921.15,448.25,9540.0,9.65,19.0,93.03,7977.0
2003-09-02,S&P 500,3616.53,3595.1600000000003,3639.58,3587.65,185948695.0,2.07,9.96,8.18,2.98,81.0,12311.0,730.0,1.39,146.97,147.38,1618.59,395.44,1725.0,4.1,35.0,71.2,418.0
2003-09-03,S&P 500,3616.53,3595.1600000000003,3639.58,3587.65,185948695.0,2.07,9.96,8.18,2.98,81.0,12311.0,730.0,1.39,146.97,147.38,1618.59,395.44,1725.0,4.1,35.0,71.2,418.0
2003-09-04,S&P 500,3616.53,3595.1600000000003,3639.58,3587.65,185948695.0,2.07,9.96,8.18,2.98,81.0,12311.0,730.0,1.39,146.97,147.38,1618.59,395.44,1725.0,4.1,35.0,71.2,418.0
2003-09-05,S&P 500,3616.53,3595.1600000000003,3639.58,3587.65,185948695.0,2.07,9.96,8.18,2.98,81.0,12311.0,730.0,1.39,146.97,147.38,1618.59,395.44,1725.0,4.1,35.0,71.2,418.0
2003-09-06,S&P 500,3616.53,3595.1600000000003,3639.58,3587.65,185948695.0,2.07,9.96,8.18,2.98,81.0,12311.0,730.0,1.39,146.97,147.38,1618.59,395.44,1725.0,4.1,35.0,71.2,418.0
2003-09-07,S&P 500,3616.53,3595.1600000000003,3639.58,3587.65,185948695.0,2.07,9.96,8.18,2.98,81.0,12311.0,730.0,1.39,146.97,147.38,1618.59,395.44,1725.0,4.1,35.0,71.2,418.0
2003-09-08,S&P 500,3616.53,3595.1600000000003,3639.58,3587.65,185948695.0,2.07,9.96,8.18,2.98,81.0,12311.0,730.0,1.39,146.97,147.38,1618.59,395.44,1725.0,4.1,35.0,71.2,418.0
2003-09-09,S&P 500,3616.53,3595.1600000000003,3639.58,3587.65,185948695.0,2.07,9.96,8.18,2.98,81.0,12311.0,730.0,1.39,146.97,147.38,1618.59,395.44,1725.0,4.1,35.0,71.2,418.0
2003-09-10,S&P 500,1809.02,1857.02,1900.22,1769.52,525502241.0,4.93,9.03,12.24,3.79,115.0,3317.0,1934.0,1.2,137.43,103.43,1432.21,114.55,8700.0,3.57,11.0,45.84,1646.0
2003-09-11,S&P 500,1809.02,1857.02,1900.22,1769.52,525502241.0,4.93,9.03,12.24,3.79,115.0,3317.0,1934.0,1.2,137.43,103.43,1432.21,114.55,8700.0,3.57,11.0,45.84,1646.0
2003-09-12,S&P 500,1966.0,1986.97,2029.78,1956.3,472292568.0,5.28,0.86,3.38,9.34,107.0,3339.0,2132.0,0.89,130.07,117.51,2070.22,181.47,4252.0,4.34,43.0,95.81,12492.0
2003-09-13,S&P 500,1966.0,1986.97,2029.78,1956.3,472292568.0,5.28,0.86,3.38,9.34,107.0,3339.0,2132.0,0.89,130.07,117.51,2070.22,181.47,4252.0,4.34,43.0,95.81,12492.0
2003-09-14,S&P 500,2699.4,2701.2200000000003,2718.61,2656.65,105571207.0,-1.45,2.73,10.11,7.54,103.0,24773.0,132.0,1.35,101.44,48.54,915.86,285.01,2002.0,6.34,20.0,29.65,4928.0
2003-09-15,S&P 500,2699.4,2701.2200000000003,2718.61,2656.65,105571207.0,-1.45,2.73,10.11,7.54,103.0,24773.0,132.0,1.35,101.44,48.54,915.86,285.01,2002.0,6.34,20.0,29.65,4928.0
2003-09-16,S&P 500,3028.24,3035.16,3045.24,3011.88,853858035.0,2.1,6.96,7.26,9.51,97.0,8514.0,4458.0,1.37,88.8,117.67,1395.18,350.99,8016.0,9.69,7.0,96.71,14455.0
2003-09-17,S&P 500,3028.24,3035.16,3045.24,3011.88,853858035.0,2.1,6.96,7.26,9.51,97.0,8514.0,4458.0,1.37,88.8,117.67,1395.18,350.99,8016.0,9.69,7.0,96.71,14455.0
2003-09-18,S&P 500,3028.24,3035.16,3045.24,3011.88,853858035.0,2.1,6.96,7.26,9.51,97.0,8514.0,4458.0,1.37,88.8,117.67,1395.18,350.99,8016.0,9.69,7.0,96.71,14455.0
2003-09-19,S&P 500,3784.62,3788.68,3830.45,3744.06,88386857.0,5.45,5.5,2.79,3.19,96.0,23278.0,3378.0,0.94,97.94,136.57,1033.42,299.35,308.0,8.09,43.0,62.75,12642.0
2003-09-20,S&P 500,3784.62,3788.68,3830.45,3744.06,88386857.0,5.45,5.5,2.79,3.19,96.0,23278.0,3378.0,0.94,97.94,136.57,1033.42,299.35,308.0,8.09,43.0,62.75,12642.0
2003-09-21,S&P 500,4287.32,4331.82,4374.54,4280.06,777211361.0,-2.52,7.63,11.32,6.16,63.0,27159.0,4953.0,1.41,90.84,52.98,1418.24,437.44,8209.0,4.01,18.0,18.83,8715.0
2003-09-22,S&P 500,4287.32,4331.82,4374.54,4280.06,777211361.0,-2.52,7.63,11.32,6.16,63.0,27159.0,4953.0,1.41,90.84,52.98,1418.24,437.44,8209.0,4.01,18.0,18.83,8715.0
2003-09-23,S&P 500,4287.32,4331.82,4374.54,4280.06,777211361.0,-2.52,7.63,11.32,6.16,63.0,27159.0,4953.0,1.41,90.84,52.98,1418.24,437.44,8209.0,4.01,18.0,18.83,8715.0
2003-09-24,S&P 500,4287.32,4331.82,4374.54,4280.06,777211361.0,-2.52,7.63,11.32,6.16,63.0,27159.0,4953.0,1.41,90.84,52.98,1418.24,437.44,8209.0,4.01,18.0,18.83,8715.0
2003-09-25,S&P 500,4287.32,4331.82,4374.54,4280.06,777211361.0,-2.52,7.63,11.32,6.16,63.0,27159.0,4953.0,1.41,90.84,52.98,1418.24,437.44,8209.0,4.01,18.0,18.83,8715.0
2003-09-26,S&P 500,4287.32,4331.82,4374.54,4280.06,777211361.0,-2.52,7.63,11.32,6.16,63.0,27159.0,4953.0,1.41,90.84,52.98,1418.24,437.44,8209.0,4.01,18.0,18.83,8715.0
2003-09-27,S&P 500,4287.32,4331.82,4374.54,4280.06,777211361.0,-2.52,7.63,11.32,6.16,63.0,27159.0,4953.0,1.41,90.84,52.98,1418.24,437.44,8209.0,4.01,18.0,18.83,8715.0
2003-09-28,S&P 500,4287.32,4331.82,4374.54,4280.06,777211361.0,-2.52,7.63,11.32,6.16,63.0,27159.0,4953.0,1.41,90.84,52.98,1418.24,437.44,8209.0,4.01,18.0,18.83,8715.0
2003-09-29,S&P 500,2298.05,2283.73,2324.6200000000003,2242.2,690590556.0,9.31,8.5,13.75,2.32,50.0,27438.0,1058.0,1.39,118.24,121.52,916.49,394.6,4192.0,9.88,28.0,65.92,13147.0
2003-09-30,S&P 500,2078.05,2044.48,2118.3300000000004,2026.7100000000005,315763784.0,7.76,3.27,3.28,9.66,88.0,13195.0,4770.0,1.07,86.62,120.27,1806.42,393.85,346.0,9.65,23.0,69.6,13306.0
2003-10-01,S&P 500,2078.05,2044.48,2118.3300000000004,2026.7100000000005,315763784.0,7.76,3.27,3.28,9.66,88.0,13195.0,4770.0,1.07,86.62,120.27,1806.42,393.85,346.0,9.65,23.0,69.6,13306.0
2003-10-02,S&P 500,2078.05,2044.48,2118.3300000000004,2026.7100000000005,315763784.0,7.76,3.27,3.28,9.66,88.0,13195.0,4770.0,1.07,86.62,120.27,1806.42,393.85,346.0,9.65,23.0,69.6,13306.0
2003-10-03,S&P 500,1874.86,1891.26,1930.3,1872.35,178959718.0,-0.55,4.26,5.28,3.31,117.0,2753.0,1669.0,1.13,106.95,44.17,1618.19,154.75,719.0,7.01,1.0,11.53,6750.0
2003-10-04,S&P 500,1874.86,1891.26,1930.3,1872.35,178959718.0,-0.55,4.26,5.28,3.31,117.0,2753.0,1669.0,1.13,106.95,44.17,1618.19,154.75,719.0,7.01,1.0,11.53,6750.0
2003-10-05,S&P 500,2058.54,2102.09,2104.59,2040.04,80310445.0,8.35,2.37,7.22,9.89,64.0,23741.0,543.0,1.3,118.03,69.71,2176.31,448.94,6781.0,6.69,11.0,12.2,5343.0
2003-10-06,S&P 500,2058.54,2102.09,2104.59,2040.04,80310445.0,8.35,2.37,7.22,9.89,64.0,23741.0,543.0,1.3,118.03,69.71,2176.31,448.94,6781.0,6.69,11.0,12.2,5343.0
2003-10-07,S&P 500,2058.54,2102.09,2104.59,2040.04,80310445.0,8.35,2.37,7.22,9.89,64.0,23741.0,543.0,1.3,118.03,69.71,2176.31,448.94,6781.0,6.69,11.0,12.2,5343.0
2003-10-08,S&P 500,2058.54,2102.09,2104.59,2040.04,80310445.0,8.35,2.37,7.22,9.89,64.0,23741.0,543.0,1.3,118.03,69.71,2176.31,448.94,6781.0,6.69,11.0,12.2,5343.0
2003-10-09,S&P 500,4043.41,4067.54,4102.31,4040.21,594050742.0,3.22,0.9,2.05,4.48,118.0,21519.0,3581.0,0.81,105.15,30.7,998.46,411.44,3451.0,9.41,29.0,47.12,5650.0
2003-10-10,S&P 500,4043.41,4067.54,4102.31,4040.21,594050742.0,3.22,0.9,2.05,4.48,118.0,21519.0,3581.0,0.81,105.15,30.7,998.46,411.44,3451.0,9.41,29.0,47.12,5650.0
2003-10-11,S&P 500,4043.41,4067.54,4102.31,4040.21,594050742.0,3.22,0.9,2.05,4.48,118.0,21519.0,3581.0,0.81,105.15,30.7,998.46,411.44,3451.0,9.41,29.0,47.12,5650.0
2003-10-12,S&P 500,4043.41,4067.54,4102.31,4040.21,594050742.0,3.22,0.9,2.05,4.48,118.0,21519.0,3581.0,0.81,105.15,30.7,998.46,411.44,3451.0,9.41,29.0,47.12,5650.0
2003-10-13,S&P 500,4043.41,4067.54,4102.31,4040.21,594050742.0,3.22,0.9,2.05,4.48,118.0,21519.0,3581.0,0.81,105.15,30.7,998.46,411.44,3451.0,9.41,29.0,47.12,5650.0
2003-10-14,S&P 500,4043.41,4067.54,4102.31,4040.21,594050742.0,3.22,0.9,2.05,4.48,118.0,21519.0,3581.0,0.81,105.15,30.7,998.46,411.44,3451.0,9.41,29.0,47.12,5650.0
2003-10-15,S&P 500,1124.6,1077.38,1153.5,1052.34,606807792.0,5.55,4.43,11.82,7.67,64.0,11538.0,2887.0,1.48,111.8,35.66,1396.95,149.63,8491.0,9.34,12.0,20.5,3090.0
2003-10-16,S&P 500,1124.6,1077.38,1153.5,1052.34,606807792.0,5.55,4.43,11.82,7.67,64.0,11538.0,2887.0,1.48,111.8,35.66,1396.95,149.63,8491.0,9.34,12.0,20.5,3090.0
2003-10-17,S&P 500,1124.6,1077.38,1153.5,1052.34,606807792.0,5.55,4.43,11.82,7.67,64.0,11538.0,2887.0,1.48,111.8,35.66,1396.95,149.63,8491.0,9.34,12.0,20.5,3090.0
2003-10-18,S&P 500,4516.74,4529.59,4573.42,4506.46,670659919.0,5.18,1.85,4.39,2.43,107.0,15534.0,2898.0,1.12,85.41,133.72,813.14,113.72,1543.0,0.19,0.0,36.8,8537.0
2003-10-19,S&P 500,4516.74,4529.59,4573.42,4506.46,670659919.0,5.18,1.85,4.39,2.43,107.0,15534.0,2898.0,1.12,85.41,133.72,813.14,113.72,1543.0,0.19,0.0,36.8,8537.0
2003-10-20,S&P 500,3229.35,3253.61,3266.9100000000003,3206.78,753680073.0,1.74,6.63,8.71,4.0,59.0,25546.0,3176.0,1.22,147.32,117.16,2446.85,386.69,8568.0,3.88,37.0,65.9,9976.0
2003-10-21,S&P 500,3229.35,3253.61,3266.9100000000003,3206.78,753680073.0,1.74,6.63,8.71,4.0,59.0,25546.0,3176.0,1.22,147.32,117.16,2446.85,386.69,8568.0,3.88,37.0,65.9,9976.0
2003-10-22,S&P 500,3667.39,3673.89,3701.35,3654.35,488042091.0,7.99,7.39,3.23,7.92,102.0,871.0,1559.0,1.32,101.82,85.36,924.23,118.4,263.0,8.08,46.0,22.72,2124.0
2003-10-23,S&P 500,2292.11,2250.92,2339.57,2216.78,452976314.0,1.58,9.61,5.86,0.64,97.0,28479.0,517.0,1.39,145.26,139.54,1295.4,498.41,6898.0,5.24,44.0,28.29,549.0
2003-10-24,S&P 500,2292.11,2250.92,2339.57,2216.78,452976314.0,1.58,9.61,5.86,0.64,97.0,28479.0,517.0,1.39,145.26,139.54,1295.4,498.41,6898.0,5.24,44.0,28.29,549.0
2003-10-25,S&P 500,4552.47,4577.490000000001,4589.260000000001,4519.3,733128622.0,8.99,7.1,7.58,0.5,56.0,7498.0,644.0,1.13,103.01,67.59,1721.84,296.77,4617.0,7.97,15.0,34.36,11492.0
2003-10-26,S&P 500,4552.47,4577.490000000001,4589.260000000001,4519.3,733128622.0,8.99,7.1,7.58,0.5,56.0,7498.0,644.0,1.13,103.01,67.59,1721.84,296.77,4617.0,7.97,15.0,34.36,11492.0
2003-10-27,S&P 500,4552.47,4577.490000000001,4589.260000000001,4519.3,733128622.0,8.99,7.1,7.58,0.5,56.0,7498.0,644.0,1.13,103.01,67.59,1721.84,296.77,4617.0,7.97,15.0,34.36,11492.0
2003-10-28,S&P 500,4552.47,4577.490000000001,4589.260000000001,4519.3,733128622.0,8.99,7.1,7.58,0.5,56.0,7498.0,644.0,1.13,103.01,67.59,1721.84,296.77,4617.0,7.97,15.0,34.36,11492.0
2003-10-29,S&P 500,4552.47,4577.490000000001,4589.260000000001,4519.3,733128622.0,8.99,7.1,7.58,0.5,56.0,7498.0,644.0,1.13,103.01,67.59,1721.84,296.77,4617.0,7.97,15.0,34.36,11492.0
2003-10-30,S&P 500,4552.47,4577.490000000001,4589.260000000001,4519.3,733128622.0,8.99,7.1,7.58,0.5,56.0,7498.0,644.0,1.13,103.01,67.59,1721.84,296.77,4617.0,7.97,15.0,34.36,11492.0
2003-10-31,S&P 500,4552.47,4577.490000000001,4589.260000000001,4519.3,733128622.0,8.99,7.1,7.58,0.5,56.0,7498.0,644.0,1.13,103.01,67.59,1721.84,296.77,4617.0,7.97,15.0,34.36,11492.0
2003-11-01,S&P 500,3306.81,3342.51,3343.64,3295.29,402519335.0,9.53,9.0,5.28,2.68,79.0,13906.0,1673.0,0.92,99.28,76.25,1245.53,422.07,8950.0,9.59,26.0,81.12,12069.0
2003-11-02,S&P 500,1269.02,1287.44,1321.79,1231.83,687533768.0,-0.21,7.42,12.2,5.37,67.0,21557.0,3893.0,1.15,84.03,69.9,2325.54,426.87,5248.0,3.23,33.0,74.9,2752.0
2003-11-03,S&P 500,1269.02,1287.44,1321.79,1231.83,687533768.0,-0.21,7.42,12.2,5.37,67.0,21557.0,3893.0,1.15,84.03,69.9,2325.54,426.87,5248.0,3.23,33.0,74.9,2752.0
2003-11-04,S&P 500,1269.02,1287.44,1321.79,1231.83,687533768.0,-0.21,7.42,12.2,5.37,67.0,21557.0,3893.0,1.15,84.03,69.9,2325.54,426.87,5248.0,3.23,33.0,74.9,2752.0
2003-11-05,S&P 500,2306.56,2343.9,2358.9500000000003,2293.12,527615271.0,6.01,2.42,10.46,1.99,101.0,28422.0,2311.0,0.96,120.38,107.5,1809.72,124.45,948.0,5.72,16.0,44.61,10554.0
2003-11-06,S&P 500,2306.56,2343.9,2358.9500000000003,2293.12,527615271.0,6.01,2.42,10.46,1.99,101.0,28422.0,2311.0,0.96,120.38,107.5,1809.72,124.45,948.0,5.72,16.0,44.61,10554.0
2003-11-07,S&P 500,2306.56,2343.9,2358.9500000000003,2293.12,527615271.0,6.01,2.42,10.46,1.99,101.0,28422.0,2311.0,0.96,120.38,107.5,1809.72,124.45,948.0,5.72,16.0,44.61,10554.0
2003-11-08,S&P 500,2306.56,2343.9,2358.9500000000003,2293.12,527615271.0,6.01,2.42,10.46,1.99,101.0,28422.0,2311.0,0.96,120.38,107.5,1809.72,124.45,948.0,5.72,16.0,44.61,10554.0
2003-11-09,S&P 500,4990.51,4971.97,5017.25,4961.110000000001,685023747.0,-4.67,6.73,4.88,1.36,102.0,16390.0,2843.0,0.94,94.01,122.24,867.89,310.48,4699.0,9.19,19.0,48.53,14691.0
2003-11-10,S&P 500,4990.51,4971.97,5017.25,4961.110000000001,685023747.0,-4.67,6.73,4.88,1.36,102.0,16390.0,2843.0,0.94,94.01,122.24,867.89,310.48,4699.0,9.19,19.0,48.53,14691.0
2003-11-11,S&P 500,1161.4,1205.47,1230.89,1112.44,605813951.0,-0.24,3.85,11.92,1.79,98.0,26983.0,3920.0,1.43,104.8,98.99,1941.52,458.71,9666.0,8.64,30.0,27.96,12129.0
2003-11-12,S&P 500,1161.4,1205.47,1230.89,1112.44,605813951.0,-0.24,3.85,11.92,1.79,98.0,26983.0,3920.0,1.43,104.8,98.99,1941.52,458.71,9666.0,8.64,30.0,27.96,12129.0
2003-11-13,S&P 500,1161.4,1205.47,1230.89,1112.44,605813951.0,-0.24,3.85,11.92,1.79,98.0,26983.0,3920.0,1.43,104.8,98.99,1941.52,458.71,9666.0,8.64,30.0,27.96,12129.0
2003-11-14,S&P 500,1089.7,1125.36,1163.0600000000002,1079.0,472138383.0,4.92,2.19,2.08,4.03,74.0,4868.0,2818.0,1.38,133.48,36.94,1975.26,391.98,8710.0,5.59,28.0,84.43,12944.0
2003-11-15,S&P 500,2441.71,2431.32,2447.23,2382.7200000000003,50330649.0,-0.13,1.07,3.85,8.96,76.0,5817.0,1122.0,1.44,128.28,27.0,2216.32,311.09,1559.0,8.47,41.0,54.35,6458.0
2003-11-16,S&P 500,4134.95,4104.87,4158.34,4097.73,961983416.0,2.74,7.85,4.9,6.32,61.0,24130.0,2701.0,0.95,103.9,109.61,2114.32,153.75,4632.0,3.15,42.0,85.03,11583.0
2003-11-17,S&P 500,4134.95,4104.87,4158.34,4097.73,961983416.0,2.74,7.85,4.9,6.32,61.0,24130.0,2701.0,0.95,103.9,109.61,2114.32,153.75,4632.0,3.15,42.0,85.03,11583.0
2003-11-18,S&P 500,4134.95,4104.87,4158.34,4097.73,961983416.0,2.74,7.85,4.9,6.32,61.0,24130.0,2701.0,0.95,103.9,109.61,2114.32,153.75,4632.0,3.15,42.0,85.03,11583.0
2003-11-19,S&P 500,4134.95,4104.87,4158.34,4097.73,961983416.0,2.74,7.85,4.9,6.32,61.0,24130.0,2701.0,0.95,103.9,109.61,2114.32,153.75,4632.0,3.15,42.0,85.03,11583.0
2003-11-20,S&P 500,1928.07,1954.26,1980.64,1889.02,763842768.0,2.25,0.73,2.98,4.9,73.0,22776.0,913.0,1.38,88.65,103.87,1779.77,331.31,697.0,7.67,26.0,56.77,13160.0
2003-11-21,S&P 500,1928.07,1954.26,1980.64,1889.02,763842768.0,2.25,0.73,2.98,4.9,73.0,22776.0,913.0,1.38,88.65,103.87,1779.77,331.31,697.0,7.67,26.0,56.77,13160.0
2003-11-22,S&P 500,1928.07,1954.26,1980.64,1889.02,763842768.0,2.25,0.73,2.98,4.9,73.0,22776.0,913.0,1.38,88.65,103.87,1779.77,331.31,697.0,7.67,26.0,56.77,13160.0
2003-11-23,S&P 500,3494.97,3491.5,3522.42,3469.78,75684085.0,-2.88,2.36,9.47,1.37,65.0,23263.0,2527.0,1.01,121.2,88.3,1112.06,140.58,8737.0,0.92,44.0,76.41,4155.0
2003-11-24,S&P 500,3494.97,3491.5,3522.42,3469.78,75684085.0,-2.88,2.36,9.47,1.37,65.0,23263.0,2527.0,1.01,121.2,88.3,1112.06,140.58,8737.0,0.92,44.0,76.41,4155.0
2003-11-25,S&P 500,1155.75,1131.98,1175.83,1108.68,667502067.0,3.82,0.45,13.57,4.19,115.0,17661.0,3074.0,0.99,146.92,27.25,2039.84,109.97,146.0,0.59,15.0,52.82,3379.0
2003-11-26,S&P 500,1155.75,1131.98,1175.83,1108.68,667502067.0,3.82,0.45,13.57,4.19,115.0,17661.0,3074.0,0.99,146.92,27.25,2039.84,109.97,146.0,0.59,15.0,52.82,3379.0
2003-11-27,S&P 500,1155.75,1131.98,1175.83,1108.68,667502067.0,3.82,0.45,13.57,4.19,115.0,17661.0,3074.0,0.99,146.92,27.25,2039.84,109.97,146.0,0.59,15.0,52.82,3379.0
2003-11-28,S&P 500,1155.75,1131.98,1175.83,1108.68,667502067.0,3.82,0.45,13.57,4.19,115.0,17661.0,3074.0,0.99,146.92,27.25,2039.84,109.97,146.0,0.59,15.0,52.82,3379.0
2003-11-29,S&P 500,1155.75,1131.98,1175.83,1108.68,667502067.0,3.82,0.45,13.57,4.19,115.0,17661.0,3074.0,0.99,146.92,27.25,2039.84,109.97,146.0,0.59,15.0,52.82,3379.0
2003-11-30,S&P 500,4457.73,4434.56,4479.349999999999,4421.19,33471010.0,-3.73,0.62,9.02,4.17,113.0,6770.0,2111.0,0.88,126.59,32.64,2304.6,232.02,1042.0,4.27,11.0,78.18,13920.0
2003-12-01,S&P 500,3347.75,3356.83,3398.26,3315.45,897483468.0,3.6,8.58,6.2,6.51,77.0,24165.0,1348.0,1.19,146.92,100.12,2102.32,106.81,2390.0,3.25,32.0,37.38,2122.0
2003-12-02,S&P 500,3323.8,3345.94,3387.08,3274.5,225488269.0,3.56,3.14,8.22,5.59,58.0,14731.0,3836.0,1.37,116.18,147.87,964.15,194.04,1003.0,6.41,27.0,11.48,5860.0
2003-12-03,S&P 500,3323.8,3345.94,3387.08,3274.5,225488269.0,3.56,3.14,8.22,5.59,58.0,14731.0,3836.0,1.37,116.18,147.87,964.15,194.04,1003.0,6.41,27.0,11.48,5860.0
2003-12-04,S&P 500,3323.8,3345.94,3387.08,3274.5,225488269.0,3.56,3.14,8.22,5.59,58.0,14731.0,3836.0,1.37,116.18,147.87,964.15,194.04,1003.0,6.41,27.0,11.48,5860.0
2003-12-05,S&P 500,2769.18,2770.7,2785.23,2741.07,857089452.0,-2.94,9.1,14.09,5.45,89.0,9943.0,111.0,1.35,113.8,39.78,2347.51,339.86,1231.0,5.46,27.0,25.39,9154.0
2003-12-06,S&P 500,3829.59,3857.06,3871.93,3816.99,281268909.0,3.59,0.44,11.67,0.72,94.0,8188.0,2110.0,1.15,125.09,148.65,2465.87,147.26,2468.0,7.53,42.0,98.11,13578.0
2003-12-07,S&P 500,3829.59,3857.06,3871.93,3816.99,281268909.0,3.59,0.44,11.67,0.72,94.0,8188.0,2110.0,1.15,125.09,148.65,2465.87,147.26,2468.0,7.53,42.0,98.11,13578.0
2003-12-08,S&P 500,1915.5,1920.77,1957.05,1891.33,470966438.0,-1.94,5.72,9.61,5.94,95.0,24214.0,836.0,1.02,109.52,68.71,1474.78,468.67,3644.0,1.71,13.0,68.08,10334.0
2003-12-09,S&P 500,1915.5,1920.77,1957.05,1891.33,470966438.0,-1.94,5.72,9.61,5.94,95.0,24214.0,836.0,1.02,109.52,68.71,1474.78,468.67,3644.0,1.71,13.0,68.08,10334.0
2003-12-10,S&P 500,1915.5,1920.77,1957.05,1891.33,470966438.0,-1.94,5.72,9.61,5.94,95.0,24214.0,836.0,1.02,109.52,68.71,1474.78,468.67,3644.0,1.71,13.0,68.08,10334.0
2003-12-11,S&P 500,1915.5,1920.77,1957.05,1891.33,470966438.0,-1.94,5.72,9.61,5.94,95.0,24214.0,836.0,1.02,109.52,68.71,1474.78,468.67,3644.0,1.71,13.0,68.08,10334.0
2003-12-12,S&P 500,1915.5,1920.77,1957.05,1891.33,470966438.0,-1.94,5.72,9.61,5.94,95.0,24214.0,836.0,1.02,109.52,68.71,1474.78,468.67,3644.0,1.71,13.0,68.08,10334.0
2003-12-13,S&P 500,1915.5,1920.77,1957.05,1891.33,470966438.0,-1.94,5.72,9.61,5.94,95.0,24214.0,836.0,1.02,109.52,68.71,1474.78,468.67,3644.0,1.71,13.0,68.08,10334.0
2003-12-14,S&P 500,1915.5,1920.77,1957.05,1891.33,470966438.0,-1.94,5.72,9.61,5.94,95.0,24214.0,836.0,1.02,109.52,68.71,1474.78,468.67,3644.0,1.71,13.0,68.08,10334.0
2003-12-15,S&P 500,4982.52,4935.77,5001.52,4924.17,772552027.0,-3.84,6.69,3.6,3.86,69.0,8991.0,4400.0,0.96,114.25,112.31,1729.93,185.81,4483.0,9.83,46.0,87.47,1427.0
2003-12-16,S&P 500,4982.52,4935.77,5001.52,4924.17,772552027.0,-3.84,6.69,3.6,3.86,69.0,8991.0,4400.0,0.96,114.25,112.31,1729.93,185.81,4483.0,9.83,46.0,87.47,1427.0
2003-12-17,S&P 500,3598.04,3601.96,3604.19,3597.74,980399384.0,5.1,5.73,9.12,6.7,103.0,5533.0,3052.0,1.02,124.28,101.09,2379.01,346.31,8632.0,5.58,12.0,76.08,13892.0
2003-12-18,S&P 500,3598.04,3601.96,3604.19,3597.74,980399384.0,5.1,5.73,9.12,6.7,103.0,5533.0,3052.0,1.02,124.28,101.09,2379.01,346.31,8632.0,5.58,12.0,76.08,13892.0
2003-12-19,S&P 500,3598.04,3601.96,3604.19,3597.74,980399384.0,5.1,5.73,9.12,6.7,103.0,5533.0,3052.0,1.02,124.28,101.09,2379.01,346.31,8632.0,5.58,12.0,76.08,13892.0
2003-12-20,S&P 500,3372.63,3328.99,3388.79,3294.24,684046401.0,7.19,9.2,2.89,8.65,65.0,13756.0,2844.0,0.9,142.61,55.58,831.13,361.11,2176.0,9.85,6.0,54.82,11131.0
2003-12-21,S&P 500,1213.39,1218.5600000000002,1234.4900000000002,1197.97,73556414.0,3.43,4.27,3.89,8.04,69.0,12276.0,4945.0,1.21,136.92,69.77,2496.68,423.13,1531.0,0.41,12.0,58.06,4449.0
2003-12-22,S&P 500,1213.39,1218.5600000000002,1234.4900000000002,1197.97,73556414.0,3.43,4.27,3.89,8.04,69.0,12276.0,4945.0,1.21,136.92,69.77,2496.68,423.13,1531.0,0.41,12.0,58.06,4449.0
2003-12-23,S&P 500,1213.39,1218.5600000000002,1234.4900000000002,1197.97,73556414.0,3.43,4.27,3.89,8.04,69.0,12276.0,4945.0,1.21,136.92,69.77,2496.68,423.13,1531.0,0.41,12.0,58.06,4449.0
2003-12-24,S&P 500,3710.13,3703.16,3717.45,3702.39,468774851.0,6.21,4.16,13.45,6.36,72.0,25377.0,3133.0,1.39,116.17,44.59,1290.37,475.02,8824.0,7.26,10.0,30.32,1012.0
2003-12-25,S&P 500,3710.13,3703.16,3717.45,3702.39,468774851.0,6.21,4.16,13.45,6.36,72.0,25377.0,3133.0,1.39,116.17,44.59,1290.37,475.02,8824.0,7.26,10.0,30.32,1012.0
2003-12-26,S&P 500,3710.13,3703.16,3717.45,3702.39,468774851.0,6.21,4.16,13.45,6.36,72.0,25377.0,3133.0,1.39,116.17,44.59,1290.37,475.02,8824.0,7.26,10.0,30.32,1012.0
2003-12-27,S&P 500,3710.13,3703.16,3717.45,3702.39,468774851.0,6.21,4.16,13.45,6.36,72.0,25377.0,3133.0,1.39,116.17,44.59,1290.37,475.02,8824.0,7.26,10.0,30.32,1012.0
2003-12-28,S&P 500,3710.13,3703.16,3717.45,3702.39,468774851.0,6.21,4.16,13.45,6.36,72.0,25377.0,3133.0,1.39,116.17,44.59,1290.37,475.02,8824.0,7.26,10.0,30.32,1012.0
2003-12-29,S&P 500,3710.13,3703.16,3717.45,3702.39,468774851.0,6.21,4.16,13.45,6.36,72.0,25377.0,3133.0,1.39,116.17,44.59,1290.37,475.02,8824.0,7.26,10.0,30.32,1012.0
2003-12-30,S&P 500,3710.13,3703.16,3717.45,3702.39,468774851.0,6.21,4.16,13.45,6.36,72.0,25377.0,3133.0,1.39,116.17,44.59,1290.37,475.02,8824.0,7.26,10.0,30.32,1012.0
2003-12-31,S&P 500,3710.13,3703.16,3717.45,3702.39,468774851.0,6.21,4.16,13.45,6.36,72.0,25377.0,3133.0,1.39,116.17,44.59,1290.37,475.02,8824.0,7.26,10.0,30.32,1012.0
2004-01-01,S&P 500,3710.13,3703.16,3717.45,3702.39,468774851.0,6.21,4.16,13.45,6.36,72.0,25377.0,3133.0,1.39,116.17,44.59,1290.37,475.02,8824.0,7.26,10.0,30.32,1012.0
2004-01-02,S&P 500,3710.13,3703.16,3717.45,3702.39,468774851.0,6.21,4.16,13.45,6.36,72.0,25377.0,3133.0,1.39,116.17,44.59,1290.37,475.02,8824.0,7.26,10.0,30.32,1012.0
2004-01-03,S&P 500,3543.76,3588.6400000000003,3625.420000000001,3494.25,836824674.0,6.09,7.86,11.89,7.1,115.0,591.0,420.0,1.4,90.13,93.19,1649.82,335.08,8502.0,7.77,5.0,59.62,1822.0
2004-01-04,S&P 500,3397.21,3374.01,3421.56,3335.1200000000003,583174209.0,8.74,4.13,9.9,9.38,105.0,4206.0,127.0,1.08,123.36,68.64,2288.67,314.02,3873.0,2.88,37.0,52.59,7399.0
2004-01-05,S&P 500,3397.21,3374.01,3421.56,3335.1200000000003,583174209.0,8.74,4.13,9.9,9.38,105.0,4206.0,127.0,1.08,123.36,68.64,2288.67,314.02,3873.0,2.88,37.0,52.59,7399.0
2004-01-06,S&P 500,3397.21,3374.01,3421.56,3335.1200000000003,583174209.0,8.74,4.13,9.9,9.38,105.0,4206.0,127.0,1.08,123.36,68.64,2288.67,314.02,3873.0,2.88,37.0,52.59,7399.0
2004-01-07,S&P 500,3397.21,3374.01,3421.56,3335.1200000000003,583174209.0,8.74,4.13,9.9,9.38,105.0,4206.0,127.0,1.08,123.36,68.64,2288.67,314.02,3873.0,2.88,37.0,52.59,7399.0
2004-01-08,S&P 500,3397.21,3374.01,3421.56,3335.1200000000003,583174209.0,8.74,4.13,9.9,9.38,105.0,4206.0,127.0,1.08,123.36,68.64,2288.67,314.02,3873.0,2.88,37.0,52.59,7399.0
2004-01-09,S&P 500,3397.21,3374.01,3421.56,3335.1200000000003,583174209.0,8.74,4.13,9.9,9.38,105.0,4206.0,127.0,1.08,123.36,68.64,2288.67,314.02,3873.0,2.88,37.0,52.59,7399.0
2004-01-10,S&P 500,1678.91,1705.5500000000002,1723.5600000000002,1648.64,376068221.0,6.71,5.25,3.12,1.51,79.0,9395.0,3847.0,0.9,90.11,60.64,2360.96,297.09,740.0,6.72,20.0,73.5,5739.0
2004-01-11,S&P 500,1678.91,1705.5500000000002,1723.5600000000002,1648.64,376068221.0,6.71,5.25,3.12,1.51,79.0,9395.0,3847.0,0.9,90.11,60.64,2360.96,297.09,740.0,6.72,20.0,73.5,5739.0
2004-01-12,S&P 500,1678.91,1705.5500000000002,1723.5600000000002,1648.64,376068221.0,6.71,5.25,3.12,1.51,79.0,9395.0,3847.0,0.9,90.11,60.64,2360.96,297.09,740.0,6.72,20.0,73.5,5739.0
2004-01-13,S&P 500,3438.79,3453.54,3497.74,3424.17,254060984.0,2.94,5.03,12.86,8.19,112.0,746.0,1411.0,1.22,84.24,64.96,2431.32,454.78,5954.0,7.79,26.0,63.76,5259.0
2004-01-14,S&P 500,3438.79,3453.54,3497.74,3424.17,254060984.0,2.94,5.03,12.86,8.19,112.0,746.0,1411.0,1.22,84.24,64.96,2431.32,454.78,5954.0,7.79,26.0,63.76,5259.0
2004-01-15,S&P 500,3438.79,3453.54,3497.74,3424.17,254060984.0,2.94,5.03,12.86,8.19,112.0,746.0,1411.0,1.22,84.24,64.96,2431.32,454.78,5954.0,7.79,26.0,63.76,5259.0
2004-01-16,S&P 500,4211.24,4253.71,4294.47,4193.77,487764876.0,5.25,7.45,2.25,7.91,96.0,5609.0,1518.0,1.39,93.48,133.13,1626.27,196.08,1431.0,8.56,10.0,0.1,9885.0
2004-01-17,S&P 500,4211.24,4253.71,4294.47,4193.77,487764876.0,5.25,7.45,2.25,7.91,96.0,5609.0,1518.0,1.39,93.48,133.13,1626.27,196.08,1431.0,8.56,10.0,0.1,9885.0
2004-01-18,S&P 500,4211.24,4253.71,4294.47,4193.77,487764876.0,5.25,7.45,2.25,7.91,96.0,5609.0,1518.0,1.39,93.48,133.13,1626.27,196.08,1431.0,8.56,10.0,0.1,9885.0
2004-01-19,S&P 500,2953.98,2956.8,2970.8,2940.38,655684979.0,7.92,6.32,4.92,5.07,118.0,13897.0,2667.0,0.85,84.05,36.1,2353.78,358.71,7257.0,4.97,18.0,16.38,12248.0
2004-01-20,S&P 500,2607.55,2570.24,2612.8500000000004,2565.82,747628374.0,9.0,5.77,2.41,6.93,57.0,23008.0,1437.0,1.44,125.38,141.9,2422.96,220.3,2240.0,8.64,7.0,70.82,7866.0
2004-01-21,S&P 500,1614.76,1624.01,1629.62,1573.25,808384605.0,6.21,4.22,7.63,5.34,100.0,6825.0,3792.0,1.13,143.94,71.97,1964.71,386.29,7675.0,6.09,22.0,14.05,273.0
2004-01-22,S&P 500,3290.43,3288.68,3304.99,3246.02,905897706.0,-1.53,5.97,11.16,9.46,68.0,23191.0,4709.0,1.02,111.36,32.16,1239.07,347.56,1743.0,5.46,47.0,62.27,8650.0
2004-01-23,S&P 500,2108.05,2120.3100000000004,2151.0200000000004,2097.0600000000004,176490550.0,0.01,9.47,7.91,4.29,80.0,29928.0,3181.0,1.14,143.11,84.84,2138.25,289.79,6959.0,9.55,22.0,86.83,9981.0
2004-01-24,S&P 500,4685.23,4636.23,4725.45,4632.99,374399491.0,-4.46,1.93,7.98,2.68,71.0,10550.0,446.0,1.17,143.48,44.77,2042.44,138.67,5197.0,0.17,39.0,3.56,9101.0
2004-01-25,S&P 500,3332.76,3302.24,3377.7200000000003,3265.3,968814676.0,7.47,9.06,10.71,3.6,82.0,2412.0,216.0,1.39,122.67,66.19,1776.8,350.79,6002.0,0.12,8.0,2.78,1042.0
2004-01-26,S&P 500,3332.76,3302.24,3377.7200000000003,3265.3,968814676.0,7.47,9.06,10.71,3.6,82.0,2412.0,216.0,1.39,122.67,66.19,1776.8,350.79,6002.0,0.12,8.0,2.78,1042.0
2004-01-27,S&P 500,3332.76,3302.24,3377.7200000000003,3265.3,968814676.0,7.47,9.06,10.71,3.6,82.0,2412.0,216.0,1.39,122.67,66.19,1776.8,350.79,6002.0,0.12,8.0,2.78,1042.0
2004-01-28,S&P 500,1207.96,1196.32,1217.28,1193.11,802801350.0,0.29,2.88,3.99,3.87,118.0,766.0,1954.0,1.47,144.14,103.14,1801.99,133.89,9969.0,3.33,11.0,14.16,11943.0
2004-01-29,S&P 500,1207.96,1196.32,1217.28,1193.11,802801350.0,0.29,2.88,3.99,3.87,118.0,766.0,1954.0,1.47,144.14,103.14,1801.99,133.89,9969.0,3.33,11.0,14.16,11943.0
2004-01-30,S&P 500,1207.96,1196.32,1217.28,1193.11,802801350.0,0.29,2.88,3.99,3.87,118.0,766.0,1954.0,1.47,144.14,103.14,1801.99,133.89,9969.0,3.33,11.0,14.16,11943.0
2004-01-31,S&P 500,1207.96,1196.32,1217.28,1193.11,802801350.0,0.29,2.88,3.99,3.87,118.0,766.0,1954.0,1.47,144.14,103.14,1801.99,133.89,9969.0,3.33,11.0,14.16,11943.0
2004-02-01,S&P 500,1207.96,1196.32,1217.28,1193.11,802801350.0,0.29,2.88,3.99,3.87,118.0,766.0,1954.0,1.47,144.14,103.14,1801.99,133.89,9969.0,3.33,11.0,14.16,11943.0
2004-02-02,S&P 500,4523.89,4514.97,4541.31,4498.17,969747038.0,5.96,6.52,11.38,6.25,62.0,28269.0,4477.0,1.27,108.72,38.98,2329.53,180.92,7502.0,3.18,12.0,24.19,4473.0
2004-02-03,S&P 500,4523.89,4514.97,4541.31,4498.17,969747038.0,5.96,6.52,11.38,6.25,62.0,28269.0,4477.0,1.27,108.72,38.98,2329.53,180.92,7502.0,3.18,12.0,24.19,4473.0
2004-02-04,S&P 500,4523.89,4514.97,4541.31,4498.17,969747038.0,5.96,6.52,11.38,6.25,62.0,28269.0,4477.0,1.27,108.72,38.98,2329.53,180.92,7502.0,3.18,12.0,24.19,4473.0
2004-02-05,S&P 500,4523.89,4514.97,4541.31,4498.17,969747038.0,5.96,6.52,11.38,6.25,62.0,28269.0,4477.0,1.27,108.72,38.98,2329.53,180.92,7502.0,3.18,12.0,24.19,4473.0
2004-02-06,S&P 500,4523.89,4514.97,4541.31,4498.17,969747038.0,5.96,6.52,11.38,6.25,62.0,28269.0,4477.0,1.27,108.72,38.98,2329.53,180.92,7502.0,3.18,12.0,24.19,4473.0
2004-02-07,S&P 500,4523.89,4514.97,4541.31,4498.17,969747038.0,5.96,6.52,11.38,6.25,62.0,28269.0,4477.0,1.27,108.72,38.98,2329.53,180.92,7502.0,3.18,12.0,24.19,4473.0
2004-02-08,S&P 500,1786.61,1758.79,1834.41,1720.52,127182202.0,4.76,5.67,14.37,1.21,108.0,4728.0,1790.0,1.37,127.15,95.72,1703.52,238.99,2759.0,0.71,14.0,62.59,6613.0
2004-02-09,S&P 500,1786.61,1758.79,1834.41,1720.52,127182202.0,4.76,5.67,14.37,1.21,108.0,4728.0,1790.0,1.37,127.15,95.72,1703.52,238.99,2759.0,0.71,14.0,62.59,6613.0
2004-02-10,S&P 500,1786.61,1758.79,1834.41,1720.52,127182202.0,4.76,5.67,14.37,1.21,108.0,4728.0,1790.0,1.37,127.15,95.72,1703.52,238.99,2759.0,0.71,14.0,62.59,6613.0
2004-02-11,S&P 500,4210.56,4168.570000000001,4247.360000000001,4167.740000000001,306702033.0,-0.64,4.62,10.43,4.76,111.0,15684.0,2599.0,0.94,84.31,33.89,1248.62,118.73,5061.0,9.08,41.0,34.49,4143.0
2004-02-12,S&P 500,4988.95,4986.4,5016.79,4977.06,987964951.0,3.16,0.78,11.24,2.51,55.0,26095.0,786.0,1.35,98.26,47.51,1715.64,106.85,2120.0,4.16,29.0,2.78,7779.0
2004-02-13,S&P 500,1120.1,1071.1,1166.55,1038.35,248840076.0,-0.87,3.57,10.37,3.23,53.0,817.0,2770.0,1.36,132.14,102.73,2148.71,393.0,254.0,0.9,35.0,35.6,6622.0
2004-02-14,S&P 500,1120.1,1071.1,1166.55,1038.35,248840076.0,-0.87,3.57,10.37,3.23,53.0,817.0,2770.0,1.36,132.14,102.73,2148.71,393.0,254.0,0.9,35.0,35.6,6622.0
2004-02-15,S&P 500,3490.52,3521.28,3544.46,3441.4,174076361.0,2.91,9.53,6.67,3.91,118.0,1210.0,4213.0,0.8,94.33,132.49,2045.69,298.25,7478.0,5.44,3.0,27.54,668.0
2004-02-16,S&P 500,3490.52,3521.28,3544.46,3441.4,174076361.0,2.91,9.53,6.67,3.91,118.0,1210.0,4213.0,0.8,94.33,132.49,2045.69,298.25,7478.0,5.44,3.0,27.54,668.0
2004-02-17,S&P 500,2860.04,2901.55,2932.0,2812.21,336243556.0,7.01,5.56,4.66,4.42,56.0,9142.0,2933.0,1.28,118.23,67.46,2212.16,194.58,1704.0,0.64,44.0,29.88,6342.0
2004-02-18,S&P 500,2860.04,2901.55,2932.0,2812.21,336243556.0,7.01,5.56,4.66,4.42,56.0,9142.0,2933.0,1.28,118.23,67.46,2212.16,194.58,1704.0,0.64,44.0,29.88,6342.0
2004-02-19,S&P 500,2860.04,2901.55,2932.0,2812.21,336243556.0,7.01,5.56,4.66,4.42,56.0,9142.0,2933.0,1.28,118.23,67.46,2212.16,194.58,1704.0,0.64,44.0,29.88,6342.0
2004-02-20,S&P 500,2860.04,2901.55,2932.0,2812.21,336243556.0,7.01,5.56,4.66,4.42,56.0,9142.0,2933.0,1.28,118.23,67.46,2212.16,194.58,1704.0,0.64,44.0,29.88,6342.0
2004-02-21,S&P 500,2860.04,2901.55,2932.0,2812.21,336243556.0,7.01,5.56,4.66,4.42,56.0,9142.0,2933.0,1.28,118.23,67.46,2212.16,194.58,1704.0,0.64,44.0,29.88,6342.0
2004-02-22,S&P 500,4901.37,4935.92,4939.71,4893.49,755989783.0,1.15,2.85,10.17,6.38,85.0,19564.0,483.0,0.81,121.25,41.67,2090.61,411.31,5961.0,3.79,0.0,62.45,7224.0
2004-02-23,S&P 500,4267.9,4297.81,4332.719999999999,4242.08,21583027.0,7.12,6.68,13.63,8.06,66.0,4737.0,4023.0,0.85,112.97,124.43,1293.13,139.91,5378.0,7.34,33.0,94.91,14832.0
2004-02-24,S&P 500,4267.9,4297.81,4332.719999999999,4242.08,21583027.0,7.12,6.68,13.63,8.06,66.0,4737.0,4023.0,0.85,112.97,124.43,1293.13,139.91,5378.0,7.34,33.0,94.91,14832.0
2004-02-25,S&P 500,4751.86,4725.15,4761.31,4703.52,547540938.0,-1.66,0.5,5.28,4.18,116.0,21548.0,1079.0,1.24,128.61,68.06,1039.88,260.63,3113.0,0.23,0.0,71.73,443.0
2004-02-26,S&P 500,4751.86,4725.15,4761.31,4703.52,547540938.0,-1.66,0.5,5.28,4.18,116.0,21548.0,1079.0,1.24,128.61,68.06,1039.88,260.63,3113.0,0.23,0.0,71.73,443.0
2004-02-27,S&P 500,4751.86,4725.15,4761.31,4703.52,547540938.0,-1.66,0.5,5.28,4.18,116.0,21548.0,1079.0,1.24,128.61,68.06,1039.88,260.63,3113.0,0.23,0.0,71.73,443.0
2004-02-28,S&P 500,1284.14,1332.22,1358.69,1262.87,387948199.0,9.82,0.63,14.62,1.63,92.0,6175.0,3370.0,1.23,138.78,67.52,2202.3,179.07,1561.0,0.83,14.0,13.38,12930.0
2004-02-29,S&P 500,1284.14,1332.22,1358.69,1262.87,387948199.0,9.82,0.63,14.62,1.63,92.0,6175.0,3370.0,1.23,138.78,67.52,2202.3,179.07,1561.0,0.83,14.0,13.38,12930.0
2004-03-01,S&P 500,1917.46,1890.03,1933.58,1887.3,831156966.0,3.45,2.52,4.37,6.64,73.0,3140.0,1584.0,1.18,146.25,29.86,1021.58,499.42,245.0,9.61,24.0,4.9,2683.0
2004-03-02,S&P 500,1917.46,1890.03,1933.58,1887.3,831156966.0,3.45,2.52,4.37,6.64,73.0,3140.0,1584.0,1.18,146.25,29.86,1021.58,499.42,245.0,9.61,24.0,4.9,2683.0
2004-03-03,S&P 500,1917.46,1890.03,1933.58,1887.3,831156966.0,3.45,2.52,4.37,6.64,73.0,3140.0,1584.0,1.18,146.25,29.86,1021.58,499.42,245.0,9.61,24.0,4.9,2683.0
2004-03-04,S&P 500,1917.46,1890.03,1933.58,1887.3,831156966.0,3.45,2.52,4.37,6.64,73.0,3140.0,1584.0,1.18,146.25,29.86,1021.58,499.42,245.0,9.61,24.0,4.9,2683.0
2004-03-05,S&P 500,1669.96,1626.63,1673.7,1625.8200000000002,485200207.0,5.5,8.05,5.39,4.57,105.0,8638.0,223.0,1.06,139.75,149.56,2344.81,314.69,6367.0,0.72,9.0,67.64,253.0
2004-03-06,S&P 500,1589.1,1638.9599999999998,1661.9899999999998,1559.52,14754929.0,9.38,1.74,7.11,2.77,67.0,5862.0,625.0,1.44,148.95,51.32,1025.69,150.65,7968.0,4.31,29.0,23.83,11209.0
2004-03-07,S&P 500,1589.1,1638.9599999999998,1661.9899999999998,1559.52,14754929.0,9.38,1.74,7.11,2.77,67.0,5862.0,625.0,1.44,148.95,51.32,1025.69,150.65,7968.0,4.31,29.0,23.83,11209.0
2004-03-08,S&P 500,1589.1,1638.9599999999998,1661.9899999999998,1559.52,14754929.0,9.38,1.74,7.11,2.77,67.0,5862.0,625.0,1.44,148.95,51.32,1025.69,150.65,7968.0,4.31,29.0,23.83,11209.0
2004-03-09,S&P 500,1589.1,1638.9599999999998,1661.9899999999998,1559.52,14754929.0,9.38,1.74,7.11,2.77,67.0,5862.0,625.0,1.44,148.95,51.32,1025.69,150.65,7968.0,4.31,29.0,23.83,11209.0
2004-03-10,S&P 500,1589.1,1638.9599999999998,1661.9899999999998,1559.52,14754929.0,9.38,1.74,7.11,2.77,67.0,5862.0,625.0,1.44,148.95,51.32,1025.69,150.65,7968.0,4.31,29.0,23.83,11209.0
2004-03-11,S&P 500,2113.47,2118.93,2122.84,2103.88,321472184.0,5.99,9.25,4.88,2.91,105.0,15701.0,3561.0,1.06,122.73,146.0,2136.98,423.82,1706.0,9.77,21.0,33.36,12719.0
2004-03-12,S&P 500,2113.47,2118.93,2122.84,2103.88,321472184.0,5.99,9.25,4.88,2.91,105.0,15701.0,3561.0,1.06,122.73,146.0,2136.98,423.82,1706.0,9.77,21.0,33.36,12719.0
2004-03-13,S&P 500,2113.47,2118.93,2122.84,2103.88,321472184.0,5.99,9.25,4.88,2.91,105.0,15701.0,3561.0,1.06,122.73,146.0,2136.98,423.82,1706.0,9.77,21.0,33.36,12719.0
2004-03-14,S&P 500,2197.53,2148.44,2239.77,2132.77,249866319.0,-2.79,8.84,9.9,5.61,75.0,13116.0,680.0,0.95,131.56,65.65,2310.27,360.03,7073.0,2.75,23.0,35.65,4321.0
2004-03-15,S&P 500,2197.53,2148.44,2239.77,2132.77,249866319.0,-2.79,8.84,9.9,5.61,75.0,13116.0,680.0,0.95,131.56,65.65,2310.27,360.03,7073.0,2.75,23.0,35.65,4321.0
2004-03-16,S&P 500,2197.53,2148.44,2239.77,2132.77,249866319.0,-2.79,8.84,9.9,5.61,75.0,13116.0,680.0,0.95,131.56,65.65,2310.27,360.03,7073.0,2.75,23.0,35.65,4321.0
2004-03-17,S&P 500,2197.53,2148.44,2239.77,2132.77,249866319.0,-2.79,8.84,9.9,5.61,75.0,13116.0,680.0,0.95,131.56,65.65,2310.27,360.03,7073.0,2.75,23.0,35.65,4321.0
2004-03-18,S&P 500,2197.53,2148.44,2239.77,2132.77,249866319.0,-2.79,8.84,9.9,5.61,75.0,13116.0,680.0,0.95,131.56,65.65,2310.27,360.03,7073.0,2.75,23.0,35.65,4321.0
2004-03-19,S&P 500,2197.53,2148.44,2239.77,2132.77,249866319.0,-2.79,8.84,9.9,5.61,75.0,13116.0,680.0,0.95,131.56,65.65,2310.27,360.03,7073.0,2.75,23.0,35.65,4321.0
2004-03-20,S&P 500,1250.26,1260.96,1290.62,1245.8,567299987.0,0.01,1.9,13.07,2.33,100.0,5714.0,1551.0,1.01,141.12,31.59,2041.47,148.82,8274.0,8.28,3.0,7.53,10782.0
2004-03-21,S&P 500,1250.26,1260.96,1290.62,1245.8,567299987.0,0.01,1.9,13.07,2.33,100.0,5714.0,1551.0,1.01,141.12,31.59,2041.47,148.82,8274.0,8.28,3.0,7.53,10782.0
2004-03-22,S&P 500,4236.09,4266.59,4283.89,4214.78,34001783.0,4.23,6.14,8.25,1.08,57.0,576.0,2926.0,1.0,147.26,101.65,1727.32,147.01,9597.0,1.47,18.0,49.42,6040.0
2004-03-23,S&P 500,4236.09,4266.59,4283.89,4214.78,34001783.0,4.23,6.14,8.25,1.08,57.0,576.0,2926.0,1.0,147.26,101.65,1727.32,147.01,9597.0,1.47,18.0,49.42,6040.0
2004-03-24,S&P 500,4236.09,4266.59,4283.89,4214.78,34001783.0,4.23,6.14,8.25,1.08,57.0,576.0,2926.0,1.0,147.26,101.65,1727.32,147.01,9597.0,1.47,18.0,49.42,6040.0
2004-03-25,S&P 500,4236.09,4266.59,4283.89,4214.78,34001783.0,4.23,6.14,8.25,1.08,57.0,576.0,2926.0,1.0,147.26,101.65,1727.32,147.01,9597.0,1.47,18.0,49.42,6040.0
2004-03-26,S&P 500,4236.09,4266.59,4283.89,4214.78,34001783.0,4.23,6.14,8.25,1.08,57.0,576.0,2926.0,1.0,147.26,101.65,1727.32,147.01,9597.0,1.47,18.0,49.42,6040.0
2004-03-27,S&P 500,1330.95,1336.86,1344.14,1300.67,231875716.0,3.84,6.75,12.41,7.06,66.0,13741.0,2543.0,0.99,103.78,21.52,2075.28,440.45,7784.0,2.92,9.0,2.61,11887.0
2004-03-28,S&P 500,1330.95,1336.86,1344.14,1300.67,231875716.0,3.84,6.75,12.41,7.06,66.0,13741.0,2543.0,0.99,103.78,21.52,2075.28,440.45,7784.0,2.92,9.0,2.61,11887.0
2004-03-29,S&P 500,1330.95,1336.86,1344.14,1300.67,231875716.0,3.84,6.75,12.41,7.06,66.0,13741.0,2543.0,0.99,103.78,21.52,2075.28,440.45,7784.0,2.92,9.0,2.61,11887.0
2004-03-30,S&P 500,1330.95,1336.86,1344.14,1300.67,231875716.0,3.84,6.75,12.41,7.06,66.0,13741.0,2543.0,0.99,103.78,21.52,2075.28,440.45,7784.0,2.92,9.0,2.61,11887.0
2004-03-31,S&P 500,1330.95,1336.86,1344.14,1300.67,231875716.0,3.84,6.75,12.41,7.06,66.0,13741.0,2543.0,0.99,103.78,21.52,2075.28,440.45,7784.0,2.92,9.0,2.61,11887.0
2004-04-01,S&P 500,1330.95,1336.86,1344.14,1300.67,231875716.0,3.84,6.75,12.41,7.06,66.0,13741.0,2543.0,0.99,103.78,21.52,2075.28,440.45,7784.0,2.92,9.0,2.61,11887.0
2004-04-02,S&P 500,1330.95,1336.86,1344.14,1300.67,231875716.0,3.84,6.75,12.41,7.06,66.0,13741.0,2543.0,0.99,103.78,21.52,2075.28,440.45,7784.0,2.92,9.0,2.61,11887.0
2004-04-03,S&P 500,1330.95,1336.86,1344.14,1300.67,231875716.0,3.84,6.75,12.41,7.06,66.0,13741.0,2543.0,0.99,103.78,21.52,2075.28,440.45,7784.0,2.92,9.0,2.61,11887.0
2004-04-04,S&P 500,1330.95,1336.86,1344.14,1300.67,231875716.0,3.84,6.75,12.41,7.06,66.0,13741.0,2543.0,0.99,103.78,21.52,2075.28,440.45,7784.0,2.92,9.0,2.61,11887.0
2004-04-05,S&P 500,1330.95,1336.86,1344.14,1300.67,231875716.0,3.84,6.75,12.41,7.06,66.0,13741.0,2543.0,0.99,103.78,21.52,2075.28,440.45,7784.0,2.92,9.0,2.61,11887.0
2004-04-06,S&P 500,2094.56,2081.19,2099.91,2047.04,866862604.0,-4.94,0.45,11.63,2.3,93.0,6774.0,168.0,0.88,82.3,110.88,1750.04,429.27,9495.0,2.27,8.0,69.74,5090.0
2004-04-07,S&P 500,2094.56,2081.19,2099.91,2047.04,866862604.0,-4.94,0.45,11.63,2.3,93.0,6774.0,168.0,0.88,82.3,110.88,1750.04,429.27,9495.0,2.27,8.0,69.74,5090.0
2004-04-08,S&P 500,2094.56,2081.19,2099.91,2047.04,866862604.0,-4.94,0.45,11.63,2.3,93.0,6774.0,168.0,0.88,82.3,110.88,1750.04,429.27,9495.0,2.27,8.0,69.74,5090.0
2004-04-09,S&P 500,2094.56,2081.19,2099.91,2047.04,866862604.0,-4.94,0.45,11.63,2.3,93.0,6774.0,168.0,0.88,82.3,110.88,1750.04,429.27,9495.0,2.27,8.0,69.74,5090.0
2004-04-10,S&P 500,2225.85,2199.87,2267.49,2160.94,721421450.0,1.38,8.71,10.86,7.24,95.0,9653.0,3225.0,1.01,141.0,45.76,2131.62,249.07,1448.0,2.02,16.0,52.29,4200.0
2004-04-11,S&P 500,2225.85,2199.87,2267.49,2160.94,721421450.0,1.38,8.71,10.86,7.24,95.0,9653.0,3225.0,1.01,141.0,45.76,2131.62,249.07,1448.0,2.02,16.0,52.29,4200.0
2004-04-12,S&P 500,2225.85,2199.87,2267.49,2160.94,721421450.0,1.38,8.71,10.86,7.24,95.0,9653.0,3225.0,1.01,141.0,45.76,2131.62,249.07,1448.0,2.02,16.0,52.29,4200.0
2004-04-13,S&P 500,2674.43,2682.12,2708.82,2629.32,751918842.0,7.49,1.85,8.02,7.56,73.0,12023.0,3494.0,1.49,81.92,146.68,2295.33,419.69,5827.0,3.22,23.0,72.78,877.0
2004-04-14,S&P 500,2674.43,2682.12,2708.82,2629.32,751918842.0,7.49,1.85,8.02,7.56,73.0,12023.0,3494.0,1.49,81.92,146.68,2295.33,419.69,5827.0,3.22,23.0,72.78,877.0
2004-04-15,S&P 500,2674.43,2682.12,2708.82,2629.32,751918842.0,7.49,1.85,8.02,7.56,73.0,12023.0,3494.0,1.49,81.92,146.68,2295.33,419.69,5827.0,3.22,23.0,72.78,877.0
2004-04-16,S&P 500,2674.43,2682.12,2708.82,2629.32,751918842.0,7.49,1.85,8.02,7.56,73.0,12023.0,3494.0,1.49,81.92,146.68,2295.33,419.69,5827.0,3.22,23.0,72.78,877.0
2004-04-17,S&P 500,2674.43,2682.12,2708.82,2629.32,751918842.0,7.49,1.85,8.02,7.56,73.0,12023.0,3494.0,1.49,81.92,146.68,2295.33,419.69,5827.0,3.22,23.0,72.78,877.0
2004-04-18,S&P 500,2674.43,2682.12,2708.82,2629.32,751918842.0,7.49,1.85,8.02,7.56,73.0,12023.0,3494.0,1.49,81.92,146.68,2295.33,419.69,5827.0,3.22,23.0,72.78,877.0
2004-04-19,S&P 500,2674.43,2682.12,2708.82,2629.32,751918842.0,7.49,1.85,8.02,7.56,73.0,12023.0,3494.0,1.49,81.92,146.68,2295.33,419.69,5827.0,3.22,23.0,72.78,877.0
2004-04-20,S&P 500,2255.5,2261.71,2281.82,2207.13,633736623.0,1.14,1.94,13.03,5.93,102.0,15337.0,383.0,0.8,97.95,101.38,1870.35,462.65,1734.0,5.6,45.0,16.68,14504.0
2004-04-21,S&P 500,3152.09,3102.6800000000003,3157.21,3062.11,990452339.0,9.88,2.23,2.27,2.8,65.0,5803.0,906.0,1.17,95.55,93.18,1965.27,293.3,8008.0,6.02,26.0,75.11,1641.0
2004-04-22,S&P 500,3152.09,3102.6800000000003,3157.21,3062.11,990452339.0,9.88,2.23,2.27,2.8,65.0,5803.0,906.0,1.17,95.55,93.18,1965.27,293.3,8008.0,6.02,26.0,75.11,1641.0
2004-04-23,S&P 500,4957.8,4995.93,4998.5,4951.71,623155908.0,-2.04,0.4,7.95,5.07,61.0,20046.0,2776.0,1.1,100.12,112.75,2198.86,435.45,9930.0,6.71,34.0,77.48,5747.0
2004-04-24,S&P 500,4558.08,4515.87,4577.09,4486.15,207892001.0,-2.17,0.51,11.59,6.61,80.0,14247.0,3671.0,1.1,80.92,114.74,1772.59,359.54,4819.0,7.91,11.0,55.81,7839.0
2004-04-25,S&P 500,4558.08,4515.87,4577.09,4486.15,207892001.0,-2.17,0.51,11.59,6.61,80.0,14247.0,3671.0,1.1,80.92,114.74,1772.59,359.54,4819.0,7.91,11.0,55.81,7839.0
2004-04-26,S&P 500,1780.67,1822.67,1858.57,1778.92,158251893.0,0.29,6.42,5.53,9.01,85.0,17786.0,3859.0,0.82,101.95,148.92,2246.17,416.46,1107.0,0.15,5.0,24.95,13188.0
2004-04-27,S&P 500,2957.57,2934.6400000000003,2994.71,2907.5600000000004,609990780.0,1.86,6.65,5.02,7.45,108.0,20951.0,4169.0,1.28,133.51,66.36,1862.64,293.21,1110.0,3.49,36.0,72.05,10843.0
2004-04-28,S&P 500,2957.57,2934.6400000000003,2994.71,2907.5600000000004,609990780.0,1.86,6.65,5.02,7.45,108.0,20951.0,4169.0,1.28,133.51,66.36,1862.64,293.21,1110.0,3.49,36.0,72.05,10843.0
2004-04-29,S&P 500,2957.57,2934.6400000000003,2994.71,2907.5600000000004,609990780.0,1.86,6.65,5.02,7.45,108.0,20951.0,4169.0,1.28,133.51,66.36,1862.64,293.21,1110.0,3.49,36.0,72.05,10843.0
2004-04-30,S&P 500,2957.57,2934.6400000000003,2994.71,2907.5600000000004,609990780.0,1.86,6.65,5.02,7.45,108.0,20951.0,4169.0,1.28,133.51,66.36,1862.64,293.21,1110.0,3.49,36.0,72.05,10843.0
2004-05-01,S&P 500,2957.57,2934.6400000000003,2994.71,2907.5600000000004,609990780.0,1.86,6.65,5.02,7.45,108.0,20951.0,4169.0,1.28,133.51,66.36,1862.64,293.21,1110.0,3.49,36.0,72.05,10843.0
2004-05-02,S&P 500,2957.57,2934.6400000000003,2994.71,2907.5600000000004,609990780.0,1.86,6.65,5.02,7.45,108.0,20951.0,4169.0,1.28,133.51,66.36,1862.64,293.21,1110.0,3.49,36.0,72.05,10843.0
2004-05-03,S&P 500,2957.57,2934.6400000000003,2994.71,2907.5600000000004,609990780.0,1.86,6.65,5.02,7.45,108.0,20951.0,4169.0,1.28,133.51,66.36,1862.64,293.21,1110.0,3.49,36.0,72.05,10843.0
2004-05-04,S&P 500,2957.57,2934.6400000000003,2994.71,2907.5600000000004,609990780.0,1.86,6.65,5.02,7.45,108.0,20951.0,4169.0,1.28,133.51,66.36,1862.64,293.21,1110.0,3.49,36.0,72.05,10843.0
2004-05-05,S&P 500,2957.57,2934.6400000000003,2994.71,2907.5600000000004,609990780.0,1.86,6.65,5.02,7.45,108.0,20951.0,4169.0,1.28,133.51,66.36,1862.64,293.21,1110.0,3.49,36.0,72.05,10843.0
2004-05-06,S&P 500,2957.57,2934.6400000000003,2994.71,2907.5600000000004,609990780.0,1.86,6.65,5.02,7.45,108.0,20951.0,4169.0,1.28,133.51,66.36,1862.64,293.21,1110.0,3.49,36.0,72.05,10843.0
2004-05-07,S&P 500,2957.57,2934.6400000000003,2994.71,2907.5600000000004,609990780.0,1.86,6.65,5.02,7.45,108.0,20951.0,4169.0,1.28,133.51,66.36,1862.64,293.21,1110.0,3.49,36.0,72.05,10843.0
2004-05-08,S&P 500,1504.01,1473.12,1521.79,1425.7199999999998,873473407.0,-3.53,8.68,11.44,6.52,118.0,8351.0,4838.0,0.9,144.67,23.21,853.58,343.54,7907.0,3.9,25.0,43.11,3620.0
2004-05-09,S&P 500,1785.68,1814.73,1854.28,1749.84,451825684.0,2.86,2.84,11.5,4.8,93.0,25501.0,494.0,1.38,85.8,37.76,1618.53,498.65,7938.0,0.45,2.0,10.12,10849.0
2004-05-10,S&P 500,1785.68,1814.73,1854.28,1749.84,451825684.0,2.86,2.84,11.5,4.8,93.0,25501.0,494.0,1.38,85.8,37.76,1618.53,498.65,7938.0,0.45,2.0,10.12,10849.0
2004-05-11,S&P 500,1785.68,1814.73,1854.28,1749.84,451825684.0,2.86,2.84,11.5,4.8,93.0,25501.0,494.0,1.38,85.8,37.76,1618.53,498.65,7938.0,0.45,2.0,10.12,10849.0
2004-05-12,S&P 500,1785.68,1814.73,1854.28,1749.84,451825684.0,2.86,2.84,11.5,4.8,93.0,25501.0,494.0,1.38,85.8,37.76,1618.53,498.65,7938.0,0.45,2.0,10.12,10849.0
2004-05-13,S&P 500,1785.68,1814.73,1854.28,1749.84,451825684.0,2.86,2.84,11.5,4.8,93.0,25501.0,494.0,1.38,85.8,37.76,1618.53,498.65,7938.0,0.45,2.0,10.12,10849.0
2004-05-14,S&P 500,1785.68,1814.73,1854.28,1749.84,451825684.0,2.86,2.84,11.5,4.8,93.0,25501.0,494.0,1.38,85.8,37.76,1618.53,498.65,7938.0,0.45,2.0,10.12,10849.0
2004-05-15,S&P 500,3578.98,3556.21,3597.75,3554.64,627055684.0,-2.84,0.47,5.35,4.75,92.0,6095.0,293.0,0.98,107.15,129.89,2455.23,381.01,3480.0,7.21,13.0,84.28,12137.0
2004-05-16,S&P 500,3578.98,3556.21,3597.75,3554.64,627055684.0,-2.84,0.47,5.35,4.75,92.0,6095.0,293.0,0.98,107.15,129.89,2455.23,381.01,3480.0,7.21,13.0,84.28,12137.0
2004-05-17,S&P 500,3210.65,3185.85,3227.81,3163.93,901132708.0,-3.8,3.45,6.15,0.63,90.0,16297.0,3997.0,0.92,100.2,144.35,1905.23,239.3,9437.0,0.64,38.0,31.93,2181.0
2004-05-18,S&P 500,2488.69,2530.77,2542.87,2461.08,788923533.0,5.42,8.33,8.5,8.07,119.0,11423.0,317.0,0.88,96.96,35.64,1138.79,107.77,6876.0,8.66,36.0,59.32,587.0
2004-05-19,S&P 500,2488.69,2530.77,2542.87,2461.08,788923533.0,5.42,8.33,8.5,8.07,119.0,11423.0,317.0,0.88,96.96,35.64,1138.79,107.77,6876.0,8.66,36.0,59.32,587.0
2004-05-20,S&P 500,1564.89,1568.24,1569.2,1551.0200000000002,378672488.0,-3.01,7.55,10.33,3.89,66.0,10099.0,4752.0,1.15,89.34,46.05,1623.28,398.8,824.0,8.78,47.0,56.87,3520.0
2004-05-21,S&P 500,3283.51,3293.15,3331.77,3259.7200000000003,483829659.0,7.93,4.39,8.33,3.69,58.0,6962.0,3590.0,1.34,91.43,147.65,2255.52,274.34,9768.0,3.08,27.0,26.53,14246.0
2004-05-22,S&P 500,3283.51,3293.15,3331.77,3259.7200000000003,483829659.0,7.93,4.39,8.33,3.69,58.0,6962.0,3590.0,1.34,91.43,147.65,2255.52,274.34,9768.0,3.08,27.0,26.53,14246.0
2004-05-23,S&P 500,2114.57,2145.28,2147.48,2095.15,915568400.0,0.32,9.76,10.45,7.17,55.0,6868.0,4003.0,0.99,100.45,140.13,2126.58,473.37,3397.0,6.47,21.0,44.89,6713.0
2004-05-24,S&P 500,2114.57,2145.28,2147.48,2095.15,915568400.0,0.32,9.76,10.45,7.17,55.0,6868.0,4003.0,0.99,100.45,140.13,2126.58,473.37,3397.0,6.47,21.0,44.89,6713.0
2004-05-25,S&P 500,2114.57,2145.28,2147.48,2095.15,915568400.0,0.32,9.76,10.45,7.17,55.0,6868.0,4003.0,0.99,100.45,140.13,2126.58,473.37,3397.0,6.47,21.0,44.89,6713.0
2004-05-26,S&P 500,4302.84,4265.75,4343.53,4235.57,325163861.0,8.85,6.22,3.22,6.8,53.0,9906.0,4272.0,0.84,87.68,60.3,2290.2,293.06,8019.0,4.37,31.0,51.19,11498.0
2004-05-27,S&P 500,4302.84,4265.75,4343.53,4235.57,325163861.0,8.85,6.22,3.22,6.8,53.0,9906.0,4272.0,0.84,87.68,60.3,2290.2,293.06,8019.0,4.37,31.0,51.19,11498.0
2004-05-28,S&P 500,4302.84,4265.75,4343.53,4235.57,325163861.0,8.85,6.22,3.22,6.8,53.0,9906.0,4272.0,0.84,87.68,60.3,2290.2,293.06,8019.0,4.37,31.0,51.19,11498.0
2004-05-29,S&P 500,4879.71,4860.55,4916.57,4816.03,650013300.0,-2.95,4.24,14.16,1.42,67.0,14914.0,1282.0,0.92,98.45,141.29,2252.88,165.17,7671.0,3.31,1.0,55.71,5083.0
2004-05-30,S&P 500,3285.04,3321.99,3356.98,3271.54,817949084.0,3.52,2.28,7.62,9.0,81.0,29536.0,623.0,1.24,100.61,128.07,1353.75,236.85,2760.0,6.17,16.0,92.62,12766.0
2004-05-31,S&P 500,3285.04,3321.99,3356.98,3271.54,817949084.0,3.52,2.28,7.62,9.0,81.0,29536.0,623.0,1.24,100.61,128.07,1353.75,236.85,2760.0,6.17,16.0,92.62,12766.0
2004-06-01,S&P 500,2498.19,2472.9700000000003,2543.36,2459.92,997294289.0,2.88,5.36,3.8,6.66,78.0,29719.0,4579.0,1.4,85.64,99.01,842.51,390.33,3849.0,5.0,2.0,34.65,10672.0
2004-06-02,S&P 500,2498.19,2472.9700000000003,2543.36,2459.92,997294289.0,2.88,5.36,3.8,6.66,78.0,29719.0,4579.0,1.4,85.64,99.01,842.51,390.33,3849.0,5.0,2.0,34.65,10672.0
2004-06-03,S&P 500,2469.56,2429.74,2518.69,2384.27,746578959.0,3.74,7.38,9.66,8.27,74.0,7823.0,4483.0,1.1,88.44,71.91,1731.12,173.52,8809.0,7.94,22.0,38.39,376.0
2004-06-04,S&P 500,2469.56,2429.74,2518.69,2384.27,746578959.0,3.74,7.38,9.66,8.27,74.0,7823.0,4483.0,1.1,88.44,71.91,1731.12,173.52,8809.0,7.94,22.0,38.39,376.0
2004-06-05,S&P 500,2469.56,2429.74,2518.69,2384.27,746578959.0,3.74,7.38,9.66,8.27,74.0,7823.0,4483.0,1.1,88.44,71.91,1731.12,173.52,8809.0,7.94,22.0,38.39,376.0
2004-06-06,S&P 500,2469.56,2429.74,2518.69,2384.27,746578959.0,3.74,7.38,9.66,8.27,74.0,7823.0,4483.0,1.1,88.44,71.91,1731.12,173.52,8809.0,7.94,22.0,38.39,376.0
2004-06-07,S&P 500,2469.56,2429.74,2518.69,2384.27,746578959.0,3.74,7.38,9.66,8.27,74.0,7823.0,4483.0,1.1,88.44,71.91,1731.12,173.52,8809.0,7.94,22.0,38.39,376.0
2004-06-08,S&P 500,2469.56,2429.74,2518.69,2384.27,746578959.0,3.74,7.38,9.66,8.27,74.0,7823.0,4483.0,1.1,88.44,71.91,1731.12,173.52,8809.0,7.94,22.0,38.39,376.0
2004-06-09,S&P 500,3691.06,3652.38,3713.17,3615.61,730747387.0,-1.76,1.18,7.96,0.6,60.0,28919.0,3243.0,0.87,135.65,48.37,1065.5,276.46,4803.0,0.83,7.0,94.86,11028.0
2004-06-10,S&P 500,1882.02,1872.66,1885.6,1829.68,96090390.0,1.06,8.77,11.38,8.91,88.0,934.0,1870.0,1.47,146.52,56.77,1092.09,150.72,8453.0,1.55,32.0,24.03,12996.0
2004-06-11,S&P 500,1872.83,1871.34,1892.31,1824.31,835224071.0,6.64,8.37,7.63,1.21,68.0,20482.0,4153.0,1.4,103.21,100.46,1035.18,373.45,700.0,6.24,3.0,56.29,11740.0
2004-06-12,S&P 500,4496.29,4500.37,4537.45,4486.2,114922768.0,9.3,2.95,12.31,8.59,68.0,28625.0,346.0,1.39,123.48,114.3,1170.14,260.55,9851.0,4.38,6.0,6.16,11502.0
2004-06-13,S&P 500,4496.29,4500.37,4537.45,4486.2,114922768.0,9.3,2.95,12.31,8.59,68.0,28625.0,346.0,1.39,123.48,114.3,1170.14,260.55,9851.0,4.38,6.0,6.16,11502.0
2004-06-14,S&P 500,4496.29,4500.37,4537.45,4486.2,114922768.0,9.3,2.95,12.31,8.59,68.0,28625.0,346.0,1.39,123.48,114.3,1170.14,260.55,9851.0,4.38,6.0,6.16,11502.0
2004-06-15,S&P 500,1002.61,1033.39,1063.16,984.67,577981752.0,-0.31,9.38,8.55,0.86,119.0,9226.0,2157.0,0.88,91.41,21.06,903.57,377.59,6273.0,6.32,7.0,36.52,4028.0
2004-06-16,S&P 500,1002.61,1033.39,1063.16,984.67,577981752.0,-0.31,9.38,8.55,0.86,119.0,9226.0,2157.0,0.88,91.41,21.06,903.57,377.59,6273.0,6.32,7.0,36.52,4028.0
2004-06-17,S&P 500,4170.38,4175.97,4178.35,4141.62,575488486.0,2.59,6.06,10.6,1.56,72.0,19034.0,3697.0,1.46,139.44,57.83,1246.19,211.9,4416.0,3.8,42.0,77.02,4554.0
2004-06-18,S&P 500,3509.32,3529.27,3548.54,3472.4100000000003,105005024.0,4.09,2.43,13.76,4.4,109.0,4624.0,439.0,0.98,140.46,82.21,1842.82,338.07,7833.0,6.31,38.0,26.3,12638.0
2004-06-19,S&P 500,3509.32,3529.27,3548.54,3472.4100000000003,105005024.0,4.09,2.43,13.76,4.4,109.0,4624.0,439.0,0.98,140.46,82.21,1842.82,338.07,7833.0,6.31,38.0,26.3,12638.0
2004-06-20,S&P 500,3509.32,3529.27,3548.54,3472.4100000000003,105005024.0,4.09,2.43,13.76,4.4,109.0,4624.0,439.0,0.98,140.46,82.21,1842.82,338.07,7833.0,6.31,38.0,26.3,12638.0
2004-06-21,S&P 500,2833.29,2849.87,2855.16,2830.08,311917404.0,7.3,8.08,13.81,0.56,51.0,28204.0,3261.0,1.08,138.57,120.92,1288.41,299.83,8040.0,0.69,49.0,59.06,4366.0
2004-06-22,S&P 500,2404.88,2407.35,2440.59,2377.98,98439251.0,9.48,3.87,6.19,4.33,85.0,15921.0,1408.0,1.01,149.96,127.1,1303.07,116.18,6757.0,2.2,21.0,86.14,13590.0
2004-06-23,S&P 500,1375.11,1389.05,1403.36,1339.1699999999998,702036051.0,-2.29,8.34,14.58,0.9,106.0,5667.0,4729.0,1.07,106.4,29.54,1860.51,270.77,1490.0,5.63,35.0,22.54,1619.0
2004-06-24,S&P 500,1375.11,1389.05,1403.36,1339.1699999999998,702036051.0,-2.29,8.34,14.58,0.9,106.0,5667.0,4729.0,1.07,106.4,29.54,1860.51,270.77,1490.0,5.63,35.0,22.54,1619.0
2004-06-25,S&P 500,1375.11,1389.05,1403.36,1339.1699999999998,702036051.0,-2.29,8.34,14.58,0.9,106.0,5667.0,4729.0,1.07,106.4,29.54,1860.51,270.77,1490.0,5.63,35.0,22.54,1619.0
2004-06-26,S&P 500,1375.11,1389.05,1403.36,1339.1699999999998,702036051.0,-2.29,8.34,14.58,0.9,106.0,5667.0,4729.0,1.07,106.4,29.54,1860.51,270.77,1490.0,5.63,35.0,22.54,1619.0
2004-06-27,S&P 500,1375.11,1389.05,1403.36,1339.1699999999998,702036051.0,-2.29,8.34,14.58,0.9,106.0,5667.0,4729.0,1.07,106.4,29.54,1860.51,270.77,1490.0,5.63,35.0,22.54,1619.0
2004-06-28,S&P 500,1375.11,1389.05,1403.36,1339.1699999999998,702036051.0,-2.29,8.34,14.58,0.9,106.0,5667.0,4729.0,1.07,106.4,29.54,1860.51,270.77,1490.0,5.63,35.0,22.54,1619.0
2004-06-29,S&P 500,1375.11,1389.05,1403.36,1339.1699999999998,702036051.0,-2.29,8.34,14.58,0.9,106.0,5667.0,4729.0,1.07,106.4,29.54,1860.51,270.77,1490.0,5.63,35.0,22.54,1619.0
2004-06-30,S&P 500,1375.11,1389.05,1403.36,1339.1699999999998,702036051.0,-2.29,8.34,14.58,0.9,106.0,5667.0,4729.0,1.07,106.4,29.54,1860.51,270.77,1490.0,5.63,35.0,22.54,1619.0
2004-07-01,S&P 500,2872.28,2871.74,2888.36,2833.5400000000004,405465176.0,7.15,5.74,3.77,5.83,73.0,3615.0,112.0,1.44,105.67,30.8,1155.37,438.73,1927.0,0.14,48.0,64.73,6543.0
2004-07-02,S&P 500,2872.28,2871.74,2888.36,2833.5400000000004,405465176.0,7.15,5.74,3.77,5.83,73.0,3615.0,112.0,1.44,105.67,30.8,1155.37,438.73,1927.0,0.14,48.0,64.73,6543.0
2004-07-03,S&P 500,4042.3,4019.07,4061.12,4001.8,136488756.0,6.41,8.39,14.71,7.8,51.0,625.0,1680.0,1.04,122.93,101.36,2408.23,394.24,2105.0,5.2,45.0,69.24,9347.0
2004-07-04,S&P 500,4042.3,4019.07,4061.12,4001.8,136488756.0,6.41,8.39,14.71,7.8,51.0,625.0,1680.0,1.04,122.93,101.36,2408.23,394.24,2105.0,5.2,45.0,69.24,9347.0
2004-07-05,S&P 500,4042.3,4019.07,4061.12,4001.8,136488756.0,6.41,8.39,14.71,7.8,51.0,625.0,1680.0,1.04,122.93,101.36,2408.23,394.24,2105.0,5.2,45.0,69.24,9347.0
2004-07-06,S&P 500,2719.94,2759.57,2786.11,2709.74,931437512.0,0.8,9.27,4.35,6.77,111.0,14190.0,2151.0,0.97,84.92,26.47,1146.54,395.03,267.0,9.25,21.0,64.33,10055.0
2004-07-07,S&P 500,2719.94,2759.57,2786.11,2709.74,931437512.0,0.8,9.27,4.35,6.77,111.0,14190.0,2151.0,0.97,84.92,26.47,1146.54,395.03,267.0,9.25,21.0,64.33,10055.0
2004-07-08,S&P 500,2719.94,2759.57,2786.11,2709.74,931437512.0,0.8,9.27,4.35,6.77,111.0,14190.0,2151.0,0.97,84.92,26.47,1146.54,395.03,267.0,9.25,21.0,64.33,10055.0
2004-07-09,S&P 500,4077.8,4036.68,4092.17,4016.95,601065870.0,-0.61,5.97,5.12,3.08,104.0,9915.0,1923.0,1.14,141.81,142.33,1245.34,329.66,6298.0,5.8,48.0,33.31,6735.0
2004-07-10,S&P 500,4077.8,4036.68,4092.17,4016.95,601065870.0,-0.61,5.97,5.12,3.08,104.0,9915.0,1923.0,1.14,141.81,142.33,1245.34,329.66,6298.0,5.8,48.0,33.31,6735.0
2004-07-11,S&P 500,4310.21,4292.27,4322.67,4278.02,805710619.0,-0.21,4.64,9.18,1.96,87.0,5660.0,2840.0,0.91,124.55,24.45,2346.65,168.6,7628.0,1.47,48.0,96.66,9180.0
2004-07-12,S&P 500,4310.21,4292.27,4322.67,4278.02,805710619.0,-0.21,4.64,9.18,1.96,87.0,5660.0,2840.0,0.91,124.55,24.45,2346.65,168.6,7628.0,1.47,48.0,96.66,9180.0
2004-07-13,S&P 500,4310.21,4292.27,4322.67,4278.02,805710619.0,-0.21,4.64,9.18,1.96,87.0,5660.0,2840.0,0.91,124.55,24.45,2346.65,168.6,7628.0,1.47,48.0,96.66,9180.0
2004-07-14,S&P 500,4310.21,4292.27,4322.67,4278.02,805710619.0,-0.21,4.64,9.18,1.96,87.0,5660.0,2840.0,0.91,124.55,24.45,2346.65,168.6,7628.0,1.47,48.0,96.66,9180.0
2004-07-15,S&P 500,4310.21,4292.27,4322.67,4278.02,805710619.0,-0.21,4.64,9.18,1.96,87.0,5660.0,2840.0,0.91,124.55,24.45,2346.65,168.6,7628.0,1.47,48.0,96.66,9180.0
2004-07-16,S&P 500,3042.32,3024.38,3052.1000000000004,3023.99,875466995.0,0.44,9.97,12.37,1.62,73.0,21341.0,4823.0,1.22,120.02,97.23,2116.02,338.16,8626.0,0.01,12.0,5.33,1096.0
2004-07-17,S&P 500,3042.32,3024.38,3052.1000000000004,3023.99,875466995.0,0.44,9.97,12.37,1.62,73.0,21341.0,4823.0,1.22,120.02,97.23,2116.02,338.16,8626.0,0.01,12.0,5.33,1096.0
2004-07-18,S&P 500,4642.42,4622.04,4683.28,4582.35,133875295.0,1.13,2.74,2.95,4.3,69.0,1754.0,3127.0,0.83,127.58,144.01,1397.15,159.24,278.0,0.26,21.0,73.26,12266.0
2004-07-19,S&P 500,3039.42,3046.65,3074.6600000000003,3026.11,793132360.0,2.74,2.64,4.44,7.36,84.0,1487.0,3201.0,1.09,148.77,130.58,913.16,433.85,8741.0,1.52,25.0,53.09,10201.0
2004-07-20,S&P 500,3039.42,3046.65,3074.6600000000003,3026.11,793132360.0,2.74,2.64,4.44,7.36,84.0,1487.0,3201.0,1.09,148.77,130.58,913.16,433.85,8741.0,1.52,25.0,53.09,10201.0
2004-07-21,S&P 500,3039.42,3046.65,3074.6600000000003,3026.11,793132360.0,2.74,2.64,4.44,7.36,84.0,1487.0,3201.0,1.09,148.77,130.58,913.16,433.85,8741.0,1.52,25.0,53.09,10201.0
2004-07-22,S&P 500,3039.42,3046.65,3074.6600000000003,3026.11,793132360.0,2.74,2.64,4.44,7.36,84.0,1487.0,3201.0,1.09,148.77,130.58,913.16,433.85,8741.0,1.52,25.0,53.09,10201.0
2004-07-23,S&P 500,3204.64,3243.99,3259.26,3182.35,399828411.0,0.69,2.3,5.24,9.39,90.0,8611.0,1247.0,1.34,86.5,118.36,1217.92,141.74,967.0,4.48,18.0,47.07,10530.0
2004-07-24,S&P 500,2752.71,2778.39,2815.62,2735.38,996388331.0,0.41,9.05,6.32,4.23,103.0,24839.0,3617.0,0.98,136.02,125.14,2205.96,227.8,1077.0,5.47,13.0,93.0,4176.0
2004-07-25,S&P 500,2752.71,2778.39,2815.62,2735.38,996388331.0,0.41,9.05,6.32,4.23,103.0,24839.0,3617.0,0.98,136.02,125.14,2205.96,227.8,1077.0,5.47,13.0,93.0,4176.0
2004-07-26,S&P 500,2752.71,2778.39,2815.62,2735.38,996388331.0,0.41,9.05,6.32,4.23,103.0,24839.0,3617.0,0.98,136.02,125.14,2205.96,227.8,1077.0,5.47,13.0,93.0,4176.0
2004-07-27,S&P 500,2752.71,2778.39,2815.62,2735.38,996388331.0,0.41,9.05,6.32,4.23,103.0,24839.0,3617.0,0.98,136.02,125.14,2205.96,227.8,1077.0,5.47,13.0,93.0,4176.0
2004-07-28,S&P 500,2796.16,2759.19,2835.29,2754.04,809190877.0,2.53,8.63,9.55,9.0,91.0,14240.0,4845.0,0.95,148.88,107.84,1995.54,339.87,4397.0,0.99,38.0,29.48,8056.0
2004-07-29,S&P 500,1949.91,1934.47,1972.68,1930.88,295638991.0,4.36,8.94,3.6,3.66,61.0,13618.0,3789.0,0.89,102.11,96.9,1698.54,201.25,8138.0,9.46,47.0,76.55,4322.0
2004-07-30,S&P 500,1949.91,1934.47,1972.68,1930.88,295638991.0,4.36,8.94,3.6,3.66,61.0,13618.0,3789.0,0.89,102.11,96.9,1698.54,201.25,8138.0,9.46,47.0,76.55,4322.0
2004-07-31,S&P 500,1949.91,1934.47,1972.68,1930.88,295638991.0,4.36,8.94,3.6,3.66,61.0,13618.0,3789.0,0.89,102.11,96.9,1698.54,201.25,8138.0,9.46,47.0,76.55,4322.0
2004-08-01,S&P 500,1446.37,1402.6999999999998,1454.37,1400.12,628589057.0,3.21,8.35,7.44,8.08,75.0,10009.0,2269.0,1.25,142.55,99.58,1747.16,171.46,3650.0,9.08,4.0,55.2,11137.0
2004-08-02,S&P 500,3433.28,3396.4500000000003,3453.19,3379.6000000000004,688745553.0,1.7,7.71,13.22,7.85,96.0,1871.0,2349.0,1.04,123.12,76.22,1121.56,482.01,8100.0,1.79,48.0,8.34,12962.0
2004-08-03,S&P 500,3433.28,3396.4500000000003,3453.19,3379.6000000000004,688745553.0,1.7,7.71,13.22,7.85,96.0,1871.0,2349.0,1.04,123.12,76.22,1121.56,482.01,8100.0,1.79,48.0,8.34,12962.0
2004-08-04,S&P 500,3433.28,3396.4500000000003,3453.19,3379.6000000000004,688745553.0,1.7,7.71,13.22,7.85,96.0,1871.0,2349.0,1.04,123.12,76.22,1121.56,482.01,8100.0,1.79,48.0,8.34,12962.0
2004-08-05,S&P 500,3433.28,3396.4500000000003,3453.19,3379.6000000000004,688745553.0,1.7,7.71,13.22,7.85,96.0,1871.0,2349.0,1.04,123.12,76.22,1121.56,482.01,8100.0,1.79,48.0,8.34,12962.0
2004-08-06,S&P 500,3433.28,3396.4500000000003,3453.19,3379.6000000000004,688745553.0,1.7,7.71,13.22,7.85,96.0,1871.0,2349.0,1.04,123.12,76.22,1121.56,482.01,8100.0,1.79,48.0,8.34,12962.0
2004-08-07,S&P 500,3433.28,3396.4500000000003,3453.19,3379.6000000000004,688745553.0,1.7,7.71,13.22,7.85,96.0,1871.0,2349.0,1.04,123.12,76.22,1121.56,482.01,8100.0,1.79,48.0,8.34,12962.0
2004-08-08,S&P 500,3433.28,3396.4500000000003,3453.19,3379.6000000000004,688745553.0,1.7,7.71,13.22,7.85,96.0,1871.0,2349.0,1.04,123.12,76.22,1121.56,482.01,8100.0,1.79,48.0,8.34,12962.0
2004-08-09,S&P 500,1501.95,1475.27,1503.15,1437.88,298009211.0,7.26,5.39,2.04,1.28,112.0,24668.0,1236.0,0.91,99.68,60.08,1947.21,429.6,6410.0,8.59,49.0,69.21,6813.0
2004-08-10,S&P 500,1501.95,1475.27,1503.15,1437.88,298009211.0,7.26,5.39,2.04,1.28,112.0,24668.0,1236.0,0.91,99.68,60.08,1947.21,429.6,6410.0,8.59,49.0,69.21,6813.0
2004-08-11,S&P 500,1501.95,1475.27,1503.15,1437.88,298009211.0,7.26,5.39,2.04,1.28,112.0,24668.0,1236.0,0.91,99.68,60.08,1947.21,429.6,6410.0,8.59,49.0,69.21,6813.0
2004-08-12,S&P 500,1501.95,1475.27,1503.15,1437.88,298009211.0,7.26,5.39,2.04,1.28,112.0,24668.0,1236.0,0.91,99.68,60.08,1947.21,429.6,6410.0,8.59,49.0,69.21,6813.0
2004-08-13,S&P 500,3263.13,3214.74,3285.6600000000003,3168.67,817410624.0,3.21,2.93,5.64,8.67,59.0,3283.0,2321.0,0.87,139.3,38.3,2382.34,410.73,9698.0,1.69,1.0,77.39,4369.0
2004-08-14,S&P 500,4716.58,4703.85,4730.86,4671.870000000001,881870954.0,-4.07,6.55,6.17,0.72,99.0,563.0,1257.0,0.84,129.91,107.12,1261.16,164.92,4704.0,6.72,7.0,53.46,5050.0
2004-08-15,S&P 500,4716.58,4703.85,4730.86,4671.870000000001,881870954.0,-4.07,6.55,6.17,0.72,99.0,563.0,1257.0,0.84,129.91,107.12,1261.16,164.92,4704.0,6.72,7.0,53.46,5050.0
2004-08-16,S&P 500,1264.66,1269.01,1288.17,1230.52,926497511.0,7.44,6.1,10.69,1.65,50.0,27710.0,1749.0,1.23,122.48,124.79,2122.87,271.14,824.0,8.06,37.0,89.67,2404.0
2004-08-17,S&P 500,1076.62,1033.89,1118.4,1012.53,126679807.0,-4.1,7.17,7.54,0.84,103.0,4349.0,4764.0,1.01,122.88,104.29,1745.08,367.46,7321.0,5.47,18.0,49.79,2247.0
2004-08-18,S&P 500,1076.62,1033.89,1118.4,1012.53,126679807.0,-4.1,7.17,7.54,0.84,103.0,4349.0,4764.0,1.01,122.88,104.29,1745.08,367.46,7321.0,5.47,18.0,49.79,2247.0
2004-08-19,S&P 500,3098.94,3070.7200000000003,3120.87,3034.0200000000004,181087841.0,6.94,2.15,3.99,9.89,56.0,4438.0,1686.0,0.96,102.59,66.8,1277.18,212.95,2728.0,5.37,30.0,98.58,9663.0
2004-08-20,S&P 500,3098.94,3070.7200000000003,3120.87,3034.0200000000004,181087841.0,6.94,2.15,3.99,9.89,56.0,4438.0,1686.0,0.96,102.59,66.8,1277.18,212.95,2728.0,5.37,30.0,98.58,9663.0
2004-08-21,S&P 500,3098.94,3070.7200000000003,3120.87,3034.0200000000004,181087841.0,6.94,2.15,3.99,9.89,56.0,4438.0,1686.0,0.96,102.59,66.8,1277.18,212.95,2728.0,5.37,30.0,98.58,9663.0
2004-08-22,S&P 500,2380.33,2386.52,2407.87,2344.22,29148419.0,3.76,3.24,2.72,1.62,78.0,23197.0,333.0,1.47,103.56,74.39,1144.22,213.15,1347.0,2.83,22.0,41.44,5371.0
2004-08-23,S&P 500,2380.33,2386.52,2407.87,2344.22,29148419.0,3.76,3.24,2.72,1.62,78.0,23197.0,333.0,1.47,103.56,74.39,1144.22,213.15,1347.0,2.83,22.0,41.44,5371.0
2004-08-24,S&P 500,2380.33,2386.52,2407.87,2344.22,29148419.0,3.76,3.24,2.72,1.62,78.0,23197.0,333.0,1.47,103.56,74.39,1144.22,213.15,1347.0,2.83,22.0,41.44,5371.0
2004-08-25,S&P 500,3671.47,3657.02,3708.65,3615.22,220023092.0,2.59,9.49,3.82,3.27,75.0,11023.0,3538.0,1.19,112.2,149.23,2117.25,130.73,6617.0,2.72,0.0,94.45,14681.0
2004-08-26,S&P 500,4732.82,4763.71,4790.31,4686.02,298711091.0,2.64,3.59,4.08,8.56,66.0,24670.0,1471.0,1.03,132.82,29.38,2384.5,369.32,1327.0,8.06,44.0,43.49,8387.0
2004-08-27,S&P 500,4732.82,4763.71,4790.31,4686.02,298711091.0,2.64,3.59,4.08,8.56,66.0,24670.0,1471.0,1.03,132.82,29.38,2384.5,369.32,1327.0,8.06,44.0,43.49,8387.0
2004-08-28,S&P 500,3445.85,3452.97,3492.01,3421.44,33503123.0,2.48,7.82,10.88,6.09,110.0,2658.0,3303.0,1.46,113.63,114.46,1514.45,455.81,6535.0,2.74,41.0,42.47,9769.0
2004-08-29,S&P 500,3445.85,3452.97,3492.01,3421.44,33503123.0,2.48,7.82,10.88,6.09,110.0,2658.0,3303.0,1.46,113.63,114.46,1514.45,455.81,6535.0,2.74,41.0,42.47,9769.0
2004-08-30,S&P 500,3445.85,3452.97,3492.01,3421.44,33503123.0,2.48,7.82,10.88,6.09,110.0,2658.0,3303.0,1.46,113.63,114.46,1514.45,455.81,6535.0,2.74,41.0,42.47,9769.0
2004-08-31,S&P 500,4392.44,4372.719999999999,4432.44,4336.639999999999,176693382.0,1.02,9.85,5.81,8.53,50.0,6896.0,861.0,1.5,86.32,80.9,1575.64,441.51,8950.0,1.91,29.0,4.21,4320.0
2004-09-01,S&P 500,4392.44,4372.719999999999,4432.44,4336.639999999999,176693382.0,1.02,9.85,5.81,8.53,50.0,6896.0,861.0,1.5,86.32,80.9,1575.64,441.51,8950.0,1.91,29.0,4.21,4320.0
2004-09-02,S&P 500,4539.42,4571.22,4579.85,4495.57,451984732.0,-4.95,5.01,7.33,4.8,69.0,6736.0,4180.0,1.37,103.39,55.66,1332.99,330.93,1223.0,9.91,27.0,60.12,750.0
2004-09-03,S&P 500,3956.27,3999.26,3999.39,3947.22,326710742.0,4.2,3.82,3.89,3.53,89.0,8309.0,381.0,1.35,124.68,59.02,1690.58,488.76,6400.0,5.66,20.0,2.61,5728.0
2004-09-04,S&P 500,3956.27,3999.26,3999.39,3947.22,326710742.0,4.2,3.82,3.89,3.53,89.0,8309.0,381.0,1.35,124.68,59.02,1690.58,488.76,6400.0,5.66,20.0,2.61,5728.0
2004-09-05,S&P 500,3956.27,3999.26,3999.39,3947.22,326710742.0,4.2,3.82,3.89,3.53,89.0,8309.0,381.0,1.35,124.68,59.02,1690.58,488.76,6400.0,5.66,20.0,2.61,5728.0
2004-09-06,S&P 500,3956.27,3999.26,3999.39,3947.22,326710742.0,4.2,3.82,3.89,3.53,89.0,8309.0,381.0,1.35,124.68,59.02,1690.58,488.76,6400.0,5.66,20.0,2.61,5728.0
2004-09-07,S&P 500,3956.27,3999.26,3999.39,3947.22,326710742.0,4.2,3.82,3.89,3.53,89.0,8309.0,381.0,1.35,124.68,59.02,1690.58,488.76,6400.0,5.66,20.0,2.61,5728.0
2004-09-08,S&P 500,3956.27,3999.26,3999.39,3947.22,326710742.0,4.2,3.82,3.89,3.53,89.0,8309.0,381.0,1.35,124.68,59.02,1690.58,488.76,6400.0,5.66,20.0,2.61,5728.0
2004-09-09,S&P 500,3956.27,3999.26,3999.39,3947.22,326710742.0,4.2,3.82,3.89,3.53,89.0,8309.0,381.0,1.35,124.68,59.02,1690.58,488.76,6400.0,5.66,20.0,2.61,5728.0
2004-09-10,S&P 500,3490.76,3523.13,3534.4500000000003,3463.24,317608723.0,-0.95,6.09,7.44,2.68,105.0,24937.0,1570.0,0.97,142.73,102.19,1461.95,453.87,4374.0,4.42,37.0,7.39,12820.0
2004-09-11,S&P 500,3490.76,3523.13,3534.4500000000003,3463.24,317608723.0,-0.95,6.09,7.44,2.68,105.0,24937.0,1570.0,0.97,142.73,102.19,1461.95,453.87,4374.0,4.42,37.0,7.39,12820.0
2004-09-12,S&P 500,3490.76,3523.13,3534.4500000000003,3463.24,317608723.0,-0.95,6.09,7.44,2.68,105.0,24937.0,1570.0,0.97,142.73,102.19,1461.95,453.87,4374.0,4.42,37.0,7.39,12820.0
2004-09-13,S&P 500,3490.76,3523.13,3534.4500000000003,3463.24,317608723.0,-0.95,6.09,7.44,2.68,105.0,24937.0,1570.0,0.97,142.73,102.19,1461.95,453.87,4374.0,4.42,37.0,7.39,12820.0
2004-09-14,S&P 500,1315.76,1309.54,1329.35,1272.35,382747445.0,8.58,3.58,8.63,1.01,64.0,20295.0,610.0,1.06,107.9,74.69,2461.92,150.04,6452.0,1.92,15.0,79.84,11070.0
2004-09-15,S&P 500,2771.19,2744.26,2779.68,2708.67,676553518.0,-1.99,8.01,14.6,5.45,60.0,16372.0,654.0,0.85,113.71,74.85,1015.64,294.27,7755.0,3.54,45.0,69.47,803.0
2004-09-16,S&P 500,2044.19,2023.31,2080.11,2020.39,328622647.0,9.84,3.49,14.42,8.26,61.0,19892.0,3805.0,1.24,122.3,94.67,1367.79,433.02,7514.0,4.16,41.0,92.56,10717.0
2004-09-17,S&P 500,2373.55,2400.78,2439.28,2345.54,735566180.0,-4.89,7.58,7.36,8.59,52.0,26060.0,1406.0,1.34,149.02,89.95,1606.44,400.29,9752.0,1.87,48.0,16.12,6153.0
2004-09-18,S&P 500,4338.29,4295.84,4361.41,4291.610000000001,283097030.0,-1.05,0.34,12.67,2.74,73.0,26708.0,3242.0,1.01,84.7,103.31,1203.54,452.32,6786.0,9.06,15.0,37.66,1311.0
2004-09-19,S&P 500,4338.29,4295.84,4361.41,4291.610000000001,283097030.0,-1.05,0.34,12.67,2.74,73.0,26708.0,3242.0,1.01,84.7,103.31,1203.54,452.32,6786.0,9.06,15.0,37.66,1311.0
2004-09-20,S&P 500,1742.93,1735.7,1779.73,1690.34,50428045.0,-4.79,9.7,8.65,8.63,95.0,3390.0,1324.0,0.85,138.05,27.67,1596.63,182.19,5500.0,0.92,47.0,10.25,9706.0
2004-09-21,S&P 500,1742.93,1735.7,1779.73,1690.34,50428045.0,-4.79,9.7,8.65,8.63,95.0,3390.0,1324.0,0.85,138.05,27.67,1596.63,182.19,5500.0,0.92,47.0,10.25,9706.0
2004-09-22,S&P 500,4714.52,4673.490000000001,4762.830000000001,4627.18,68338516.0,5.4,2.82,9.46,9.36,60.0,10735.0,1503.0,1.13,111.53,22.93,1863.24,283.21,9092.0,5.48,17.0,74.54,13997.0
2004-09-23,S&P 500,4714.52,4673.490000000001,4762.830000000001,4627.18,68338516.0,5.4,2.82,9.46,9.36,60.0,10735.0,1503.0,1.13,111.53,22.93,1863.24,283.21,9092.0,5.48,17.0,74.54,13997.0
2004-09-24,S&P 500,4714.52,4673.490000000001,4762.830000000001,4627.18,68338516.0,5.4,2.82,9.46,9.36,60.0,10735.0,1503.0,1.13,111.53,22.93,1863.24,283.21,9092.0,5.48,17.0,74.54,13997.0
2004-09-25,S&P 500,4714.52,4673.490000000001,4762.830000000001,4627.18,68338516.0,5.4,2.82,9.46,9.36,60.0,10735.0,1503.0,1.13,111.53,22.93,1863.24,283.21,9092.0,5.48,17.0,74.54,13997.0
2004-09-26,S&P 500,4714.52,4673.490000000001,4762.830000000001,4627.18,68338516.0,5.4,2.82,9.46,9.36,60.0,10735.0,1503.0,1.13,111.53,22.93,1863.24,283.21,9092.0,5.48,17.0,74.54,13997.0
2004-09-27,S&P 500,4714.52,4673.490000000001,4762.830000000001,4627.18,68338516.0,5.4,2.82,9.46,9.36,60.0,10735.0,1503.0,1.13,111.53,22.93,1863.24,283.21,9092.0,5.48,17.0,74.54,13997.0
2004-09-28,S&P 500,4872.31,4844.67,4909.72,4828.31,549000221.0,5.46,1.13,5.03,9.12,51.0,21561.0,295.0,1.16,127.5,68.65,2367.8,258.64,9276.0,1.01,25.0,84.33,1161.0
2004-09-29,S&P 500,2786.86,2830.21,2853.69,2755.44,785711631.0,4.51,9.47,6.11,9.35,102.0,26411.0,1483.0,1.03,94.01,45.64,2469.76,194.96,1224.0,0.08,25.0,53.23,1159.0
2004-09-30,S&P 500,3006.07,2990.53,3045.2200000000003,2981.9,153941642.0,-3.28,5.3,9.53,0.99,65.0,7946.0,2535.0,1.27,95.88,149.84,1148.59,153.69,8096.0,4.35,39.0,45.17,8406.0
2004-10-01,S&P 500,3006.07,2990.53,3045.2200000000003,2981.9,153941642.0,-3.28,5.3,9.53,0.99,65.0,7946.0,2535.0,1.27,95.88,149.84,1148.59,153.69,8096.0,4.35,39.0,45.17,8406.0
2004-10-02,S&P 500,3006.07,2990.53,3045.2200000000003,2981.9,153941642.0,-3.28,5.3,9.53,0.99,65.0,7946.0,2535.0,1.27,95.88,149.84,1148.59,153.69,8096.0,4.35,39.0,45.17,8406.0
2004-10-03,S&P 500,3647.65,3692.03,3726.35,3636.0,11873496.0,4.84,2.71,7.7,4.21,92.0,3958.0,322.0,1.04,143.97,93.95,1588.61,489.31,4324.0,7.87,33.0,99.01,11959.0
2004-10-04,S&P 500,3647.65,3692.03,3726.35,3636.0,11873496.0,4.84,2.71,7.7,4.21,92.0,3958.0,322.0,1.04,143.97,93.95,1588.61,489.31,4324.0,7.87,33.0,99.01,11959.0
2004-10-05,S&P 500,3647.65,3692.03,3726.35,3636.0,11873496.0,4.84,2.71,7.7,4.21,92.0,3958.0,322.0,1.04,143.97,93.95,1588.61,489.31,4324.0,7.87,33.0,99.01,11959.0
2004-10-06,S&P 500,3311.56,3355.4,3387.29,3274.16,585248909.0,0.9,8.57,13.59,2.12,73.0,15082.0,3287.0,1.35,100.84,63.01,2368.53,394.41,8319.0,7.19,29.0,76.96,13637.0
2004-10-07,S&P 500,4617.44,4584.549999999999,4617.91,4551.23,377908097.0,-0.8,4.6,2.15,1.64,65.0,15323.0,2467.0,1.26,129.4,99.37,2258.77,194.07,5118.0,3.14,44.0,52.1,944.0
2004-10-08,S&P 500,4617.44,4584.549999999999,4617.91,4551.23,377908097.0,-0.8,4.6,2.15,1.64,65.0,15323.0,2467.0,1.26,129.4,99.37,2258.77,194.07,5118.0,3.14,44.0,52.1,944.0
2004-10-09,S&P 500,4028.19,4035.21,4077.8,4003.79,308737036.0,7.08,4.23,12.75,3.96,55.0,7906.0,982.0,1.25,134.45,95.44,832.34,423.29,1553.0,6.21,10.0,99.27,4220.0
2004-10-10,S&P 500,1222.42,1258.6,1292.8000000000002,1213.09,653638914.0,4.57,2.52,14.96,3.71,114.0,20484.0,550.0,0.89,81.13,126.3,1202.2,114.79,5356.0,6.77,45.0,61.96,9073.0
2004-10-11,S&P 500,1027.51,1025.22,1040.78,980.48,832091357.0,3.48,9.83,11.45,4.59,73.0,7571.0,842.0,0.95,117.07,86.24,1837.09,156.61,6561.0,5.68,3.0,29.59,10828.0
2004-10-12,S&P 500,1027.51,1025.22,1040.78,980.48,832091357.0,3.48,9.83,11.45,4.59,73.0,7571.0,842.0,0.95,117.07,86.24,1837.09,156.61,6561.0,5.68,3.0,29.59,10828.0
2004-10-13,S&P 500,1027.51,1025.22,1040.78,980.48,832091357.0,3.48,9.83,11.45,4.59,73.0,7571.0,842.0,0.95,117.07,86.24,1837.09,156.61,6561.0,5.68,3.0,29.59,10828.0
2004-10-14,S&P 500,1027.51,1025.22,1040.78,980.48,832091357.0,3.48,9.83,11.45,4.59,73.0,7571.0,842.0,0.95,117.07,86.24,1837.09,156.61,6561.0,5.68,3.0,29.59,10828.0
2004-10-15,S&P 500,1027.51,1025.22,1040.78,980.48,832091357.0,3.48,9.83,11.45,4.59,73.0,7571.0,842.0,0.95,117.07,86.24,1837.09,156.61,6561.0,5.68,3.0,29.59,10828.0
2004-10-16,S&P 500,1027.51,1025.22,1040.78,980.48,832091357.0,3.48,9.83,11.45,4.59,73.0,7571.0,842.0,0.95,117.07,86.24,1837.09,156.61,6561.0,5.68,3.0,29.59,10828.0
2004-10-17,S&P 500,4582.25,4560.99,4599.51,4559.58,502945938.0,5.91,9.36,5.08,8.57,97.0,23181.0,1348.0,1.28,146.34,102.25,2274.39,116.94,134.0,5.2,49.0,38.37,9576.0
2004-10-18,S&P 500,4582.25,4560.99,4599.51,4559.58,502945938.0,5.91,9.36,5.08,8.57,97.0,23181.0,1348.0,1.28,146.34,102.25,2274.39,116.94,134.0,5.2,49.0,38.37,9576.0
2004-10-19,S&P 500,2255.51,2235.94,2280.1000000000004,2227.28,47518939.0,4.77,0.03,2.27,3.49,92.0,10644.0,4919.0,1.32,144.22,60.4,1738.97,325.73,3625.0,0.29,42.0,56.74,1585.0
2004-10-20,S&P 500,2255.51,2235.94,2280.1000000000004,2227.28,47518939.0,4.77,0.03,2.27,3.49,92.0,10644.0,4919.0,1.32,144.22,60.4,1738.97,325.73,3625.0,0.29,42.0,56.74,1585.0
2004-10-21,S&P 500,2086.53,2036.6700000000003,2097.61,2003.8400000000004,864646990.0,-1.94,1.12,2.28,1.25,117.0,11683.0,2242.0,0.98,125.68,121.72,2196.03,289.63,6078.0,4.76,31.0,66.59,9825.0
2004-10-22,S&P 500,2086.53,2036.6700000000003,2097.61,2003.8400000000004,864646990.0,-1.94,1.12,2.28,1.25,117.0,11683.0,2242.0,0.98,125.68,121.72,2196.03,289.63,6078.0,4.76,31.0,66.59,9825.0
2004-10-23,S&P 500,2086.53,2036.6700000000003,2097.61,2003.8400000000004,864646990.0,-1.94,1.12,2.28,1.25,117.0,11683.0,2242.0,0.98,125.68,121.72,2196.03,289.63,6078.0,4.76,31.0,66.59,9825.0
2004-10-24,S&P 500,2086.53,2036.6700000000003,2097.61,2003.8400000000004,864646990.0,-1.94,1.12,2.28,1.25,117.0,11683.0,2242.0,0.98,125.68,121.72,2196.03,289.63,6078.0,4.76,31.0,66.59,9825.0
2004-10-25,S&P 500,2086.53,2036.6700000000003,2097.61,2003.8400000000004,864646990.0,-1.94,1.12,2.28,1.25,117.0,11683.0,2242.0,0.98,125.68,121.72,2196.03,289.63,6078.0,4.76,31.0,66.59,9825.0
2004-10-26,S&P 500,2086.53,2036.6700000000003,2097.61,2003.8400000000004,864646990.0,-1.94,1.12,2.28,1.25,117.0,11683.0,2242.0,0.98,125.68,121.72,2196.03,289.63,6078.0,4.76,31.0,66.59,9825.0
2004-10-27,S&P 500,2086.53,2036.6700000000003,2097.61,2003.8400000000004,864646990.0,-1.94,1.12,2.28,1.25,117.0,11683.0,2242.0,0.98,125.68,121.72,2196.03,289.63,6078.0,4.76,31.0,66.59,9825.0
2004-10-28,S&P 500,3939.7,3905.67,3947.04,3874.64,575649363.0,2.2,8.56,11.97,8.48,83.0,24110.0,4876.0,0.84,131.25,149.44,1697.75,195.73,7567.0,2.01,31.0,48.15,3667.0
2004-10-29,S&P 500,3939.7,3905.67,3947.04,3874.64,575649363.0,2.2,8.56,11.97,8.48,83.0,24110.0,4876.0,0.84,131.25,149.44,1697.75,195.73,7567.0,2.01,31.0,48.15,3667.0
2004-10-30,S&P 500,3939.7,3905.67,3947.04,3874.64,575649363.0,2.2,8.56,11.97,8.48,83.0,24110.0,4876.0,0.84,131.25,149.44,1697.75,195.73,7567.0,2.01,31.0,48.15,3667.0
2004-10-31,S&P 500,3939.7,3905.67,3947.04,3874.64,575649363.0,2.2,8.56,11.97,8.48,83.0,24110.0,4876.0,0.84,131.25,149.44,1697.75,195.73,7567.0,2.01,31.0,48.15,3667.0
2004-11-01,S&P 500,3939.7,3905.67,3947.04,3874.64,575649363.0,2.2,8.56,11.97,8.48,83.0,24110.0,4876.0,0.84,131.25,149.44,1697.75,195.73,7567.0,2.01,31.0,48.15,3667.0
2004-11-02,S&P 500,3939.7,3905.67,3947.04,3874.64,575649363.0,2.2,8.56,11.97,8.48,83.0,24110.0,4876.0,0.84,131.25,149.44,1697.75,195.73,7567.0,2.01,31.0,48.15,3667.0
2004-11-03,S&P 500,3939.7,3905.67,3947.04,3874.64,575649363.0,2.2,8.56,11.97,8.48,83.0,24110.0,4876.0,0.84,131.25,149.44,1697.75,195.73,7567.0,2.01,31.0,48.15,3667.0
2004-11-04,S&P 500,1657.62,1695.75,1745.05,1642.6699999999998,725795046.0,0.25,6.23,13.97,2.45,115.0,13603.0,1073.0,0.91,113.97,37.56,2307.57,314.44,3768.0,1.07,21.0,96.79,7310.0
2004-11-05,S&P 500,1466.33,1449.16,1475.35,1431.1999999999998,218462476.0,6.58,2.31,3.01,3.16,95.0,27226.0,1946.0,0.9,117.08,76.68,1727.18,192.97,4731.0,3.96,30.0,70.91,9265.0
2004-11-06,S&P 500,1466.33,1449.16,1475.35,1431.1999999999998,218462476.0,6.58,2.31,3.01,3.16,95.0,27226.0,1946.0,0.9,117.08,76.68,1727.18,192.97,4731.0,3.96,30.0,70.91,9265.0
2004-11-07,S&P 500,1466.33,1449.16,1475.35,1431.1999999999998,218462476.0,6.58,2.31,3.01,3.16,95.0,27226.0,1946.0,0.9,117.08,76.68,1727.18,192.97,4731.0,3.96,30.0,70.91,9265.0
2004-11-08,S&P 500,2375.83,2389.44,2398.2200000000003,2366.9,166050973.0,6.69,9.2,8.34,9.66,75.0,13295.0,790.0,1.2,132.9,148.03,1028.82,177.43,4561.0,5.01,18.0,68.57,5034.0
2004-11-09,S&P 500,2375.83,2389.44,2398.2200000000003,2366.9,166050973.0,6.69,9.2,8.34,9.66,75.0,13295.0,790.0,1.2,132.9,148.03,1028.82,177.43,4561.0,5.01,18.0,68.57,5034.0
2004-11-10,S&P 500,2375.83,2389.44,2398.2200000000003,2366.9,166050973.0,6.69,9.2,8.34,9.66,75.0,13295.0,790.0,1.2,132.9,148.03,1028.82,177.43,4561.0,5.01,18.0,68.57,5034.0
2004-11-11,S&P 500,4726.22,4704.95,4749.46,4683.98,146652566.0,7.98,0.23,5.44,8.5,90.0,7757.0,3948.0,1.22,144.87,123.1,1305.46,310.84,3033.0,7.5,48.0,11.72,1823.0
2004-11-12,S&P 500,4283.92,4307.6,4334.4800000000005,4275.01,746133076.0,8.18,2.72,11.45,4.52,100.0,23097.0,593.0,1.26,128.91,79.86,1147.71,380.32,3208.0,9.74,8.0,2.97,10733.0
2004-11-13,S&P 500,3266.42,3261.76,3316.1800000000003,3215.5400000000004,355110270.0,6.76,8.62,12.88,7.53,68.0,10650.0,1345.0,1.0,145.03,66.16,838.08,369.44,564.0,4.82,34.0,22.18,10978.0
2004-11-14,S&P 500,3266.42,3261.76,3316.1800000000003,3215.5400000000004,355110270.0,6.76,8.62,12.88,7.53,68.0,10650.0,1345.0,1.0,145.03,66.16,838.08,369.44,564.0,4.82,34.0,22.18,10978.0
2004-11-15,S&P 500,3266.42,3261.76,3316.1800000000003,3215.5400000000004,355110270.0,6.76,8.62,12.88,7.53,68.0,10650.0,1345.0,1.0,145.03,66.16,838.08,369.44,564.0,4.82,34.0,22.18,10978.0
2004-11-16,S&P 500,2598.08,2583.58,2616.34,2549.58,526745541.0,0.69,1.18,7.22,3.72,119.0,19503.0,1077.0,0.81,148.82,138.69,1239.89,334.2,910.0,0.36,16.0,17.1,7574.0
2004-11-17,S&P 500,2598.08,2583.58,2616.34,2549.58,526745541.0,0.69,1.18,7.22,3.72,119.0,19503.0,1077.0,0.81,148.82,138.69,1239.89,334.2,910.0,0.36,16.0,17.1,7574.0
2004-11-18,S&P 500,2598.08,2583.58,2616.34,2549.58,526745541.0,0.69,1.18,7.22,3.72,119.0,19503.0,1077.0,0.81,148.82,138.69,1239.89,334.2,910.0,0.36,16.0,17.1,7574.0
2004-11-19,S&P 500,2598.08,2583.58,2616.34,2549.58,526745541.0,0.69,1.18,7.22,3.72,119.0,19503.0,1077.0,0.81,148.82,138.69,1239.89,334.2,910.0,0.36,16.0,17.1,7574.0
2004-11-20,S&P 500,2598.08,2583.58,2616.34,2549.58,526745541.0,0.69,1.18,7.22,3.72,119.0,19503.0,1077.0,0.81,148.82,138.69,1239.89,334.2,910.0,0.36,16.0,17.1,7574.0
2004-11-21,S&P 500,2598.08,2583.58,2616.34,2549.58,526745541.0,0.69,1.18,7.22,3.72,119.0,19503.0,1077.0,0.81,148.82,138.69,1239.89,334.2,910.0,0.36,16.0,17.1,7574.0
2004-11-22,S&P 500,2598.08,2583.58,2616.34,2549.58,526745541.0,0.69,1.18,7.22,3.72,119.0,19503.0,1077.0,0.81,148.82,138.69,1239.89,334.2,910.0,0.36,16.0,17.1,7574.0
2004-11-23,S&P 500,2855.93,2886.44,2897.0,2806.73,466183741.0,6.45,7.09,12.66,4.63,62.0,8762.0,4412.0,1.11,107.03,74.37,2045.06,145.43,7698.0,8.42,5.0,4.38,13561.0
2004-11-24,S&P 500,2855.93,2886.44,2897.0,2806.73,466183741.0,6.45,7.09,12.66,4.63,62.0,8762.0,4412.0,1.11,107.03,74.37,2045.06,145.43,7698.0,8.42,5.0,4.38,13561.0
2004-11-25,S&P 500,2855.93,2886.44,2897.0,2806.73,466183741.0,6.45,7.09,12.66,4.63,62.0,8762.0,4412.0,1.11,107.03,74.37,2045.06,145.43,7698.0,8.42,5.0,4.38,13561.0
2004-11-26,S&P 500,2855.93,2886.44,2897.0,2806.73,466183741.0,6.45,7.09,12.66,4.63,62.0,8762.0,4412.0,1.11,107.03,74.37,2045.06,145.43,7698.0,8.42,5.0,4.38,13561.0
2004-11-27,S&P 500,2855.93,2886.44,2897.0,2806.73,466183741.0,6.45,7.09,12.66,4.63,62.0,8762.0,4412.0,1.11,107.03,74.37,2045.06,145.43,7698.0,8.42,5.0,4.38,13561.0
2004-11-28,S&P 500,3379.39,3369.24,3380.14,3329.66,81465335.0,-3.34,7.06,6.15,6.18,82.0,13868.0,3100.0,1.29,126.93,76.03,2053.08,290.52,1773.0,5.09,47.0,72.23,9498.0
2004-11-29,S&P 500,3955.47,3937.16,3968.7,3889.39,653200823.0,2.07,4.17,10.39,6.61,78.0,2412.0,1421.0,1.2,148.41,27.29,2122.64,393.63,5359.0,4.51,4.0,52.55,5977.0
2004-11-30,S&P 500,3955.47,3937.16,3968.7,3889.39,653200823.0,2.07,4.17,10.39,6.61,78.0,2412.0,1421.0,1.2,148.41,27.29,2122.64,393.63,5359.0,4.51,4.0,52.55,5977.0
2004-12-01,S&P 500,3955.47,3937.16,3968.7,3889.39,653200823.0,2.07,4.17,10.39,6.61,78.0,2412.0,1421.0,1.2,148.41,27.29,2122.64,393.63,5359.0,4.51,4.0,52.55,5977.0
2004-12-02,S&P 500,3955.47,3937.16,3968.7,3889.39,653200823.0,2.07,4.17,10.39,6.61,78.0,2412.0,1421.0,1.2,148.41,27.29,2122.64,393.63,5359.0,4.51,4.0,52.55,5977.0
2004-12-03,S&P 500,1413.06,1394.34,1445.33,1370.29,461987815.0,-1.55,5.01,13.85,0.82,101.0,24422.0,1867.0,1.34,95.62,71.71,1273.72,204.09,757.0,0.45,25.0,91.19,4138.0
2004-12-04,S&P 500,1413.06,1394.34,1445.33,1370.29,461987815.0,-1.55,5.01,13.85,0.82,101.0,24422.0,1867.0,1.34,95.62,71.71,1273.72,204.09,757.0,0.45,25.0,91.19,4138.0
2004-12-05,S&P 500,3271.9,3274.58,3321.1,3250.15,681276676.0,8.8,2.08,11.13,1.5,80.0,14929.0,2143.0,0.82,104.09,126.38,1583.91,316.52,6421.0,0.25,4.0,26.27,4621.0
2004-12-06,S&P 500,3271.9,3274.58,3321.1,3250.15,681276676.0,8.8,2.08,11.13,1.5,80.0,14929.0,2143.0,0.82,104.09,126.38,1583.91,316.52,6421.0,0.25,4.0,26.27,4621.0
2004-12-07,S&P 500,3271.9,3274.58,3321.1,3250.15,681276676.0,8.8,2.08,11.13,1.5,80.0,14929.0,2143.0,0.82,104.09,126.38,1583.91,316.52,6421.0,0.25,4.0,26.27,4621.0
2004-12-08,S&P 500,4274.96,4246.9,4281.5,4212.089999999999,781188374.0,3.03,8.91,8.37,4.55,101.0,14187.0,4699.0,0.93,84.09,50.86,2074.47,467.34,5346.0,4.38,8.0,1.95,3499.0
2004-12-09,S&P 500,4274.96,4246.9,4281.5,4212.089999999999,781188374.0,3.03,8.91,8.37,4.55,101.0,14187.0,4699.0,0.93,84.09,50.86,2074.47,467.34,5346.0,4.38,8.0,1.95,3499.0
2004-12-10,S&P 500,4274.96,4246.9,4281.5,4212.089999999999,781188374.0,3.03,8.91,8.37,4.55,101.0,14187.0,4699.0,0.93,84.09,50.86,2074.47,467.34,5346.0,4.38,8.0,1.95,3499.0
2004-12-11,S&P 500,4274.96,4246.9,4281.5,4212.089999999999,781188374.0,3.03,8.91,8.37,4.55,101.0,14187.0,4699.0,0.93,84.09,50.86,2074.47,467.34,5346.0,4.38,8.0,1.95,3499.0
2004-12-12,S&P 500,4274.96,4246.9,4281.5,4212.089999999999,781188374.0,3.03,8.91,8.37,4.55,101.0,14187.0,4699.0,0.93,84.09,50.86,2074.47,467.34,5346.0,4.38,8.0,1.95,3499.0
2004-12-13,S&P 500,4274.96,4246.9,4281.5,4212.089999999999,781188374.0,3.03,8.91,8.37,4.55,101.0,14187.0,4699.0,0.93,84.09,50.86,2074.47,467.34,5346.0,4.38,8.0,1.95,3499.0
2004-12-14,S&P 500,4274.96,4246.9,4281.5,4212.089999999999,781188374.0,3.03,8.91,8.37,4.55,101.0,14187.0,4699.0,0.93,84.09,50.86,2074.47,467.34,5346.0,4.38,8.0,1.95,3499.0
2004-12-15,S&P 500,4274.96,4246.9,4281.5,4212.089999999999,781188374.0,3.03,8.91,8.37,4.55,101.0,14187.0,4699.0,0.93,84.09,50.86,2074.47,467.34,5346.0,4.38,8.0,1.95,3499.0
2004-12-16,S&P 500,3768.05,3795.45,3801.11,3753.68,595214630.0,-2.79,5.15,2.67,4.1,64.0,13419.0,4000.0,0.99,105.04,82.89,1838.07,444.5,8033.0,2.23,10.0,76.28,556.0
2004-12-17,S&P 500,3768.05,3795.45,3801.11,3753.68,595214630.0,-2.79,5.15,2.67,4.1,64.0,13419.0,4000.0,0.99,105.04,82.89,1838.07,444.5,8033.0,2.23,10.0,76.28,556.0
2004-12-18,S&P 500,3768.05,3795.45,3801.11,3753.68,595214630.0,-2.79,5.15,2.67,4.1,64.0,13419.0,4000.0,0.99,105.04,82.89,1838.07,444.5,8033.0,2.23,10.0,76.28,556.0
2004-12-19,S&P 500,3455.88,3485.4300000000003,3524.3,3453.11,984177095.0,-0.82,0.07,4.61,5.12,65.0,22436.0,1796.0,1.29,128.95,101.0,2332.48,124.77,2097.0,3.77,42.0,16.93,3427.0
2004-12-20,S&P 500,3455.88,3485.4300000000003,3524.3,3453.11,984177095.0,-0.82,0.07,4.61,5.12,65.0,22436.0,1796.0,1.29,128.95,101.0,2332.48,124.77,2097.0,3.77,42.0,16.93,3427.0
2004-12-21,S&P 500,3310.53,3273.6200000000003,3345.3700000000003,3268.5600000000004,415640765.0,9.94,4.08,8.46,1.43,114.0,18918.0,4076.0,0.82,114.63,124.18,2173.24,415.84,9063.0,2.84,7.0,71.45,13161.0
2004-12-22,S&P 500,3310.53,3273.6200000000003,3345.3700000000003,3268.5600000000004,415640765.0,9.94,4.08,8.46,1.43,114.0,18918.0,4076.0,0.82,114.63,124.18,2173.24,415.84,9063.0,2.84,7.0,71.45,13161.0
2004-12-23,S&P 500,4294.21,4337.46,4360.4800000000005,4246.14,592236891.0,-4.5,8.45,2.84,0.77,50.0,11522.0,4080.0,1.31,143.68,58.94,1005.63,397.05,1263.0,3.27,33.0,30.87,5366.0
2004-12-24,S&P 500,4294.21,4337.46,4360.4800000000005,4246.14,592236891.0,-4.5,8.45,2.84,0.77,50.0,11522.0,4080.0,1.31,143.68,58.94,1005.63,397.05,1263.0,3.27,33.0,30.87,5366.0
2004-12-25,S&P 500,4294.21,4337.46,4360.4800000000005,4246.14,592236891.0,-4.5,8.45,2.84,0.77,50.0,11522.0,4080.0,1.31,143.68,58.94,1005.63,397.05,1263.0,3.27,33.0,30.87,5366.0
2004-12-26,S&P 500,4294.21,4337.46,4360.4800000000005,4246.14,592236891.0,-4.5,8.45,2.84,0.77,50.0,11522.0,4080.0,1.31,143.68,58.94,1005.63,397.05,1263.0,3.27,33.0,30.87,5366.0
2004-12-27,S&P 500,4294.21,4337.46,4360.4800000000005,4246.14,592236891.0,-4.5,8.45,2.84,0.77,50.0,11522.0,4080.0,1.31,143.68,58.94,1005.63,397.05,1263.0,3.27,33.0,30.87,5366.0
2004-12-28,S&P 500,4294.21,4337.46,4360.4800000000005,4246.14,592236891.0,-4.5,8.45,2.84,0.77,50.0,11522.0,4080.0,1.31,143.68,58.94,1005.63,397.05,1263.0,3.27,33.0,30.87,5366.0
2004-12-29,S&P 500,4294.21,4337.46,4360.4800000000005,4246.14,592236891.0,-4.5,8.45,2.84,0.77,50.0,11522.0,4080.0,1.31,143.68,58.94,1005.63,397.05,1263.0,3.27,33.0,30.87,5366.0
2004-12-30,S&P 500,4294.21,4337.46,4360.4800000000005,4246.14,592236891.0,-4.5,8.45,2.84,0.77,50.0,11522.0,4080.0,1.31,143.68,58.94,1005.63,397.05,1263.0,3.27,33.0,30.87,5366.0
2004-12-31,S&P 500,4294.21,4337.46,4360.4800000000005,4246.14,592236891.0,-4.5,8.45,2.84,0.77,50.0,11522.0,4080.0,1.31,143.68,58.94,1005.63,397.05,1263.0,3.27,33.0,30.87,5366.0
2005-01-01,S&P 500,4294.21,4337.46,4360.4800000000005,4246.14,592236891.0,-4.5,8.45,2.84,0.77,50.0,11522.0,4080.0,1.31,143.68,58.94,1005.63,397.05,1263.0,3.27,33.0,30.87,5366.0
2005-01-02,S&P 500,4294.21,4337.46,4360.4800000000005,4246.14,592236891.0,-4.5,8.45,2.84,0.77,50.0,11522.0,4080.0,1.31,143.68,58.94,1005.63,397.05,1263.0,3.27,33.0,30.87,5366.0
2005-01-03,S&P 500,4294.21,4337.46,4360.4800000000005,4246.14,592236891.0,-4.5,8.45,2.84,0.77,50.0,11522.0,4080.0,1.31,143.68,58.94,1005.63,397.05,1263.0,3.27,33.0,30.87,5366.0
2005-01-04,S&P 500,1884.95,1875.45,1918.01,1869.91,405155412.0,-3.39,6.77,9.5,9.82,70.0,23854.0,4852.0,1.32,139.37,131.18,2460.71,206.66,4637.0,8.84,22.0,19.2,5045.0
2005-01-05,S&P 500,2523.97,2567.12,2587.59,2506.35,144483573.0,-2.91,0.91,8.74,6.56,82.0,8971.0,1483.0,0.96,129.05,82.4,1686.22,440.43,710.0,4.49,36.0,43.48,12879.0
2005-01-06,S&P 500,2523.97,2567.12,2587.59,2506.35,144483573.0,-2.91,0.91,8.74,6.56,82.0,8971.0,1483.0,0.96,129.05,82.4,1686.22,440.43,710.0,4.49,36.0,43.48,12879.0
2005-01-07,S&P 500,4294.49,4295.639999999999,4303.77,4275.82,534711818.0,-0.18,5.09,12.64,1.63,119.0,26259.0,2912.0,0.92,110.01,102.19,1529.36,258.0,9944.0,4.66,16.0,9.56,10124.0
2005-01-08,S&P 500,2538.44,2580.29,2630.07,2517.56,198802947.0,1.35,9.22,4.37,9.49,105.0,21964.0,2575.0,1.19,143.53,89.36,964.17,429.44,8075.0,8.57,12.0,79.16,13384.0
2005-01-09,S&P 500,2538.44,2580.29,2630.07,2517.56,198802947.0,1.35,9.22,4.37,9.49,105.0,21964.0,2575.0,1.19,143.53,89.36,964.17,429.44,8075.0,8.57,12.0,79.16,13384.0
2005-01-10,S&P 500,2538.44,2580.29,2630.07,2517.56,198802947.0,1.35,9.22,4.37,9.49,105.0,21964.0,2575.0,1.19,143.53,89.36,964.17,429.44,8075.0,8.57,12.0,79.16,13384.0
2005-01-11,S&P 500,2538.44,2580.29,2630.07,2517.56,198802947.0,1.35,9.22,4.37,9.49,105.0,21964.0,2575.0,1.19,143.53,89.36,964.17,429.44,8075.0,8.57,12.0,79.16,13384.0
2005-01-12,S&P 500,1474.58,1486.49,1498.74,1454.55,731579272.0,-3.52,6.76,14.7,1.49,93.0,29981.0,2651.0,0.84,118.69,133.68,1618.72,119.86,7631.0,0.81,29.0,69.28,12298.0
2005-01-13,S&P 500,4735.0,4700.94,4771.48,4691.32,187164639.0,-0.22,6.25,11.48,7.43,106.0,20826.0,3999.0,1.46,120.08,115.5,1088.69,267.07,7414.0,1.41,45.0,77.6,4516.0
2005-01-14,S&P 500,4735.0,4700.94,4771.48,4691.32,187164639.0,-0.22,6.25,11.48,7.43,106.0,20826.0,3999.0,1.46,120.08,115.5,1088.69,267.07,7414.0,1.41,45.0,77.6,4516.0
2005-01-15,S&P 500,4735.0,4700.94,4771.48,4691.32,187164639.0,-0.22,6.25,11.48,7.43,106.0,20826.0,3999.0,1.46,120.08,115.5,1088.69,267.07,7414.0,1.41,45.0,77.6,4516.0
2005-01-16,S&P 500,4735.0,4700.94,4771.48,4691.32,187164639.0,-0.22,6.25,11.48,7.43,106.0,20826.0,3999.0,1.46,120.08,115.5,1088.69,267.07,7414.0,1.41,45.0,77.6,4516.0
2005-01-17,S&P 500,4735.0,4700.94,4771.48,4691.32,187164639.0,-0.22,6.25,11.48,7.43,106.0,20826.0,3999.0,1.46,120.08,115.5,1088.69,267.07,7414.0,1.41,45.0,77.6,4516.0
2005-01-18,S&P 500,4735.0,4700.94,4771.48,4691.32,187164639.0,-0.22,6.25,11.48,7.43,106.0,20826.0,3999.0,1.46,120.08,115.5,1088.69,267.07,7414.0,1.41,45.0,77.6,4516.0
2005-01-19,S&P 500,4735.0,4700.94,4771.48,4691.32,187164639.0,-0.22,6.25,11.48,7.43,106.0,20826.0,3999.0,1.46,120.08,115.5,1088.69,267.07,7414.0,1.41,45.0,77.6,4516.0
2005-01-20,S&P 500,4735.0,4700.94,4771.48,4691.32,187164639.0,-0.22,6.25,11.48,7.43,106.0,20826.0,3999.0,1.46,120.08,115.5,1088.69,267.07,7414.0,1.41,45.0,77.6,4516.0
2005-01-21,S&P 500,4735.0,4700.94,4771.48,4691.32,187164639.0,-0.22,6.25,11.48,7.43,106.0,20826.0,3999.0,1.46,120.08,115.5,1088.69,267.07,7414.0,1.41,45.0,77.6,4516.0
2005-01-22,S&P 500,3248.76,3243.65,3267.1400000000003,3199.4500000000003,980521154.0,-3.99,0.63,4.65,3.82,105.0,20898.0,843.0,1.09,107.02,132.55,2085.05,393.67,6384.0,1.88,7.0,80.45,9207.0
2005-01-23,S&P 500,3248.76,3243.65,3267.1400000000003,3199.4500000000003,980521154.0,-3.99,0.63,4.65,3.82,105.0,20898.0,843.0,1.09,107.02,132.55,2085.05,393.67,6384.0,1.88,7.0,80.45,9207.0
2005-01-24,S&P 500,1273.8,1230.97,1298.99,1205.14,211344475.0,4.14,1.19,2.85,2.61,107.0,16649.0,1168.0,1.29,117.59,39.83,880.8,212.77,5584.0,3.18,25.0,88.78,13615.0
2005-01-25,S&P 500,2670.67,2643.35,2702.9700000000003,2632.1,851745952.0,1.33,2.59,11.44,2.01,74.0,5443.0,1108.0,0.8,127.55,22.77,1593.01,459.43,9034.0,8.61,1.0,91.18,9652.0
2005-01-26,S&P 500,2670.67,2643.35,2702.9700000000003,2632.1,851745952.0,1.33,2.59,11.44,2.01,74.0,5443.0,1108.0,0.8,127.55,22.77,1593.01,459.43,9034.0,8.61,1.0,91.18,9652.0
2005-01-27,S&P 500,3451.18,3492.02,3494.81,3407.34,202291776.0,9.78,4.83,13.5,3.3,52.0,17652.0,4396.0,1.44,94.37,107.79,2496.24,352.96,3620.0,8.33,35.0,29.96,5131.0
2005-01-28,S&P 500,3451.18,3492.02,3494.81,3407.34,202291776.0,9.78,4.83,13.5,3.3,52.0,17652.0,4396.0,1.44,94.37,107.79,2496.24,352.96,3620.0,8.33,35.0,29.96,5131.0
2005-01-29,S&P 500,3451.18,3492.02,3494.81,3407.34,202291776.0,9.78,4.83,13.5,3.3,52.0,17652.0,4396.0,1.44,94.37,107.79,2496.24,352.96,3620.0,8.33,35.0,29.96,5131.0
2005-01-30,S&P 500,3451.18,3492.02,3494.81,3407.34,202291776.0,9.78,4.83,13.5,3.3,52.0,17652.0,4396.0,1.44,94.37,107.79,2496.24,352.96,3620.0,8.33,35.0,29.96,5131.0
2005-01-31,S&P 500,2418.66,2431.46,2435.39,2378.64,764638050.0,2.13,2.0,13.41,4.0,69.0,26086.0,397.0,1.4,107.8,97.73,1594.7,447.76,4368.0,4.26,23.0,34.4,1658.0
2005-02-01,S&P 500,3202.65,3180.17,3230.6800000000003,3148.94,191707145.0,0.83,0.52,8.82,9.03,67.0,8089.0,797.0,0.95,94.9,61.03,1772.05,464.22,6125.0,8.41,1.0,32.67,5339.0
2005-02-02,S&P 500,3202.65,3180.17,3230.6800000000003,3148.94,191707145.0,0.83,0.52,8.82,9.03,67.0,8089.0,797.0,0.95,94.9,61.03,1772.05,464.22,6125.0,8.41,1.0,32.67,5339.0
2005-02-03,S&P 500,3202.65,3180.17,3230.6800000000003,3148.94,191707145.0,0.83,0.52,8.82,9.03,67.0,8089.0,797.0,0.95,94.9,61.03,1772.05,464.22,6125.0,8.41,1.0,32.67,5339.0
2005-02-04,S&P 500,4258.68,4215.87,4301.13,4199.16,786814069.0,0.4,5.86,6.03,6.62,110.0,964.0,2925.0,1.32,106.68,31.2,1755.57,308.2,3622.0,7.84,20.0,51.37,6644.0
2005-02-05,S&P 500,4258.68,4215.87,4301.13,4199.16,786814069.0,0.4,5.86,6.03,6.62,110.0,964.0,2925.0,1.32,106.68,31.2,1755.57,308.2,3622.0,7.84,20.0,51.37,6644.0
2005-02-06,S&P 500,4258.68,4215.87,4301.13,4199.16,786814069.0,0.4,5.86,6.03,6.62,110.0,964.0,2925.0,1.32,106.68,31.2,1755.57,308.2,3622.0,7.84,20.0,51.37,6644.0
2005-02-07,S&P 500,4258.68,4215.87,4301.13,4199.16,786814069.0,0.4,5.86,6.03,6.62,110.0,964.0,2925.0,1.32,106.68,31.2,1755.57,308.2,3622.0,7.84,20.0,51.37,6644.0
2005-02-08,S&P 500,4258.68,4215.87,4301.13,4199.16,786814069.0,0.4,5.86,6.03,6.62,110.0,964.0,2925.0,1.32,106.68,31.2,1755.57,308.2,3622.0,7.84,20.0,51.37,6644.0
2005-02-09,S&P 500,2419.59,2399.9300000000003,2419.84,2360.9800000000005,851288655.0,8.38,0.88,9.62,7.06,115.0,7651.0,870.0,0.96,98.95,147.05,1618.83,239.94,2822.0,2.62,6.0,57.35,14428.0
2005-02-10,S&P 500,2419.59,2399.9300000000003,2419.84,2360.9800000000005,851288655.0,8.38,0.88,9.62,7.06,115.0,7651.0,870.0,0.96,98.95,147.05,1618.83,239.94,2822.0,2.62,6.0,57.35,14428.0
2005-02-11,S&P 500,3703.29,3671.26,3713.16,3662.32,734440355.0,-2.77,4.84,14.07,2.82,78.0,29365.0,1194.0,1.05,95.45,145.39,1842.38,484.39,8974.0,8.12,45.0,77.5,11088.0
2005-02-12,S&P 500,3632.64,3640.45,3685.99,3603.39,358781859.0,8.02,8.37,5.72,6.15,97.0,565.0,3564.0,1.31,129.57,37.93,1748.5,109.82,7342.0,7.92,49.0,77.26,13007.0
2005-02-13,S&P 500,3632.64,3640.45,3685.99,3603.39,358781859.0,8.02,8.37,5.72,6.15,97.0,565.0,3564.0,1.31,129.57,37.93,1748.5,109.82,7342.0,7.92,49.0,77.26,13007.0
2005-02-14,S&P 500,3632.64,3640.45,3685.99,3603.39,358781859.0,8.02,8.37,5.72,6.15,97.0,565.0,3564.0,1.31,129.57,37.93,1748.5,109.82,7342.0,7.92,49.0,77.26,13007.0
2005-02-15,S&P 500,3632.64,3640.45,3685.99,3603.39,358781859.0,8.02,8.37,5.72,6.15,97.0,565.0,3564.0,1.31,129.57,37.93,1748.5,109.82,7342.0,7.92,49.0,77.26,13007.0
2005-02-16,S&P 500,3632.64,3640.45,3685.99,3603.39,358781859.0,8.02,8.37,5.72,6.15,97.0,565.0,3564.0,1.31,129.57,37.93,1748.5,109.82,7342.0,7.92,49.0,77.26,13007.0
2005-02-17,S&P 500,4309.21,4293.2300000000005,4319.7,4289.46,34776706.0,8.97,2.3,10.34,7.17,92.0,14499.0,4288.0,0.85,137.76,64.22,2398.58,349.59,2384.0,0.42,12.0,25.3,8735.0
2005-02-18,S&P 500,1167.66,1203.25,1233.2,1119.74,29461914.0,8.94,9.73,11.87,5.48,59.0,18788.0,2502.0,1.04,109.51,33.47,2028.81,119.08,3059.0,7.95,47.0,78.26,11833.0
2005-02-19,S&P 500,2676.73,2670.2,2681.18,2648.45,281905426.0,-4.88,0.84,12.66,4.13,59.0,7693.0,1926.0,1.22,80.37,75.9,1459.55,100.29,9948.0,2.46,15.0,52.18,12162.0
2005-02-20,S&P 500,1672.81,1642.09,1675.72,1610.9299999999998,735826709.0,8.83,0.69,14.0,1.23,55.0,21455.0,3947.0,0.88,127.8,127.57,1728.5,300.8,3366.0,6.7,33.0,25.34,14194.0
2005-02-21,S&P 500,1672.81,1642.09,1675.72,1610.9299999999998,735826709.0,8.83,0.69,14.0,1.23,55.0,21455.0,3947.0,0.88,127.8,127.57,1728.5,300.8,3366.0,6.7,33.0,25.34,14194.0
2005-02-22,S&P 500,1672.81,1642.09,1675.72,1610.9299999999998,735826709.0,8.83,0.69,14.0,1.23,55.0,21455.0,3947.0,0.88,127.8,127.57,1728.5,300.8,3366.0,6.7,33.0,25.34,14194.0
2005-02-23,S&P 500,1672.81,1642.09,1675.72,1610.9299999999998,735826709.0,8.83,0.69,14.0,1.23,55.0,21455.0,3947.0,0.88,127.8,127.57,1728.5,300.8,3366.0,6.7,33.0,25.34,14194.0
2005-02-24,S&P 500,1672.81,1642.09,1675.72,1610.9299999999998,735826709.0,8.83,0.69,14.0,1.23,55.0,21455.0,3947.0,0.88,127.8,127.57,1728.5,300.8,3366.0,6.7,33.0,25.34,14194.0
2005-02-25,S&P 500,1672.81,1642.09,1675.72,1610.9299999999998,735826709.0,8.83,0.69,14.0,1.23,55.0,21455.0,3947.0,0.88,127.8,127.57,1728.5,300.8,3366.0,6.7,33.0,25.34,14194.0
2005-02-26,S&P 500,1672.81,1642.09,1675.72,1610.9299999999998,735826709.0,8.83,0.69,14.0,1.23,55.0,21455.0,3947.0,0.88,127.8,127.57,1728.5,300.8,3366.0,6.7,33.0,25.34,14194.0
2005-02-27,S&P 500,1881.78,1878.33,1928.59,1853.9,737295698.0,9.02,2.9,8.2,9.45,79.0,20692.0,3694.0,1.17,114.61,99.88,1108.46,387.5,7763.0,4.4,30.0,17.89,2125.0
2005-02-28,S&P 500,4544.73,4589.049999999999,4591.799999999999,4539.03,66827525.0,-1.39,4.33,12.19,4.19,54.0,29253.0,702.0,1.07,128.95,93.95,1405.59,387.19,8446.0,5.38,42.0,50.86,8643.0
2005-03-01,S&P 500,4544.73,4589.049999999999,4591.799999999999,4539.03,66827525.0,-1.39,4.33,12.19,4.19,54.0,29253.0,702.0,1.07,128.95,93.95,1405.59,387.19,8446.0,5.38,42.0,50.86,8643.0
2005-03-02,S&P 500,4544.73,4589.049999999999,4591.799999999999,4539.03,66827525.0,-1.39,4.33,12.19,4.19,54.0,29253.0,702.0,1.07,128.95,93.95,1405.59,387.19,8446.0,5.38,42.0,50.86,8643.0
2005-03-03,S&P 500,4544.73,4589.049999999999,4591.799999999999,4539.03,66827525.0,-1.39,4.33,12.19,4.19,54.0,29253.0,702.0,1.07,128.95,93.95,1405.59,387.19,8446.0,5.38,42.0,50.86,8643.0
2005-03-04,S&P 500,4544.73,4589.049999999999,4591.799999999999,4539.03,66827525.0,-1.39,4.33,12.19,4.19,54.0,29253.0,702.0,1.07,128.95,93.95,1405.59,387.19,8446.0,5.38,42.0,50.86,8643.0
2005-03-05,S&P 500,2612.84,2613.84,2628.6400000000003,2573.6600000000003,425138592.0,5.23,7.13,4.66,1.29,108.0,16252.0,1351.0,1.16,107.17,22.67,965.29,147.26,1537.0,9.69,22.0,63.69,7779.0
2005-03-06,S&P 500,2612.84,2613.84,2628.6400000000003,2573.6600000000003,425138592.0,5.23,7.13,4.66,1.29,108.0,16252.0,1351.0,1.16,107.17,22.67,965.29,147.26,1537.0,9.69,22.0,63.69,7779.0
2005-03-07,S&P 500,2612.84,2613.84,2628.6400000000003,2573.6600000000003,425138592.0,5.23,7.13,4.66,1.29,108.0,16252.0,1351.0,1.16,107.17,22.67,965.29,147.26,1537.0,9.69,22.0,63.69,7779.0
2005-03-08,S&P 500,2612.84,2613.84,2628.6400000000003,2573.6600000000003,425138592.0,5.23,7.13,4.66,1.29,108.0,16252.0,1351.0,1.16,107.17,22.67,965.29,147.26,1537.0,9.69,22.0,63.69,7779.0
2005-03-09,S&P 500,2713.83,2702.19,2749.78,2653.27,888716938.0,7.79,2.51,6.77,6.62,109.0,18772.0,2231.0,1.42,90.11,75.93,1717.71,478.0,7187.0,2.84,27.0,60.71,879.0
2005-03-10,S&P 500,2713.83,2702.19,2749.78,2653.27,888716938.0,7.79,2.51,6.77,6.62,109.0,18772.0,2231.0,1.42,90.11,75.93,1717.71,478.0,7187.0,2.84,27.0,60.71,879.0
2005-03-11,S&P 500,4297.89,4337.51,4342.52,4292.54,828863574.0,1.01,6.57,6.8,6.14,112.0,14140.0,3389.0,1.35,100.49,112.77,922.64,372.33,1388.0,1.38,12.0,74.46,7766.0
2005-03-12,S&P 500,4297.89,4337.51,4342.52,4292.54,828863574.0,1.01,6.57,6.8,6.14,112.0,14140.0,3389.0,1.35,100.49,112.77,922.64,372.33,1388.0,1.38,12.0,74.46,7766.0
2005-03-13,S&P 500,4331.72,4282.09,4365.71,4238.39,810157672.0,3.18,6.52,4.75,6.86,81.0,28968.0,2298.0,0.88,137.49,134.56,1672.24,369.31,1475.0,7.64,19.0,89.6,11549.0
2005-03-14,S&P 500,4331.72,4282.09,4365.71,4238.39,810157672.0,3.18,6.52,4.75,6.86,81.0,28968.0,2298.0,0.88,137.49,134.56,1672.24,369.31,1475.0,7.64,19.0,89.6,11549.0
2005-03-15,S&P 500,4331.72,4282.09,4365.71,4238.39,810157672.0,3.18,6.52,4.75,6.86,81.0,28968.0,2298.0,0.88,137.49,134.56,1672.24,369.31,1475.0,7.64,19.0,89.6,11549.0
2005-03-16,S&P 500,4331.72,4282.09,4365.71,4238.39,810157672.0,3.18,6.52,4.75,6.86,81.0,28968.0,2298.0,0.88,137.49,134.56,1672.24,369.31,1475.0,7.64,19.0,89.6,11549.0
2005-03-17,S&P 500,2516.16,2486.12,2534.81,2472.55,353454044.0,3.12,9.11,5.12,9.73,102.0,16669.0,3312.0,0.85,148.11,74.65,1215.78,318.55,4694.0,5.69,27.0,40.41,4269.0
2005-03-18,S&P 500,4660.24,4614.02,4667.679999999999,4612.07,779498462.0,8.99,9.69,9.64,9.16,110.0,27021.0,4269.0,0.91,110.2,123.03,2367.34,191.86,1099.0,0.84,21.0,67.82,9307.0
2005-03-19,S&P 500,4660.24,4614.02,4667.679999999999,4612.07,779498462.0,8.99,9.69,9.64,9.16,110.0,27021.0,4269.0,0.91,110.2,123.03,2367.34,191.86,1099.0,0.84,21.0,67.82,9307.0
2005-03-20,S&P 500,4660.24,4614.02,4667.679999999999,4612.07,779498462.0,8.99,9.69,9.64,9.16,110.0,27021.0,4269.0,0.91,110.2,123.03,2367.34,191.86,1099.0,0.84,21.0,67.82,9307.0
2005-03-21,S&P 500,2936.08,2891.31,2955.65,2861.5,100379857.0,3.94,7.7,13.15,6.73,61.0,29390.0,2044.0,1.04,142.61,102.72,2048.07,363.04,1144.0,9.66,16.0,40.08,13349.0
2005-03-22,S&P 500,3056.38,3029.48,3098.63,3000.76,445946385.0,1.15,1.32,14.05,6.23,100.0,5058.0,741.0,1.17,89.84,93.67,2178.19,450.64,4993.0,1.17,21.0,95.54,7358.0
2005-03-23,S&P 500,2233.87,2264.06,2264.07,2193.21,430225733.0,7.58,7.66,3.2,0.76,115.0,25590.0,4939.0,0.98,103.48,61.36,1461.09,393.13,5788.0,1.33,0.0,43.77,9367.0
2005-03-24,S&P 500,2233.87,2264.06,2264.07,2193.21,430225733.0,7.58,7.66,3.2,0.76,115.0,25590.0,4939.0,0.98,103.48,61.36,1461.09,393.13,5788.0,1.33,0.0,43.77,9367.0
2005-03-25,S&P 500,2233.87,2264.06,2264.07,2193.21,430225733.0,7.58,7.66,3.2,0.76,115.0,25590.0,4939.0,0.98,103.48,61.36,1461.09,393.13,5788.0,1.33,0.0,43.77,9367.0
2005-03-26,S&P 500,2233.87,2264.06,2264.07,2193.21,430225733.0,7.58,7.66,3.2,0.76,115.0,25590.0,4939.0,0.98,103.48,61.36,1461.09,393.13,5788.0,1.33,0.0,43.77,9367.0
2005-03-27,S&P 500,2233.87,2264.06,2264.07,2193.21,430225733.0,7.58,7.66,3.2,0.76,115.0,25590.0,4939.0,0.98,103.48,61.36,1461.09,393.13,5788.0,1.33,0.0,43.77,9367.0
2005-03-28,S&P 500,2233.87,2264.06,2264.07,2193.21,430225733.0,7.58,7.66,3.2,0.76,115.0,25590.0,4939.0,0.98,103.48,61.36,1461.09,393.13,5788.0,1.33,0.0,43.77,9367.0
2005-03-29,S&P 500,2233.87,2264.06,2264.07,2193.21,430225733.0,7.58,7.66,3.2,0.76,115.0,25590.0,4939.0,0.98,103.48,61.36,1461.09,393.13,5788.0,1.33,0.0,43.77,9367.0
2005-03-30,S&P 500,2233.87,2264.06,2264.07,2193.21,430225733.0,7.58,7.66,3.2,0.76,115.0,25590.0,4939.0,0.98,103.48,61.36,1461.09,393.13,5788.0,1.33,0.0,43.77,9367.0
2005-03-31,S&P 500,2233.87,2264.06,2264.07,2193.21,430225733.0,7.58,7.66,3.2,0.76,115.0,25590.0,4939.0,0.98,103.48,61.36,1461.09,393.13,5788.0,1.33,0.0,43.77,9367.0
2005-04-01,S&P 500,3913.48,3901.42,3919.61,3882.04,500518186.0,2.02,4.2,5.02,7.65,113.0,28965.0,2355.0,0.91,92.2,39.58,2421.23,491.7,4500.0,4.52,25.0,5.68,4722.0
2005-04-02,S&P 500,2383.22,2424.3,2434.9,2352.57,715532676.0,8.59,2.06,13.92,8.0,119.0,22497.0,1101.0,0.88,118.83,24.16,930.25,155.7,3919.0,7.27,44.0,37.49,9961.0
2005-04-03,S&P 500,3684.37,3695.9,3697.38,3681.57,625667912.0,8.96,4.24,3.42,5.24,104.0,14932.0,1225.0,1.03,135.76,54.07,1797.77,226.35,7484.0,7.33,41.0,64.26,8244.0
2005-04-04,S&P 500,3684.37,3695.9,3697.38,3681.57,625667912.0,8.96,4.24,3.42,5.24,104.0,14932.0,1225.0,1.03,135.76,54.07,1797.77,226.35,7484.0,7.33,41.0,64.26,8244.0
2005-04-05,S&P 500,4787.02,4830.46,4844.35,4743.4800000000005,849354748.0,-2.92,0.71,5.05,4.12,82.0,10542.0,4205.0,0.82,114.56,122.86,1143.07,423.54,7629.0,5.91,5.0,72.71,14564.0
2005-04-06,S&P 500,4787.02,4830.46,4844.35,4743.4800000000005,849354748.0,-2.92,0.71,5.05,4.12,82.0,10542.0,4205.0,0.82,114.56,122.86,1143.07,423.54,7629.0,5.91,5.0,72.71,14564.0
2005-04-07,S&P 500,4787.02,4830.46,4844.35,4743.4800000000005,849354748.0,-2.92,0.71,5.05,4.12,82.0,10542.0,4205.0,0.82,114.56,122.86,1143.07,423.54,7629.0,5.91,5.0,72.71,14564.0
2005-04-08,S&P 500,4787.02,4830.46,4844.35,4743.4800000000005,849354748.0,-2.92,0.71,5.05,4.12,82.0,10542.0,4205.0,0.82,114.56,122.86,1143.07,423.54,7629.0,5.91,5.0,72.71,14564.0
2005-04-09,S&P 500,4961.33,4972.89,4999.490000000001,4939.9,726217475.0,2.78,6.41,13.31,7.59,105.0,12044.0,2151.0,1.01,115.94,39.51,1179.39,290.6,9760.0,2.13,38.0,83.04,6367.0
2005-04-10,S&P 500,1103.08,1057.04,1107.6699999999998,1039.12,786728585.0,6.69,0.63,10.74,7.47,112.0,20861.0,358.0,1.11,149.11,31.05,1180.61,106.48,2062.0,0.35,24.0,38.61,1742.0
2005-04-11,S&P 500,3414.12,3404.42,3436.37,3382.39,469502118.0,3.43,9.65,6.72,9.17,57.0,24384.0,3949.0,1.04,136.16,59.73,1579.49,108.36,3548.0,3.93,24.0,0.32,12220.0
2005-04-12,S&P 500,3414.12,3404.42,3436.37,3382.39,469502118.0,3.43,9.65,6.72,9.17,57.0,24384.0,3949.0,1.04,136.16,59.73,1579.49,108.36,3548.0,3.93,24.0,0.32,12220.0
2005-04-13,S&P 500,3414.12,3404.42,3436.37,3382.39,469502118.0,3.43,9.65,6.72,9.17,57.0,24384.0,3949.0,1.04,136.16,59.73,1579.49,108.36,3548.0,3.93,24.0,0.32,12220.0
2005-04-14,S&P 500,3414.12,3404.42,3436.37,3382.39,469502118.0,3.43,9.65,6.72,9.17,57.0,24384.0,3949.0,1.04,136.16,59.73,1579.49,108.36,3548.0,3.93,24.0,0.32,12220.0
2005-04-15,S&P 500,3414.12,3404.42,3436.37,3382.39,469502118.0,3.43,9.65,6.72,9.17,57.0,24384.0,3949.0,1.04,136.16,59.73,1579.49,108.36,3548.0,3.93,24.0,0.32,12220.0
2005-04-16,S&P 500,1724.73,1684.08,1729.88,1643.21,370601456.0,2.41,0.34,14.58,7.81,116.0,12168.0,1873.0,1.29,103.11,114.46,1976.24,145.19,3963.0,2.26,26.0,40.97,1676.0
2005-04-17,S&P 500,1724.73,1684.08,1729.88,1643.21,370601456.0,2.41,0.34,14.58,7.81,116.0,12168.0,1873.0,1.29,103.11,114.46,1976.24,145.19,3963.0,2.26,26.0,40.97,1676.0
2005-04-18,S&P 500,1724.73,1684.08,1729.88,1643.21,370601456.0,2.41,0.34,14.58,7.81,116.0,12168.0,1873.0,1.29,103.11,114.46,1976.24,145.19,3963.0,2.26,26.0,40.97,1676.0
2005-04-19,S&P 500,2228.87,2273.63,2288.81,2195.97,511460064.0,1.17,5.61,13.02,8.02,105.0,7853.0,1603.0,1.49,98.56,38.14,2228.47,137.35,7492.0,1.92,14.0,6.84,13549.0
2005-04-20,S&P 500,2228.87,2273.63,2288.81,2195.97,511460064.0,1.17,5.61,13.02,8.02,105.0,7853.0,1603.0,1.49,98.56,38.14,2228.47,137.35,7492.0,1.92,14.0,6.84,13549.0
2005-04-21,S&P 500,2668.77,2650.5,2692.41,2622.6,709016618.0,0.9,0.45,6.83,0.72,77.0,1268.0,2224.0,1.15,118.11,85.46,2195.45,150.92,3900.0,1.77,31.0,6.39,603.0
2005-04-22,S&P 500,1640.9,1667.5300000000002,1701.39,1638.0700000000002,960010578.0,6.01,5.62,4.14,1.07,91.0,14663.0,3354.0,1.26,120.59,59.63,2018.38,395.19,4825.0,7.72,47.0,5.49,12298.0
2005-04-23,S&P 500,1683.75,1683.54,1727.48,1675.05,149861697.0,8.82,4.09,4.72,6.94,95.0,15595.0,2513.0,0.94,117.22,41.36,1997.87,286.52,1951.0,9.68,23.0,8.65,10794.0
2005-04-24,S&P 500,2672.58,2653.58,2710.04,2639.32,226599798.0,-1.22,7.73,10.54,4.03,67.0,22648.0,4487.0,1.29,139.23,112.53,1069.01,278.07,2456.0,7.26,10.0,69.69,425.0
2005-04-25,S&P 500,2672.58,2653.58,2710.04,2639.32,226599798.0,-1.22,7.73,10.54,4.03,67.0,22648.0,4487.0,1.29,139.23,112.53,1069.01,278.07,2456.0,7.26,10.0,69.69,425.0
2005-04-26,S&P 500,4591.86,4628.58,4631.27,4558.19,832135970.0,-2.69,6.84,5.0,7.48,75.0,1491.0,1223.0,1.06,103.31,101.21,1689.52,384.38,4297.0,9.03,28.0,26.22,12142.0
2005-04-27,S&P 500,1336.51,1353.81,1354.4199999999998,1335.59,682173264.0,5.36,1.01,7.24,0.71,78.0,26804.0,1017.0,1.0,132.49,61.94,991.33,180.76,6375.0,2.69,7.0,65.73,12129.0
2005-04-28,S&P 500,1336.51,1353.81,1354.4199999999998,1335.59,682173264.0,5.36,1.01,7.24,0.71,78.0,26804.0,1017.0,1.0,132.49,61.94,991.33,180.76,6375.0,2.69,7.0,65.73,12129.0
2005-04-29,S&P 500,1336.51,1353.81,1354.4199999999998,1335.59,682173264.0,5.36,1.01,7.24,0.71,78.0,26804.0,1017.0,1.0,132.49,61.94,991.33,180.76,6375.0,2.69,7.0,65.73,12129.0
2005-04-30,S&P 500,1336.51,1353.81,1354.4199999999998,1335.59,682173264.0,5.36,1.01,7.24,0.71,78.0,26804.0,1017.0,1.0,132.49,61.94,991.33,180.76,6375.0,2.69,7.0,65.73,12129.0
2005-05-01,S&P 500,1336.51,1353.81,1354.4199999999998,1335.59,682173264.0,5.36,1.01,7.24,0.71,78.0,26804.0,1017.0,1.0,132.49,61.94,991.33,180.76,6375.0,2.69,7.0,65.73,12129.0
2005-05-02,S&P 500,1336.51,1353.81,1354.4199999999998,1335.59,682173264.0,5.36,1.01,7.24,0.71,78.0,26804.0,1017.0,1.0,132.49,61.94,991.33,180.76,6375.0,2.69,7.0,65.73,12129.0
2005-05-03,S&P 500,1336.51,1353.81,1354.4199999999998,1335.59,682173264.0,5.36,1.01,7.24,0.71,78.0,26804.0,1017.0,1.0,132.49,61.94,991.33,180.76,6375.0,2.69,7.0,65.73,12129.0
2005-05-04,S&P 500,1336.51,1353.81,1354.4199999999998,1335.59,682173264.0,5.36,1.01,7.24,0.71,78.0,26804.0,1017.0,1.0,132.49,61.94,991.33,180.76,6375.0,2.69,7.0,65.73,12129.0
2005-05-05,S&P 500,1336.51,1353.81,1354.4199999999998,1335.59,682173264.0,5.36,1.01,7.24,0.71,78.0,26804.0,1017.0,1.0,132.49,61.94,991.33,180.76,6375.0,2.69,7.0,65.73,12129.0
2005-05-06,S&P 500,1336.51,1353.81,1354.4199999999998,1335.59,682173264.0,5.36,1.01,7.24,0.71,78.0,26804.0,1017.0,1.0,132.49,61.94,991.33,180.76,6375.0,2.69,7.0,65.73,12129.0
2005-05-07,S&P 500,1336.51,1353.81,1354.4199999999998,1335.59,682173264.0,5.36,1.01,7.24,0.71,78.0,26804.0,1017.0,1.0,132.49,61.94,991.33,180.76,6375.0,2.69,7.0,65.73,12129.0
2005-05-08,S&P 500,1336.51,1353.81,1354.4199999999998,1335.59,682173264.0,5.36,1.01,7.24,0.71,78.0,26804.0,1017.0,1.0,132.49,61.94,991.33,180.76,6375.0,2.69,7.0,65.73,12129.0
2005-05-09,S&P 500,1336.51,1353.81,1354.4199999999998,1335.59,682173264.0,5.36,1.01,7.24,0.71,78.0,26804.0,1017.0,1.0,132.49,61.94,991.33,180.76,6375.0,2.69,7.0,65.73,12129.0
2005-05-10,S&P 500,1336.51,1353.81,1354.4199999999998,1335.59,682173264.0,5.36,1.01,7.24,0.71,78.0,26804.0,1017.0,1.0,132.49,61.94,991.33,180.76,6375.0,2.69,7.0,65.73,12129.0
2005-05-11,S&P 500,1336.51,1353.81,1354.4199999999998,1335.59,682173264.0,5.36,1.01,7.24,0.71,78.0,26804.0,1017.0,1.0,132.49,61.94,991.33,180.76,6375.0,2.69,7.0,65.73,12129.0
2005-05-12,S&P 500,2678.51,2696.24,2734.0800000000004,2633.8500000000004,517809270.0,-3.37,5.96,7.89,2.87,93.0,25446.0,4602.0,1.06,147.25,88.11,2328.04,103.5,3056.0,5.21,19.0,41.66,11650.0
2005-05-13,S&P 500,2678.51,2696.24,2734.0800000000004,2633.8500000000004,517809270.0,-3.37,5.96,7.89,2.87,93.0,25446.0,4602.0,1.06,147.25,88.11,2328.04,103.5,3056.0,5.21,19.0,41.66,11650.0
2005-05-14,S&P 500,1157.57,1203.1699999999998,1214.87,1107.66,112074034.0,6.81,6.09,13.89,2.2,72.0,15228.0,4847.0,1.35,135.86,133.77,1824.52,440.65,8343.0,0.57,47.0,5.11,213.0
2005-05-15,S&P 500,1157.57,1203.1699999999998,1214.87,1107.66,112074034.0,6.81,6.09,13.89,2.2,72.0,15228.0,4847.0,1.35,135.86,133.77,1824.52,440.65,8343.0,0.57,47.0,5.11,213.0
2005-05-16,S&P 500,1157.57,1203.1699999999998,1214.87,1107.66,112074034.0,6.81,6.09,13.89,2.2,72.0,15228.0,4847.0,1.35,135.86,133.77,1824.52,440.65,8343.0,0.57,47.0,5.11,213.0
2005-05-17,S&P 500,1157.57,1203.1699999999998,1214.87,1107.66,112074034.0,6.81,6.09,13.89,2.2,72.0,15228.0,4847.0,1.35,135.86,133.77,1824.52,440.65,8343.0,0.57,47.0,5.11,213.0
2005-05-18,S&P 500,3333.01,3347.2200000000003,3374.7200000000003,3323.0400000000004,603623405.0,5.97,7.18,8.73,4.84,67.0,27377.0,138.0,1.38,148.68,121.47,920.95,153.58,6374.0,4.64,24.0,75.61,2919.0
2005-05-19,S&P 500,3333.01,3347.2200000000003,3374.7200000000003,3323.0400000000004,603623405.0,5.97,7.18,8.73,4.84,67.0,27377.0,138.0,1.38,148.68,121.47,920.95,153.58,6374.0,4.64,24.0,75.61,2919.0
2005-05-20,S&P 500,4149.49,4112.139999999999,4177.76,4100.28,741288775.0,0.53,2.25,14.92,1.98,61.0,18743.0,4857.0,1.18,142.0,144.47,1277.96,246.39,8217.0,3.42,26.0,50.97,733.0
2005-05-21,S&P 500,4149.49,4112.139999999999,4177.76,4100.28,741288775.0,0.53,2.25,14.92,1.98,61.0,18743.0,4857.0,1.18,142.0,144.47,1277.96,246.39,8217.0,3.42,26.0,50.97,733.0
2005-05-22,S&P 500,4149.49,4112.139999999999,4177.76,4100.28,741288775.0,0.53,2.25,14.92,1.98,61.0,18743.0,4857.0,1.18,142.0,144.47,1277.96,246.39,8217.0,3.42,26.0,50.97,733.0
2005-05-23,S&P 500,3353.41,3369.46,3406.94,3322.19,865009615.0,-0.18,4.52,10.04,8.72,104.0,1416.0,335.0,0.81,131.21,136.53,1430.52,467.42,2659.0,6.64,1.0,35.73,7878.0
2005-05-24,S&P 500,3353.41,3369.46,3406.94,3322.19,865009615.0,-0.18,4.52,10.04,8.72,104.0,1416.0,335.0,0.81,131.21,136.53,1430.52,467.42,2659.0,6.64,1.0,35.73,7878.0
2005-05-25,S&P 500,3353.41,3369.46,3406.94,3322.19,865009615.0,-0.18,4.52,10.04,8.72,104.0,1416.0,335.0,0.81,131.21,136.53,1430.52,467.42,2659.0,6.64,1.0,35.73,7878.0
2005-05-26,S&P 500,3353.41,3369.46,3406.94,3322.19,865009615.0,-0.18,4.52,10.04,8.72,104.0,1416.0,335.0,0.81,131.21,136.53,1430.52,467.42,2659.0,6.64,1.0,35.73,7878.0
2005-05-27,S&P 500,3353.41,3369.46,3406.94,3322.19,865009615.0,-0.18,4.52,10.04,8.72,104.0,1416.0,335.0,0.81,131.21,136.53,1430.52,467.42,2659.0,6.64,1.0,35.73,7878.0
2005-05-28,S&P 500,3353.41,3369.46,3406.94,3322.19,865009615.0,-0.18,4.52,10.04,8.72,104.0,1416.0,335.0,0.81,131.21,136.53,1430.52,467.42,2659.0,6.64,1.0,35.73,7878.0
2005-05-29,S&P 500,3353.41,3369.46,3406.94,3322.19,865009615.0,-0.18,4.52,10.04,8.72,104.0,1416.0,335.0,0.81,131.21,136.53,1430.52,467.42,2659.0,6.64,1.0,35.73,7878.0
2005-05-30,S&P 500,3353.41,3369.46,3406.94,3322.19,865009615.0,-0.18,4.52,10.04,8.72,104.0,1416.0,335.0,0.81,131.21,136.53,1430.52,467.42,2659.0,6.64,1.0,35.73,7878.0
2005-05-31,S&P 500,3353.41,3369.46,3406.94,3322.19,865009615.0,-0.18,4.52,10.04,8.72,104.0,1416.0,335.0,0.81,131.21,136.53,1430.52,467.42,2659.0,6.64,1.0,35.73,7878.0
2005-06-01,S&P 500,3353.41,3369.46,3406.94,3322.19,865009615.0,-0.18,4.52,10.04,8.72,104.0,1416.0,335.0,0.81,131.21,136.53,1430.52,467.42,2659.0,6.64,1.0,35.73,7878.0
2005-06-02,S&P 500,3353.41,3369.46,3406.94,3322.19,865009615.0,-0.18,4.52,10.04,8.72,104.0,1416.0,335.0,0.81,131.21,136.53,1430.52,467.42,2659.0,6.64,1.0,35.73,7878.0
2005-06-03,S&P 500,3353.41,3369.46,3406.94,3322.19,865009615.0,-0.18,4.52,10.04,8.72,104.0,1416.0,335.0,0.81,131.21,136.53,1430.52,467.42,2659.0,6.64,1.0,35.73,7878.0
2005-06-04,S&P 500,3353.41,3369.46,3406.94,3322.19,865009615.0,-0.18,4.52,10.04,8.72,104.0,1416.0,335.0,0.81,131.21,136.53,1430.52,467.42,2659.0,6.64,1.0,35.73,7878.0
2005-06-05,S&P 500,3353.41,3369.46,3406.94,3322.19,865009615.0,-0.18,4.52,10.04,8.72,104.0,1416.0,335.0,0.81,131.21,136.53,1430.52,467.42,2659.0,6.64,1.0,35.73,7878.0
2005-06-06,S&P 500,3353.41,3369.46,3406.94,3322.19,865009615.0,-0.18,4.52,10.04,8.72,104.0,1416.0,335.0,0.81,131.21,136.53,1430.52,467.42,2659.0,6.64,1.0,35.73,7878.0
2005-06-07,S&P 500,3353.41,3369.46,3406.94,3322.19,865009615.0,-0.18,4.52,10.04,8.72,104.0,1416.0,335.0,0.81,131.21,136.53,1430.52,467.42,2659.0,6.64,1.0,35.73,7878.0
2005-06-08,S&P 500,3353.41,3369.46,3406.94,3322.19,865009615.0,-0.18,4.52,10.04,8.72,104.0,1416.0,335.0,0.81,131.21,136.53,1430.52,467.42,2659.0,6.64,1.0,35.73,7878.0
2005-06-09,S&P 500,4721.59,4701.91,4749.5,4656.5,125725420.0,4.87,3.16,5.82,4.86,88.0,11392.0,3678.0,1.48,126.56,30.37,2066.33,150.63,4397.0,9.08,14.0,25.67,11276.0
2005-06-10,S&P 500,4721.59,4701.91,4749.5,4656.5,125725420.0,4.87,3.16,5.82,4.86,88.0,11392.0,3678.0,1.48,126.56,30.37,2066.33,150.63,4397.0,9.08,14.0,25.67,11276.0
2005-06-11,S&P 500,4721.59,4701.91,4749.5,4656.5,125725420.0,4.87,3.16,5.82,4.86,88.0,11392.0,3678.0,1.48,126.56,30.37,2066.33,150.63,4397.0,9.08,14.0,25.67,11276.0
2005-06-12,S&P 500,4721.59,4701.91,4749.5,4656.5,125725420.0,4.87,3.16,5.82,4.86,88.0,11392.0,3678.0,1.48,126.56,30.37,2066.33,150.63,4397.0,9.08,14.0,25.67,11276.0
2005-06-13,S&P 500,4721.59,4701.91,4749.5,4656.5,125725420.0,4.87,3.16,5.82,4.86,88.0,11392.0,3678.0,1.48,126.56,30.37,2066.33,150.63,4397.0,9.08,14.0,25.67,11276.0
2005-06-14,S&P 500,4721.59,4701.91,4749.5,4656.5,125725420.0,4.87,3.16,5.82,4.86,88.0,11392.0,3678.0,1.48,126.56,30.37,2066.33,150.63,4397.0,9.08,14.0,25.67,11276.0
2005-06-15,S&P 500,4721.59,4701.91,4749.5,4656.5,125725420.0,4.87,3.16,5.82,4.86,88.0,11392.0,3678.0,1.48,126.56,30.37,2066.33,150.63,4397.0,9.08,14.0,25.67,11276.0
2005-06-16,S&P 500,4009.87,3983.86,4033.43,3980.11,787383043.0,1.33,8.3,11.32,3.33,60.0,29100.0,4906.0,1.11,138.77,36.56,1697.36,303.67,5142.0,3.67,27.0,6.92,9568.0
2005-06-17,S&P 500,1205.18,1163.52,1246.12,1158.01,14187867.0,1.67,6.46,7.61,6.42,85.0,8240.0,606.0,1.31,109.74,148.46,1818.54,106.92,4135.0,9.28,21.0,29.58,12215.0
2005-06-18,S&P 500,2970.14,3012.99,3019.22,2950.96,969528470.0,-4.32,3.64,2.26,7.4,67.0,15403.0,4881.0,0.82,138.09,79.82,1674.49,127.36,5304.0,8.11,35.0,87.1,10548.0
2005-06-19,S&P 500,2970.14,3012.99,3019.22,2950.96,969528470.0,-4.32,3.64,2.26,7.4,67.0,15403.0,4881.0,0.82,138.09,79.82,1674.49,127.36,5304.0,8.11,35.0,87.1,10548.0
2005-06-20,S&P 500,2970.14,3012.99,3019.22,2950.96,969528470.0,-4.32,3.64,2.26,7.4,67.0,15403.0,4881.0,0.82,138.09,79.82,1674.49,127.36,5304.0,8.11,35.0,87.1,10548.0
2005-06-21,S&P 500,2970.14,3012.99,3019.22,2950.96,969528470.0,-4.32,3.64,2.26,7.4,67.0,15403.0,4881.0,0.82,138.09,79.82,1674.49,127.36,5304.0,8.11,35.0,87.1,10548.0
2005-06-22,S&P 500,2970.14,3012.99,3019.22,2950.96,969528470.0,-4.32,3.64,2.26,7.4,67.0,15403.0,4881.0,0.82,138.09,79.82,1674.49,127.36,5304.0,8.11,35.0,87.1,10548.0
2005-06-23,S&P 500,2970.14,3012.99,3019.22,2950.96,969528470.0,-4.32,3.64,2.26,7.4,67.0,15403.0,4881.0,0.82,138.09,79.82,1674.49,127.36,5304.0,8.11,35.0,87.1,10548.0
2005-06-24,S&P 500,3287.98,3241.86,3306.66,3193.1400000000003,781775862.0,1.35,2.94,4.67,7.28,56.0,25689.0,4337.0,1.49,111.81,84.86,1344.15,198.88,6534.0,5.43,23.0,82.94,4871.0
2005-06-25,S&P 500,4221.73,4190.41,4238.379999999999,4189.55,966331593.0,3.46,9.78,7.99,1.01,97.0,23098.0,2428.0,1.23,133.48,69.78,2215.47,264.84,6582.0,1.81,10.0,20.1,11151.0
2005-06-26,S&P 500,4221.73,4190.41,4238.379999999999,4189.55,966331593.0,3.46,9.78,7.99,1.01,97.0,23098.0,2428.0,1.23,133.48,69.78,2215.47,264.84,6582.0,1.81,10.0,20.1,11151.0
2005-06-27,S&P 500,1615.6,1642.28,1672.64,1597.1699999999998,122663846.0,-3.37,4.72,12.54,5.98,97.0,6020.0,1807.0,1.23,109.24,98.46,1878.1,241.26,4747.0,5.68,18.0,9.6,4317.0
2005-06-28,S&P 500,1615.6,1642.28,1672.64,1597.1699999999998,122663846.0,-3.37,4.72,12.54,5.98,97.0,6020.0,1807.0,1.23,109.24,98.46,1878.1,241.26,4747.0,5.68,18.0,9.6,4317.0
2005-06-29,S&P 500,1615.6,1642.28,1672.64,1597.1699999999998,122663846.0,-3.37,4.72,12.54,5.98,97.0,6020.0,1807.0,1.23,109.24,98.46,1878.1,241.26,4747.0,5.68,18.0,9.6,4317.0
2005-06-30,S&P 500,1615.6,1642.28,1672.64,1597.1699999999998,122663846.0,-3.37,4.72,12.54,5.98,97.0,6020.0,1807.0,1.23,109.24,98.46,1878.1,241.26,4747.0,5.68,18.0,9.6,4317.0
2005-07-01,S&P 500,1615.6,1642.28,1672.64,1597.1699999999998,122663846.0,-3.37,4.72,12.54,5.98,97.0,6020.0,1807.0,1.23,109.24,98.46,1878.1,241.26,4747.0,5.68,18.0,9.6,4317.0
2005-07-02,S&P 500,1615.6,1642.28,1672.64,1597.1699999999998,122663846.0,-3.37,4.72,12.54,5.98,97.0,6020.0,1807.0,1.23,109.24,98.46,1878.1,241.26,4747.0,5.68,18.0,9.6,4317.0
2005-07-03,S&P 500,1615.6,1642.28,1672.64,1597.1699999999998,122663846.0,-3.37,4.72,12.54,5.98,97.0,6020.0,1807.0,1.23,109.24,98.46,1878.1,241.26,4747.0,5.68,18.0,9.6,4317.0
2005-07-04,S&P 500,1615.6,1642.28,1672.64,1597.1699999999998,122663846.0,-3.37,4.72,12.54,5.98,97.0,6020.0,1807.0,1.23,109.24,98.46,1878.1,241.26,4747.0,5.68,18.0,9.6,4317.0
2005-07-05,S&P 500,2567.64,2598.23,2634.68,2535.77,571913320.0,3.33,9.49,14.55,7.2,112.0,4720.0,3122.0,1.17,105.22,42.95,847.38,246.77,198.0,9.2,16.0,5.22,4998.0
2005-07-06,S&P 500,3788.65,3766.62,3835.04,3729.65,730828094.0,4.51,9.49,7.9,0.74,63.0,25276.0,776.0,1.4,126.99,117.32,1810.52,177.3,1606.0,2.48,4.0,78.62,6278.0
2005-07-07,S&P 500,3788.65,3766.62,3835.04,3729.65,730828094.0,4.51,9.49,7.9,0.74,63.0,25276.0,776.0,1.4,126.99,117.32,1810.52,177.3,1606.0,2.48,4.0,78.62,6278.0
2005-07-08,S&P 500,3788.65,3766.62,3835.04,3729.65,730828094.0,4.51,9.49,7.9,0.74,63.0,25276.0,776.0,1.4,126.99,117.32,1810.52,177.3,1606.0,2.48,4.0,78.62,6278.0
2005-07-09,S&P 500,3788.65,3766.62,3835.04,3729.65,730828094.0,4.51,9.49,7.9,0.74,63.0,25276.0,776.0,1.4,126.99,117.32,1810.52,177.3,1606.0,2.48,4.0,78.62,6278.0
2005-07-10,S&P 500,3788.65,3766.62,3835.04,3729.65,730828094.0,4.51,9.49,7.9,0.74,63.0,25276.0,776.0,1.4,126.99,117.32,1810.52,177.3,1606.0,2.48,4.0,78.62,6278.0
2005-07-11,S&P 500,3788.65,3766.62,3835.04,3729.65,730828094.0,4.51,9.49,7.9,0.74,63.0,25276.0,776.0,1.4,126.99,117.32,1810.52,177.3,1606.0,2.48,4.0,78.62,6278.0
2005-07-12,S&P 500,2189.15,2174.79,2194.19,2154.08,512775599.0,1.84,1.34,14.36,9.45,53.0,27303.0,4951.0,1.15,84.27,122.56,1672.39,219.18,4853.0,6.75,25.0,31.24,5963.0
2005-07-13,S&P 500,1919.98,1944.75,1957.76,1871.12,763931037.0,1.87,3.91,6.77,9.54,119.0,18316.0,3089.0,1.14,98.95,26.31,1541.26,425.0,4263.0,8.04,42.0,94.03,10646.0
2005-07-14,S&P 500,1919.98,1944.75,1957.76,1871.12,763931037.0,1.87,3.91,6.77,9.54,119.0,18316.0,3089.0,1.14,98.95,26.31,1541.26,425.0,4263.0,8.04,42.0,94.03,10646.0
2005-07-15,S&P 500,1919.98,1944.75,1957.76,1871.12,763931037.0,1.87,3.91,6.77,9.54,119.0,18316.0,3089.0,1.14,98.95,26.31,1541.26,425.0,4263.0,8.04,42.0,94.03,10646.0
2005-07-16,S&P 500,1919.98,1944.75,1957.76,1871.12,763931037.0,1.87,3.91,6.77,9.54,119.0,18316.0,3089.0,1.14,98.95,26.31,1541.26,425.0,4263.0,8.04,42.0,94.03,10646.0
2005-07-17,S&P 500,4304.26,4333.530000000001,4333.9400000000005,4270.49,247955183.0,7.34,0.93,4.49,5.37,54.0,10468.0,1390.0,1.44,129.3,107.33,2341.76,395.2,7799.0,9.14,44.0,99.94,7297.0
2005-07-18,S&P 500,4304.26,4333.530000000001,4333.9400000000005,4270.49,247955183.0,7.34,0.93,4.49,5.37,54.0,10468.0,1390.0,1.44,129.3,107.33,2341.76,395.2,7799.0,9.14,44.0,99.94,7297.0
2005-07-19,S&P 500,4297.4,4296.73,4305.009999999999,4296.549999999999,581850629.0,2.84,3.51,7.89,6.23,84.0,24061.0,4794.0,0.83,96.08,50.62,845.05,492.06,8908.0,6.49,43.0,81.09,5382.0
2005-07-20,S&P 500,4297.4,4296.73,4305.009999999999,4296.549999999999,581850629.0,2.84,3.51,7.89,6.23,84.0,24061.0,4794.0,0.83,96.08,50.62,845.05,492.06,8908.0,6.49,43.0,81.09,5382.0
2005-07-21,S&P 500,1625.27,1673.7,1718.34,1615.23,410625489.0,-3.43,1.19,7.79,8.91,51.0,28044.0,1883.0,1.43,98.67,55.45,2309.3,245.12,152.0,7.71,41.0,1.06,5644.0
2005-07-22,S&P 500,1625.27,1673.7,1718.34,1615.23,410625489.0,-3.43,1.19,7.79,8.91,51.0,28044.0,1883.0,1.43,98.67,55.45,2309.3,245.12,152.0,7.71,41.0,1.06,5644.0
2005-07-23,S&P 500,1625.27,1673.7,1718.34,1615.23,410625489.0,-3.43,1.19,7.79,8.91,51.0,28044.0,1883.0,1.43,98.67,55.45,2309.3,245.12,152.0,7.71,41.0,1.06,5644.0
2005-07-24,S&P 500,3685.08,3701.75,3702.02,3669.83,454871633.0,-3.82,0.63,11.88,8.41,98.0,17343.0,1477.0,1.34,88.18,114.16,1110.78,254.95,290.0,0.32,44.0,77.63,8595.0
2005-07-25,S&P 500,2082.58,2061.01,2131.82,2043.01,971569783.0,5.8,2.99,3.55,8.33,50.0,26160.0,2855.0,0.95,147.18,50.94,1648.19,235.3,7454.0,3.07,43.0,56.75,10138.0
2005-07-26,S&P 500,2082.58,2061.01,2131.82,2043.01,971569783.0,5.8,2.99,3.55,8.33,50.0,26160.0,2855.0,0.95,147.18,50.94,1648.19,235.3,7454.0,3.07,43.0,56.75,10138.0
2005-07-27,S&P 500,2082.58,2061.01,2131.82,2043.01,971569783.0,5.8,2.99,3.55,8.33,50.0,26160.0,2855.0,0.95,147.18,50.94,1648.19,235.3,7454.0,3.07,43.0,56.75,10138.0
2005-07-28,S&P 500,1624.81,1619.38,1657.77,1617.26,328859077.0,-0.46,6.2,13.62,6.88,103.0,27620.0,4195.0,1.2,130.72,142.45,1012.2,487.69,5373.0,6.28,48.0,51.45,7118.0
2005-07-29,S&P 500,1624.81,1619.38,1657.77,1617.26,328859077.0,-0.46,6.2,13.62,6.88,103.0,27620.0,4195.0,1.2,130.72,142.45,1012.2,487.69,5373.0,6.28,48.0,51.45,7118.0
2005-07-30,S&P 500,4909.12,4885.62,4953.8,4858.75,668120409.0,3.52,3.74,7.96,2.41,64.0,26351.0,4712.0,1.46,88.28,74.71,1421.9,346.93,2685.0,8.51,47.0,77.97,5856.0
2005-07-31,S&P 500,4909.12,4885.62,4953.8,4858.75,668120409.0,3.52,3.74,7.96,2.41,64.0,26351.0,4712.0,1.46,88.28,74.71,1421.9,346.93,2685.0,8.51,47.0,77.97,5856.0
2005-08-01,S&P 500,3637.69,3641.46,3669.6,3605.97,399796348.0,-2.11,7.2,8.68,6.94,53.0,25025.0,4204.0,1.33,127.57,77.42,865.58,451.47,4529.0,1.24,5.0,48.82,2816.0
2005-08-02,S&P 500,3637.69,3641.46,3669.6,3605.97,399796348.0,-2.11,7.2,8.68,6.94,53.0,25025.0,4204.0,1.33,127.57,77.42,865.58,451.47,4529.0,1.24,5.0,48.82,2816.0
2005-08-03,S&P 500,3637.69,3641.46,3669.6,3605.97,399796348.0,-2.11,7.2,8.68,6.94,53.0,25025.0,4204.0,1.33,127.57,77.42,865.58,451.47,4529.0,1.24,5.0,48.82,2816.0
2005-08-04,S&P 500,3637.69,3641.46,3669.6,3605.97,399796348.0,-2.11,7.2,8.68,6.94,53.0,25025.0,4204.0,1.33,127.57,77.42,865.58,451.47,4529.0,1.24,5.0,48.82,2816.0
2005-08-05,S&P 500,3637.69,3641.46,3669.6,3605.97,399796348.0,-2.11,7.2,8.68,6.94,53.0,25025.0,4204.0,1.33,127.57,77.42,865.58,451.47,4529.0,1.24,5.0,48.82,2816.0
2005-08-06,S&P 500,3637.69,3641.46,3669.6,3605.97,399796348.0,-2.11,7.2,8.68,6.94,53.0,25025.0,4204.0,1.33,127.57,77.42,865.58,451.47,4529.0,1.24,5.0,48.82,2816.0
2005-08-07,S&P 500,3637.69,3641.46,3669.6,3605.97,399796348.0,-2.11,7.2,8.68,6.94,53.0,25025.0,4204.0,1.33,127.57,77.42,865.58,451.47,4529.0,1.24,5.0,48.82,2816.0
2005-08-08,S&P 500,3637.69,3641.46,3669.6,3605.97,399796348.0,-2.11,7.2,8.68,6.94,53.0,25025.0,4204.0,1.33,127.57,77.42,865.58,451.47,4529.0,1.24,5.0,48.82,2816.0
2005-08-09,S&P 500,3637.69,3641.46,3669.6,3605.97,399796348.0,-2.11,7.2,8.68,6.94,53.0,25025.0,4204.0,1.33,127.57,77.42,865.58,451.47,4529.0,1.24,5.0,48.82,2816.0
2005-08-10,S&P 500,3637.69,3641.46,3669.6,3605.97,399796348.0,-2.11,7.2,8.68,6.94,53.0,25025.0,4204.0,1.33,127.57,77.42,865.58,451.47,4529.0,1.24,5.0,48.82,2816.0
2005-08-11,S&P 500,3637.69,3641.46,3669.6,3605.97,399796348.0,-2.11,7.2,8.68,6.94,53.0,25025.0,4204.0,1.33,127.57,77.42,865.58,451.47,4529.0,1.24,5.0,48.82,2816.0
2005-08-12,S&P 500,3637.69,3641.46,3669.6,3605.97,399796348.0,-2.11,7.2,8.68,6.94,53.0,25025.0,4204.0,1.33,127.57,77.42,865.58,451.47,4529.0,1.24,5.0,48.82,2816.0
2005-08-13,S&P 500,4737.73,4775.56,4816.06,4691.349999999999,248747814.0,2.59,8.8,8.72,8.96,109.0,7385.0,1109.0,1.04,142.91,62.11,1013.56,279.99,8490.0,3.42,31.0,44.18,11756.0
2005-08-14,S&P 500,4737.73,4775.56,4816.06,4691.349999999999,248747814.0,2.59,8.8,8.72,8.96,109.0,7385.0,1109.0,1.04,142.91,62.11,1013.56,279.99,8490.0,3.42,31.0,44.18,11756.0
2005-08-15,S&P 500,4293.09,4336.08,4381.27,4243.150000000001,801605176.0,2.72,6.24,2.19,5.22,111.0,27060.0,3219.0,1.35,98.15,94.21,2408.4,296.41,3594.0,9.28,43.0,25.29,7704.0
2005-08-16,S&P 500,4293.09,4336.08,4381.27,4243.150000000001,801605176.0,2.72,6.24,2.19,5.22,111.0,27060.0,3219.0,1.35,98.15,94.21,2408.4,296.41,3594.0,9.28,43.0,25.29,7704.0
2005-08-17,S&P 500,4118.07,4117.11,4144.32,4115.0,260883033.0,-4.72,0.78,8.41,0.57,100.0,10910.0,2967.0,1.12,140.05,47.24,948.87,212.72,2241.0,5.37,36.0,68.74,11243.0
2005-08-18,S&P 500,4118.07,4117.11,4144.32,4115.0,260883033.0,-4.72,0.78,8.41,0.57,100.0,10910.0,2967.0,1.12,140.05,47.24,948.87,212.72,2241.0,5.37,36.0,68.74,11243.0
2005-08-19,S&P 500,4273.52,4303.790000000001,4326.170000000001,4259.790000000001,500027596.0,5.69,5.94,11.03,9.58,85.0,14074.0,3335.0,1.18,113.74,73.79,1098.21,435.17,6603.0,9.95,35.0,11.14,8820.0
2005-08-20,S&P 500,4273.52,4303.790000000001,4326.170000000001,4259.790000000001,500027596.0,5.69,5.94,11.03,9.58,85.0,14074.0,3335.0,1.18,113.74,73.79,1098.21,435.17,6603.0,9.95,35.0,11.14,8820.0
2005-08-21,S&P 500,4273.52,4303.790000000001,4326.170000000001,4259.790000000001,500027596.0,5.69,5.94,11.03,9.58,85.0,14074.0,3335.0,1.18,113.74,73.79,1098.21,435.17,6603.0,9.95,35.0,11.14,8820.0
2005-08-22,S&P 500,4273.52,4303.790000000001,4326.170000000001,4259.790000000001,500027596.0,5.69,5.94,11.03,9.58,85.0,14074.0,3335.0,1.18,113.74,73.79,1098.21,435.17,6603.0,9.95,35.0,11.14,8820.0
2005-08-23,S&P 500,4273.52,4303.790000000001,4326.170000000001,4259.790000000001,500027596.0,5.69,5.94,11.03,9.58,85.0,14074.0,3335.0,1.18,113.74,73.79,1098.21,435.17,6603.0,9.95,35.0,11.14,8820.0
2005-08-24,S&P 500,4273.52,4303.790000000001,4326.170000000001,4259.790000000001,500027596.0,5.69,5.94,11.03,9.58,85.0,14074.0,3335.0,1.18,113.74,73.79,1098.21,435.17,6603.0,9.95,35.0,11.14,8820.0
2005-08-25,S&P 500,4273.52,4303.790000000001,4326.170000000001,4259.790000000001,500027596.0,5.69,5.94,11.03,9.58,85.0,14074.0,3335.0,1.18,113.74,73.79,1098.21,435.17,6603.0,9.95,35.0,11.14,8820.0
2005-08-26,S&P 500,4273.52,4303.790000000001,4326.170000000001,4259.790000000001,500027596.0,5.69,5.94,11.03,9.58,85.0,14074.0,3335.0,1.18,113.74,73.79,1098.21,435.17,6603.0,9.95,35.0,11.14,8820.0
2005-08-27,S&P 500,4273.52,4303.790000000001,4326.170000000001,4259.790000000001,500027596.0,5.69,5.94,11.03,9.58,85.0,14074.0,3335.0,1.18,113.74,73.79,1098.21,435.17,6603.0,9.95,35.0,11.14,8820.0
2005-08-28,S&P 500,4273.52,4303.790000000001,4326.170000000001,4259.790000000001,500027596.0,5.69,5.94,11.03,9.58,85.0,14074.0,3335.0,1.18,113.74,73.79,1098.21,435.17,6603.0,9.95,35.0,11.14,8820.0
2005-08-29,S&P 500,1503.82,1457.25,1537.88,1426.75,632660421.0,5.58,4.78,9.77,3.16,54.0,13107.0,2723.0,1.02,117.63,132.89,1310.81,449.15,9950.0,8.08,49.0,89.93,12457.0
2005-08-30,S&P 500,4916.61,4916.37,4954.219999999999,4888.349999999999,842486986.0,-3.22,5.44,6.31,6.77,114.0,17573.0,2390.0,1.3,98.34,101.36,1508.76,110.45,8734.0,7.6,41.0,26.24,14230.0
2005-08-31,S&P 500,4916.61,4916.37,4954.219999999999,4888.349999999999,842486986.0,-3.22,5.44,6.31,6.77,114.0,17573.0,2390.0,1.3,98.34,101.36,1508.76,110.45,8734.0,7.6,41.0,26.24,14230.0
2005-09-01,S&P 500,4387.55,4355.84,4432.25,4322.12,299443637.0,9.54,5.23,5.59,7.2,112.0,13444.0,3544.0,0.97,134.41,47.19,2297.21,427.13,1192.0,1.33,3.0,36.13,1452.0
2005-09-02,S&P 500,2297.32,2283.82,2344.1400000000003,2263.63,659594626.0,-2.65,5.09,2.65,9.93,105.0,13615.0,452.0,1.27,110.38,122.61,2293.26,113.75,3884.0,6.91,49.0,41.9,13795.0
2005-09-03,S&P 500,2297.32,2283.82,2344.1400000000003,2263.63,659594626.0,-2.65,5.09,2.65,9.93,105.0,13615.0,452.0,1.27,110.38,122.61,2293.26,113.75,3884.0,6.91,49.0,41.9,13795.0
2005-09-04,S&P 500,2297.32,2283.82,2344.1400000000003,2263.63,659594626.0,-2.65,5.09,2.65,9.93,105.0,13615.0,452.0,1.27,110.38,122.61,2293.26,113.75,3884.0,6.91,49.0,41.9,13795.0
2005-09-05,S&P 500,3412.6,3370.04,3427.79,3342.83,50908705.0,6.61,5.46,11.34,8.14,86.0,11460.0,4705.0,1.37,143.44,73.07,1910.97,337.36,2044.0,0.25,11.0,87.34,13212.0
2005-09-06,S&P 500,3412.6,3370.04,3427.79,3342.83,50908705.0,6.61,5.46,11.34,8.14,86.0,11460.0,4705.0,1.37,143.44,73.07,1910.97,337.36,2044.0,0.25,11.0,87.34,13212.0
2005-09-07,S&P 500,3412.6,3370.04,3427.79,3342.83,50908705.0,6.61,5.46,11.34,8.14,86.0,11460.0,4705.0,1.37,143.44,73.07,1910.97,337.36,2044.0,0.25,11.0,87.34,13212.0
2005-09-08,S&P 500,3412.6,3370.04,3427.79,3342.83,50908705.0,6.61,5.46,11.34,8.14,86.0,11460.0,4705.0,1.37,143.44,73.07,1910.97,337.36,2044.0,0.25,11.0,87.34,13212.0
2005-09-09,S&P 500,2103.69,2117.43,2139.54,2071.01,721662581.0,0.4,9.83,14.66,0.99,62.0,15472.0,768.0,0.81,87.88,70.32,1648.64,327.98,9749.0,6.17,21.0,77.45,10275.0
2005-09-10,S&P 500,2103.69,2117.43,2139.54,2071.01,721662581.0,0.4,9.83,14.66,0.99,62.0,15472.0,768.0,0.81,87.88,70.32,1648.64,327.98,9749.0,6.17,21.0,77.45,10275.0
2005-09-11,S&P 500,2103.69,2117.43,2139.54,2071.01,721662581.0,0.4,9.83,14.66,0.99,62.0,15472.0,768.0,0.81,87.88,70.32,1648.64,327.98,9749.0,6.17,21.0,77.45,10275.0
2005-09-12,S&P 500,2103.69,2117.43,2139.54,2071.01,721662581.0,0.4,9.83,14.66,0.99,62.0,15472.0,768.0,0.81,87.88,70.32,1648.64,327.98,9749.0,6.17,21.0,77.45,10275.0
2005-09-13,S&P 500,1933.33,1959.84,1987.69,1924.85,472002569.0,6.95,6.63,11.59,0.74,84.0,996.0,3026.0,1.22,100.66,59.53,1157.76,398.39,8580.0,3.23,22.0,68.41,618.0
2005-09-14,S&P 500,1933.33,1959.84,1987.69,1924.85,472002569.0,6.95,6.63,11.59,0.74,84.0,996.0,3026.0,1.22,100.66,59.53,1157.76,398.39,8580.0,3.23,22.0,68.41,618.0
2005-09-15,S&P 500,3988.31,3986.73,4013.16,3951.64,296825672.0,8.12,6.27,4.66,4.7,62.0,25134.0,3045.0,0.84,101.48,57.95,1806.97,411.24,6215.0,3.15,6.0,21.03,4331.0
2005-09-16,S&P 500,1874.86,1889.67,1891.27,1863.5,417457085.0,6.77,8.82,13.17,2.9,60.0,6030.0,1152.0,1.07,113.62,90.75,2327.11,454.87,3444.0,8.46,21.0,25.43,10177.0
2005-09-17,S&P 500,1874.86,1889.67,1891.27,1863.5,417457085.0,6.77,8.82,13.17,2.9,60.0,6030.0,1152.0,1.07,113.62,90.75,2327.11,454.87,3444.0,8.46,21.0,25.43,10177.0
2005-09-18,S&P 500,1874.86,1889.67,1891.27,1863.5,417457085.0,6.77,8.82,13.17,2.9,60.0,6030.0,1152.0,1.07,113.62,90.75,2327.11,454.87,3444.0,8.46,21.0,25.43,10177.0
2005-09-19,S&P 500,3423.99,3435.85,3456.69,3375.55,681369161.0,6.62,9.06,5.65,2.65,94.0,11824.0,1223.0,0.82,138.28,25.15,2443.31,310.78,7781.0,7.72,18.0,40.68,10861.0
2005-09-20,S&P 500,4397.79,4378.77,4435.65,4344.02,154220453.0,1.26,7.57,14.05,0.68,95.0,28614.0,1443.0,1.26,82.91,91.26,1808.29,472.18,4786.0,4.96,29.0,0.35,9425.0
2005-09-21,S&P 500,4397.79,4378.77,4435.65,4344.02,154220453.0,1.26,7.57,14.05,0.68,95.0,28614.0,1443.0,1.26,82.91,91.26,1808.29,472.18,4786.0,4.96,29.0,0.35,9425.0
2005-09-22,S&P 500,3936.61,3895.7,3947.67,3886.07,59076867.0,6.04,7.75,3.89,3.45,98.0,7746.0,4918.0,0.81,133.41,133.36,2345.74,287.38,2730.0,9.96,40.0,68.22,8485.0
2005-09-23,S&P 500,2365.27,2407.59,2415.6600000000003,2347.47,821488249.0,-4.77,4.49,14.67,3.53,91.0,14560.0,3821.0,0.92,143.83,71.03,1928.48,329.25,8014.0,6.2,21.0,44.73,3789.0
2005-09-24,S&P 500,2365.27,2407.59,2415.6600000000003,2347.47,821488249.0,-4.77,4.49,14.67,3.53,91.0,14560.0,3821.0,0.92,143.83,71.03,1928.48,329.25,8014.0,6.2,21.0,44.73,3789.0
2005-09-25,S&P 500,2365.27,2407.59,2415.6600000000003,2347.47,821488249.0,-4.77,4.49,14.67,3.53,91.0,14560.0,3821.0,0.92,143.83,71.03,1928.48,329.25,8014.0,6.2,21.0,44.73,3789.0
2005-09-26,S&P 500,2365.27,2407.59,2415.6600000000003,2347.47,821488249.0,-4.77,4.49,14.67,3.53,91.0,14560.0,3821.0,0.92,143.83,71.03,1928.48,329.25,8014.0,6.2,21.0,44.73,3789.0
2005-09-27,S&P 500,2365.27,2407.59,2415.6600000000003,2347.47,821488249.0,-4.77,4.49,14.67,3.53,91.0,14560.0,3821.0,0.92,143.83,71.03,1928.48,329.25,8014.0,6.2,21.0,44.73,3789.0
2005-09-28,S&P 500,2365.27,2407.59,2415.6600000000003,2347.47,821488249.0,-4.77,4.49,14.67,3.53,91.0,14560.0,3821.0,0.92,143.83,71.03,1928.48,329.25,8014.0,6.2,21.0,44.73,3789.0
2005-09-29,S&P 500,2365.27,2407.59,2415.6600000000003,2347.47,821488249.0,-4.77,4.49,14.67,3.53,91.0,14560.0,3821.0,0.92,143.83,71.03,1928.48,329.25,8014.0,6.2,21.0,44.73,3789.0
2005-09-30,S&P 500,2365.27,2407.59,2415.6600000000003,2347.47,821488249.0,-4.77,4.49,14.67,3.53,91.0,14560.0,3821.0,0.92,143.83,71.03,1928.48,329.25,8014.0,6.2,21.0,44.73,3789.0
2005-10-01,S&P 500,2365.27,2407.59,2415.6600000000003,2347.47,821488249.0,-4.77,4.49,14.67,3.53,91.0,14560.0,3821.0,0.92,143.83,71.03,1928.48,329.25,8014.0,6.2,21.0,44.73,3789.0
2005-10-02,S&P 500,2365.27,2407.59,2415.6600000000003,2347.47,821488249.0,-4.77,4.49,14.67,3.53,91.0,14560.0,3821.0,0.92,143.83,71.03,1928.48,329.25,8014.0,6.2,21.0,44.73,3789.0
2005-10-03,S&P 500,2705.59,2675.73,2736.4700000000003,2660.66,890545574.0,-0.1,4.05,4.91,5.17,118.0,6573.0,3492.0,1.19,87.01,89.89,2489.82,118.24,7078.0,0.74,36.0,96.5,2216.0
2005-10-04,S&P 500,2705.59,2675.73,2736.4700000000003,2660.66,890545574.0,-0.1,4.05,4.91,5.17,118.0,6573.0,3492.0,1.19,87.01,89.89,2489.82,118.24,7078.0,0.74,36.0,96.5,2216.0
2005-10-05,S&P 500,2705.59,2675.73,2736.4700000000003,2660.66,890545574.0,-0.1,4.05,4.91,5.17,118.0,6573.0,3492.0,1.19,87.01,89.89,2489.82,118.24,7078.0,0.74,36.0,96.5,2216.0
2005-10-06,S&P 500,2183.73,2159.9,2218.88,2124.27,397776647.0,8.51,8.42,10.38,9.22,97.0,23505.0,4455.0,1.25,142.3,49.61,2289.57,185.72,2381.0,2.14,23.0,78.67,14362.0
2005-10-07,S&P 500,3655.3,3612.0,3666.43,3580.25,72552694.0,-0.39,3.42,4.35,9.49,52.0,18499.0,2113.0,1.13,121.14,83.66,1615.48,251.04,7448.0,2.98,3.0,17.05,12283.0
2005-10-08,S&P 500,4861.21,4814.03,4874.27,4794.67,635230701.0,-2.2,9.58,5.35,2.09,83.0,519.0,2027.0,1.31,96.42,51.41,1323.49,491.33,6133.0,8.07,45.0,35.79,1974.0
2005-10-09,S&P 500,4861.21,4814.03,4874.27,4794.67,635230701.0,-2.2,9.58,5.35,2.09,83.0,519.0,2027.0,1.31,96.42,51.41,1323.49,491.33,6133.0,8.07,45.0,35.79,1974.0
2005-10-10,S&P 500,4561.54,4599.69,4615.669999999999,4513.06,930388257.0,6.13,0.38,6.25,8.21,110.0,14660.0,4647.0,1.46,116.16,44.66,2065.6,421.38,8677.0,8.14,20.0,27.31,5602.0
2005-10-11,S&P 500,3307.52,3299.11,3315.9,3290.4300000000003,125522887.0,8.96,8.72,9.37,5.42,69.0,15110.0,4895.0,1.18,130.77,97.21,1813.58,198.19,5039.0,3.22,47.0,30.94,2632.0
2005-10-12,S&P 500,3307.52,3299.11,3315.9,3290.4300000000003,125522887.0,8.96,8.72,9.37,5.42,69.0,15110.0,4895.0,1.18,130.77,97.21,1813.58,198.19,5039.0,3.22,47.0,30.94,2632.0
2005-10-13,S&P 500,3001.11,3042.94,3044.73,2974.83,90028713.0,-2.84,2.32,2.96,7.25,61.0,7821.0,3773.0,1.0,93.25,124.95,1805.79,106.15,613.0,7.15,4.0,26.73,5778.0
2005-10-14,S&P 500,3001.11,3042.94,3044.73,2974.83,90028713.0,-2.84,2.32,2.96,7.25,61.0,7821.0,3773.0,1.0,93.25,124.95,1805.79,106.15,613.0,7.15,4.0,26.73,5778.0
2005-10-15,S&P 500,1359.51,1328.64,1384.12,1306.8200000000002,474884236.0,4.22,5.02,7.3,9.72,97.0,8076.0,1782.0,0.84,88.29,84.75,2468.92,434.29,764.0,4.78,29.0,9.19,14069.0
2005-10-16,S&P 500,1359.51,1328.64,1384.12,1306.8200000000002,474884236.0,4.22,5.02,7.3,9.72,97.0,8076.0,1782.0,0.84,88.29,84.75,2468.92,434.29,764.0,4.78,29.0,9.19,14069.0
2005-10-17,S&P 500,2363.83,2404.64,2413.22,2337.73,119048020.0,3.98,5.05,6.22,4.93,63.0,29383.0,4808.0,1.18,107.69,145.51,1983.23,249.32,5924.0,1.69,37.0,86.31,12182.0
2005-10-18,S&P 500,4669.07,4699.509999999999,4704.639999999999,4652.52,660859566.0,-2.29,4.72,6.93,5.66,68.0,16337.0,3136.0,0.86,125.69,123.85,1915.28,396.18,6338.0,9.02,7.0,8.02,10783.0
2005-10-19,S&P 500,2626.36,2582.94,2656.99,2555.82,102771487.0,2.19,4.49,12.18,8.18,103.0,8328.0,2366.0,1.48,104.13,33.97,1975.3,145.75,6411.0,7.54,47.0,63.53,3100.0
2005-10-20,S&P 500,1573.13,1592.39,1597.1,1525.19,287865482.0,4.87,3.35,11.87,6.32,109.0,13206.0,4752.0,1.09,126.84,41.91,1530.99,214.67,1640.0,0.81,45.0,51.21,3804.0
2005-10-21,S&P 500,1573.13,1592.39,1597.1,1525.19,287865482.0,4.87,3.35,11.87,6.32,109.0,13206.0,4752.0,1.09,126.84,41.91,1530.99,214.67,1640.0,0.81,45.0,51.21,3804.0
2005-10-22,S&P 500,1573.13,1592.39,1597.1,1525.19,287865482.0,4.87,3.35,11.87,6.32,109.0,13206.0,4752.0,1.09,126.84,41.91,1530.99,214.67,1640.0,0.81,45.0,51.21,3804.0
2005-10-23,S&P 500,1573.13,1592.39,1597.1,1525.19,287865482.0,4.87,3.35,11.87,6.32,109.0,13206.0,4752.0,1.09,126.84,41.91,1530.99,214.67,1640.0,0.81,45.0,51.21,3804.0
2005-10-24,S&P 500,1573.13,1592.39,1597.1,1525.19,287865482.0,4.87,3.35,11.87,6.32,109.0,13206.0,4752.0,1.09,126.84,41.91,1530.99,214.67,1640.0,0.81,45.0,51.21,3804.0
2005-10-25,S&P 500,4601.06,4639.01,4674.9400000000005,4573.47,905808929.0,-0.45,2.13,12.68,7.07,88.0,29066.0,1242.0,1.12,115.01,121.19,1033.87,180.95,803.0,6.44,8.0,33.96,11096.0
2005-10-26,S&P 500,4601.06,4639.01,4674.9400000000005,4573.47,905808929.0,-0.45,2.13,12.68,7.07,88.0,29066.0,1242.0,1.12,115.01,121.19,1033.87,180.95,803.0,6.44,8.0,33.96,11096.0
2005-10-27,S&P 500,4601.06,4639.01,4674.9400000000005,4573.47,905808929.0,-0.45,2.13,12.68,7.07,88.0,29066.0,1242.0,1.12,115.01,121.19,1033.87,180.95,803.0,6.44,8.0,33.96,11096.0
2005-10-28,S&P 500,4601.06,4639.01,4674.9400000000005,4573.47,905808929.0,-0.45,2.13,12.68,7.07,88.0,29066.0,1242.0,1.12,115.01,121.19,1033.87,180.95,803.0,6.44,8.0,33.96,11096.0
2005-10-29,S&P 500,4783.7,4761.51,4826.04,4733.27,909440976.0,7.68,9.57,4.91,7.56,101.0,9861.0,4485.0,1.2,101.97,123.94,2429.05,201.22,5236.0,5.79,6.0,74.7,1291.0
2005-10-30,S&P 500,4783.7,4761.51,4826.04,4733.27,909440976.0,7.68,9.57,4.91,7.56,101.0,9861.0,4485.0,1.2,101.97,123.94,2429.05,201.22,5236.0,5.79,6.0,74.7,1291.0
2005-10-31,S&P 500,1004.45,1048.96,1083.05,994.33,723652120.0,-4.31,9.83,4.4,7.91,54.0,17623.0,3330.0,1.22,115.0,70.2,2367.04,119.59,1598.0,6.05,27.0,9.87,14922.0
2005-11-01,S&P 500,1004.45,1048.96,1083.05,994.33,723652120.0,-4.31,9.83,4.4,7.91,54.0,17623.0,3330.0,1.22,115.0,70.2,2367.04,119.59,1598.0,6.05,27.0,9.87,14922.0
2005-11-02,S&P 500,1871.57,1867.66,1883.19,1858.54,855387802.0,-1.04,1.86,13.55,9.84,53.0,9115.0,2614.0,1.32,141.48,64.54,1172.16,237.94,8854.0,4.76,14.0,1.22,12459.0
2005-11-03,S&P 500,3647.34,3664.47,3695.67,3616.67,810263495.0,-3.1,4.03,14.1,3.28,60.0,3555.0,1869.0,1.08,135.2,146.6,1681.45,231.76,9879.0,5.62,6.0,82.54,3500.0
2005-11-04,S&P 500,3647.34,3664.47,3695.67,3616.67,810263495.0,-3.1,4.03,14.1,3.28,60.0,3555.0,1869.0,1.08,135.2,146.6,1681.45,231.76,9879.0,5.62,6.0,82.54,3500.0
2005-11-05,S&P 500,3647.34,3664.47,3695.67,3616.67,810263495.0,-3.1,4.03,14.1,3.28,60.0,3555.0,1869.0,1.08,135.2,146.6,1681.45,231.76,9879.0,5.62,6.0,82.54,3500.0
2005-11-06,S&P 500,3647.34,3664.47,3695.67,3616.67,810263495.0,-3.1,4.03,14.1,3.28,60.0,3555.0,1869.0,1.08,135.2,146.6,1681.45,231.76,9879.0,5.62,6.0,82.54,3500.0
2005-11-07,S&P 500,3915.11,3951.8,3957.76,3868.22,51171045.0,3.62,2.92,13.72,3.82,67.0,20806.0,876.0,0.85,100.8,47.45,1873.3,178.14,276.0,0.47,37.0,78.94,6428.0
2005-11-08,S&P 500,2294.12,2306.75,2339.2,2293.91,257141310.0,1.23,7.43,8.58,2.8,86.0,27473.0,2033.0,0.97,90.33,100.84,2030.07,489.3,5961.0,0.65,7.0,40.06,9455.0
2005-11-09,S&P 500,2294.12,2306.75,2339.2,2293.91,257141310.0,1.23,7.43,8.58,2.8,86.0,27473.0,2033.0,0.97,90.33,100.84,2030.07,489.3,5961.0,0.65,7.0,40.06,9455.0
2005-11-10,S&P 500,3226.31,3188.94,3253.98,3185.62,531523417.0,-0.05,1.62,3.84,4.08,96.0,13030.0,1134.0,1.32,109.45,74.95,2241.2,154.44,3027.0,1.94,37.0,95.64,6738.0
2005-11-11,S&P 500,2370.92,2415.5,2417.09,2323.27,489128478.0,5.87,5.77,6.02,6.5,69.0,22210.0,936.0,0.87,104.36,62.23,948.79,208.13,5156.0,3.74,15.0,88.7,13067.0
2005-11-12,S&P 500,1538.31,1501.57,1561.78,1487.48,334239844.0,4.18,9.11,2.57,7.9,119.0,16287.0,4802.0,0.94,95.25,132.62,1440.97,481.81,9186.0,3.71,33.0,70.16,1041.0
2005-11-13,S&P 500,1538.31,1501.57,1561.78,1487.48,334239844.0,4.18,9.11,2.57,7.9,119.0,16287.0,4802.0,0.94,95.25,132.62,1440.97,481.81,9186.0,3.71,33.0,70.16,1041.0
2005-11-14,S&P 500,1538.31,1501.57,1561.78,1487.48,334239844.0,4.18,9.11,2.57,7.9,119.0,16287.0,4802.0,0.94,95.25,132.62,1440.97,481.81,9186.0,3.71,33.0,70.16,1041.0
2005-11-15,S&P 500,1538.31,1501.57,1561.78,1487.48,334239844.0,4.18,9.11,2.57,7.9,119.0,16287.0,4802.0,0.94,95.25,132.62,1440.97,481.81,9186.0,3.71,33.0,70.16,1041.0
2005-11-16,S&P 500,3599.15,3621.15,3660.14,3562.81,633453289.0,7.2,0.87,5.45,4.77,87.0,1084.0,3975.0,0.86,91.86,37.69,872.19,471.67,7332.0,3.51,18.0,91.73,12627.0
2005-11-17,S&P 500,3599.15,3621.15,3660.14,3562.81,633453289.0,7.2,0.87,5.45,4.77,87.0,1084.0,3975.0,0.86,91.86,37.69,872.19,471.67,7332.0,3.51,18.0,91.73,12627.0
2005-11-18,S&P 500,3599.15,3621.15,3660.14,3562.81,633453289.0,7.2,0.87,5.45,4.77,87.0,1084.0,3975.0,0.86,91.86,37.69,872.19,471.67,7332.0,3.51,18.0,91.73,12627.0
2005-11-19,S&P 500,3599.15,3621.15,3660.14,3562.81,633453289.0,7.2,0.87,5.45,4.77,87.0,1084.0,3975.0,0.86,91.86,37.69,872.19,471.67,7332.0,3.51,18.0,91.73,12627.0
2005-11-20,S&P 500,3599.15,3621.15,3660.14,3562.81,633453289.0,7.2,0.87,5.45,4.77,87.0,1084.0,3975.0,0.86,91.86,37.69,872.19,471.67,7332.0,3.51,18.0,91.73,12627.0
2005-11-21,S&P 500,3599.15,3621.15,3660.14,3562.81,633453289.0,7.2,0.87,5.45,4.77,87.0,1084.0,3975.0,0.86,91.86,37.69,872.19,471.67,7332.0,3.51,18.0,91.73,12627.0
2005-11-22,S&P 500,1000.12,960.52,1012.13,958.26,775075533.0,6.52,8.22,7.03,3.99,107.0,29472.0,1822.0,1.2,113.71,132.04,1898.9,210.97,186.0,4.98,22.0,74.65,6596.0
2005-11-23,S&P 500,1000.12,960.52,1012.13,958.26,775075533.0,6.52,8.22,7.03,3.99,107.0,29472.0,1822.0,1.2,113.71,132.04,1898.9,210.97,186.0,4.98,22.0,74.65,6596.0
2005-11-24,S&P 500,2426.38,2465.4,2468.06,2408.85,432527648.0,7.24,1.37,6.42,6.74,79.0,15896.0,2654.0,0.82,136.03,69.62,1950.91,164.87,6068.0,1.92,17.0,76.12,12170.0
2005-11-25,S&P 500,2017.93,1994.96,2057.71,1982.89,778846454.0,5.63,1.45,4.56,3.65,68.0,11514.0,1562.0,1.44,98.22,73.52,1253.4,238.73,8684.0,2.87,31.0,94.97,11573.0
2005-11-26,S&P 500,2017.93,1994.96,2057.71,1982.89,778846454.0,5.63,1.45,4.56,3.65,68.0,11514.0,1562.0,1.44,98.22,73.52,1253.4,238.73,8684.0,2.87,31.0,94.97,11573.0
2005-11-27,S&P 500,2017.93,1994.96,2057.71,1982.89,778846454.0,5.63,1.45,4.56,3.65,68.0,11514.0,1562.0,1.44,98.22,73.52,1253.4,238.73,8684.0,2.87,31.0,94.97,11573.0
2005-11-28,S&P 500,2017.93,1994.96,2057.71,1982.89,778846454.0,5.63,1.45,4.56,3.65,68.0,11514.0,1562.0,1.44,98.22,73.52,1253.4,238.73,8684.0,2.87,31.0,94.97,11573.0
2005-11-29,S&P 500,2017.93,1994.96,2057.71,1982.89,778846454.0,5.63,1.45,4.56,3.65,68.0,11514.0,1562.0,1.44,98.22,73.52,1253.4,238.73,8684.0,2.87,31.0,94.97,11573.0
2005-11-30,S&P 500,2017.93,1994.96,2057.71,1982.89,778846454.0,5.63,1.45,4.56,3.65,68.0,11514.0,1562.0,1.44,98.22,73.52,1253.4,238.73,8684.0,2.87,31.0,94.97,11573.0
2005-12-01,S&P 500,2017.93,1994.96,2057.71,1982.89,778846454.0,5.63,1.45,4.56,3.65,68.0,11514.0,1562.0,1.44,98.22,73.52,1253.4,238.73,8684.0,2.87,31.0,94.97,11573.0
2005-12-02,S&P 500,2017.93,1994.96,2057.71,1982.89,778846454.0,5.63,1.45,4.56,3.65,68.0,11514.0,1562.0,1.44,98.22,73.52,1253.4,238.73,8684.0,2.87,31.0,94.97,11573.0
2005-12-03,S&P 500,2017.93,1994.96,2057.71,1982.89,778846454.0,5.63,1.45,4.56,3.65,68.0,11514.0,1562.0,1.44,98.22,73.52,1253.4,238.73,8684.0,2.87,31.0,94.97,11573.0
2005-12-04,S&P 500,2017.93,1994.96,2057.71,1982.89,778846454.0,5.63,1.45,4.56,3.65,68.0,11514.0,1562.0,1.44,98.22,73.52,1253.4,238.73,8684.0,2.87,31.0,94.97,11573.0
2005-12-05,S&P 500,3428.54,3449.65,3495.42,3412.6,540941420.0,-3.83,8.94,10.92,6.19,51.0,7955.0,1580.0,0.9,142.69,126.14,2107.93,315.9,6283.0,0.11,37.0,23.7,1085.0
2005-12-06,S&P 500,3428.54,3449.65,3495.42,3412.6,540941420.0,-3.83,8.94,10.92,6.19,51.0,7955.0,1580.0,0.9,142.69,126.14,2107.93,315.9,6283.0,0.11,37.0,23.7,1085.0
2005-12-07,S&P 500,3428.54,3449.65,3495.42,3412.6,540941420.0,-3.83,8.94,10.92,6.19,51.0,7955.0,1580.0,0.9,142.69,126.14,2107.93,315.9,6283.0,0.11,37.0,23.7,1085.0
2005-12-08,S&P 500,3428.54,3449.65,3495.42,3412.6,540941420.0,-3.83,8.94,10.92,6.19,51.0,7955.0,1580.0,0.9,142.69,126.14,2107.93,315.9,6283.0,0.11,37.0,23.7,1085.0
2005-12-09,S&P 500,3428.54,3449.65,3495.42,3412.6,540941420.0,-3.83,8.94,10.92,6.19,51.0,7955.0,1580.0,0.9,142.69,126.14,2107.93,315.9,6283.0,0.11,37.0,23.7,1085.0
2005-12-10,S&P 500,1386.58,1360.76,1409.46,1326.12,204366604.0,-0.73,1.33,14.67,1.66,105.0,10539.0,4299.0,0.92,113.9,127.59,1396.13,359.34,1148.0,5.24,13.0,83.69,5123.0
2005-12-11,S&P 500,1707.59,1705.89,1733.53,1679.28,549295154.0,-3.32,5.02,10.64,3.49,92.0,25601.0,2859.0,1.26,112.42,111.92,1681.19,339.56,298.0,4.78,4.0,99.95,9546.0
2005-12-12,S&P 500,1707.59,1705.89,1733.53,1679.28,549295154.0,-3.32,5.02,10.64,3.49,92.0,25601.0,2859.0,1.26,112.42,111.92,1681.19,339.56,298.0,4.78,4.0,99.95,9546.0
2005-12-13,S&P 500,2776.41,2764.24,2802.07,2744.87,512849042.0,-1.36,2.19,4.05,2.0,54.0,10074.0,3596.0,0.83,115.55,102.51,1365.43,439.39,8690.0,4.88,24.0,71.89,14113.0
2005-12-14,S&P 500,2776.41,2764.24,2802.07,2744.87,512849042.0,-1.36,2.19,4.05,2.0,54.0,10074.0,3596.0,0.83,115.55,102.51,1365.43,439.39,8690.0,4.88,24.0,71.89,14113.0
2005-12-15,S&P 500,4494.47,4454.150000000001,4503.6900000000005,4443.18,589207384.0,8.47,0.53,4.14,7.18,56.0,15213.0,4274.0,1.35,128.71,112.35,2020.89,412.08,2704.0,1.17,44.0,74.27,2189.0
2005-12-16,S&P 500,4494.47,4454.150000000001,4503.6900000000005,4443.18,589207384.0,8.47,0.53,4.14,7.18,56.0,15213.0,4274.0,1.35,128.71,112.35,2020.89,412.08,2704.0,1.17,44.0,74.27,2189.0
2005-12-17,S&P 500,4494.47,4454.150000000001,4503.6900000000005,4443.18,589207384.0,8.47,0.53,4.14,7.18,56.0,15213.0,4274.0,1.35,128.71,112.35,2020.89,412.08,2704.0,1.17,44.0,74.27,2189.0
2005-12-18,S&P 500,4494.47,4454.150000000001,4503.6900000000005,4443.18,589207384.0,8.47,0.53,4.14,7.18,56.0,15213.0,4274.0,1.35,128.71,112.35,2020.89,412.08,2704.0,1.17,44.0,74.27,2189.0
2005-12-19,S&P 500,4494.47,4454.150000000001,4503.6900000000005,4443.18,589207384.0,8.47,0.53,4.14,7.18,56.0,15213.0,4274.0,1.35,128.71,112.35,2020.89,412.08,2704.0,1.17,44.0,74.27,2189.0
2005-12-20,S&P 500,2222.98,2223.12,2259.5,2199.45,999459715.0,-4.62,7.82,12.68,2.9,97.0,6184.0,169.0,1.34,94.75,123.19,1757.27,411.52,1393.0,4.05,49.0,17.42,7918.0
2005-12-21,S&P 500,2222.98,2223.12,2259.5,2199.45,999459715.0,-4.62,7.82,12.68,2.9,97.0,6184.0,169.0,1.34,94.75,123.19,1757.27,411.52,1393.0,4.05,49.0,17.42,7918.0
2005-12-22,S&P 500,2222.98,2223.12,2259.5,2199.45,999459715.0,-4.62,7.82,12.68,2.9,97.0,6184.0,169.0,1.34,94.75,123.19,1757.27,411.52,1393.0,4.05,49.0,17.42,7918.0
2005-12-23,S&P 500,2222.98,2223.12,2259.5,2199.45,999459715.0,-4.62,7.82,12.68,2.9,97.0,6184.0,169.0,1.34,94.75,123.19,1757.27,411.52,1393.0,4.05,49.0,17.42,7918.0
2005-12-24,S&P 500,2222.98,2223.12,2259.5,2199.45,999459715.0,-4.62,7.82,12.68,2.9,97.0,6184.0,169.0,1.34,94.75,123.19,1757.27,411.52,1393.0,4.05,49.0,17.42,7918.0
2005-12-25,S&P 500,2222.98,2223.12,2259.5,2199.45,999459715.0,-4.62,7.82,12.68,2.9,97.0,6184.0,169.0,1.34,94.75,123.19,1757.27,411.52,1393.0,4.05,49.0,17.42,7918.0
2005-12-26,S&P 500,2222.98,2223.12,2259.5,2199.45,999459715.0,-4.62,7.82,12.68,2.9,97.0,6184.0,169.0,1.34,94.75,123.19,1757.27,411.52,1393.0,4.05,49.0,17.42,7918.0
2005-12-27,S&P 500,2222.98,2223.12,2259.5,2199.45,999459715.0,-4.62,7.82,12.68,2.9,97.0,6184.0,169.0,1.34,94.75,123.19,1757.27,411.52,1393.0,4.05,49.0,17.42,7918.0
2005-12-28,S&P 500,2222.98,2223.12,2259.5,2199.45,999459715.0,-4.62,7.82,12.68,2.9,97.0,6184.0,169.0,1.34,94.75,123.19,1757.27,411.52,1393.0,4.05,49.0,17.42,7918.0
2005-12-29,S&P 500,3773.69,3773.88,3782.41,3725.94,92140410.0,9.36,5.38,6.32,8.8,65.0,12815.0,1362.0,0.83,125.87,139.98,2358.35,426.36,8457.0,9.25,17.0,59.66,6633.0
2005-12-30,S&P 500,3773.69,3773.88,3782.41,3725.94,92140410.0,9.36,5.38,6.32,8.8,65.0,12815.0,1362.0,0.83,125.87,139.98,2358.35,426.36,8457.0,9.25,17.0,59.66,6633.0
2005-12-31,S&P 500,3773.69,3773.88,3782.41,3725.94,92140410.0,9.36,5.38,6.32,8.8,65.0,12815.0,1362.0,0.83,125.87,139.98,2358.35,426.36,8457.0,9.25,17.0,59.66,6633.0
2006-01-01,S&P 500,4491.44,4490.08,4506.5,4471.89,102783790.0,5.6,6.48,3.89,5.05,54.0,24690.0,4497.0,1.3,92.39,21.41,1994.09,462.75,5492.0,0.79,33.0,67.56,1589.0
2006-01-02,S&P 500,4491.44,4490.08,4506.5,4471.89,102783790.0,5.6,6.48,3.89,5.05,54.0,24690.0,4497.0,1.3,92.39,21.41,1994.09,462.75,5492.0,0.79,33.0,67.56,1589.0
2006-01-03,S&P 500,3921.0,3888.64,3965.43,3860.2,340923747.0,-0.99,8.15,4.88,6.4,88.0,27625.0,2015.0,1.17,106.24,79.26,2199.3,290.55,6942.0,4.03,13.0,72.43,12250.0
2006-01-04,S&P 500,3921.0,3888.64,3965.43,3860.2,340923747.0,-0.99,8.15,4.88,6.4,88.0,27625.0,2015.0,1.17,106.24,79.26,2199.3,290.55,6942.0,4.03,13.0,72.43,12250.0
2006-01-05,S&P 500,1746.56,1750.74,1797.2,1704.06,506416791.0,-2.56,5.59,8.71,2.44,69.0,12558.0,4451.0,1.41,146.25,113.62,856.85,371.1,2405.0,4.97,22.0,82.5,3573.0
2006-01-06,S&P 500,1102.76,1065.87,1138.63,1016.07,714889304.0,-4.03,0.03,8.59,8.08,51.0,11517.0,1647.0,1.47,121.54,26.66,1603.91,440.77,8134.0,6.27,32.0,60.81,8014.0
2006-01-07,S&P 500,1102.76,1065.87,1138.63,1016.07,714889304.0,-4.03,0.03,8.59,8.08,51.0,11517.0,1647.0,1.47,121.54,26.66,1603.91,440.77,8134.0,6.27,32.0,60.81,8014.0
2006-01-08,S&P 500,1102.76,1065.87,1138.63,1016.07,714889304.0,-4.03,0.03,8.59,8.08,51.0,11517.0,1647.0,1.47,121.54,26.66,1603.91,440.77,8134.0,6.27,32.0,60.81,8014.0
2006-01-09,S&P 500,1102.76,1065.87,1138.63,1016.07,714889304.0,-4.03,0.03,8.59,8.08,51.0,11517.0,1647.0,1.47,121.54,26.66,1603.91,440.77,8134.0,6.27,32.0,60.81,8014.0
2006-01-10,S&P 500,4399.84,4386.74,4425.900000000001,4386.5,92629190.0,2.07,4.79,6.46,6.74,113.0,4000.0,1313.0,1.03,113.07,118.52,1641.53,127.7,1744.0,3.31,47.0,30.63,4251.0
2006-01-11,S&P 500,1784.98,1748.53,1793.58,1723.07,60516907.0,4.41,3.02,5.9,1.25,91.0,26737.0,2240.0,0.93,97.5,120.72,1440.42,344.37,2394.0,0.47,34.0,60.73,358.0
2006-01-12,S&P 500,1502.2,1504.04,1519.31,1474.42,117743097.0,7.73,4.68,10.91,2.89,102.0,27126.0,960.0,1.48,122.11,123.54,2380.94,481.33,5362.0,8.35,42.0,76.89,12882.0
2006-01-13,S&P 500,1502.2,1504.04,1519.31,1474.42,117743097.0,7.73,4.68,10.91,2.89,102.0,27126.0,960.0,1.48,122.11,123.54,2380.94,481.33,5362.0,8.35,42.0,76.89,12882.0
2006-01-14,S&P 500,1502.2,1504.04,1519.31,1474.42,117743097.0,7.73,4.68,10.91,2.89,102.0,27126.0,960.0,1.48,122.11,123.54,2380.94,481.33,5362.0,8.35,42.0,76.89,12882.0
2006-01-15,S&P 500,1502.2,1504.04,1519.31,1474.42,117743097.0,7.73,4.68,10.91,2.89,102.0,27126.0,960.0,1.48,122.11,123.54,2380.94,481.33,5362.0,8.35,42.0,76.89,12882.0
2006-01-16,S&P 500,1502.2,1504.04,1519.31,1474.42,117743097.0,7.73,4.68,10.91,2.89,102.0,27126.0,960.0,1.48,122.11,123.54,2380.94,481.33,5362.0,8.35,42.0,76.89,12882.0
2006-01-17,S&P 500,1502.2,1504.04,1519.31,1474.42,117743097.0,7.73,4.68,10.91,2.89,102.0,27126.0,960.0,1.48,122.11,123.54,2380.94,481.33,5362.0,8.35,42.0,76.89,12882.0
2006-01-18,S&P 500,1502.2,1504.04,1519.31,1474.42,117743097.0,7.73,4.68,10.91,2.89,102.0,27126.0,960.0,1.48,122.11,123.54,2380.94,481.33,5362.0,8.35,42.0,76.89,12882.0
2006-01-19,S&P 500,1228.11,1257.58,1289.05,1185.34,47610556.0,5.71,3.03,12.76,1.12,93.0,20727.0,1298.0,1.28,131.09,103.92,1720.51,153.01,436.0,2.86,12.0,26.3,8631.0
2006-01-20,S&P 500,1421.93,1417.5600000000002,1470.73,1383.8000000000002,82036433.0,-1.73,9.67,12.07,1.7,64.0,5325.0,1567.0,1.04,117.08,42.1,2128.27,352.81,1359.0,2.5,39.0,97.84,10613.0
2006-01-21,S&P 500,3342.35,3309.43,3358.91,3300.92,920622246.0,-2.35,2.82,10.7,1.63,110.0,2481.0,4396.0,1.02,116.47,21.85,903.63,392.34,9350.0,6.09,17.0,20.29,11708.0
2006-01-22,S&P 500,3177.38,3154.1,3183.31,3144.61,940649408.0,0.37,5.89,11.88,9.94,56.0,17531.0,4938.0,1.1,87.49,47.84,1061.43,379.4,7279.0,7.35,34.0,25.42,5240.0
2006-01-23,S&P 500,1934.96,1935.87,1964.39,1888.63,223403006.0,4.8,9.93,14.73,2.21,79.0,20807.0,4293.0,1.37,110.41,40.07,1585.44,202.93,3548.0,3.97,0.0,48.51,3152.0
2006-01-24,S&P 500,3551.1,3515.85,3596.42,3514.24,197854146.0,-1.49,8.81,7.6,9.02,85.0,27780.0,1391.0,1.46,116.57,33.27,2365.73,294.41,2516.0,4.0,23.0,66.08,14589.0
2006-01-25,S&P 500,4280.27,4291.4400000000005,4330.64,4257.14,985205694.0,-2.25,5.36,2.87,9.91,60.0,16376.0,451.0,1.12,112.89,47.95,1703.71,365.34,6031.0,9.54,49.0,44.12,10874.0
2006-01-26,S&P 500,1166.32,1172.89,1204.02,1150.65,874098516.0,-4.85,9.9,7.99,4.15,119.0,2482.0,1401.0,0.86,134.32,93.26,1534.91,472.38,8345.0,5.18,35.0,35.25,5101.0
2006-01-27,S&P 500,1166.32,1172.89,1204.02,1150.65,874098516.0,-4.85,9.9,7.99,4.15,119.0,2482.0,1401.0,0.86,134.32,93.26,1534.91,472.38,8345.0,5.18,35.0,35.25,5101.0
2006-01-28,S&P 500,3757.24,3801.01,3828.1,3715.26,260653755.0,1.43,2.09,5.83,7.9,55.0,5755.0,3187.0,0.86,135.64,56.33,1011.59,220.2,4476.0,8.63,15.0,95.83,1039.0
2006-01-29,S&P 500,3757.24,3801.01,3828.1,3715.26,260653755.0,1.43,2.09,5.83,7.9,55.0,5755.0,3187.0,0.86,135.64,56.33,1011.59,220.2,4476.0,8.63,15.0,95.83,1039.0
2006-01-30,S&P 500,3757.24,3801.01,3828.1,3715.26,260653755.0,1.43,2.09,5.83,7.9,55.0,5755.0,3187.0,0.86,135.64,56.33,1011.59,220.2,4476.0,8.63,15.0,95.83,1039.0
2006-01-31,S&P 500,3454.55,3429.02,3490.8,3379.92,315604654.0,1.44,3.44,10.91,4.62,71.0,2519.0,1257.0,1.19,106.14,63.3,1780.55,490.54,686.0,2.96,45.0,68.05,5977.0
2006-02-01,S&P 500,3454.55,3429.02,3490.8,3379.92,315604654.0,1.44,3.44,10.91,4.62,71.0,2519.0,1257.0,1.19,106.14,63.3,1780.55,490.54,686.0,2.96,45.0,68.05,5977.0
2006-02-02,S&P 500,3454.55,3429.02,3490.8,3379.92,315604654.0,1.44,3.44,10.91,4.62,71.0,2519.0,1257.0,1.19,106.14,63.3,1780.55,490.54,686.0,2.96,45.0,68.05,5977.0
2006-02-03,S&P 500,3454.55,3429.02,3490.8,3379.92,315604654.0,1.44,3.44,10.91,4.62,71.0,2519.0,1257.0,1.19,106.14,63.3,1780.55,490.54,686.0,2.96,45.0,68.05,5977.0
2006-02-04,S&P 500,3454.55,3429.02,3490.8,3379.92,315604654.0,1.44,3.44,10.91,4.62,71.0,2519.0,1257.0,1.19,106.14,63.3,1780.55,490.54,686.0,2.96,45.0,68.05,5977.0
2006-02-05,S&P 500,3454.55,3429.02,3490.8,3379.92,315604654.0,1.44,3.44,10.91,4.62,71.0,2519.0,1257.0,1.19,106.14,63.3,1780.55,490.54,686.0,2.96,45.0,68.05,5977.0
2006-02-06,S&P 500,3454.55,3429.02,3490.8,3379.92,315604654.0,1.44,3.44,10.91,4.62,71.0,2519.0,1257.0,1.19,106.14,63.3,1780.55,490.54,686.0,2.96,45.0,68.05,5977.0
2006-02-07,S&P 500,3454.55,3429.02,3490.8,3379.92,315604654.0,1.44,3.44,10.91,4.62,71.0,2519.0,1257.0,1.19,106.14,63.3,1780.55,490.54,686.0,2.96,45.0,68.05,5977.0
2006-02-08,S&P 500,1759.74,1752.08,1772.83,1738.56,869507171.0,-1.21,9.41,5.88,0.94,88.0,15714.0,747.0,1.46,93.49,31.16,1464.19,460.76,3130.0,3.03,43.0,20.46,8966.0
2006-02-09,S&P 500,3806.95,3757.88,3832.58,3755.55,456544406.0,2.07,8.11,5.97,8.46,92.0,26157.0,1711.0,0.84,140.24,49.82,2374.88,207.28,4402.0,0.63,28.0,88.7,3525.0
2006-02-10,S&P 500,3806.95,3757.88,3832.58,3755.55,456544406.0,2.07,8.11,5.97,8.46,92.0,26157.0,1711.0,0.84,140.24,49.82,2374.88,207.28,4402.0,0.63,28.0,88.7,3525.0
2006-02-11,S&P 500,3806.95,3757.88,3832.58,3755.55,456544406.0,2.07,8.11,5.97,8.46,92.0,26157.0,1711.0,0.84,140.24,49.82,2374.88,207.28,4402.0,0.63,28.0,88.7,3525.0
2006-02-12,S&P 500,4645.36,4649.75,4673.44,4644.13,588976639.0,7.63,2.24,6.29,1.2,74.0,10714.0,4686.0,1.28,97.35,84.81,2394.38,267.48,6339.0,8.32,12.0,76.08,8449.0
2006-02-13,S&P 500,4645.36,4649.75,4673.44,4644.13,588976639.0,7.63,2.24,6.29,1.2,74.0,10714.0,4686.0,1.28,97.35,84.81,2394.38,267.48,6339.0,8.32,12.0,76.08,8449.0
2006-02-14,S&P 500,2263.09,2260.4300000000003,2292.1200000000003,2213.8100000000004,94748291.0,9.88,6.11,3.81,3.34,73.0,4175.0,3984.0,1.42,123.99,81.29,1890.81,122.66,2971.0,5.71,13.0,68.65,13273.0
2006-02-15,S&P 500,2263.09,2260.4300000000003,2292.1200000000003,2213.8100000000004,94748291.0,9.88,6.11,3.81,3.34,73.0,4175.0,3984.0,1.42,123.99,81.29,1890.81,122.66,2971.0,5.71,13.0,68.65,13273.0
2006-02-16,S&P 500,2263.09,2260.4300000000003,2292.1200000000003,2213.8100000000004,94748291.0,9.88,6.11,3.81,3.34,73.0,4175.0,3984.0,1.42,123.99,81.29,1890.81,122.66,2971.0,5.71,13.0,68.65,13273.0
2006-02-17,S&P 500,2263.09,2260.4300000000003,2292.1200000000003,2213.8100000000004,94748291.0,9.88,6.11,3.81,3.34,73.0,4175.0,3984.0,1.42,123.99,81.29,1890.81,122.66,2971.0,5.71,13.0,68.65,13273.0
2006-02-18,S&P 500,2325.41,2318.81,2339.14,2270.7,825528542.0,9.95,3.81,14.32,3.89,103.0,21580.0,4689.0,1.18,132.04,148.15,2139.68,182.27,5829.0,8.42,23.0,63.73,10013.0
2006-02-19,S&P 500,3702.65,3734.59,3761.89,3690.9,980585820.0,3.27,5.15,12.72,7.93,75.0,5037.0,858.0,1.04,106.74,105.0,2013.03,207.91,5021.0,4.41,49.0,23.65,12885.0
2006-02-20,S&P 500,3702.65,3734.59,3761.89,3690.9,980585820.0,3.27,5.15,12.72,7.93,75.0,5037.0,858.0,1.04,106.74,105.0,2013.03,207.91,5021.0,4.41,49.0,23.65,12885.0
2006-02-21,S&P 500,4025.02,3987.0,4048.8,3979.59,650462732.0,1.1,8.82,4.33,3.6,110.0,25303.0,3684.0,1.19,122.6,30.85,865.95,117.28,8352.0,7.87,23.0,93.35,1539.0
2006-02-22,S&P 500,4025.02,3987.0,4048.8,3979.59,650462732.0,1.1,8.82,4.33,3.6,110.0,25303.0,3684.0,1.19,122.6,30.85,865.95,117.28,8352.0,7.87,23.0,93.35,1539.0
2006-02-23,S&P 500,4025.02,3987.0,4048.8,3979.59,650462732.0,1.1,8.82,4.33,3.6,110.0,25303.0,3684.0,1.19,122.6,30.85,865.95,117.28,8352.0,7.87,23.0,93.35,1539.0
2006-02-24,S&P 500,4025.02,3987.0,4048.8,3979.59,650462732.0,1.1,8.82,4.33,3.6,110.0,25303.0,3684.0,1.19,122.6,30.85,865.95,117.28,8352.0,7.87,23.0,93.35,1539.0
2006-02-25,S&P 500,2003.52,2020.37,2028.37,1986.72,764444210.0,-0.61,4.29,10.37,2.78,78.0,20312.0,4153.0,1.1,101.72,22.5,938.54,230.61,169.0,8.31,0.0,14.09,10147.0
2006-02-26,S&P 500,2003.52,2020.37,2028.37,1986.72,764444210.0,-0.61,4.29,10.37,2.78,78.0,20312.0,4153.0,1.1,101.72,22.5,938.54,230.61,169.0,8.31,0.0,14.09,10147.0
2006-02-27,S&P 500,3338.17,3304.46,3387.38,3275.42,200378520.0,6.88,1.75,12.28,8.13,112.0,13482.0,1084.0,1.19,128.75,66.28,1412.72,245.47,6636.0,2.23,39.0,90.46,9031.0
2006-02-28,S&P 500,4877.29,4908.53,4909.53,4853.11,381186456.0,-4.07,0.9,5.89,8.32,98.0,22488.0,768.0,0.83,113.74,38.31,2050.67,465.36,7724.0,4.24,7.0,12.24,8613.0
2006-03-01,S&P 500,2511.36,2546.7000000000003,2581.65,2474.92,515225739.0,-3.78,8.81,3.75,7.13,60.0,11608.0,2378.0,0.94,138.42,144.52,1682.22,137.69,5371.0,0.47,5.0,6.8,3080.0
2006-03-02,S&P 500,1248.15,1289.5800000000002,1302.2300000000002,1226.0800000000002,680266012.0,-0.52,8.97,7.49,1.23,103.0,9719.0,541.0,0.94,118.73,24.44,1870.16,124.29,9887.0,2.61,4.0,85.0,6897.0
2006-03-03,S&P 500,2357.22,2333.75,2359.24,2316.82,792289482.0,2.71,8.72,3.18,6.06,79.0,20433.0,3025.0,1.22,107.0,146.63,928.24,145.78,1354.0,2.58,17.0,50.15,14573.0
2006-03-04,S&P 500,2357.22,2333.75,2359.24,2316.82,792289482.0,2.71,8.72,3.18,6.06,79.0,20433.0,3025.0,1.22,107.0,146.63,928.24,145.78,1354.0,2.58,17.0,50.15,14573.0
2006-03-05,S&P 500,2357.22,2333.75,2359.24,2316.82,792289482.0,2.71,8.72,3.18,6.06,79.0,20433.0,3025.0,1.22,107.0,146.63,928.24,145.78,1354.0,2.58,17.0,50.15,14573.0
2006-03-06,S&P 500,2357.22,2333.75,2359.24,2316.82,792289482.0,2.71,8.72,3.18,6.06,79.0,20433.0,3025.0,1.22,107.0,146.63,928.24,145.78,1354.0,2.58,17.0,50.15,14573.0
2006-03-07,S&P 500,2357.22,2333.75,2359.24,2316.82,792289482.0,2.71,8.72,3.18,6.06,79.0,20433.0,3025.0,1.22,107.0,146.63,928.24,145.78,1354.0,2.58,17.0,50.15,14573.0
2006-03-08,S&P 500,2357.22,2333.75,2359.24,2316.82,792289482.0,2.71,8.72,3.18,6.06,79.0,20433.0,3025.0,1.22,107.0,146.63,928.24,145.78,1354.0,2.58,17.0,50.15,14573.0
2006-03-09,S&P 500,2357.22,2333.75,2359.24,2316.82,792289482.0,2.71,8.72,3.18,6.06,79.0,20433.0,3025.0,1.22,107.0,146.63,928.24,145.78,1354.0,2.58,17.0,50.15,14573.0
2006-03-10,S&P 500,2357.22,2333.75,2359.24,2316.82,792289482.0,2.71,8.72,3.18,6.06,79.0,20433.0,3025.0,1.22,107.0,146.63,928.24,145.78,1354.0,2.58,17.0,50.15,14573.0
2006-03-11,S&P 500,2357.22,2333.75,2359.24,2316.82,792289482.0,2.71,8.72,3.18,6.06,79.0,20433.0,3025.0,1.22,107.0,146.63,928.24,145.78,1354.0,2.58,17.0,50.15,14573.0
2006-03-12,S&P 500,2357.22,2333.75,2359.24,2316.82,792289482.0,2.71,8.72,3.18,6.06,79.0,20433.0,3025.0,1.22,107.0,146.63,928.24,145.78,1354.0,2.58,17.0,50.15,14573.0
2006-03-13,S&P 500,2357.22,2333.75,2359.24,2316.82,792289482.0,2.71,8.72,3.18,6.06,79.0,20433.0,3025.0,1.22,107.0,146.63,928.24,145.78,1354.0,2.58,17.0,50.15,14573.0
2006-03-14,S&P 500,2549.1,2499.14,2596.22,2463.3,476461623.0,1.29,2.5,10.05,6.5,64.0,11609.0,3468.0,1.09,141.1,140.5,1850.45,397.66,1287.0,8.33,43.0,90.07,6312.0
2006-03-15,S&P 500,2549.1,2499.14,2596.22,2463.3,476461623.0,1.29,2.5,10.05,6.5,64.0,11609.0,3468.0,1.09,141.1,140.5,1850.45,397.66,1287.0,8.33,43.0,90.07,6312.0
2006-03-16,S&P 500,2768.13,2726.05,2770.23,2678.1200000000003,420231774.0,7.11,6.28,10.88,2.73,95.0,6149.0,3906.0,1.15,137.23,128.08,1770.11,465.06,5080.0,0.93,7.0,31.94,9971.0
2006-03-17,S&P 500,2768.13,2726.05,2770.23,2678.1200000000003,420231774.0,7.11,6.28,10.88,2.73,95.0,6149.0,3906.0,1.15,137.23,128.08,1770.11,465.06,5080.0,0.93,7.0,31.94,9971.0
2006-03-18,S&P 500,2768.13,2726.05,2770.23,2678.1200000000003,420231774.0,7.11,6.28,10.88,2.73,95.0,6149.0,3906.0,1.15,137.23,128.08,1770.11,465.06,5080.0,0.93,7.0,31.94,9971.0
2006-03-19,S&P 500,2768.13,2726.05,2770.23,2678.1200000000003,420231774.0,7.11,6.28,10.88,2.73,95.0,6149.0,3906.0,1.15,137.23,128.08,1770.11,465.06,5080.0,0.93,7.0,31.94,9971.0
2006-03-20,S&P 500,4762.02,4747.52,4784.59,4704.410000000001,365495635.0,3.0,0.4,13.49,6.82,98.0,21892.0,169.0,0.94,127.66,139.53,2294.7,264.84,948.0,1.36,7.0,16.21,11733.0
2006-03-21,S&P 500,3595.06,3577.13,3614.27,3568.74,498535356.0,-0.23,9.22,6.45,2.77,105.0,28840.0,4676.0,0.99,135.06,128.73,1227.72,139.28,9921.0,2.62,14.0,99.8,9416.0
2006-03-22,S&P 500,3595.06,3577.13,3614.27,3568.74,498535356.0,-0.23,9.22,6.45,2.77,105.0,28840.0,4676.0,0.99,135.06,128.73,1227.72,139.28,9921.0,2.62,14.0,99.8,9416.0
2006-03-23,S&P 500,1605.73,1619.89,1668.85,1597.11,812247677.0,6.71,8.84,9.8,5.57,74.0,25669.0,4685.0,0.98,98.7,114.77,1266.14,496.94,8205.0,7.54,11.0,60.75,11535.0
2006-03-24,S&P 500,2909.66,2862.0,2914.09,2831.93,670498056.0,6.53,4.01,6.89,2.98,58.0,17917.0,4698.0,0.93,120.25,131.09,1048.18,322.01,8237.0,7.1,49.0,53.15,5937.0
2006-03-25,S&P 500,2909.66,2862.0,2914.09,2831.93,670498056.0,6.53,4.01,6.89,2.98,58.0,17917.0,4698.0,0.93,120.25,131.09,1048.18,322.01,8237.0,7.1,49.0,53.15,5937.0
2006-03-26,S&P 500,3326.95,3364.45,3388.46,3311.1,899479174.0,5.41,6.72,7.6,9.14,86.0,17095.0,216.0,1.01,127.24,130.96,2262.42,397.53,791.0,9.77,37.0,53.42,2772.0
2006-03-27,S&P 500,3326.95,3364.45,3388.46,3311.1,899479174.0,5.41,6.72,7.6,9.14,86.0,17095.0,216.0,1.01,127.24,130.96,2262.42,397.53,791.0,9.77,37.0,53.42,2772.0
2006-03-28,S&P 500,3326.95,3364.45,3388.46,3311.1,899479174.0,5.41,6.72,7.6,9.14,86.0,17095.0,216.0,1.01,127.24,130.96,2262.42,397.53,791.0,9.77,37.0,53.42,2772.0
2006-03-29,S&P 500,3326.95,3364.45,3388.46,3311.1,899479174.0,5.41,6.72,7.6,9.14,86.0,17095.0,216.0,1.01,127.24,130.96,2262.42,397.53,791.0,9.77,37.0,53.42,2772.0
2006-03-30,S&P 500,3326.95,3364.45,3388.46,3311.1,899479174.0,5.41,6.72,7.6,9.14,86.0,17095.0,216.0,1.01,127.24,130.96,2262.42,397.53,791.0,9.77,37.0,53.42,2772.0
2006-03-31,S&P 500,3326.95,3364.45,3388.46,3311.1,899479174.0,5.41,6.72,7.6,9.14,86.0,17095.0,216.0,1.01,127.24,130.96,2262.42,397.53,791.0,9.77,37.0,53.42,2772.0
2006-04-01,S&P 500,3326.95,3364.45,3388.46,3311.1,899479174.0,5.41,6.72,7.6,9.14,86.0,17095.0,216.0,1.01,127.24,130.96,2262.42,397.53,791.0,9.77,37.0,53.42,2772.0
2006-04-02,S&P 500,3326.95,3364.45,3388.46,3311.1,899479174.0,5.41,6.72,7.6,9.14,86.0,17095.0,216.0,1.01,127.24,130.96,2262.42,397.53,791.0,9.77,37.0,53.42,2772.0
2006-04-03,S&P 500,3326.95,3364.45,3388.46,3311.1,899479174.0,5.41,6.72,7.6,9.14,86.0,17095.0,216.0,1.01,127.24,130.96,2262.42,397.53,791.0,9.77,37.0,53.42,2772.0
2006-04-04,S&P 500,3326.95,3364.45,3388.46,3311.1,899479174.0,5.41,6.72,7.6,9.14,86.0,17095.0,216.0,1.01,127.24,130.96,2262.42,397.53,791.0,9.77,37.0,53.42,2772.0
2006-04-05,S&P 500,3380.92,3381.33,3386.74,3333.08,344245340.0,0.71,1.47,14.11,2.11,112.0,11768.0,1640.0,1.39,139.37,51.27,1321.01,456.33,4761.0,3.05,29.0,41.69,845.0
2006-04-06,S&P 500,4487.65,4492.139999999999,4513.53,4443.7,195575775.0,8.55,5.48,3.53,2.84,91.0,25997.0,725.0,0.96,100.17,40.67,2218.95,235.9,3537.0,4.83,43.0,52.57,7245.0
2006-04-07,S&P 500,4487.65,4492.139999999999,4513.53,4443.7,195575775.0,8.55,5.48,3.53,2.84,91.0,25997.0,725.0,0.96,100.17,40.67,2218.95,235.9,3537.0,4.83,43.0,52.57,7245.0
2006-04-08,S&P 500,4487.65,4492.139999999999,4513.53,4443.7,195575775.0,8.55,5.48,3.53,2.84,91.0,25997.0,725.0,0.96,100.17,40.67,2218.95,235.9,3537.0,4.83,43.0,52.57,7245.0
2006-04-09,S&P 500,4487.65,4492.139999999999,4513.53,4443.7,195575775.0,8.55,5.48,3.53,2.84,91.0,25997.0,725.0,0.96,100.17,40.67,2218.95,235.9,3537.0,4.83,43.0,52.57,7245.0
2006-04-10,S&P 500,4487.65,4492.139999999999,4513.53,4443.7,195575775.0,8.55,5.48,3.53,2.84,91.0,25997.0,725.0,0.96,100.17,40.67,2218.95,235.9,3537.0,4.83,43.0,52.57,7245.0
2006-04-11,S&P 500,1317.12,1274.9199999999998,1317.4799999999998,1269.2099999999998,514953631.0,1.42,6.53,8.75,4.23,69.0,14546.0,2115.0,1.22,149.94,62.86,1102.56,192.78,951.0,4.66,21.0,97.07,2166.0
2006-04-12,S&P 500,1317.12,1274.9199999999998,1317.4799999999998,1269.2099999999998,514953631.0,1.42,6.53,8.75,4.23,69.0,14546.0,2115.0,1.22,149.94,62.86,1102.56,192.78,951.0,4.66,21.0,97.07,2166.0
2006-04-13,S&P 500,4632.07,4631.349999999999,4665.929999999999,4631.28,719814260.0,1.94,1.12,11.69,8.9,73.0,8442.0,171.0,1.36,108.88,104.79,1615.49,469.85,3968.0,0.93,18.0,54.86,12407.0
2006-04-14,S&P 500,4632.07,4631.349999999999,4665.929999999999,4631.28,719814260.0,1.94,1.12,11.69,8.9,73.0,8442.0,171.0,1.36,108.88,104.79,1615.49,469.85,3968.0,0.93,18.0,54.86,12407.0
2006-04-15,S&P 500,4632.07,4631.349999999999,4665.929999999999,4631.28,719814260.0,1.94,1.12,11.69,8.9,73.0,8442.0,171.0,1.36,108.88,104.79,1615.49,469.85,3968.0,0.93,18.0,54.86,12407.0
2006-04-16,S&P 500,4632.07,4631.349999999999,4665.929999999999,4631.28,719814260.0,1.94,1.12,11.69,8.9,73.0,8442.0,171.0,1.36,108.88,104.79,1615.49,469.85,3968.0,0.93,18.0,54.86,12407.0
2006-04-17,S&P 500,1605.78,1604.53,1623.73,1568.17,973840967.0,8.81,0.17,6.4,6.64,55.0,29249.0,163.0,1.2,145.76,40.06,2423.86,468.92,1886.0,0.25,46.0,9.0,11377.0
2006-04-18,S&P 500,2731.09,2717.5,2733.36,2700.02,893552825.0,-3.4,4.96,5.33,5.79,69.0,13199.0,129.0,0.99,99.57,117.2,1353.34,135.05,3003.0,3.51,37.0,57.53,887.0
2006-04-19,S&P 500,2731.09,2717.5,2733.36,2700.02,893552825.0,-3.4,4.96,5.33,5.79,69.0,13199.0,129.0,0.99,99.57,117.2,1353.34,135.05,3003.0,3.51,37.0,57.53,887.0
2006-04-20,S&P 500,2731.09,2717.5,2733.36,2700.02,893552825.0,-3.4,4.96,5.33,5.79,69.0,13199.0,129.0,0.99,99.57,117.2,1353.34,135.05,3003.0,3.51,37.0,57.53,887.0
2006-04-21,S&P 500,2731.09,2717.5,2733.36,2700.02,893552825.0,-3.4,4.96,5.33,5.79,69.0,13199.0,129.0,0.99,99.57,117.2,1353.34,135.05,3003.0,3.51,37.0,57.53,887.0
2006-04-22,S&P 500,2731.09,2717.5,2733.36,2700.02,893552825.0,-3.4,4.96,5.33,5.79,69.0,13199.0,129.0,0.99,99.57,117.2,1353.34,135.05,3003.0,3.51,37.0,57.53,887.0
2006-04-23,S&P 500,3346.5,3385.28,3435.1800000000003,3304.73,185736837.0,8.23,2.23,11.25,7.73,111.0,15625.0,4865.0,0.89,108.32,36.12,1919.46,134.83,1438.0,4.75,30.0,62.74,11164.0
2006-04-24,S&P 500,4313.75,4267.81,4326.68,4237.02,811282862.0,-4.18,9.42,11.53,8.29,63.0,17196.0,2979.0,0.91,138.63,23.86,2161.85,473.54,6883.0,9.56,39.0,41.3,12418.0
2006-04-25,S&P 500,4313.75,4267.81,4326.68,4237.02,811282862.0,-4.18,9.42,11.53,8.29,63.0,17196.0,2979.0,0.91,138.63,23.86,2161.85,473.54,6883.0,9.56,39.0,41.3,12418.0
2006-04-26,S&P 500,4313.75,4267.81,4326.68,4237.02,811282862.0,-4.18,9.42,11.53,8.29,63.0,17196.0,2979.0,0.91,138.63,23.86,2161.85,473.54,6883.0,9.56,39.0,41.3,12418.0
2006-04-27,S&P 500,3520.37,3500.13,3532.15,3453.77,713675250.0,4.88,3.22,13.57,3.31,71.0,7186.0,4221.0,1.19,118.25,97.56,967.28,254.57,2970.0,8.26,31.0,31.63,9873.0
2006-04-28,S&P 500,3520.37,3500.13,3532.15,3453.77,713675250.0,4.88,3.22,13.57,3.31,71.0,7186.0,4221.0,1.19,118.25,97.56,967.28,254.57,2970.0,8.26,31.0,31.63,9873.0
2006-04-29,S&P 500,3520.37,3500.13,3532.15,3453.77,713675250.0,4.88,3.22,13.57,3.31,71.0,7186.0,4221.0,1.19,118.25,97.56,967.28,254.57,2970.0,8.26,31.0,31.63,9873.0
2006-04-30,S&P 500,3520.37,3500.13,3532.15,3453.77,713675250.0,4.88,3.22,13.57,3.31,71.0,7186.0,4221.0,1.19,118.25,97.56,967.28,254.57,2970.0,8.26,31.0,31.63,9873.0
2006-05-01,S&P 500,3520.37,3500.13,3532.15,3453.77,713675250.0,4.88,3.22,13.57,3.31,71.0,7186.0,4221.0,1.19,118.25,97.56,967.28,254.57,2970.0,8.26,31.0,31.63,9873.0
2006-05-02,S&P 500,3520.37,3500.13,3532.15,3453.77,713675250.0,4.88,3.22,13.57,3.31,71.0,7186.0,4221.0,1.19,118.25,97.56,967.28,254.57,2970.0,8.26,31.0,31.63,9873.0
2006-05-03,S&P 500,3520.37,3500.13,3532.15,3453.77,713675250.0,4.88,3.22,13.57,3.31,71.0,7186.0,4221.0,1.19,118.25,97.56,967.28,254.57,2970.0,8.26,31.0,31.63,9873.0
2006-05-04,S&P 500,4883.76,4840.400000000001,4919.22,4815.400000000001,670415181.0,6.32,6.29,3.13,8.62,76.0,22102.0,3080.0,1.12,84.49,117.39,1673.22,442.36,5519.0,2.98,9.0,99.75,2242.0
2006-05-05,S&P 500,1708.61,1757.54,1784.15,1703.4399999999998,743094502.0,2.76,5.84,5.8,0.72,102.0,17075.0,2419.0,1.11,142.65,94.56,2010.95,179.09,6033.0,2.49,4.0,80.86,13520.0
2006-05-06,S&P 500,1708.61,1757.54,1784.15,1703.4399999999998,743094502.0,2.76,5.84,5.8,0.72,102.0,17075.0,2419.0,1.11,142.65,94.56,2010.95,179.09,6033.0,2.49,4.0,80.86,13520.0
2006-05-07,S&P 500,1161.14,1176.63,1187.8000000000002,1137.16,283566916.0,-3.05,7.17,12.16,0.84,77.0,18119.0,951.0,1.41,133.75,138.1,1700.09,227.95,4531.0,3.41,24.0,46.97,10386.0
2006-05-08,S&P 500,1161.14,1176.63,1187.8000000000002,1137.16,283566916.0,-3.05,7.17,12.16,0.84,77.0,18119.0,951.0,1.41,133.75,138.1,1700.09,227.95,4531.0,3.41,24.0,46.97,10386.0
2006-05-09,S&P 500,1161.14,1176.63,1187.8000000000002,1137.16,283566916.0,-3.05,7.17,12.16,0.84,77.0,18119.0,951.0,1.41,133.75,138.1,1700.09,227.95,4531.0,3.41,24.0,46.97,10386.0
2006-05-10,S&P 500,1161.14,1176.63,1187.8000000000002,1137.16,283566916.0,-3.05,7.17,12.16,0.84,77.0,18119.0,951.0,1.41,133.75,138.1,1700.09,227.95,4531.0,3.41,24.0,46.97,10386.0
2006-05-11,S&P 500,1161.14,1176.63,1187.8000000000002,1137.16,283566916.0,-3.05,7.17,12.16,0.84,77.0,18119.0,951.0,1.41,133.75,138.1,1700.09,227.95,4531.0,3.41,24.0,46.97,10386.0
2006-05-12,S&P 500,1161.14,1176.63,1187.8000000000002,1137.16,283566916.0,-3.05,7.17,12.16,0.84,77.0,18119.0,951.0,1.41,133.75,138.1,1700.09,227.95,4531.0,3.41,24.0,46.97,10386.0
2006-05-13,S&P 500,1161.14,1176.63,1187.8000000000002,1137.16,283566916.0,-3.05,7.17,12.16,0.84,77.0,18119.0,951.0,1.41,133.75,138.1,1700.09,227.95,4531.0,3.41,24.0,46.97,10386.0
2006-05-14,S&P 500,4238.7,4195.5,4248.69,4162.54,93485614.0,4.67,8.15,12.37,2.08,102.0,2903.0,3959.0,0.96,124.35,109.56,994.16,315.65,8514.0,8.29,48.0,21.68,3199.0
2006-05-15,S&P 500,4238.7,4195.5,4248.69,4162.54,93485614.0,4.67,8.15,12.37,2.08,102.0,2903.0,3959.0,0.96,124.35,109.56,994.16,315.65,8514.0,8.29,48.0,21.68,3199.0
2006-05-16,S&P 500,4238.7,4195.5,4248.69,4162.54,93485614.0,4.67,8.15,12.37,2.08,102.0,2903.0,3959.0,0.96,124.35,109.56,994.16,315.65,8514.0,8.29,48.0,21.68,3199.0
2006-05-17,S&P 500,4238.7,4195.5,4248.69,4162.54,93485614.0,4.67,8.15,12.37,2.08,102.0,2903.0,3959.0,0.96,124.35,109.56,994.16,315.65,8514.0,8.29,48.0,21.68,3199.0
2006-05-18,S&P 500,1344.53,1313.44,1369.1,1297.13,74077669.0,0.91,7.35,2.48,2.67,115.0,12983.0,3662.0,0.95,125.95,79.22,1154.57,402.45,1933.0,3.58,10.0,70.21,9324.0
2006-05-19,S&P 500,1344.53,1313.44,1369.1,1297.13,74077669.0,0.91,7.35,2.48,2.67,115.0,12983.0,3662.0,0.95,125.95,79.22,1154.57,402.45,1933.0,3.58,10.0,70.21,9324.0
2006-05-20,S&P 500,2121.34,2092.86,2156.94,2083.73,845761814.0,1.11,9.93,9.18,6.42,110.0,2869.0,4604.0,1.08,106.42,106.94,1533.08,146.64,8530.0,2.64,15.0,37.3,7795.0
2006-05-21,S&P 500,2121.34,2092.86,2156.94,2083.73,845761814.0,1.11,9.93,9.18,6.42,110.0,2869.0,4604.0,1.08,106.42,106.94,1533.08,146.64,8530.0,2.64,15.0,37.3,7795.0
2006-05-22,S&P 500,2121.34,2092.86,2156.94,2083.73,845761814.0,1.11,9.93,9.18,6.42,110.0,2869.0,4604.0,1.08,106.42,106.94,1533.08,146.64,8530.0,2.64,15.0,37.3,7795.0
2006-05-23,S&P 500,2121.34,2092.86,2156.94,2083.73,845761814.0,1.11,9.93,9.18,6.42,110.0,2869.0,4604.0,1.08,106.42,106.94,1533.08,146.64,8530.0,2.64,15.0,37.3,7795.0
2006-05-24,S&P 500,2121.34,2092.86,2156.94,2083.73,845761814.0,1.11,9.93,9.18,6.42,110.0,2869.0,4604.0,1.08,106.42,106.94,1533.08,146.64,8530.0,2.64,15.0,37.3,7795.0
2006-05-25,S&P 500,1218.26,1191.67,1257.58,1154.48,932373229.0,2.97,9.88,12.25,7.12,112.0,1759.0,4223.0,1.11,81.97,62.65,1445.17,346.74,9865.0,7.1,20.0,41.78,4808.0
2006-05-26,S&P 500,3397.84,3352.82,3410.34,3310.0,746617761.0,-3.98,7.95,8.18,5.84,117.0,13468.0,3200.0,1.02,146.89,46.93,844.28,383.72,2532.0,4.23,37.0,71.8,7361.0
2006-05-27,S&P 500,3397.84,3352.82,3410.34,3310.0,746617761.0,-3.98,7.95,8.18,5.84,117.0,13468.0,3200.0,1.02,146.89,46.93,844.28,383.72,2532.0,4.23,37.0,71.8,7361.0
2006-05-28,S&P 500,3397.84,3352.82,3410.34,3310.0,746617761.0,-3.98,7.95,8.18,5.84,117.0,13468.0,3200.0,1.02,146.89,46.93,844.28,383.72,2532.0,4.23,37.0,71.8,7361.0
2006-05-29,S&P 500,3397.84,3352.82,3410.34,3310.0,746617761.0,-3.98,7.95,8.18,5.84,117.0,13468.0,3200.0,1.02,146.89,46.93,844.28,383.72,2532.0,4.23,37.0,71.8,7361.0
2006-05-30,S&P 500,2770.31,2814.71,2821.04,2728.67,777426810.0,-0.15,6.96,9.93,5.27,115.0,18407.0,4883.0,1.4,84.16,77.27,1814.74,247.64,9268.0,6.05,2.0,8.7,6861.0
2006-05-31,S&P 500,2770.31,2814.71,2821.04,2728.67,777426810.0,-0.15,6.96,9.93,5.27,115.0,18407.0,4883.0,1.4,84.16,77.27,1814.74,247.64,9268.0,6.05,2.0,8.7,6861.0
2006-06-01,S&P 500,2770.31,2814.71,2821.04,2728.67,777426810.0,-0.15,6.96,9.93,5.27,115.0,18407.0,4883.0,1.4,84.16,77.27,1814.74,247.64,9268.0,6.05,2.0,8.7,6861.0
2006-06-02,S&P 500,2770.31,2814.71,2821.04,2728.67,777426810.0,-0.15,6.96,9.93,5.27,115.0,18407.0,4883.0,1.4,84.16,77.27,1814.74,247.64,9268.0,6.05,2.0,8.7,6861.0
2006-06-03,S&P 500,3352.0,3353.26,3398.51,3323.73,609755970.0,-1.31,8.55,10.06,9.72,51.0,3089.0,1236.0,0.91,123.4,59.15,1143.03,149.6,3524.0,8.6,26.0,29.38,3710.0
2006-06-04,S&P 500,3352.0,3353.26,3398.51,3323.73,609755970.0,-1.31,8.55,10.06,9.72,51.0,3089.0,1236.0,0.91,123.4,59.15,1143.03,149.6,3524.0,8.6,26.0,29.38,3710.0
2006-06-05,S&P 500,4199.13,4194.63,4223.53,4167.63,726641774.0,1.51,9.46,7.65,1.74,53.0,7592.0,4177.0,1.1,146.82,44.13,1190.19,238.6,986.0,0.02,2.0,52.19,2192.0
2006-06-06,S&P 500,4199.13,4194.63,4223.53,4167.63,726641774.0,1.51,9.46,7.65,1.74,53.0,7592.0,4177.0,1.1,146.82,44.13,1190.19,238.6,986.0,0.02,2.0,52.19,2192.0
2006-06-07,S&P 500,4303.73,4324.389999999999,4350.44,4282.19,660863507.0,3.09,9.26,13.38,3.63,50.0,2440.0,4460.0,0.96,145.91,101.54,881.47,353.52,8472.0,8.78,46.0,69.66,2562.0
2006-06-08,S&P 500,4303.73,4324.389999999999,4350.44,4282.19,660863507.0,3.09,9.26,13.38,3.63,50.0,2440.0,4460.0,0.96,145.91,101.54,881.47,353.52,8472.0,8.78,46.0,69.66,2562.0
2006-06-09,S&P 500,4303.73,4324.389999999999,4350.44,4282.19,660863507.0,3.09,9.26,13.38,3.63,50.0,2440.0,4460.0,0.96,145.91,101.54,881.47,353.52,8472.0,8.78,46.0,69.66,2562.0
2006-06-10,S&P 500,4303.73,4324.389999999999,4350.44,4282.19,660863507.0,3.09,9.26,13.38,3.63,50.0,2440.0,4460.0,0.96,145.91,101.54,881.47,353.52,8472.0,8.78,46.0,69.66,2562.0
2006-06-11,S&P 500,2656.56,2656.19,2661.9,2612.8,801911695.0,1.45,6.27,10.78,2.39,66.0,14200.0,1775.0,1.16,119.8,96.03,844.83,100.4,8021.0,8.85,24.0,92.66,14273.0
2006-06-12,S&P 500,4831.78,4836.23,4877.29,4799.57,587868798.0,-2.78,5.04,4.79,3.85,96.0,5857.0,3452.0,1.02,115.64,27.83,2131.79,305.98,4493.0,9.74,3.0,11.15,14473.0
2006-06-13,S&P 500,4831.78,4836.23,4877.29,4799.57,587868798.0,-2.78,5.04,4.79,3.85,96.0,5857.0,3452.0,1.02,115.64,27.83,2131.79,305.98,4493.0,9.74,3.0,11.15,14473.0
2006-06-14,S&P 500,3420.36,3446.4100000000003,3450.03,3384.13,206975595.0,4.62,6.92,8.94,2.48,102.0,1845.0,4083.0,1.11,100.87,26.8,943.06,345.31,1289.0,5.95,27.0,88.6,11246.0
2006-06-15,S&P 500,3420.36,3446.4100000000003,3450.03,3384.13,206975595.0,4.62,6.92,8.94,2.48,102.0,1845.0,4083.0,1.11,100.87,26.8,943.06,345.31,1289.0,5.95,27.0,88.6,11246.0
2006-06-16,S&P 500,3420.36,3446.4100000000003,3450.03,3384.13,206975595.0,4.62,6.92,8.94,2.48,102.0,1845.0,4083.0,1.11,100.87,26.8,943.06,345.31,1289.0,5.95,27.0,88.6,11246.0
2006-06-17,S&P 500,3286.43,3256.14,3291.45,3212.51,318091597.0,3.09,2.94,5.58,6.71,97.0,14116.0,2890.0,1.04,88.89,145.3,1402.94,253.27,5561.0,4.62,35.0,33.38,13171.0
2006-06-18,S&P 500,3286.43,3256.14,3291.45,3212.51,318091597.0,3.09,2.94,5.58,6.71,97.0,14116.0,2890.0,1.04,88.89,145.3,1402.94,253.27,5561.0,4.62,35.0,33.38,13171.0
2006-06-19,S&P 500,3286.43,3256.14,3291.45,3212.51,318091597.0,3.09,2.94,5.58,6.71,97.0,14116.0,2890.0,1.04,88.89,145.3,1402.94,253.27,5561.0,4.62,35.0,33.38,13171.0
2006-06-20,S&P 500,3286.43,3256.14,3291.45,3212.51,318091597.0,3.09,2.94,5.58,6.71,97.0,14116.0,2890.0,1.04,88.89,145.3,1402.94,253.27,5561.0,4.62,35.0,33.38,13171.0
2006-06-21,S&P 500,3286.43,3256.14,3291.45,3212.51,318091597.0,3.09,2.94,5.58,6.71,97.0,14116.0,2890.0,1.04,88.89,145.3,1402.94,253.27,5561.0,4.62,35.0,33.38,13171.0
2006-06-22,S&P 500,3093.61,3128.57,3171.96,3074.99,3380201.0,6.99,2.59,12.98,8.85,50.0,10997.0,3607.0,1.44,97.98,124.92,1450.2,161.9,9944.0,6.1,12.0,99.38,9528.0
2006-06-23,S&P 500,3093.61,3128.57,3171.96,3074.99,3380201.0,6.99,2.59,12.98,8.85,50.0,10997.0,3607.0,1.44,97.98,124.92,1450.2,161.9,9944.0,6.1,12.0,99.38,9528.0
2006-06-24,S&P 500,3093.61,3128.57,3171.96,3074.99,3380201.0,6.99,2.59,12.98,8.85,50.0,10997.0,3607.0,1.44,97.98,124.92,1450.2,161.9,9944.0,6.1,12.0,99.38,9528.0
2006-06-25,S&P 500,3093.61,3128.57,3171.96,3074.99,3380201.0,6.99,2.59,12.98,8.85,50.0,10997.0,3607.0,1.44,97.98,124.92,1450.2,161.9,9944.0,6.1,12.0,99.38,9528.0
2006-06-26,S&P 500,2767.33,2775.24,2793.55,2725.03,482675342.0,-2.2,7.69,10.52,6.69,60.0,14961.0,2417.0,1.31,148.35,110.34,1656.75,399.96,7386.0,3.11,26.0,21.92,1786.0
2006-06-27,S&P 500,2767.33,2775.24,2793.55,2725.03,482675342.0,-2.2,7.69,10.52,6.69,60.0,14961.0,2417.0,1.31,148.35,110.34,1656.75,399.96,7386.0,3.11,26.0,21.92,1786.0
2006-06-28,S&P 500,2767.33,2775.24,2793.55,2725.03,482675342.0,-2.2,7.69,10.52,6.69,60.0,14961.0,2417.0,1.31,148.35,110.34,1656.75,399.96,7386.0,3.11,26.0,21.92,1786.0
2006-06-29,S&P 500,1809.18,1826.6,1844.85,1766.54,538628536.0,1.81,8.25,5.42,6.64,97.0,3091.0,4738.0,1.43,127.76,126.29,2300.94,125.47,7865.0,3.47,45.0,13.0,9248.0
2006-06-30,S&P 500,1809.18,1826.6,1844.85,1766.54,538628536.0,1.81,8.25,5.42,6.64,97.0,3091.0,4738.0,1.43,127.76,126.29,2300.94,125.47,7865.0,3.47,45.0,13.0,9248.0
2006-07-01,S&P 500,1204.6,1164.55,1229.76,1163.6699999999998,527994192.0,5.63,6.69,6.48,7.29,100.0,3002.0,3229.0,1.3,147.84,137.46,2469.06,341.6,5608.0,7.43,24.0,14.76,9968.0
2006-07-02,S&P 500,1204.6,1164.55,1229.76,1163.6699999999998,527994192.0,5.63,6.69,6.48,7.29,100.0,3002.0,3229.0,1.3,147.84,137.46,2469.06,341.6,5608.0,7.43,24.0,14.76,9968.0
2006-07-03,S&P 500,1204.6,1164.55,1229.76,1163.6699999999998,527994192.0,5.63,6.69,6.48,7.29,100.0,3002.0,3229.0,1.3,147.84,137.46,2469.06,341.6,5608.0,7.43,24.0,14.76,9968.0
2006-07-04,S&P 500,2933.18,2891.05,2957.86,2862.69,647713822.0,8.06,0.34,7.32,0.79,75.0,26432.0,1564.0,0.88,121.81,96.15,1334.58,324.25,9217.0,0.94,42.0,43.19,4859.0
2006-07-05,S&P 500,2933.18,2891.05,2957.86,2862.69,647713822.0,8.06,0.34,7.32,0.79,75.0,26432.0,1564.0,0.88,121.81,96.15,1334.58,324.25,9217.0,0.94,42.0,43.19,4859.0
2006-07-06,S&P 500,4356.59,4346.87,4382.24,4298.37,456864246.0,3.18,0.33,14.51,7.46,74.0,7561.0,1158.0,1.3,101.78,79.45,1454.43,365.27,8456.0,8.11,32.0,35.95,7444.0
2006-07-07,S&P 500,1581.31,1590.19,1630.89,1549.59,763240456.0,5.92,4.55,4.01,4.1,89.0,16661.0,1071.0,1.01,81.51,58.97,2448.85,460.0,2997.0,3.86,18.0,13.85,9950.0
2006-07-08,S&P 500,1581.31,1590.19,1630.89,1549.59,763240456.0,5.92,4.55,4.01,4.1,89.0,16661.0,1071.0,1.01,81.51,58.97,2448.85,460.0,2997.0,3.86,18.0,13.85,9950.0
2006-07-09,S&P 500,1248.17,1241.27,1287.6,1237.08,194943700.0,6.41,8.24,7.57,5.06,101.0,26164.0,3099.0,0.81,145.28,48.05,2058.14,415.33,6206.0,1.53,17.0,79.15,1852.0
2006-07-10,S&P 500,1248.17,1241.27,1287.6,1237.08,194943700.0,6.41,8.24,7.57,5.06,101.0,26164.0,3099.0,0.81,145.28,48.05,2058.14,415.33,6206.0,1.53,17.0,79.15,1852.0
2006-07-11,S&P 500,1248.17,1241.27,1287.6,1237.08,194943700.0,6.41,8.24,7.57,5.06,101.0,26164.0,3099.0,0.81,145.28,48.05,2058.14,415.33,6206.0,1.53,17.0,79.15,1852.0
2006-07-12,S&P 500,1248.17,1241.27,1287.6,1237.08,194943700.0,6.41,8.24,7.57,5.06,101.0,26164.0,3099.0,0.81,145.28,48.05,2058.14,415.33,6206.0,1.53,17.0,79.15,1852.0
2006-07-13,S&P 500,1248.17,1241.27,1287.6,1237.08,194943700.0,6.41,8.24,7.57,5.06,101.0,26164.0,3099.0,0.81,145.28,48.05,2058.14,415.33,6206.0,1.53,17.0,79.15,1852.0
2006-07-14,S&P 500,1248.17,1241.27,1287.6,1237.08,194943700.0,6.41,8.24,7.57,5.06,101.0,26164.0,3099.0,0.81,145.28,48.05,2058.14,415.33,6206.0,1.53,17.0,79.15,1852.0
2006-07-15,S&P 500,4839.16,4798.63,4845.68,4768.26,619730922.0,2.08,7.89,2.72,9.15,111.0,7808.0,3960.0,1.22,84.38,37.26,2252.85,286.81,5106.0,9.77,19.0,6.41,3407.0
2006-07-16,S&P 500,4839.16,4798.63,4845.68,4768.26,619730922.0,2.08,7.89,2.72,9.15,111.0,7808.0,3960.0,1.22,84.38,37.26,2252.85,286.81,5106.0,9.77,19.0,6.41,3407.0
2006-07-17,S&P 500,1392.03,1370.66,1435.45,1339.3100000000002,171283808.0,8.14,1.92,14.74,5.33,63.0,23543.0,2960.0,1.12,104.61,135.72,2212.86,330.48,7683.0,3.0,0.0,21.02,2592.0
2006-07-18,S&P 500,1176.26,1168.64,1220.92,1159.95,157467385.0,-0.92,5.52,7.6,1.76,99.0,999.0,1348.0,0.92,116.4,95.7,2053.66,214.69,2217.0,4.83,37.0,46.41,7596.0
2006-07-19,S&P 500,1741.11,1756.1,1800.4199999999998,1737.9199999999998,375624813.0,0.13,9.47,9.98,9.07,111.0,14090.0,1308.0,0.93,94.31,78.82,1346.94,436.66,297.0,4.89,15.0,82.12,7844.0
2006-07-20,S&P 500,1741.11,1756.1,1800.4199999999998,1737.9199999999998,375624813.0,0.13,9.47,9.98,9.07,111.0,14090.0,1308.0,0.93,94.31,78.82,1346.94,436.66,297.0,4.89,15.0,82.12,7844.0
2006-07-21,S&P 500,3582.29,3613.32,3645.64,3570.73,652587476.0,3.68,0.43,6.18,9.28,104.0,14229.0,2239.0,0.97,85.38,136.05,2356.69,467.11,293.0,5.97,2.0,38.11,8358.0
2006-07-22,S&P 500,3582.29,3613.32,3645.64,3570.73,652587476.0,3.68,0.43,6.18,9.28,104.0,14229.0,2239.0,0.97,85.38,136.05,2356.69,467.11,293.0,5.97,2.0,38.11,8358.0
2006-07-23,S&P 500,3582.29,3613.32,3645.64,3570.73,652587476.0,3.68,0.43,6.18,9.28,104.0,14229.0,2239.0,0.97,85.38,136.05,2356.69,467.11,293.0,5.97,2.0,38.11,8358.0
2006-07-24,S&P 500,3582.29,3613.32,3645.64,3570.73,652587476.0,3.68,0.43,6.18,9.28,104.0,14229.0,2239.0,0.97,85.38,136.05,2356.69,467.11,293.0,5.97,2.0,38.11,8358.0
2006-07-25,S&P 500,2186.45,2152.7,2211.72,2125.26,964359992.0,7.35,8.26,2.22,5.13,83.0,9687.0,656.0,0.85,148.07,131.2,1951.73,280.64,9385.0,2.85,6.0,89.95,3879.0
2006-07-26,S&P 500,2186.45,2152.7,2211.72,2125.26,964359992.0,7.35,8.26,2.22,5.13,83.0,9687.0,656.0,0.85,148.07,131.2,1951.73,280.64,9385.0,2.85,6.0,89.95,3879.0
2006-07-27,S&P 500,2186.45,2152.7,2211.72,2125.26,964359992.0,7.35,8.26,2.22,5.13,83.0,9687.0,656.0,0.85,148.07,131.2,1951.73,280.64,9385.0,2.85,6.0,89.95,3879.0
2006-07-28,S&P 500,2186.45,2152.7,2211.72,2125.26,964359992.0,7.35,8.26,2.22,5.13,83.0,9687.0,656.0,0.85,148.07,131.2,1951.73,280.64,9385.0,2.85,6.0,89.95,3879.0
2006-07-29,S&P 500,2186.45,2152.7,2211.72,2125.26,964359992.0,7.35,8.26,2.22,5.13,83.0,9687.0,656.0,0.85,148.07,131.2,1951.73,280.64,9385.0,2.85,6.0,89.95,3879.0
2006-07-30,S&P 500,3074.25,3093.31,3107.25,3041.31,613051381.0,8.34,6.85,12.04,9.63,57.0,28044.0,3844.0,1.2,144.65,130.79,2133.38,293.72,6088.0,8.95,13.0,65.13,11518.0
2006-07-31,S&P 500,3074.25,3093.31,3107.25,3041.31,613051381.0,8.34,6.85,12.04,9.63,57.0,28044.0,3844.0,1.2,144.65,130.79,2133.38,293.72,6088.0,8.95,13.0,65.13,11518.0
2006-08-01,S&P 500,2432.56,2423.01,2442.34,2399.49,620689536.0,-4.07,9.44,4.5,8.7,50.0,15492.0,3459.0,1.27,85.43,56.77,1087.46,131.27,7409.0,4.48,42.0,33.93,4774.0
2006-08-02,S&P 500,4958.02,4944.38,5006.67,4931.05,822998514.0,2.14,3.41,6.91,4.5,64.0,22310.0,1072.0,1.16,139.84,55.68,928.85,190.84,7890.0,6.78,18.0,13.83,9015.0
2006-08-03,S&P 500,4958.02,4944.38,5006.67,4931.05,822998514.0,2.14,3.41,6.91,4.5,64.0,22310.0,1072.0,1.16,139.84,55.68,928.85,190.84,7890.0,6.78,18.0,13.83,9015.0
2006-08-04,S&P 500,4958.02,4944.38,5006.67,4931.05,822998514.0,2.14,3.41,6.91,4.5,64.0,22310.0,1072.0,1.16,139.84,55.68,928.85,190.84,7890.0,6.78,18.0,13.83,9015.0
2006-08-05,S&P 500,4958.02,4944.38,5006.67,4931.05,822998514.0,2.14,3.41,6.91,4.5,64.0,22310.0,1072.0,1.16,139.84,55.68,928.85,190.84,7890.0,6.78,18.0,13.83,9015.0
2006-08-06,S&P 500,4958.02,4944.38,5006.67,4931.05,822998514.0,2.14,3.41,6.91,4.5,64.0,22310.0,1072.0,1.16,139.84,55.68,928.85,190.84,7890.0,6.78,18.0,13.83,9015.0
2006-08-07,S&P 500,4958.02,4944.38,5006.67,4931.05,822998514.0,2.14,3.41,6.91,4.5,64.0,22310.0,1072.0,1.16,139.84,55.68,928.85,190.84,7890.0,6.78,18.0,13.83,9015.0
2006-08-08,S&P 500,4958.02,4944.38,5006.67,4931.05,822998514.0,2.14,3.41,6.91,4.5,64.0,22310.0,1072.0,1.16,139.84,55.68,928.85,190.84,7890.0,6.78,18.0,13.83,9015.0
2006-08-09,S&P 500,4958.02,4944.38,5006.67,4931.05,822998514.0,2.14,3.41,6.91,4.5,64.0,22310.0,1072.0,1.16,139.84,55.68,928.85,190.84,7890.0,6.78,18.0,13.83,9015.0
2006-08-10,S&P 500,4958.02,4944.38,5006.67,4931.05,822998514.0,2.14,3.41,6.91,4.5,64.0,22310.0,1072.0,1.16,139.84,55.68,928.85,190.84,7890.0,6.78,18.0,13.83,9015.0
2006-08-11,S&P 500,3567.28,3599.7900000000004,3614.22,3560.24,540004828.0,5.66,6.9,14.51,6.25,69.0,14254.0,4019.0,1.36,121.31,139.54,1335.42,442.88,9105.0,7.6,44.0,12.22,12477.0
2006-08-12,S&P 500,3567.28,3599.7900000000004,3614.22,3560.24,540004828.0,5.66,6.9,14.51,6.25,69.0,14254.0,4019.0,1.36,121.31,139.54,1335.42,442.88,9105.0,7.6,44.0,12.22,12477.0
2006-08-13,S&P 500,2958.58,2962.92,3004.2000000000003,2935.61,611464430.0,4.39,8.44,4.3,1.13,63.0,25134.0,3562.0,1.42,99.77,49.83,2066.55,269.89,4646.0,2.17,16.0,94.54,10150.0
2006-08-14,S&P 500,2661.77,2642.25,2696.66,2638.37,352512026.0,5.51,2.17,3.89,4.2,111.0,5616.0,1540.0,1.23,125.06,104.61,2284.54,211.63,586.0,2.91,22.0,41.5,3423.0
2006-08-15,S&P 500,2661.77,2642.25,2696.66,2638.37,352512026.0,5.51,2.17,3.89,4.2,111.0,5616.0,1540.0,1.23,125.06,104.61,2284.54,211.63,586.0,2.91,22.0,41.5,3423.0
2006-08-16,S&P 500,2341.49,2300.08,2362.4,2256.13,983829455.0,7.14,2.69,2.65,1.51,104.0,6737.0,900.0,1.41,96.28,91.54,1001.87,310.36,9559.0,9.21,9.0,45.18,1726.0
2006-08-17,S&P 500,1708.33,1729.74,1757.71,1670.6,571245987.0,9.25,1.91,10.51,5.14,94.0,9969.0,2865.0,1.39,142.68,129.54,1235.42,230.09,8269.0,5.22,35.0,45.8,11056.0
2006-08-18,S&P 500,1708.33,1729.74,1757.71,1670.6,571245987.0,9.25,1.91,10.51,5.14,94.0,9969.0,2865.0,1.39,142.68,129.54,1235.42,230.09,8269.0,5.22,35.0,45.8,11056.0
2006-08-19,S&P 500,1708.33,1729.74,1757.71,1670.6,571245987.0,9.25,1.91,10.51,5.14,94.0,9969.0,2865.0,1.39,142.68,129.54,1235.42,230.09,8269.0,5.22,35.0,45.8,11056.0
2006-08-20,S&P 500,3397.44,3386.48,3427.49,3344.66,545386500.0,6.06,7.63,8.31,3.35,103.0,5110.0,333.0,1.19,123.56,125.24,2059.18,255.45,9399.0,5.53,31.0,49.74,11708.0
2006-08-21,S&P 500,3397.44,3386.48,3427.49,3344.66,545386500.0,6.06,7.63,8.31,3.35,103.0,5110.0,333.0,1.19,123.56,125.24,2059.18,255.45,9399.0,5.53,31.0,49.74,11708.0
2006-08-22,S&P 500,2261.45,2258.37,2300.5,2214.88,689766355.0,3.21,7.07,7.55,3.24,55.0,28251.0,1061.0,1.09,116.82,134.76,2419.75,434.81,7063.0,7.97,30.0,14.07,7323.0
2006-08-23,S&P 500,2572.59,2559.36,2614.61,2519.51,327801348.0,8.22,5.78,6.63,2.53,104.0,28980.0,3470.0,1.48,106.17,87.84,2036.79,428.08,4264.0,2.31,38.0,57.2,5278.0
2006-08-24,S&P 500,2572.59,2559.36,2614.61,2519.51,327801348.0,8.22,5.78,6.63,2.53,104.0,28980.0,3470.0,1.48,106.17,87.84,2036.79,428.08,4264.0,2.31,38.0,57.2,5278.0
2006-08-25,S&P 500,1387.86,1368.82,1429.79,1330.1,445966876.0,-4.08,10.0,8.92,6.87,117.0,4352.0,4581.0,0.94,102.64,146.37,973.76,330.49,656.0,0.98,15.0,38.34,14354.0
2006-08-26,S&P 500,1387.86,1368.82,1429.79,1330.1,445966876.0,-4.08,10.0,8.92,6.87,117.0,4352.0,4581.0,0.94,102.64,146.37,973.76,330.49,656.0,0.98,15.0,38.34,14354.0
2006-08-27,S&P 500,4190.06,4206.64,4248.530000000001,4173.63,779354401.0,5.11,7.6,7.02,7.67,112.0,3268.0,1507.0,0.83,101.14,79.76,1656.52,462.06,1066.0,7.94,16.0,71.1,7357.0
2006-08-28,S&P 500,4190.06,4206.64,4248.530000000001,4173.63,779354401.0,5.11,7.6,7.02,7.67,112.0,3268.0,1507.0,0.83,101.14,79.76,1656.52,462.06,1066.0,7.94,16.0,71.1,7357.0
2006-08-29,S&P 500,4190.06,4206.64,4248.530000000001,4173.63,779354401.0,5.11,7.6,7.02,7.67,112.0,3268.0,1507.0,0.83,101.14,79.76,1656.52,462.06,1066.0,7.94,16.0,71.1,7357.0
2006-08-30,S&P 500,4190.06,4206.64,4248.530000000001,4173.63,779354401.0,5.11,7.6,7.02,7.67,112.0,3268.0,1507.0,0.83,101.14,79.76,1656.52,462.06,1066.0,7.94,16.0,71.1,7357.0
2006-08-31,S&P 500,4190.06,4206.64,4248.530000000001,4173.63,779354401.0,5.11,7.6,7.02,7.67,112.0,3268.0,1507.0,0.83,101.14,79.76,1656.52,462.06,1066.0,7.94,16.0,71.1,7357.0
2006-09-01,S&P 500,1290.94,1243.24,1336.3300000000002,1223.67,370192143.0,-2.78,5.38,4.09,6.22,101.0,17457.0,1001.0,1.26,104.94,41.78,2181.84,248.71,3383.0,5.23,24.0,21.74,10997.0
2006-09-02,S&P 500,1290.94,1243.24,1336.3300000000002,1223.67,370192143.0,-2.78,5.38,4.09,6.22,101.0,17457.0,1001.0,1.26,104.94,41.78,2181.84,248.71,3383.0,5.23,24.0,21.74,10997.0
2006-09-03,S&P 500,1290.94,1243.24,1336.3300000000002,1223.67,370192143.0,-2.78,5.38,4.09,6.22,101.0,17457.0,1001.0,1.26,104.94,41.78,2181.84,248.71,3383.0,5.23,24.0,21.74,10997.0
2006-09-04,S&P 500,1290.94,1243.24,1336.3300000000002,1223.67,370192143.0,-2.78,5.38,4.09,6.22,101.0,17457.0,1001.0,1.26,104.94,41.78,2181.84,248.71,3383.0,5.23,24.0,21.74,10997.0
2006-09-05,S&P 500,1290.94,1243.24,1336.3300000000002,1223.67,370192143.0,-2.78,5.38,4.09,6.22,101.0,17457.0,1001.0,1.26,104.94,41.78,2181.84,248.71,3383.0,5.23,24.0,21.74,10997.0
2006-09-06,S&P 500,1290.94,1243.24,1336.3300000000002,1223.67,370192143.0,-2.78,5.38,4.09,6.22,101.0,17457.0,1001.0,1.26,104.94,41.78,2181.84,248.71,3383.0,5.23,24.0,21.74,10997.0
2006-09-07,S&P 500,1290.94,1243.24,1336.3300000000002,1223.67,370192143.0,-2.78,5.38,4.09,6.22,101.0,17457.0,1001.0,1.26,104.94,41.78,2181.84,248.71,3383.0,5.23,24.0,21.74,10997.0
2006-09-08,S&P 500,1290.94,1243.24,1336.3300000000002,1223.67,370192143.0,-2.78,5.38,4.09,6.22,101.0,17457.0,1001.0,1.26,104.94,41.78,2181.84,248.71,3383.0,5.23,24.0,21.74,10997.0
2006-09-09,S&P 500,1290.94,1243.24,1336.3300000000002,1223.67,370192143.0,-2.78,5.38,4.09,6.22,101.0,17457.0,1001.0,1.26,104.94,41.78,2181.84,248.71,3383.0,5.23,24.0,21.74,10997.0
2006-09-10,S&P 500,2597.33,2611.81,2660.45,2559.58,168430275.0,1.64,3.2,2.8,4.36,53.0,1898.0,3501.0,1.07,87.3,25.89,1458.81,149.8,9541.0,4.92,45.0,49.13,1428.0
2006-09-11,S&P 500,2597.33,2611.81,2660.45,2559.58,168430275.0,1.64,3.2,2.8,4.36,53.0,1898.0,3501.0,1.07,87.3,25.89,1458.81,149.8,9541.0,4.92,45.0,49.13,1428.0
2006-09-12,S&P 500,2597.33,2611.81,2660.45,2559.58,168430275.0,1.64,3.2,2.8,4.36,53.0,1898.0,3501.0,1.07,87.3,25.89,1458.81,149.8,9541.0,4.92,45.0,49.13,1428.0
2006-09-13,S&P 500,2597.33,2611.81,2660.45,2559.58,168430275.0,1.64,3.2,2.8,4.36,53.0,1898.0,3501.0,1.07,87.3,25.89,1458.81,149.8,9541.0,4.92,45.0,49.13,1428.0
2006-09-14,S&P 500,2597.33,2611.81,2660.45,2559.58,168430275.0,1.64,3.2,2.8,4.36,53.0,1898.0,3501.0,1.07,87.3,25.89,1458.81,149.8,9541.0,4.92,45.0,49.13,1428.0
2006-09-15,S&P 500,2597.33,2611.81,2660.45,2559.58,168430275.0,1.64,3.2,2.8,4.36,53.0,1898.0,3501.0,1.07,87.3,25.89,1458.81,149.8,9541.0,4.92,45.0,49.13,1428.0
2006-09-16,S&P 500,2597.33,2611.81,2660.45,2559.58,168430275.0,1.64,3.2,2.8,4.36,53.0,1898.0,3501.0,1.07,87.3,25.89,1458.81,149.8,9541.0,4.92,45.0,49.13,1428.0
2006-09-17,S&P 500,2680.04,2683.68,2720.13,2640.81,370841944.0,-1.96,6.36,3.78,6.33,109.0,13549.0,3732.0,0.97,86.5,55.76,1245.17,398.28,570.0,6.05,21.0,10.69,4988.0
2006-09-18,S&P 500,3313.44,3307.15,3361.06,3277.34,141598790.0,5.01,3.52,6.41,5.16,85.0,28903.0,4638.0,1.49,92.21,83.3,1413.52,166.15,1480.0,6.33,49.0,25.79,5118.0
2006-09-19,S&P 500,4330.45,4307.24,4372.2,4262.57,726896816.0,4.75,3.16,14.26,7.37,55.0,12613.0,4158.0,1.08,109.21,33.97,2471.24,484.2,4955.0,7.37,2.0,16.78,8326.0
2006-09-20,S&P 500,4330.45,4307.24,4372.2,4262.57,726896816.0,4.75,3.16,14.26,7.37,55.0,12613.0,4158.0,1.08,109.21,33.97,2471.24,484.2,4955.0,7.37,2.0,16.78,8326.0
2006-09-21,S&P 500,4330.45,4307.24,4372.2,4262.57,726896816.0,4.75,3.16,14.26,7.37,55.0,12613.0,4158.0,1.08,109.21,33.97,2471.24,484.2,4955.0,7.37,2.0,16.78,8326.0
2006-09-22,S&P 500,1238.47,1288.36,1311.3200000000002,1196.83,916416867.0,9.08,2.53,3.16,4.71,76.0,15342.0,1966.0,0.88,123.58,124.68,2142.87,492.2,6978.0,0.78,30.0,79.43,11777.0
2006-09-23,S&P 500,1238.47,1288.36,1311.3200000000002,1196.83,916416867.0,9.08,2.53,3.16,4.71,76.0,15342.0,1966.0,0.88,123.58,124.68,2142.87,492.2,6978.0,0.78,30.0,79.43,11777.0
2006-09-24,S&P 500,1238.47,1288.36,1311.3200000000002,1196.83,916416867.0,9.08,2.53,3.16,4.71,76.0,15342.0,1966.0,0.88,123.58,124.68,2142.87,492.2,6978.0,0.78,30.0,79.43,11777.0
2006-09-25,S&P 500,1238.47,1288.36,1311.3200000000002,1196.83,916416867.0,9.08,2.53,3.16,4.71,76.0,15342.0,1966.0,0.88,123.58,124.68,2142.87,492.2,6978.0,0.78,30.0,79.43,11777.0
2006-09-26,S&P 500,1238.47,1288.36,1311.3200000000002,1196.83,916416867.0,9.08,2.53,3.16,4.71,76.0,15342.0,1966.0,0.88,123.58,124.68,2142.87,492.2,6978.0,0.78,30.0,79.43,11777.0
2006-09-27,S&P 500,2610.96,2608.91,2636.21,2560.13,230318789.0,4.11,2.45,4.28,6.44,68.0,21840.0,974.0,1.41,147.72,21.31,2185.66,284.11,711.0,5.85,47.0,35.11,3690.0
2006-09-28,S&P 500,2610.96,2608.91,2636.21,2560.13,230318789.0,4.11,2.45,4.28,6.44,68.0,21840.0,974.0,1.41,147.72,21.31,2185.66,284.11,711.0,5.85,47.0,35.11,3690.0
2006-09-29,S&P 500,4986.11,5027.49,5076.19,4968.06,620712902.0,-4.15,0.61,11.73,4.65,107.0,9558.0,733.0,0.89,133.18,130.97,1485.08,418.39,6801.0,8.51,6.0,14.13,2571.0
2006-09-30,S&P 500,4986.11,5027.49,5076.19,4968.06,620712902.0,-4.15,0.61,11.73,4.65,107.0,9558.0,733.0,0.89,133.18,130.97,1485.08,418.39,6801.0,8.51,6.0,14.13,2571.0
2006-10-01,S&P 500,4986.11,5027.49,5076.19,4968.06,620712902.0,-4.15,0.61,11.73,4.65,107.0,9558.0,733.0,0.89,133.18,130.97,1485.08,418.39,6801.0,8.51,6.0,14.13,2571.0
2006-10-02,S&P 500,2584.0,2572.35,2602.44,2543.29,394858699.0,2.02,7.91,3.71,8.83,81.0,24626.0,1424.0,1.22,102.66,126.49,1586.71,366.29,8956.0,6.24,3.0,33.27,7045.0
2006-10-03,S&P 500,2584.0,2572.35,2602.44,2543.29,394858699.0,2.02,7.91,3.71,8.83,81.0,24626.0,1424.0,1.22,102.66,126.49,1586.71,366.29,8956.0,6.24,3.0,33.27,7045.0
2006-10-04,S&P 500,2584.0,2572.35,2602.44,2543.29,394858699.0,2.02,7.91,3.71,8.83,81.0,24626.0,1424.0,1.22,102.66,126.49,1586.71,366.29,8956.0,6.24,3.0,33.27,7045.0
2006-10-05,S&P 500,2584.0,2572.35,2602.44,2543.29,394858699.0,2.02,7.91,3.71,8.83,81.0,24626.0,1424.0,1.22,102.66,126.49,1586.71,366.29,8956.0,6.24,3.0,33.27,7045.0
2006-10-06,S&P 500,4518.41,4501.82,4544.61,4479.7,248573473.0,1.76,0.73,3.43,2.79,108.0,25103.0,3320.0,1.07,88.68,22.16,983.71,209.63,2468.0,1.48,6.0,21.11,14320.0
2006-10-07,S&P 500,4628.17,4659.96,4688.56,4620.4,597475416.0,0.82,9.94,3.32,7.86,75.0,3717.0,503.0,1.18,135.04,41.78,2055.71,477.75,4608.0,4.67,33.0,12.38,5267.0
2006-10-08,S&P 500,4966.13,4919.97,5008.78,4890.17,805284368.0,-1.4,8.7,11.77,1.67,71.0,19219.0,3853.0,0.86,90.01,80.71,2360.36,434.82,9219.0,5.83,22.0,74.1,207.0
2006-10-09,S&P 500,4966.13,4919.97,5008.78,4890.17,805284368.0,-1.4,8.7,11.77,1.67,71.0,19219.0,3853.0,0.86,90.01,80.71,2360.36,434.82,9219.0,5.83,22.0,74.1,207.0
2006-10-10,S&P 500,2421.76,2423.03,2429.6400000000003,2405.07,371517536.0,-3.33,6.66,11.32,9.47,62.0,28073.0,795.0,1.45,87.53,41.69,905.1,499.54,6993.0,1.5,49.0,58.06,9664.0
2006-10-11,S&P 500,2421.76,2423.03,2429.6400000000003,2405.07,371517536.0,-3.33,6.66,11.32,9.47,62.0,28073.0,795.0,1.45,87.53,41.69,905.1,499.54,6993.0,1.5,49.0,58.06,9664.0
2006-10-12,S&P 500,2421.76,2423.03,2429.6400000000003,2405.07,371517536.0,-3.33,6.66,11.32,9.47,62.0,28073.0,795.0,1.45,87.53,41.69,905.1,499.54,6993.0,1.5,49.0,58.06,9664.0
2006-10-13,S&P 500,2421.76,2423.03,2429.6400000000003,2405.07,371517536.0,-3.33,6.66,11.32,9.47,62.0,28073.0,795.0,1.45,87.53,41.69,905.1,499.54,6993.0,1.5,49.0,58.06,9664.0
2006-10-14,S&P 500,2421.76,2423.03,2429.6400000000003,2405.07,371517536.0,-3.33,6.66,11.32,9.47,62.0,28073.0,795.0,1.45,87.53,41.69,905.1,499.54,6993.0,1.5,49.0,58.06,9664.0
2006-10-15,S&P 500,3375.12,3412.28,3436.64,3353.67,325600001.0,3.21,9.12,12.0,1.65,105.0,14676.0,220.0,0.85,121.9,136.4,2325.66,273.75,5487.0,7.21,12.0,27.25,3610.0
2006-10-16,S&P 500,3302.37,3297.04,3320.14,3253.8,364946725.0,2.99,0.1,11.91,5.41,70.0,19575.0,2965.0,0.97,80.07,139.96,1075.88,277.29,7801.0,6.02,38.0,55.57,8806.0
2006-10-17,S&P 500,3302.37,3297.04,3320.14,3253.8,364946725.0,2.99,0.1,11.91,5.41,70.0,19575.0,2965.0,0.97,80.07,139.96,1075.88,277.29,7801.0,6.02,38.0,55.57,8806.0
2006-10-18,S&P 500,3302.37,3297.04,3320.14,3253.8,364946725.0,2.99,0.1,11.91,5.41,70.0,19575.0,2965.0,0.97,80.07,139.96,1075.88,277.29,7801.0,6.02,38.0,55.57,8806.0
2006-10-19,S&P 500,3213.89,3207.84,3252.36,3176.9999999999995,71208399.0,-0.87,4.78,5.43,8.42,84.0,2055.0,3691.0,1.39,96.08,83.08,2274.42,303.01,4201.0,2.68,15.0,2.14,7579.0
2006-10-20,S&P 500,3213.89,3207.84,3252.36,3176.9999999999995,71208399.0,-0.87,4.78,5.43,8.42,84.0,2055.0,3691.0,1.39,96.08,83.08,2274.42,303.01,4201.0,2.68,15.0,2.14,7579.0
2006-10-21,S&P 500,1840.43,1830.79,1842.9,1791.74,782052119.0,-3.85,6.87,9.98,1.07,89.0,19620.0,4586.0,0.86,95.24,147.13,2476.82,405.39,8929.0,4.81,28.0,97.25,10884.0
2006-10-22,S&P 500,1840.43,1830.79,1842.9,1791.74,782052119.0,-3.85,6.87,9.98,1.07,89.0,19620.0,4586.0,0.86,95.24,147.13,2476.82,405.39,8929.0,4.81,28.0,97.25,10884.0
2006-10-23,S&P 500,1840.43,1830.79,1842.9,1791.74,782052119.0,-3.85,6.87,9.98,1.07,89.0,19620.0,4586.0,0.86,95.24,147.13,2476.82,405.39,8929.0,4.81,28.0,97.25,10884.0
2006-10-24,S&P 500,2419.33,2465.47,2512.33,2385.19,330010027.0,-4.37,5.84,9.9,8.93,89.0,3589.0,2905.0,1.36,93.31,31.95,894.14,206.37,3651.0,0.07,36.0,71.64,12311.0
2006-10-25,S&P 500,2419.33,2465.47,2512.33,2385.19,330010027.0,-4.37,5.84,9.9,8.93,89.0,3589.0,2905.0,1.36,93.31,31.95,894.14,206.37,3651.0,0.07,36.0,71.64,12311.0
2006-10-26,S&P 500,3255.57,3286.32,3302.4100000000003,3233.69,885362407.0,4.34,1.35,11.72,5.82,107.0,8078.0,3533.0,1.16,105.03,73.76,2324.97,379.72,219.0,7.24,45.0,75.39,12136.0
2006-10-27,S&P 500,2044.65,2005.59,2056.9700000000003,1962.79,374968665.0,-3.32,6.64,12.51,5.31,52.0,24852.0,1565.0,1.42,105.02,89.5,1082.3,338.04,5159.0,7.83,13.0,85.51,2656.0
2006-10-28,S&P 500,2044.65,2005.59,2056.9700000000003,1962.79,374968665.0,-3.32,6.64,12.51,5.31,52.0,24852.0,1565.0,1.42,105.02,89.5,1082.3,338.04,5159.0,7.83,13.0,85.51,2656.0
2006-10-29,S&P 500,2044.65,2005.59,2056.9700000000003,1962.79,374968665.0,-3.32,6.64,12.51,5.31,52.0,24852.0,1565.0,1.42,105.02,89.5,1082.3,338.04,5159.0,7.83,13.0,85.51,2656.0
2006-10-30,S&P 500,4184.97,4191.92,4198.81,4162.7,98358294.0,-2.61,5.35,10.27,5.77,60.0,17036.0,503.0,1.5,106.04,89.77,1010.82,222.66,3094.0,0.98,49.0,30.57,5450.0
2006-10-31,S&P 500,3940.1,3976.21,4006.82,3904.49,654334979.0,2.59,9.13,11.74,9.41,88.0,18488.0,512.0,0.93,128.17,57.84,1083.96,485.15,6084.0,1.58,42.0,20.67,4488.0
2006-11-01,S&P 500,3440.43,3398.26,3448.76,3379.47,15512058.0,-3.72,0.16,5.24,9.78,68.0,23685.0,1637.0,0.83,124.44,139.53,912.12,454.44,3751.0,1.89,11.0,61.9,6479.0
2006-11-02,S&P 500,3440.43,3398.26,3448.76,3379.47,15512058.0,-3.72,0.16,5.24,9.78,68.0,23685.0,1637.0,0.83,124.44,139.53,912.12,454.44,3751.0,1.89,11.0,61.9,6479.0
2006-11-03,S&P 500,3440.43,3398.26,3448.76,3379.47,15512058.0,-3.72,0.16,5.24,9.78,68.0,23685.0,1637.0,0.83,124.44,139.53,912.12,454.44,3751.0,1.89,11.0,61.9,6479.0
2006-11-04,S&P 500,3440.43,3398.26,3448.76,3379.47,15512058.0,-3.72,0.16,5.24,9.78,68.0,23685.0,1637.0,0.83,124.44,139.53,912.12,454.44,3751.0,1.89,11.0,61.9,6479.0
2006-11-05,S&P 500,3440.43,3398.26,3448.76,3379.47,15512058.0,-3.72,0.16,5.24,9.78,68.0,23685.0,1637.0,0.83,124.44,139.53,912.12,454.44,3751.0,1.89,11.0,61.9,6479.0
2006-11-06,S&P 500,3440.43,3398.26,3448.76,3379.47,15512058.0,-3.72,0.16,5.24,9.78,68.0,23685.0,1637.0,0.83,124.44,139.53,912.12,454.44,3751.0,1.89,11.0,61.9,6479.0
2006-11-07,S&P 500,3440.43,3398.26,3448.76,3379.47,15512058.0,-3.72,0.16,5.24,9.78,68.0,23685.0,1637.0,0.83,124.44,139.53,912.12,454.44,3751.0,1.89,11.0,61.9,6479.0
2006-11-08,S&P 500,3440.43,3398.26,3448.76,3379.47,15512058.0,-3.72,0.16,5.24,9.78,68.0,23685.0,1637.0,0.83,124.44,139.53,912.12,454.44,3751.0,1.89,11.0,61.9,6479.0
2006-11-09,S&P 500,3440.43,3398.26,3448.76,3379.47,15512058.0,-3.72,0.16,5.24,9.78,68.0,23685.0,1637.0,0.83,124.44,139.53,912.12,454.44,3751.0,1.89,11.0,61.9,6479.0
2006-11-10,S&P 500,3440.43,3398.26,3448.76,3379.47,15512058.0,-3.72,0.16,5.24,9.78,68.0,23685.0,1637.0,0.83,124.44,139.53,912.12,454.44,3751.0,1.89,11.0,61.9,6479.0
2006-11-11,S&P 500,3440.43,3398.26,3448.76,3379.47,15512058.0,-3.72,0.16,5.24,9.78,68.0,23685.0,1637.0,0.83,124.44,139.53,912.12,454.44,3751.0,1.89,11.0,61.9,6479.0
2006-11-12,S&P 500,3440.43,3398.26,3448.76,3379.47,15512058.0,-3.72,0.16,5.24,9.78,68.0,23685.0,1637.0,0.83,124.44,139.53,912.12,454.44,3751.0,1.89,11.0,61.9,6479.0
2006-11-13,S&P 500,3440.43,3398.26,3448.76,3379.47,15512058.0,-3.72,0.16,5.24,9.78,68.0,23685.0,1637.0,0.83,124.44,139.53,912.12,454.44,3751.0,1.89,11.0,61.9,6479.0
2006-11-14,S&P 500,3440.43,3398.26,3448.76,3379.47,15512058.0,-3.72,0.16,5.24,9.78,68.0,23685.0,1637.0,0.83,124.44,139.53,912.12,454.44,3751.0,1.89,11.0,61.9,6479.0
2006-11-15,S&P 500,4765.9,4808.94,4822.62,4736.27,339275625.0,-2.28,8.47,10.25,5.04,89.0,11336.0,4357.0,1.44,88.64,38.57,1122.46,368.58,4504.0,9.64,33.0,85.76,11609.0
2006-11-16,S&P 500,4765.9,4808.94,4822.62,4736.27,339275625.0,-2.28,8.47,10.25,5.04,89.0,11336.0,4357.0,1.44,88.64,38.57,1122.46,368.58,4504.0,9.64,33.0,85.76,11609.0
2006-11-17,S&P 500,4765.9,4808.94,4822.62,4736.27,339275625.0,-2.28,8.47,10.25,5.04,89.0,11336.0,4357.0,1.44,88.64,38.57,1122.46,368.58,4504.0,9.64,33.0,85.76,11609.0
2006-11-18,S&P 500,1365.69,1317.95,1382.04,1280.57,592859305.0,2.01,2.12,9.02,9.39,50.0,10973.0,2095.0,0.84,124.41,144.23,2000.36,130.37,4371.0,6.79,43.0,69.25,9884.0
2006-11-19,S&P 500,1365.69,1317.95,1382.04,1280.57,592859305.0,2.01,2.12,9.02,9.39,50.0,10973.0,2095.0,0.84,124.41,144.23,2000.36,130.37,4371.0,6.79,43.0,69.25,9884.0
2006-11-20,S&P 500,1365.69,1317.95,1382.04,1280.57,592859305.0,2.01,2.12,9.02,9.39,50.0,10973.0,2095.0,0.84,124.41,144.23,2000.36,130.37,4371.0,6.79,43.0,69.25,9884.0
2006-11-21,S&P 500,1365.69,1317.95,1382.04,1280.57,592859305.0,2.01,2.12,9.02,9.39,50.0,10973.0,2095.0,0.84,124.41,144.23,2000.36,130.37,4371.0,6.79,43.0,69.25,9884.0
2006-11-22,S&P 500,3085.51,3064.03,3116.5200000000004,3040.6800000000003,985305565.0,1.15,4.4,3.25,8.42,73.0,18511.0,1255.0,1.33,114.27,50.9,1961.68,399.63,9466.0,1.52,35.0,70.23,7068.0
2006-11-23,S&P 500,3085.51,3064.03,3116.5200000000004,3040.6800000000003,985305565.0,1.15,4.4,3.25,8.42,73.0,18511.0,1255.0,1.33,114.27,50.9,1961.68,399.63,9466.0,1.52,35.0,70.23,7068.0
2006-11-24,S&P 500,3085.51,3064.03,3116.5200000000004,3040.6800000000003,985305565.0,1.15,4.4,3.25,8.42,73.0,18511.0,1255.0,1.33,114.27,50.9,1961.68,399.63,9466.0,1.52,35.0,70.23,7068.0
2006-11-25,S&P 500,3085.51,3064.03,3116.5200000000004,3040.6800000000003,985305565.0,1.15,4.4,3.25,8.42,73.0,18511.0,1255.0,1.33,114.27,50.9,1961.68,399.63,9466.0,1.52,35.0,70.23,7068.0
2006-11-26,S&P 500,3085.51,3064.03,3116.5200000000004,3040.6800000000003,985305565.0,1.15,4.4,3.25,8.42,73.0,18511.0,1255.0,1.33,114.27,50.9,1961.68,399.63,9466.0,1.52,35.0,70.23,7068.0
2006-11-27,S&P 500,3085.51,3064.03,3116.5200000000004,3040.6800000000003,985305565.0,1.15,4.4,3.25,8.42,73.0,18511.0,1255.0,1.33,114.27,50.9,1961.68,399.63,9466.0,1.52,35.0,70.23,7068.0
2006-11-28,S&P 500,3085.51,3064.03,3116.5200000000004,3040.6800000000003,985305565.0,1.15,4.4,3.25,8.42,73.0,18511.0,1255.0,1.33,114.27,50.9,1961.68,399.63,9466.0,1.52,35.0,70.23,7068.0
2006-11-29,S&P 500,3085.51,3064.03,3116.5200000000004,3040.6800000000003,985305565.0,1.15,4.4,3.25,8.42,73.0,18511.0,1255.0,1.33,114.27,50.9,1961.68,399.63,9466.0,1.52,35.0,70.23,7068.0
2006-11-30,S&P 500,3085.51,3064.03,3116.5200000000004,3040.6800000000003,985305565.0,1.15,4.4,3.25,8.42,73.0,18511.0,1255.0,1.33,114.27,50.9,1961.68,399.63,9466.0,1.52,35.0,70.23,7068.0
2006-12-01,S&P 500,3085.51,3064.03,3116.5200000000004,3040.6800000000003,985305565.0,1.15,4.4,3.25,8.42,73.0,18511.0,1255.0,1.33,114.27,50.9,1961.68,399.63,9466.0,1.52,35.0,70.23,7068.0
2006-12-02,S&P 500,3999.44,4007.98,4037.11,3957.88,143336334.0,5.9,1.41,7.88,4.82,82.0,10708.0,1429.0,1.48,117.11,50.0,1460.13,260.22,6035.0,2.33,47.0,35.85,4795.0
2006-12-03,S&P 500,3999.44,4007.98,4037.11,3957.88,143336334.0,5.9,1.41,7.88,4.82,82.0,10708.0,1429.0,1.48,117.11,50.0,1460.13,260.22,6035.0,2.33,47.0,35.85,4795.0
2006-12-04,S&P 500,3288.49,3302.54,3347.15,3261.1,980711894.0,-4.21,6.04,4.1,5.61,55.0,23317.0,2755.0,1.35,80.83,78.32,1769.21,436.68,8769.0,0.08,37.0,47.28,8067.0
2006-12-05,S&P 500,3288.49,3302.54,3347.15,3261.1,980711894.0,-4.21,6.04,4.1,5.61,55.0,23317.0,2755.0,1.35,80.83,78.32,1769.21,436.68,8769.0,0.08,37.0,47.28,8067.0
2006-12-06,S&P 500,3288.49,3302.54,3347.15,3261.1,980711894.0,-4.21,6.04,4.1,5.61,55.0,23317.0,2755.0,1.35,80.83,78.32,1769.21,436.68,8769.0,0.08,37.0,47.28,8067.0
2006-12-07,S&P 500,3288.49,3302.54,3347.15,3261.1,980711894.0,-4.21,6.04,4.1,5.61,55.0,23317.0,2755.0,1.35,80.83,78.32,1769.21,436.68,8769.0,0.08,37.0,47.28,8067.0
2006-12-08,S&P 500,3288.49,3302.54,3347.15,3261.1,980711894.0,-4.21,6.04,4.1,5.61,55.0,23317.0,2755.0,1.35,80.83,78.32,1769.21,436.68,8769.0,0.08,37.0,47.28,8067.0
2006-12-09,S&P 500,3288.49,3302.54,3347.15,3261.1,980711894.0,-4.21,6.04,4.1,5.61,55.0,23317.0,2755.0,1.35,80.83,78.32,1769.21,436.68,8769.0,0.08,37.0,47.28,8067.0
2006-12-10,S&P 500,3288.49,3302.54,3347.15,3261.1,980711894.0,-4.21,6.04,4.1,5.61,55.0,23317.0,2755.0,1.35,80.83,78.32,1769.21,436.68,8769.0,0.08,37.0,47.28,8067.0
2006-12-11,S&P 500,3288.49,3302.54,3347.15,3261.1,980711894.0,-4.21,6.04,4.1,5.61,55.0,23317.0,2755.0,1.35,80.83,78.32,1769.21,436.68,8769.0,0.08,37.0,47.28,8067.0
2006-12-12,S&P 500,3288.49,3302.54,3347.15,3261.1,980711894.0,-4.21,6.04,4.1,5.61,55.0,23317.0,2755.0,1.35,80.83,78.32,1769.21,436.68,8769.0,0.08,37.0,47.28,8067.0
2006-12-13,S&P 500,3288.49,3302.54,3347.15,3261.1,980711894.0,-4.21,6.04,4.1,5.61,55.0,23317.0,2755.0,1.35,80.83,78.32,1769.21,436.68,8769.0,0.08,37.0,47.28,8067.0
2006-12-14,S&P 500,1326.3,1316.77,1354.43,1275.06,480563809.0,-0.22,2.24,11.9,4.26,68.0,28806.0,1371.0,1.15,141.61,80.66,1756.54,257.8,4026.0,3.54,19.0,38.73,6734.0
2006-12-15,S&P 500,1326.3,1316.77,1354.43,1275.06,480563809.0,-0.22,2.24,11.9,4.26,68.0,28806.0,1371.0,1.15,141.61,80.66,1756.54,257.8,4026.0,3.54,19.0,38.73,6734.0
2006-12-16,S&P 500,1687.32,1656.51,1692.55,1633.06,865438597.0,5.71,5.63,9.52,5.66,116.0,7648.0,460.0,1.16,144.12,116.54,1886.42,431.78,3368.0,3.62,11.0,55.69,6911.0
2006-12-17,S&P 500,3072.31,3028.43,3102.93,2984.74,921412996.0,-4.8,7.0,3.28,8.88,79.0,26167.0,2074.0,1.19,81.92,40.96,850.36,301.61,1377.0,4.54,3.0,7.78,10853.0
2006-12-18,S&P 500,3072.31,3028.43,3102.93,2984.74,921412996.0,-4.8,7.0,3.28,8.88,79.0,26167.0,2074.0,1.19,81.92,40.96,850.36,301.61,1377.0,4.54,3.0,7.78,10853.0
2006-12-19,S&P 500,2133.14,2182.06,2220.42,2088.68,139926770.0,6.7,0.34,6.38,1.9,55.0,25177.0,3564.0,0.82,106.57,98.79,993.14,271.22,8029.0,1.28,10.0,77.36,8950.0
2006-12-20,S&P 500,2133.14,2182.06,2220.42,2088.68,139926770.0,6.7,0.34,6.38,1.9,55.0,25177.0,3564.0,0.82,106.57,98.79,993.14,271.22,8029.0,1.28,10.0,77.36,8950.0
2006-12-21,S&P 500,2133.14,2182.06,2220.42,2088.68,139926770.0,6.7,0.34,6.38,1.9,55.0,25177.0,3564.0,0.82,106.57,98.79,993.14,271.22,8029.0,1.28,10.0,77.36,8950.0
2006-12-22,S&P 500,1055.45,1083.4,1131.0500000000002,1026.32,803303516.0,7.18,7.43,12.12,3.4,78.0,15420.0,2646.0,0.95,109.55,142.16,1842.4,477.44,5900.0,4.6,44.0,98.56,2452.0
2006-12-23,S&P 500,1055.45,1083.4,1131.0500000000002,1026.32,803303516.0,7.18,7.43,12.12,3.4,78.0,15420.0,2646.0,0.95,109.55,142.16,1842.4,477.44,5900.0,4.6,44.0,98.56,2452.0
2006-12-24,S&P 500,1055.45,1083.4,1131.0500000000002,1026.32,803303516.0,7.18,7.43,12.12,3.4,78.0,15420.0,2646.0,0.95,109.55,142.16,1842.4,477.44,5900.0,4.6,44.0,98.56,2452.0
2006-12-25,S&P 500,1055.45,1083.4,1131.0500000000002,1026.32,803303516.0,7.18,7.43,12.12,3.4,78.0,15420.0,2646.0,0.95,109.55,142.16,1842.4,477.44,5900.0,4.6,44.0,98.56,2452.0
2006-12-26,S&P 500,4731.01,4775.58,4797.35,4713.66,771340143.0,9.75,4.57,13.64,7.85,82.0,26864.0,3875.0,1.24,145.63,108.8,930.26,145.58,9517.0,2.4,39.0,41.56,671.0
2006-12-27,S&P 500,4731.01,4775.58,4797.35,4713.66,771340143.0,9.75,4.57,13.64,7.85,82.0,26864.0,3875.0,1.24,145.63,108.8,930.26,145.58,9517.0,2.4,39.0,41.56,671.0
2006-12-28,S&P 500,4731.01,4775.58,4797.35,4713.66,771340143.0,9.75,4.57,13.64,7.85,82.0,26864.0,3875.0,1.24,145.63,108.8,930.26,145.58,9517.0,2.4,39.0,41.56,671.0
2006-12-29,S&P 500,4544.69,4541.179999999999,4573.86,4530.36,175030030.0,-0.61,5.86,9.91,5.63,86.0,11788.0,917.0,1.28,94.97,118.53,1493.07,245.88,2149.0,4.75,46.0,92.04,9066.0
2006-12-30,S&P 500,4544.69,4541.179999999999,4573.86,4530.36,175030030.0,-0.61,5.86,9.91,5.63,86.0,11788.0,917.0,1.28,94.97,118.53,1493.07,245.88,2149.0,4.75,46.0,92.04,9066.0
2006-12-31,S&P 500,3258.36,3253.32,3283.85,3233.34,671568120.0,8.87,5.75,8.75,5.28,71.0,28760.0,280.0,1.07,100.52,74.18,1681.83,421.12,1234.0,1.56,15.0,21.42,14620.0
2007-01-01,S&P 500,3652.11,3620.97,3657.35,3611.52,634603552.0,-2.32,1.24,7.02,2.43,81.0,18664.0,4569.0,0.84,86.63,88.05,2308.81,111.93,7853.0,3.84,47.0,15.76,13171.0
2007-01-02,S&P 500,3716.27,3717.06,3759.97,3678.32,396303561.0,-3.76,1.71,8.09,9.09,63.0,28690.0,4819.0,1.15,96.49,70.2,1784.44,322.81,6319.0,3.79,7.0,49.8,1750.0
2007-01-03,S&P 500,3716.27,3717.06,3759.97,3678.32,396303561.0,-3.76,1.71,8.09,9.09,63.0,28690.0,4819.0,1.15,96.49,70.2,1784.44,322.81,6319.0,3.79,7.0,49.8,1750.0
2007-01-04,S&P 500,4987.8,5018.860000000001,5067.420000000001,4962.06,947285540.0,8.73,7.26,14.13,6.97,71.0,23317.0,2392.0,0.84,142.32,86.62,1716.29,329.04,9548.0,0.33,2.0,26.77,13833.0
2007-01-05,S&P 500,4987.8,5018.860000000001,5067.420000000001,4962.06,947285540.0,8.73,7.26,14.13,6.97,71.0,23317.0,2392.0,0.84,142.32,86.62,1716.29,329.04,9548.0,0.33,2.0,26.77,13833.0
2007-01-06,S&P 500,2148.88,2165.26,2213.17,2131.06,344416642.0,0.66,7.04,13.14,3.2,103.0,4508.0,970.0,0.86,149.78,117.57,1947.08,113.66,5083.0,9.57,11.0,41.05,3721.0
2007-01-07,S&P 500,2148.88,2165.26,2213.17,2131.06,344416642.0,0.66,7.04,13.14,3.2,103.0,4508.0,970.0,0.86,149.78,117.57,1947.08,113.66,5083.0,9.57,11.0,41.05,3721.0
2007-01-08,S&P 500,1196.88,1218.94,1230.49,1169.0700000000002,862181827.0,-0.05,3.07,8.74,8.35,54.0,15842.0,2599.0,1.15,130.53,76.89,1220.64,134.09,6020.0,7.19,46.0,1.2,8269.0
2007-01-09,S&P 500,1924.32,1924.35,1926.68,1904.09,831486090.0,8.16,1.54,6.52,9.98,67.0,15927.0,3312.0,1.35,125.08,30.81,1349.44,440.91,2469.0,9.35,26.0,50.45,14669.0
2007-01-10,S&P 500,1924.32,1924.35,1926.68,1904.09,831486090.0,8.16,1.54,6.52,9.98,67.0,15927.0,3312.0,1.35,125.08,30.81,1349.44,440.91,2469.0,9.35,26.0,50.45,14669.0
2007-01-11,S&P 500,1924.32,1924.35,1926.68,1904.09,831486090.0,8.16,1.54,6.52,9.98,67.0,15927.0,3312.0,1.35,125.08,30.81,1349.44,440.91,2469.0,9.35,26.0,50.45,14669.0
2007-01-12,S&P 500,1924.32,1924.35,1926.68,1904.09,831486090.0,8.16,1.54,6.52,9.98,67.0,15927.0,3312.0,1.35,125.08,30.81,1349.44,440.91,2469.0,9.35,26.0,50.45,14669.0
2007-01-13,S&P 500,1552.5,1584.56,1630.99,1504.84,741665823.0,-0.71,3.06,6.91,1.2,78.0,19512.0,582.0,1.5,83.56,39.05,1032.34,290.48,6659.0,5.64,11.0,7.54,4083.0
2007-01-14,S&P 500,1552.5,1584.56,1630.99,1504.84,741665823.0,-0.71,3.06,6.91,1.2,78.0,19512.0,582.0,1.5,83.56,39.05,1032.34,290.48,6659.0,5.64,11.0,7.54,4083.0
2007-01-15,S&P 500,1552.5,1584.56,1630.99,1504.84,741665823.0,-0.71,3.06,6.91,1.2,78.0,19512.0,582.0,1.5,83.56,39.05,1032.34,290.48,6659.0,5.64,11.0,7.54,4083.0
2007-01-16,S&P 500,3699.57,3703.8,3746.07,3698.08,402114063.0,6.33,0.12,11.06,9.19,58.0,18664.0,3943.0,1.27,82.79,74.51,1802.28,416.07,2624.0,4.32,33.0,62.02,3383.0
2007-01-17,S&P 500,3699.57,3703.8,3746.07,3698.08,402114063.0,6.33,0.12,11.06,9.19,58.0,18664.0,3943.0,1.27,82.79,74.51,1802.28,416.07,2624.0,4.32,33.0,62.02,3383.0
2007-01-18,S&P 500,3699.57,3703.8,3746.07,3698.08,402114063.0,6.33,0.12,11.06,9.19,58.0,18664.0,3943.0,1.27,82.79,74.51,1802.28,416.07,2624.0,4.32,33.0,62.02,3383.0
2007-01-19,S&P 500,3699.57,3703.8,3746.07,3698.08,402114063.0,6.33,0.12,11.06,9.19,58.0,18664.0,3943.0,1.27,82.79,74.51,1802.28,416.07,2624.0,4.32,33.0,62.02,3383.0
2007-01-20,S&P 500,3699.57,3703.8,3746.07,3698.08,402114063.0,6.33,0.12,11.06,9.19,58.0,18664.0,3943.0,1.27,82.79,74.51,1802.28,416.07,2624.0,4.32,33.0,62.02,3383.0
2007-01-21,S&P 500,3699.57,3703.8,3746.07,3698.08,402114063.0,6.33,0.12,11.06,9.19,58.0,18664.0,3943.0,1.27,82.79,74.51,1802.28,416.07,2624.0,4.32,33.0,62.02,3383.0
2007-01-22,S&P 500,3699.57,3703.8,3746.07,3698.08,402114063.0,6.33,0.12,11.06,9.19,58.0,18664.0,3943.0,1.27,82.79,74.51,1802.28,416.07,2624.0,4.32,33.0,62.02,3383.0
2007-01-23,S&P 500,3699.57,3703.8,3746.07,3698.08,402114063.0,6.33,0.12,11.06,9.19,58.0,18664.0,3943.0,1.27,82.79,74.51,1802.28,416.07,2624.0,4.32,33.0,62.02,3383.0
2007-01-24,S&P 500,3582.41,3602.96,3644.15,3548.8,8492427.0,3.41,1.9,7.62,4.19,50.0,24053.0,1457.0,1.0,129.63,93.88,940.0,198.47,5945.0,1.98,48.0,1.85,5644.0
2007-01-25,S&P 500,3582.41,3602.96,3644.15,3548.8,8492427.0,3.41,1.9,7.62,4.19,50.0,24053.0,1457.0,1.0,129.63,93.88,940.0,198.47,5945.0,1.98,48.0,1.85,5644.0
2007-01-26,S&P 500,3582.41,3602.96,3644.15,3548.8,8492427.0,3.41,1.9,7.62,4.19,50.0,24053.0,1457.0,1.0,129.63,93.88,940.0,198.47,5945.0,1.98,48.0,1.85,5644.0
2007-01-27,S&P 500,3582.41,3602.96,3644.15,3548.8,8492427.0,3.41,1.9,7.62,4.19,50.0,24053.0,1457.0,1.0,129.63,93.88,940.0,198.47,5945.0,1.98,48.0,1.85,5644.0
2007-01-28,S&P 500,4063.43,4025.45,4091.12,3987.11,635929636.0,1.74,0.87,14.39,7.14,118.0,16336.0,2487.0,1.23,127.83,149.0,2437.93,155.04,4625.0,3.64,18.0,80.43,4333.0
2007-01-29,S&P 500,4063.43,4025.45,4091.12,3987.11,635929636.0,1.74,0.87,14.39,7.14,118.0,16336.0,2487.0,1.23,127.83,149.0,2437.93,155.04,4625.0,3.64,18.0,80.43,4333.0
2007-01-30,S&P 500,4063.43,4025.45,4091.12,3987.11,635929636.0,1.74,0.87,14.39,7.14,118.0,16336.0,2487.0,1.23,127.83,149.0,2437.93,155.04,4625.0,3.64,18.0,80.43,4333.0
2007-01-31,S&P 500,4063.43,4025.45,4091.12,3987.11,635929636.0,1.74,0.87,14.39,7.14,118.0,16336.0,2487.0,1.23,127.83,149.0,2437.93,155.04,4625.0,3.64,18.0,80.43,4333.0
2007-02-01,S&P 500,4063.43,4025.45,4091.12,3987.11,635929636.0,1.74,0.87,14.39,7.14,118.0,16336.0,2487.0,1.23,127.83,149.0,2437.93,155.04,4625.0,3.64,18.0,80.43,4333.0
2007-02-02,S&P 500,3686.84,3689.03,3729.16,3686.36,298719964.0,-4.34,2.13,8.14,0.61,80.0,2804.0,4295.0,1.36,89.31,29.12,1101.46,440.71,2942.0,1.23,2.0,53.82,1493.0
2007-02-03,S&P 500,3686.84,3689.03,3729.16,3686.36,298719964.0,-4.34,2.13,8.14,0.61,80.0,2804.0,4295.0,1.36,89.31,29.12,1101.46,440.71,2942.0,1.23,2.0,53.82,1493.0
2007-02-04,S&P 500,3686.84,3689.03,3729.16,3686.36,298719964.0,-4.34,2.13,8.14,0.61,80.0,2804.0,4295.0,1.36,89.31,29.12,1101.46,440.71,2942.0,1.23,2.0,53.82,1493.0
2007-02-05,S&P 500,1827.27,1861.27,1892.56,1806.17,252625673.0,5.82,7.22,9.29,1.55,87.0,24812.0,832.0,1.5,128.86,88.33,2116.95,268.82,4576.0,6.5,4.0,89.77,10896.0
2007-02-06,S&P 500,1827.27,1861.27,1892.56,1806.17,252625673.0,5.82,7.22,9.29,1.55,87.0,24812.0,832.0,1.5,128.86,88.33,2116.95,268.82,4576.0,6.5,4.0,89.77,10896.0
2007-02-07,S&P 500,1827.27,1861.27,1892.56,1806.17,252625673.0,5.82,7.22,9.29,1.55,87.0,24812.0,832.0,1.5,128.86,88.33,2116.95,268.82,4576.0,6.5,4.0,89.77,10896.0
2007-02-08,S&P 500,2709.87,2671.63,2752.86,2648.79,155264819.0,-0.76,4.08,9.19,1.17,62.0,25059.0,3160.0,1.24,93.93,69.07,1244.53,454.45,9194.0,9.31,44.0,90.11,8227.0
2007-02-09,S&P 500,2709.87,2671.63,2752.86,2648.79,155264819.0,-0.76,4.08,9.19,1.17,62.0,25059.0,3160.0,1.24,93.93,69.07,1244.53,454.45,9194.0,9.31,44.0,90.11,8227.0
2007-02-10,S&P 500,3980.86,3951.8,4008.25,3924.05,495138813.0,-4.19,7.06,11.43,4.91,86.0,10961.0,3484.0,1.35,119.7,139.39,1907.28,458.12,5513.0,6.71,36.0,79.76,4812.0
2007-02-11,S&P 500,1928.9,1880.08,1959.38,1867.91,640770697.0,3.6,8.1,5.24,8.02,94.0,24774.0,1361.0,0.83,115.23,68.2,2305.91,362.69,8898.0,0.73,18.0,68.73,14387.0
2007-02-12,S&P 500,1928.9,1880.08,1959.38,1867.91,640770697.0,3.6,8.1,5.24,8.02,94.0,24774.0,1361.0,0.83,115.23,68.2,2305.91,362.69,8898.0,0.73,18.0,68.73,14387.0
2007-02-13,S&P 500,1928.9,1880.08,1959.38,1867.91,640770697.0,3.6,8.1,5.24,8.02,94.0,24774.0,1361.0,0.83,115.23,68.2,2305.91,362.69,8898.0,0.73,18.0,68.73,14387.0
2007-02-14,S&P 500,1928.9,1880.08,1959.38,1867.91,640770697.0,3.6,8.1,5.24,8.02,94.0,24774.0,1361.0,0.83,115.23,68.2,2305.91,362.69,8898.0,0.73,18.0,68.73,14387.0
2007-02-15,S&P 500,1928.9,1880.08,1959.38,1867.91,640770697.0,3.6,8.1,5.24,8.02,94.0,24774.0,1361.0,0.83,115.23,68.2,2305.91,362.69,8898.0,0.73,18.0,68.73,14387.0
2007-02-16,S&P 500,4637.01,4645.030000000001,4678.1,4613.39,930826970.0,-3.51,9.06,13.15,5.4,50.0,29797.0,3924.0,0.97,125.95,31.9,860.84,212.1,900.0,4.97,34.0,49.04,2041.0
2007-02-17,S&P 500,4637.01,4645.030000000001,4678.1,4613.39,930826970.0,-3.51,9.06,13.15,5.4,50.0,29797.0,3924.0,0.97,125.95,31.9,860.84,212.1,900.0,4.97,34.0,49.04,2041.0
2007-02-18,S&P 500,4005.12,3987.14,4025.31,3986.22,503095170.0,0.52,3.02,12.07,2.56,67.0,26378.0,3764.0,0.83,93.57,30.87,1948.81,379.93,1092.0,6.67,30.0,75.62,5752.0
2007-02-19,S&P 500,4587.98,4605.009999999999,4615.4,4580.58,657652576.0,5.07,7.51,14.23,5.25,50.0,3132.0,3196.0,0.9,100.26,71.08,1804.19,359.46,6356.0,8.2,18.0,12.16,4933.0
2007-02-20,S&P 500,4587.98,4605.009999999999,4615.4,4580.58,657652576.0,5.07,7.51,14.23,5.25,50.0,3132.0,3196.0,0.9,100.26,71.08,1804.19,359.46,6356.0,8.2,18.0,12.16,4933.0
2007-02-21,S&P 500,1731.25,1743.73,1787.29,1697.06,191552237.0,7.79,6.78,13.19,1.81,80.0,27608.0,1453.0,0.85,89.64,70.89,1919.36,394.73,9216.0,7.09,43.0,72.48,11420.0
2007-02-22,S&P 500,1731.25,1743.73,1787.29,1697.06,191552237.0,7.79,6.78,13.19,1.81,80.0,27608.0,1453.0,0.85,89.64,70.89,1919.36,394.73,9216.0,7.09,43.0,72.48,11420.0
2007-02-23,S&P 500,1731.25,1743.73,1787.29,1697.06,191552237.0,7.79,6.78,13.19,1.81,80.0,27608.0,1453.0,0.85,89.64,70.89,1919.36,394.73,9216.0,7.09,43.0,72.48,11420.0
2007-02-24,S&P 500,1731.25,1743.73,1787.29,1697.06,191552237.0,7.79,6.78,13.19,1.81,80.0,27608.0,1453.0,0.85,89.64,70.89,1919.36,394.73,9216.0,7.09,43.0,72.48,11420.0
2007-02-25,S&P 500,1731.25,1743.73,1787.29,1697.06,191552237.0,7.79,6.78,13.19,1.81,80.0,27608.0,1453.0,0.85,89.64,70.89,1919.36,394.73,9216.0,7.09,43.0,72.48,11420.0
2007-02-26,S&P 500,2944.69,2984.88,2991.88,2928.39,3453664.0,6.77,1.1,5.73,8.14,90.0,4127.0,1924.0,1.04,143.37,123.41,2462.99,352.53,2282.0,6.85,11.0,91.06,8196.0
2007-02-27,S&P 500,2944.69,2984.88,2991.88,2928.39,3453664.0,6.77,1.1,5.73,8.14,90.0,4127.0,1924.0,1.04,143.37,123.41,2462.99,352.53,2282.0,6.85,11.0,91.06,8196.0
2007-02-28,S&P 500,2944.69,2984.88,2991.88,2928.39,3453664.0,6.77,1.1,5.73,8.14,90.0,4127.0,1924.0,1.04,143.37,123.41,2462.99,352.53,2282.0,6.85,11.0,91.06,8196.0
2007-03-01,S&P 500,2267.77,2262.61,2293.33,2225.27,149843801.0,3.85,0.94,7.2,4.61,65.0,2050.0,3113.0,1.09,120.99,106.97,1436.55,303.53,5102.0,1.83,7.0,28.75,2075.0
2007-03-02,S&P 500,2267.77,2262.61,2293.33,2225.27,149843801.0,3.85,0.94,7.2,4.61,65.0,2050.0,3113.0,1.09,120.99,106.97,1436.55,303.53,5102.0,1.83,7.0,28.75,2075.0
2007-03-03,S&P 500,2267.77,2262.61,2293.33,2225.27,149843801.0,3.85,0.94,7.2,4.61,65.0,2050.0,3113.0,1.09,120.99,106.97,1436.55,303.53,5102.0,1.83,7.0,28.75,2075.0
2007-03-04,S&P 500,2267.77,2262.61,2293.33,2225.27,149843801.0,3.85,0.94,7.2,4.61,65.0,2050.0,3113.0,1.09,120.99,106.97,1436.55,303.53,5102.0,1.83,7.0,28.75,2075.0
2007-03-05,S&P 500,2267.77,2262.61,2293.33,2225.27,149843801.0,3.85,0.94,7.2,4.61,65.0,2050.0,3113.0,1.09,120.99,106.97,1436.55,303.53,5102.0,1.83,7.0,28.75,2075.0
2007-03-06,S&P 500,2267.77,2262.61,2293.33,2225.27,149843801.0,3.85,0.94,7.2,4.61,65.0,2050.0,3113.0,1.09,120.99,106.97,1436.55,303.53,5102.0,1.83,7.0,28.75,2075.0
2007-03-07,S&P 500,2267.77,2262.61,2293.33,2225.27,149843801.0,3.85,0.94,7.2,4.61,65.0,2050.0,3113.0,1.09,120.99,106.97,1436.55,303.53,5102.0,1.83,7.0,28.75,2075.0
2007-03-08,S&P 500,1586.78,1552.5,1617.52,1510.24,245019072.0,-2.78,3.05,14.37,5.21,103.0,24812.0,2365.0,0.92,136.53,132.09,2399.72,212.72,1123.0,4.04,41.0,97.79,5009.0
2007-03-09,S&P 500,3761.29,3780.35,3825.49,3731.18,215335689.0,-0.28,3.99,10.39,2.83,103.0,7625.0,854.0,1.12,119.94,83.1,2019.82,129.13,9757.0,2.78,14.0,7.27,11476.0
2007-03-10,S&P 500,3761.29,3780.35,3825.49,3731.18,215335689.0,-0.28,3.99,10.39,2.83,103.0,7625.0,854.0,1.12,119.94,83.1,2019.82,129.13,9757.0,2.78,14.0,7.27,11476.0
2007-03-11,S&P 500,3730.16,3745.22,3777.9,3709.76,240965774.0,0.38,3.9,8.09,9.04,101.0,9312.0,3891.0,0.97,116.08,84.23,1122.54,357.92,871.0,3.78,27.0,44.93,11179.0
2007-03-12,S&P 500,3730.16,3745.22,3777.9,3709.76,240965774.0,0.38,3.9,8.09,9.04,101.0,9312.0,3891.0,0.97,116.08,84.23,1122.54,357.92,871.0,3.78,27.0,44.93,11179.0
2007-03-13,S&P 500,3730.16,3745.22,3777.9,3709.76,240965774.0,0.38,3.9,8.09,9.04,101.0,9312.0,3891.0,0.97,116.08,84.23,1122.54,357.92,871.0,3.78,27.0,44.93,11179.0
2007-03-14,S&P 500,3730.16,3745.22,3777.9,3709.76,240965774.0,0.38,3.9,8.09,9.04,101.0,9312.0,3891.0,0.97,116.08,84.23,1122.54,357.92,871.0,3.78,27.0,44.93,11179.0
2007-03-15,S&P 500,3730.16,3745.22,3777.9,3709.76,240965774.0,0.38,3.9,8.09,9.04,101.0,9312.0,3891.0,0.97,116.08,84.23,1122.54,357.92,871.0,3.78,27.0,44.93,11179.0
2007-03-16,S&P 500,3730.16,3745.22,3777.9,3709.76,240965774.0,0.38,3.9,8.09,9.04,101.0,9312.0,3891.0,0.97,116.08,84.23,1122.54,357.92,871.0,3.78,27.0,44.93,11179.0
2007-03-17,S&P 500,2248.26,2258.5800000000004,2295.7000000000003,2242.24,420035394.0,3.41,1.81,11.9,1.82,106.0,22528.0,1610.0,1.16,116.07,112.97,1853.97,280.21,1977.0,9.9,13.0,9.06,7268.0
2007-03-18,S&P 500,2248.26,2258.5800000000004,2295.7000000000003,2242.24,420035394.0,3.41,1.81,11.9,1.82,106.0,22528.0,1610.0,1.16,116.07,112.97,1853.97,280.21,1977.0,9.9,13.0,9.06,7268.0
2007-03-19,S&P 500,2248.26,2258.5800000000004,2295.7000000000003,2242.24,420035394.0,3.41,1.81,11.9,1.82,106.0,22528.0,1610.0,1.16,116.07,112.97,1853.97,280.21,1977.0,9.9,13.0,9.06,7268.0
2007-03-20,S&P 500,2248.26,2258.5800000000004,2295.7000000000003,2242.24,420035394.0,3.41,1.81,11.9,1.82,106.0,22528.0,1610.0,1.16,116.07,112.97,1853.97,280.21,1977.0,9.9,13.0,9.06,7268.0
2007-03-21,S&P 500,4809.55,4763.93,4857.52,4721.530000000001,647157317.0,-3.99,0.06,14.5,7.05,104.0,22961.0,960.0,1.28,106.22,120.8,2175.35,422.17,2566.0,3.29,34.0,92.31,7729.0
2007-03-22,S&P 500,4809.55,4763.93,4857.52,4721.530000000001,647157317.0,-3.99,0.06,14.5,7.05,104.0,22961.0,960.0,1.28,106.22,120.8,2175.35,422.17,2566.0,3.29,34.0,92.31,7729.0
2007-03-23,S&P 500,4809.55,4763.93,4857.52,4721.530000000001,647157317.0,-3.99,0.06,14.5,7.05,104.0,22961.0,960.0,1.28,106.22,120.8,2175.35,422.17,2566.0,3.29,34.0,92.31,7729.0
2007-03-24,S&P 500,4809.55,4763.93,4857.52,4721.530000000001,647157317.0,-3.99,0.06,14.5,7.05,104.0,22961.0,960.0,1.28,106.22,120.8,2175.35,422.17,2566.0,3.29,34.0,92.31,7729.0
2007-03-25,S&P 500,4809.55,4763.93,4857.52,4721.530000000001,647157317.0,-3.99,0.06,14.5,7.05,104.0,22961.0,960.0,1.28,106.22,120.8,2175.35,422.17,2566.0,3.29,34.0,92.31,7729.0
2007-03-26,S&P 500,4783.0,4778.0,4811.59,4752.36,177779493.0,-2.83,3.6,10.51,2.21,92.0,21814.0,3965.0,1.39,143.0,82.77,2053.46,396.13,7874.0,8.73,12.0,19.74,8938.0
2007-03-27,S&P 500,2251.68,2234.95,2296.4,2211.17,801667346.0,-0.4,2.74,3.1,0.88,91.0,23236.0,3414.0,0.89,144.96,85.55,1676.52,358.24,2608.0,0.25,5.0,62.25,1202.0
2007-03-28,S&P 500,4434.03,4427.86,4457.79,4395.61,543730736.0,6.49,5.11,14.35,6.08,73.0,23827.0,134.0,1.32,103.33,43.1,1804.15,100.46,1102.0,7.96,28.0,56.76,13227.0
2007-03-29,S&P 500,1526.75,1503.02,1574.01,1475.15,928139121.0,-0.41,9.79,3.39,3.79,54.0,14172.0,2200.0,1.17,124.94,137.51,1179.5,414.37,248.0,6.11,41.0,24.96,7199.0
2007-03-30,S&P 500,1526.75,1503.02,1574.01,1475.15,928139121.0,-0.41,9.79,3.39,3.79,54.0,14172.0,2200.0,1.17,124.94,137.51,1179.5,414.37,248.0,6.11,41.0,24.96,7199.0
2007-03-31,S&P 500,1526.75,1503.02,1574.01,1475.15,928139121.0,-0.41,9.79,3.39,3.79,54.0,14172.0,2200.0,1.17,124.94,137.51,1179.5,414.37,248.0,6.11,41.0,24.96,7199.0
2007-04-01,S&P 500,3710.89,3712.35,3756.92,3674.93,395421030.0,-3.8,9.32,7.59,7.61,108.0,24948.0,536.0,1.26,128.55,40.09,1144.7,212.94,1840.0,8.82,32.0,2.15,3392.0
2007-04-02,S&P 500,2009.26,1979.28,2051.64,1947.14,795758771.0,9.09,8.77,9.93,6.21,114.0,3677.0,4645.0,1.42,119.18,86.73,2416.95,471.16,4357.0,5.45,39.0,42.28,1250.0
2007-04-03,S&P 500,4492.17,4474.13,4541.8,4448.14,512743883.0,3.23,3.94,13.82,3.96,112.0,27847.0,2672.0,1.44,146.77,134.62,1216.08,300.84,6176.0,1.62,1.0,35.96,14476.0
2007-04-04,S&P 500,4492.17,4474.13,4541.8,4448.14,512743883.0,3.23,3.94,13.82,3.96,112.0,27847.0,2672.0,1.44,146.77,134.62,1216.08,300.84,6176.0,1.62,1.0,35.96,14476.0
2007-04-05,S&P 500,1214.54,1171.76,1261.37,1149.29,704127610.0,4.88,0.88,14.84,6.14,98.0,22235.0,4079.0,1.45,87.76,47.93,1593.92,130.46,5677.0,9.24,24.0,26.52,14113.0
2007-04-06,S&P 500,3869.86,3834.61,3911.21,3822.53,479606411.0,2.71,7.13,9.71,7.9,81.0,5600.0,408.0,0.84,85.63,58.58,1966.33,458.94,8671.0,8.14,26.0,99.85,5099.0
2007-04-07,S&P 500,2901.9,2859.2200000000003,2944.12,2859.15,329935851.0,-3.65,9.73,4.09,3.47,99.0,4296.0,4460.0,1.33,81.29,146.88,1131.76,195.61,5919.0,2.03,47.0,20.09,8705.0
2007-04-08,S&P 500,2901.9,2859.2200000000003,2944.12,2859.15,329935851.0,-3.65,9.73,4.09,3.47,99.0,4296.0,4460.0,1.33,81.29,146.88,1131.76,195.61,5919.0,2.03,47.0,20.09,8705.0
2007-04-09,S&P 500,2533.59,2558.83,2577.95,2504.06,705357507.0,-2.67,4.98,11.31,2.54,101.0,10423.0,621.0,1.14,99.13,149.26,1244.5,494.12,8156.0,2.56,4.0,66.64,8967.0
2007-04-10,S&P 500,2533.59,2558.83,2577.95,2504.06,705357507.0,-2.67,4.98,11.31,2.54,101.0,10423.0,621.0,1.14,99.13,149.26,1244.5,494.12,8156.0,2.56,4.0,66.64,8967.0
2007-04-11,S&P 500,2533.59,2558.83,2577.95,2504.06,705357507.0,-2.67,4.98,11.31,2.54,101.0,10423.0,621.0,1.14,99.13,149.26,1244.5,494.12,8156.0,2.56,4.0,66.64,8967.0
2007-04-12,S&P 500,3195.64,3212.58,3239.52,3175.93,153247087.0,6.73,5.9,3.93,0.63,119.0,6907.0,1468.0,1.12,138.65,142.62,1600.19,204.05,6995.0,4.41,3.0,11.08,1509.0
2007-04-13,S&P 500,3195.64,3212.58,3239.52,3175.93,153247087.0,6.73,5.9,3.93,0.63,119.0,6907.0,1468.0,1.12,138.65,142.62,1600.19,204.05,6995.0,4.41,3.0,11.08,1509.0
2007-04-14,S&P 500,3881.54,3895.77,3924.01,3878.01,495141008.0,5.07,0.26,11.75,1.09,86.0,24554.0,2241.0,1.46,100.83,142.54,948.78,267.28,5419.0,7.74,16.0,87.48,10001.0
2007-04-15,S&P 500,3881.54,3895.77,3924.01,3878.01,495141008.0,5.07,0.26,11.75,1.09,86.0,24554.0,2241.0,1.46,100.83,142.54,948.78,267.28,5419.0,7.74,16.0,87.48,10001.0
2007-04-16,S&P 500,3881.54,3895.77,3924.01,3878.01,495141008.0,5.07,0.26,11.75,1.09,86.0,24554.0,2241.0,1.46,100.83,142.54,948.78,267.28,5419.0,7.74,16.0,87.48,10001.0
2007-04-17,S&P 500,3881.54,3895.77,3924.01,3878.01,495141008.0,5.07,0.26,11.75,1.09,86.0,24554.0,2241.0,1.46,100.83,142.54,948.78,267.28,5419.0,7.74,16.0,87.48,10001.0
2007-04-18,S&P 500,3881.54,3895.77,3924.01,3878.01,495141008.0,5.07,0.26,11.75,1.09,86.0,24554.0,2241.0,1.46,100.83,142.54,948.78,267.28,5419.0,7.74,16.0,87.48,10001.0
2007-04-19,S&P 500,3881.54,3895.77,3924.01,3878.01,495141008.0,5.07,0.26,11.75,1.09,86.0,24554.0,2241.0,1.46,100.83,142.54,948.78,267.28,5419.0,7.74,16.0,87.48,10001.0
2007-04-20,S&P 500,3837.56,3815.3,3844.52,3771.48,966119880.0,-1.04,7.12,9.6,4.26,81.0,9949.0,332.0,0.96,89.28,121.48,2196.02,224.53,8703.0,1.7,21.0,3.58,12882.0
2007-04-21,S&P 500,1421.61,1435.89,1436.06,1399.4199999999998,505715540.0,-3.68,6.06,9.9,8.21,108.0,25507.0,1722.0,1.07,94.42,116.54,1378.62,196.78,5743.0,8.76,40.0,38.23,14345.0
2007-04-22,S&P 500,4355.42,4374.7,4386.96,4341.17,839891368.0,2.13,8.46,2.81,5.38,84.0,22057.0,2752.0,1.48,111.55,144.02,2438.28,284.51,6864.0,4.8,21.0,96.84,8820.0
2007-04-23,S&P 500,4355.42,4374.7,4386.96,4341.17,839891368.0,2.13,8.46,2.81,5.38,84.0,22057.0,2752.0,1.48,111.55,144.02,2438.28,284.51,6864.0,4.8,21.0,96.84,8820.0
2007-04-24,S&P 500,4355.42,4374.7,4386.96,4341.17,839891368.0,2.13,8.46,2.81,5.38,84.0,22057.0,2752.0,1.48,111.55,144.02,2438.28,284.51,6864.0,4.8,21.0,96.84,8820.0
2007-04-25,S&P 500,2451.93,2478.91,2524.35,2443.73,496615759.0,-4.3,7.44,6.34,1.29,115.0,4405.0,621.0,1.35,129.24,137.44,2163.25,413.79,1585.0,9.5,19.0,63.17,1917.0
2007-04-26,S&P 500,2451.93,2478.91,2524.35,2443.73,496615759.0,-4.3,7.44,6.34,1.29,115.0,4405.0,621.0,1.35,129.24,137.44,2163.25,413.79,1585.0,9.5,19.0,63.17,1917.0
2007-04-27,S&P 500,3901.49,3939.77,3950.0,3896.99,184813370.0,7.43,0.95,6.5,8.84,63.0,6580.0,2934.0,1.13,145.01,104.44,1431.71,156.32,3462.0,5.16,1.0,29.52,7109.0
2007-04-28,S&P 500,1450.36,1453.14,1462.2199999999998,1436.03,151318875.0,-3.03,2.57,7.41,1.26,78.0,29430.0,3166.0,1.31,116.4,126.65,1003.89,368.7,1395.0,5.26,22.0,94.77,10534.0
2007-04-29,S&P 500,2631.11,2632.8700000000003,2633.57,2582.5,890422514.0,8.83,9.57,12.37,5.76,75.0,10990.0,3299.0,0.98,101.85,85.67,1689.2,351.28,2291.0,1.12,33.0,28.33,2645.0
2007-04-30,S&P 500,4545.52,4553.31,4591.900000000001,4517.59,862818807.0,1.76,3.1,4.11,8.33,67.0,23040.0,440.0,0.82,144.45,70.47,1805.99,348.95,9868.0,9.7,47.0,81.56,4348.0
2007-05-01,S&P 500,1188.79,1213.72,1257.47,1170.13,639835791.0,0.58,3.3,10.05,9.87,53.0,23698.0,2844.0,1.09,135.06,132.33,2431.08,401.91,7344.0,0.84,15.0,27.66,4539.0
2007-05-02,S&P 500,4845.67,4892.14,4922.85,4801.2300000000005,99447416.0,1.92,1.9,8.57,7.38,106.0,7184.0,4046.0,1.1,121.1,121.05,1503.67,172.49,9625.0,7.0,27.0,7.39,14168.0
2007-05-03,S&P 500,3716.65,3674.01,3726.06,3651.35,947310509.0,7.52,8.07,5.97,3.14,102.0,2604.0,4038.0,0.85,138.42,51.51,954.38,379.0,6333.0,0.58,13.0,81.25,4311.0
2007-05-04,S&P 500,3716.65,3674.01,3726.06,3651.35,947310509.0,7.52,8.07,5.97,3.14,102.0,2604.0,4038.0,0.85,138.42,51.51,954.38,379.0,6333.0,0.58,13.0,81.25,4311.0
2007-05-05,S&P 500,2082.24,2126.0,2149.8,2035.18,842054381.0,-4.11,3.3,9.17,7.2,96.0,9876.0,3353.0,1.44,87.85,93.53,835.89,312.12,3145.0,9.0,40.0,39.14,4097.0
2007-05-06,S&P 500,1995.17,1998.16,2045.88,1952.69,678041613.0,9.36,4.14,8.21,7.15,101.0,936.0,4781.0,0.98,145.68,129.41,1523.21,294.41,3365.0,7.68,14.0,43.05,13329.0
2007-05-07,S&P 500,1995.17,1998.16,2045.88,1952.69,678041613.0,9.36,4.14,8.21,7.15,101.0,936.0,4781.0,0.98,145.68,129.41,1523.21,294.41,3365.0,7.68,14.0,43.05,13329.0
2007-05-08,S&P 500,1995.17,1998.16,2045.88,1952.69,678041613.0,9.36,4.14,8.21,7.15,101.0,936.0,4781.0,0.98,145.68,129.41,1523.21,294.41,3365.0,7.68,14.0,43.05,13329.0
2007-05-09,S&P 500,1995.17,1998.16,2045.88,1952.69,678041613.0,9.36,4.14,8.21,7.15,101.0,936.0,4781.0,0.98,145.68,129.41,1523.21,294.41,3365.0,7.68,14.0,43.05,13329.0
2007-05-10,S&P 500,2572.49,2599.3,2614.19,2563.52,418259091.0,-2.19,8.15,10.18,6.59,77.0,13628.0,2702.0,1.26,89.5,63.64,1485.79,441.51,6850.0,9.56,4.0,48.4,5141.0
2007-05-11,S&P 500,2572.49,2599.3,2614.19,2563.52,418259091.0,-2.19,8.15,10.18,6.59,77.0,13628.0,2702.0,1.26,89.5,63.64,1485.79,441.51,6850.0,9.56,4.0,48.4,5141.0
2007-05-12,S&P 500,2572.49,2599.3,2614.19,2563.52,418259091.0,-2.19,8.15,10.18,6.59,77.0,13628.0,2702.0,1.26,89.5,63.64,1485.79,441.51,6850.0,9.56,4.0,48.4,5141.0
2007-05-13,S&P 500,2572.49,2599.3,2614.19,2563.52,418259091.0,-2.19,8.15,10.18,6.59,77.0,13628.0,2702.0,1.26,89.5,63.64,1485.79,441.51,6850.0,9.56,4.0,48.4,5141.0
2007-05-14,S&P 500,2572.49,2599.3,2614.19,2563.52,418259091.0,-2.19,8.15,10.18,6.59,77.0,13628.0,2702.0,1.26,89.5,63.64,1485.79,441.51,6850.0,9.56,4.0,48.4,5141.0
2007-05-15,S&P 500,2572.49,2599.3,2614.19,2563.52,418259091.0,-2.19,8.15,10.18,6.59,77.0,13628.0,2702.0,1.26,89.5,63.64,1485.79,441.51,6850.0,9.56,4.0,48.4,5141.0
2007-05-16,S&P 500,2428.77,2466.88,2470.3,2426.78,936505269.0,5.91,1.25,8.92,9.14,79.0,25697.0,4059.0,1.08,149.5,57.01,1888.05,165.4,7618.0,4.35,45.0,56.58,9464.0
2007-05-17,S&P 500,2428.77,2466.88,2470.3,2426.78,936505269.0,5.91,1.25,8.92,9.14,79.0,25697.0,4059.0,1.08,149.5,57.01,1888.05,165.4,7618.0,4.35,45.0,56.58,9464.0
2007-05-18,S&P 500,3082.18,3091.48,3101.13,3073.75,264778652.0,-0.69,8.19,7.36,8.29,76.0,9326.0,1408.0,1.01,86.01,66.08,810.93,223.95,2050.0,9.05,13.0,91.24,3545.0
2007-05-19,S&P 500,3082.18,3091.48,3101.13,3073.75,264778652.0,-0.69,8.19,7.36,8.29,76.0,9326.0,1408.0,1.01,86.01,66.08,810.93,223.95,2050.0,9.05,13.0,91.24,3545.0
2007-05-20,S&P 500,4519.66,4537.47,4577.9400000000005,4515.38,808979337.0,7.89,8.75,8.37,0.73,73.0,18877.0,1693.0,0.81,117.54,91.73,1967.56,431.09,3416.0,2.64,25.0,31.71,6219.0
2007-05-21,S&P 500,4519.66,4537.47,4577.9400000000005,4515.38,808979337.0,7.89,8.75,8.37,0.73,73.0,18877.0,1693.0,0.81,117.54,91.73,1967.56,431.09,3416.0,2.64,25.0,31.71,6219.0
2007-05-22,S&P 500,3031.03,3049.98,3073.87,3016.44,468777729.0,-1.8,6.11,5.77,1.78,56.0,22745.0,1593.0,1.47,89.08,121.32,2063.93,396.9,461.0,2.6,32.0,66.0,1913.0
2007-05-23,S&P 500,1553.49,1537.89,1589.86,1526.5700000000002,866178778.0,9.02,6.13,6.97,0.72,117.0,2840.0,2130.0,1.0,107.68,60.5,1186.15,322.1,5555.0,5.85,45.0,58.47,11816.0
2007-05-24,S&P 500,1553.49,1537.89,1589.86,1526.5700000000002,866178778.0,9.02,6.13,6.97,0.72,117.0,2840.0,2130.0,1.0,107.68,60.5,1186.15,322.1,5555.0,5.85,45.0,58.47,11816.0
2007-05-25,S&P 500,1999.89,2049.56,2058.78,1952.59,313957113.0,-4.17,2.32,10.4,9.24,57.0,4316.0,4460.0,1.47,109.78,62.84,1836.87,307.24,9298.0,0.55,28.0,41.05,10350.0
2007-05-26,S&P 500,1293.46,1318.54,1340.69,1257.86,4736437.0,9.98,1.67,3.51,6.81,105.0,25904.0,4877.0,1.32,88.9,132.17,1010.22,495.2,4768.0,1.45,11.0,67.65,12303.0
2007-05-27,S&P 500,3652.58,3667.05,3675.34,3615.5,715769248.0,5.42,7.6,3.2,3.46,107.0,2781.0,346.0,1.42,101.78,65.83,920.61,153.4,3433.0,1.99,28.0,29.84,1384.0
2007-05-28,S&P 500,3652.58,3667.05,3675.34,3615.5,715769248.0,5.42,7.6,3.2,3.46,107.0,2781.0,346.0,1.42,101.78,65.83,920.61,153.4,3433.0,1.99,28.0,29.84,1384.0
2007-05-29,S&P 500,3652.58,3667.05,3675.34,3615.5,715769248.0,5.42,7.6,3.2,3.46,107.0,2781.0,346.0,1.42,101.78,65.83,920.61,153.4,3433.0,1.99,28.0,29.84,1384.0
2007-05-30,S&P 500,2688.77,2641.88,2718.23,2636.38,976244270.0,5.39,3.15,7.59,1.85,115.0,25612.0,1581.0,1.45,143.77,70.32,1759.88,176.49,2696.0,2.4,45.0,7.26,5491.0
2007-05-31,S&P 500,4140.26,4145.68,4177.0,4112.27,994272593.0,6.7,3.59,3.98,8.9,73.0,26478.0,110.0,1.12,131.34,100.42,2090.49,263.3,5190.0,3.46,19.0,38.89,2907.0
2007-06-01,S&P 500,4140.26,4145.68,4177.0,4112.27,994272593.0,6.7,3.59,3.98,8.9,73.0,26478.0,110.0,1.12,131.34,100.42,2090.49,263.3,5190.0,3.46,19.0,38.89,2907.0
2007-06-02,S&P 500,4140.26,4145.68,4177.0,4112.27,994272593.0,6.7,3.59,3.98,8.9,73.0,26478.0,110.0,1.12,131.34,100.42,2090.49,263.3,5190.0,3.46,19.0,38.89,2907.0
2007-06-03,S&P 500,3594.99,3629.07,3634.88,3555.16,94659480.0,-0.39,5.31,13.57,3.26,65.0,14824.0,3629.0,1.39,81.02,93.98,2197.75,271.09,4166.0,6.7,29.0,75.47,8305.0
2007-06-04,S&P 500,2675.88,2629.2200000000003,2703.63,2608.57,980778270.0,3.97,9.69,11.13,5.25,53.0,11973.0,2392.0,1.48,88.71,48.19,1587.76,480.77,4092.0,0.58,28.0,66.98,635.0
2007-06-05,S&P 500,2832.11,2818.79,2846.4700000000003,2811.22,772179049.0,-2.42,9.03,2.78,8.25,108.0,23566.0,1044.0,1.03,109.64,148.65,1040.62,286.75,9182.0,6.58,38.0,50.79,12752.0
2007-06-06,S&P 500,2832.11,2818.79,2846.4700000000003,2811.22,772179049.0,-2.42,9.03,2.78,8.25,108.0,23566.0,1044.0,1.03,109.64,148.65,1040.62,286.75,9182.0,6.58,38.0,50.79,12752.0
2007-06-07,S&P 500,2832.11,2818.79,2846.4700000000003,2811.22,772179049.0,-2.42,9.03,2.78,8.25,108.0,23566.0,1044.0,1.03,109.64,148.65,1040.62,286.75,9182.0,6.58,38.0,50.79,12752.0
2007-06-08,S&P 500,2832.11,2818.79,2846.4700000000003,2811.22,772179049.0,-2.42,9.03,2.78,8.25,108.0,23566.0,1044.0,1.03,109.64,148.65,1040.62,286.75,9182.0,6.58,38.0,50.79,12752.0
2007-06-09,S&P 500,2832.11,2818.79,2846.4700000000003,2811.22,772179049.0,-2.42,9.03,2.78,8.25,108.0,23566.0,1044.0,1.03,109.64,148.65,1040.62,286.75,9182.0,6.58,38.0,50.79,12752.0
2007-06-10,S&P 500,2832.11,2818.79,2846.4700000000003,2811.22,772179049.0,-2.42,9.03,2.78,8.25,108.0,23566.0,1044.0,1.03,109.64,148.65,1040.62,286.75,9182.0,6.58,38.0,50.79,12752.0
2007-06-11,S&P 500,2832.11,2818.79,2846.4700000000003,2811.22,772179049.0,-2.42,9.03,2.78,8.25,108.0,23566.0,1044.0,1.03,109.64,148.65,1040.62,286.75,9182.0,6.58,38.0,50.79,12752.0
2007-06-12,S&P 500,2832.11,2818.79,2846.4700000000003,2811.22,772179049.0,-2.42,9.03,2.78,8.25,108.0,23566.0,1044.0,1.03,109.64,148.65,1040.62,286.75,9182.0,6.58,38.0,50.79,12752.0
2007-06-13,S&P 500,2832.11,2818.79,2846.4700000000003,2811.22,772179049.0,-2.42,9.03,2.78,8.25,108.0,23566.0,1044.0,1.03,109.64,148.65,1040.62,286.75,9182.0,6.58,38.0,50.79,12752.0
2007-06-14,S&P 500,2832.11,2818.79,2846.4700000000003,2811.22,772179049.0,-2.42,9.03,2.78,8.25,108.0,23566.0,1044.0,1.03,109.64,148.65,1040.62,286.75,9182.0,6.58,38.0,50.79,12752.0
2007-06-15,S&P 500,2832.11,2818.79,2846.4700000000003,2811.22,772179049.0,-2.42,9.03,2.78,8.25,108.0,23566.0,1044.0,1.03,109.64,148.65,1040.62,286.75,9182.0,6.58,38.0,50.79,12752.0
2007-06-16,S&P 500,2832.11,2818.79,2846.4700000000003,2811.22,772179049.0,-2.42,9.03,2.78,8.25,108.0,23566.0,1044.0,1.03,109.64,148.65,1040.62,286.75,9182.0,6.58,38.0,50.79,12752.0
2007-06-17,S&P 500,2674.78,2699.6000000000004,2743.99,2663.78,336545134.0,3.16,5.33,10.28,8.07,64.0,24284.0,4577.0,1.11,80.07,57.11,1296.19,397.49,9988.0,3.39,12.0,18.96,204.0
2007-06-18,S&P 500,1878.54,1918.85,1953.54,1831.18,3565644.0,4.19,1.91,12.29,5.82,66.0,16127.0,614.0,0.82,81.78,41.73,1250.98,386.87,758.0,4.59,15.0,75.95,327.0
2007-06-19,S&P 500,1878.54,1918.85,1953.54,1831.18,3565644.0,4.19,1.91,12.29,5.82,66.0,16127.0,614.0,0.82,81.78,41.73,1250.98,386.87,758.0,4.59,15.0,75.95,327.0
2007-06-20,S&P 500,1878.54,1918.85,1953.54,1831.18,3565644.0,4.19,1.91,12.29,5.82,66.0,16127.0,614.0,0.82,81.78,41.73,1250.98,386.87,758.0,4.59,15.0,75.95,327.0
2007-06-21,S&P 500,1878.54,1918.85,1953.54,1831.18,3565644.0,4.19,1.91,12.29,5.82,66.0,16127.0,614.0,0.82,81.78,41.73,1250.98,386.87,758.0,4.59,15.0,75.95,327.0
2007-06-22,S&P 500,1878.54,1918.85,1953.54,1831.18,3565644.0,4.19,1.91,12.29,5.82,66.0,16127.0,614.0,0.82,81.78,41.73,1250.98,386.87,758.0,4.59,15.0,75.95,327.0
2007-06-23,S&P 500,1878.54,1918.85,1953.54,1831.18,3565644.0,4.19,1.91,12.29,5.82,66.0,16127.0,614.0,0.82,81.78,41.73,1250.98,386.87,758.0,4.59,15.0,75.95,327.0
2007-06-24,S&P 500,1481.45,1484.2,1502.41,1464.44,477628160.0,6.27,8.29,14.33,3.69,97.0,20362.0,298.0,1.48,125.73,26.29,889.34,229.96,1859.0,6.91,11.0,69.67,11219.0
2007-06-25,S&P 500,1481.45,1484.2,1502.41,1464.44,477628160.0,6.27,8.29,14.33,3.69,97.0,20362.0,298.0,1.48,125.73,26.29,889.34,229.96,1859.0,6.91,11.0,69.67,11219.0
2007-06-26,S&P 500,3896.12,3846.2,3933.95,3798.37,372282294.0,9.35,8.38,10.78,2.93,82.0,11319.0,1880.0,0.89,134.89,69.44,1233.48,169.14,153.0,4.69,25.0,50.55,1310.0
2007-06-27,S&P 500,4715.23,4746.24,4776.77,4675.78,176616676.0,-1.0,5.57,9.49,5.57,70.0,25329.0,4522.0,1.37,118.24,51.04,1206.51,469.89,5784.0,1.34,27.0,53.81,2054.0
2007-06-28,S&P 500,4715.23,4746.24,4776.77,4675.78,176616676.0,-1.0,5.57,9.49,5.57,70.0,25329.0,4522.0,1.37,118.24,51.04,1206.51,469.89,5784.0,1.34,27.0,53.81,2054.0
2007-06-29,S&P 500,4715.23,4746.24,4776.77,4675.78,176616676.0,-1.0,5.57,9.49,5.57,70.0,25329.0,4522.0,1.37,118.24,51.04,1206.51,469.89,5784.0,1.34,27.0,53.81,2054.0
2007-06-30,S&P 500,4715.23,4746.24,4776.77,4675.78,176616676.0,-1.0,5.57,9.49,5.57,70.0,25329.0,4522.0,1.37,118.24,51.04,1206.51,469.89,5784.0,1.34,27.0,53.81,2054.0
2007-07-01,S&P 500,4715.23,4746.24,4776.77,4675.78,176616676.0,-1.0,5.57,9.49,5.57,70.0,25329.0,4522.0,1.37,118.24,51.04,1206.51,469.89,5784.0,1.34,27.0,53.81,2054.0
2007-07-02,S&P 500,2499.3,2515.8300000000004,2527.07,2491.1200000000003,489365605.0,-4.05,2.56,4.42,2.06,81.0,19491.0,1029.0,1.47,122.83,111.45,1892.88,185.5,4484.0,5.6,28.0,25.68,932.0
2007-07-03,S&P 500,2499.3,2515.8300000000004,2527.07,2491.1200000000003,489365605.0,-4.05,2.56,4.42,2.06,81.0,19491.0,1029.0,1.47,122.83,111.45,1892.88,185.5,4484.0,5.6,28.0,25.68,932.0
2007-07-04,S&P 500,2499.3,2515.8300000000004,2527.07,2491.1200000000003,489365605.0,-4.05,2.56,4.42,2.06,81.0,19491.0,1029.0,1.47,122.83,111.45,1892.88,185.5,4484.0,5.6,28.0,25.68,932.0
2007-07-05,S&P 500,1442.41,1408.8000000000002,1481.27,1404.7600000000002,115055241.0,2.56,4.07,5.26,0.61,73.0,8956.0,2105.0,1.13,139.31,102.55,1914.12,407.28,2605.0,5.3,42.0,48.93,9277.0
2007-07-06,S&P 500,1142.36,1165.9599999999998,1177.41,1109.52,37841909.0,-2.66,0.63,9.68,1.06,54.0,2207.0,1430.0,0.8,148.99,65.49,2420.36,311.15,1222.0,3.82,5.0,19.1,2482.0
2007-07-07,S&P 500,4977.32,4957.44,5003.65,4924.75,792049072.0,-3.08,8.75,8.94,6.64,102.0,14369.0,2657.0,1.32,125.32,20.75,2497.46,238.06,441.0,9.66,27.0,75.99,12022.0
2007-07-08,S&P 500,4977.32,4957.44,5003.65,4924.75,792049072.0,-3.08,8.75,8.94,6.64,102.0,14369.0,2657.0,1.32,125.32,20.75,2497.46,238.06,441.0,9.66,27.0,75.99,12022.0
2007-07-09,S&P 500,4977.32,4957.44,5003.65,4924.75,792049072.0,-3.08,8.75,8.94,6.64,102.0,14369.0,2657.0,1.32,125.32,20.75,2497.46,238.06,441.0,9.66,27.0,75.99,12022.0
2007-07-10,S&P 500,4977.32,4957.44,5003.65,4924.75,792049072.0,-3.08,8.75,8.94,6.64,102.0,14369.0,2657.0,1.32,125.32,20.75,2497.46,238.06,441.0,9.66,27.0,75.99,12022.0
2007-07-11,S&P 500,4977.32,4957.44,5003.65,4924.75,792049072.0,-3.08,8.75,8.94,6.64,102.0,14369.0,2657.0,1.32,125.32,20.75,2497.46,238.06,441.0,9.66,27.0,75.99,12022.0
2007-07-12,S&P 500,4977.32,4957.44,5003.65,4924.75,792049072.0,-3.08,8.75,8.94,6.64,102.0,14369.0,2657.0,1.32,125.32,20.75,2497.46,238.06,441.0,9.66,27.0,75.99,12022.0
2007-07-13,S&P 500,4977.32,4957.44,5003.65,4924.75,792049072.0,-3.08,8.75,8.94,6.64,102.0,14369.0,2657.0,1.32,125.32,20.75,2497.46,238.06,441.0,9.66,27.0,75.99,12022.0
2007-07-14,S&P 500,2364.98,2330.81,2386.3,2326.87,741459020.0,9.13,5.48,2.9,5.51,101.0,20339.0,238.0,1.38,102.03,20.53,1780.55,188.31,7095.0,3.71,46.0,92.17,12036.0
2007-07-15,S&P 500,2364.98,2330.81,2386.3,2326.87,741459020.0,9.13,5.48,2.9,5.51,101.0,20339.0,238.0,1.38,102.03,20.53,1780.55,188.31,7095.0,3.71,46.0,92.17,12036.0
2007-07-16,S&P 500,2364.98,2330.81,2386.3,2326.87,741459020.0,9.13,5.48,2.9,5.51,101.0,20339.0,238.0,1.38,102.03,20.53,1780.55,188.31,7095.0,3.71,46.0,92.17,12036.0
2007-07-17,S&P 500,2364.98,2330.81,2386.3,2326.87,741459020.0,9.13,5.48,2.9,5.51,101.0,20339.0,238.0,1.38,102.03,20.53,1780.55,188.31,7095.0,3.71,46.0,92.17,12036.0
2007-07-18,S&P 500,4445.78,4420.5,4453.48,4410.86,909738360.0,4.72,5.29,12.93,3.19,119.0,9238.0,2095.0,0.97,120.35,27.43,1349.22,242.64,6884.0,1.33,32.0,30.74,13679.0
2007-07-19,S&P 500,4464.14,4488.9800000000005,4521.31,4435.400000000001,591307249.0,5.65,8.4,6.94,6.1,68.0,2962.0,2918.0,1.34,106.66,68.53,1401.19,162.75,8656.0,9.19,39.0,7.64,5055.0
2007-07-20,S&P 500,4464.14,4488.9800000000005,4521.31,4435.400000000001,591307249.0,5.65,8.4,6.94,6.1,68.0,2962.0,2918.0,1.34,106.66,68.53,1401.19,162.75,8656.0,9.19,39.0,7.64,5055.0
2007-07-21,S&P 500,4464.14,4488.9800000000005,4521.31,4435.400000000001,591307249.0,5.65,8.4,6.94,6.1,68.0,2962.0,2918.0,1.34,106.66,68.53,1401.19,162.75,8656.0,9.19,39.0,7.64,5055.0
2007-07-22,S&P 500,4464.14,4488.9800000000005,4521.31,4435.400000000001,591307249.0,5.65,8.4,6.94,6.1,68.0,2962.0,2918.0,1.34,106.66,68.53,1401.19,162.75,8656.0,9.19,39.0,7.64,5055.0
2007-07-23,S&P 500,4464.14,4488.9800000000005,4521.31,4435.400000000001,591307249.0,5.65,8.4,6.94,6.1,68.0,2962.0,2918.0,1.34,106.66,68.53,1401.19,162.75,8656.0,9.19,39.0,7.64,5055.0
2007-07-24,S&P 500,4464.14,4488.9800000000005,4521.31,4435.400000000001,591307249.0,5.65,8.4,6.94,6.1,68.0,2962.0,2918.0,1.34,106.66,68.53,1401.19,162.75,8656.0,9.19,39.0,7.64,5055.0
2007-07-25,S&P 500,4947.58,4906.35,4967.97,4882.27,31813959.0,3.83,7.45,4.99,4.18,101.0,12323.0,3637.0,1.29,102.04,115.9,1751.76,113.55,9868.0,4.62,3.0,90.1,13831.0
2007-07-26,S&P 500,4947.58,4906.35,4967.97,4882.27,31813959.0,3.83,7.45,4.99,4.18,101.0,12323.0,3637.0,1.29,102.04,115.9,1751.76,113.55,9868.0,4.62,3.0,90.1,13831.0
2007-07-27,S&P 500,4947.58,4906.35,4967.97,4882.27,31813959.0,3.83,7.45,4.99,4.18,101.0,12323.0,3637.0,1.29,102.04,115.9,1751.76,113.55,9868.0,4.62,3.0,90.1,13831.0
2007-07-28,S&P 500,3153.58,3169.52,3209.28,3114.05,445744840.0,-4.12,1.69,5.0,8.4,59.0,28922.0,3805.0,1.45,97.03,109.92,1026.01,262.59,9539.0,6.16,2.0,12.81,7994.0
2007-07-29,S&P 500,4968.54,4981.01,5012.55,4944.03,346518779.0,-1.73,7.51,13.16,6.74,72.0,22610.0,3122.0,1.23,82.13,111.24,2182.99,192.2,8424.0,9.94,15.0,32.95,10143.0
2007-07-30,S&P 500,4968.54,4981.01,5012.55,4944.03,346518779.0,-1.73,7.51,13.16,6.74,72.0,22610.0,3122.0,1.23,82.13,111.24,2182.99,192.2,8424.0,9.94,15.0,32.95,10143.0
2007-07-31,S&P 500,4968.54,4981.01,5012.55,4944.03,346518779.0,-1.73,7.51,13.16,6.74,72.0,22610.0,3122.0,1.23,82.13,111.24,2182.99,192.2,8424.0,9.94,15.0,32.95,10143.0
2007-08-01,S&P 500,4968.54,4981.01,5012.55,4944.03,346518779.0,-1.73,7.51,13.16,6.74,72.0,22610.0,3122.0,1.23,82.13,111.24,2182.99,192.2,8424.0,9.94,15.0,32.95,10143.0
2007-08-02,S&P 500,2382.32,2404.2200000000003,2434.09,2372.78,728040071.0,6.43,3.88,12.13,1.01,119.0,18311.0,1094.0,1.44,121.44,65.36,1643.46,168.31,6626.0,8.59,5.0,88.92,1091.0
2007-08-03,S&P 500,2382.32,2404.2200000000003,2434.09,2372.78,728040071.0,6.43,3.88,12.13,1.01,119.0,18311.0,1094.0,1.44,121.44,65.36,1643.46,168.31,6626.0,8.59,5.0,88.92,1091.0
2007-08-04,S&P 500,2382.32,2404.2200000000003,2434.09,2372.78,728040071.0,6.43,3.88,12.13,1.01,119.0,18311.0,1094.0,1.44,121.44,65.36,1643.46,168.31,6626.0,8.59,5.0,88.92,1091.0
2007-08-05,S&P 500,2382.32,2404.2200000000003,2434.09,2372.78,728040071.0,6.43,3.88,12.13,1.01,119.0,18311.0,1094.0,1.44,121.44,65.36,1643.46,168.31,6626.0,8.59,5.0,88.92,1091.0
2007-08-06,S&P 500,4275.48,4257.919999999999,4285.589999999999,4217.77,819946952.0,5.98,2.17,14.31,2.78,118.0,14342.0,1635.0,1.38,142.01,43.75,1966.63,304.13,3620.0,8.12,40.0,28.8,10020.0
2007-08-07,S&P 500,4275.48,4257.919999999999,4285.589999999999,4217.77,819946952.0,5.98,2.17,14.31,2.78,118.0,14342.0,1635.0,1.38,142.01,43.75,1966.63,304.13,3620.0,8.12,40.0,28.8,10020.0
2007-08-08,S&P 500,4275.48,4257.919999999999,4285.589999999999,4217.77,819946952.0,5.98,2.17,14.31,2.78,118.0,14342.0,1635.0,1.38,142.01,43.75,1966.63,304.13,3620.0,8.12,40.0,28.8,10020.0
2007-08-09,S&P 500,1002.39,986.49,1017.44,966.21,8004211.0,-1.64,8.32,10.62,8.45,112.0,28141.0,2022.0,0.95,143.35,90.78,2427.7,486.51,2231.0,4.68,27.0,21.53,2796.0
2007-08-10,S&P 500,2231.28,2261.61,2299.06,2202.84,677180971.0,1.87,8.38,3.35,9.44,62.0,19029.0,1797.0,1.14,118.58,78.43,1770.16,204.46,9740.0,6.75,44.0,0.92,243.0
2007-08-11,S&P 500,2231.28,2261.61,2299.06,2202.84,677180971.0,1.87,8.38,3.35,9.44,62.0,19029.0,1797.0,1.14,118.58,78.43,1770.16,204.46,9740.0,6.75,44.0,0.92,243.0
2007-08-12,S&P 500,2231.28,2261.61,2299.06,2202.84,677180971.0,1.87,8.38,3.35,9.44,62.0,19029.0,1797.0,1.14,118.58,78.43,1770.16,204.46,9740.0,6.75,44.0,0.92,243.0
2007-08-13,S&P 500,2231.28,2261.61,2299.06,2202.84,677180971.0,1.87,8.38,3.35,9.44,62.0,19029.0,1797.0,1.14,118.58,78.43,1770.16,204.46,9740.0,6.75,44.0,0.92,243.0
2007-08-14,S&P 500,2231.28,2261.61,2299.06,2202.84,677180971.0,1.87,8.38,3.35,9.44,62.0,19029.0,1797.0,1.14,118.58,78.43,1770.16,204.46,9740.0,6.75,44.0,0.92,243.0
2007-08-15,S&P 500,2231.28,2261.61,2299.06,2202.84,677180971.0,1.87,8.38,3.35,9.44,62.0,19029.0,1797.0,1.14,118.58,78.43,1770.16,204.46,9740.0,6.75,44.0,0.92,243.0
2007-08-16,S&P 500,2165.44,2116.74,2200.78,2102.69,677879710.0,-4.86,7.23,13.72,4.34,99.0,2323.0,746.0,1.5,102.12,106.88,1087.24,296.64,6403.0,6.63,5.0,44.49,3332.0
2007-08-17,S&P 500,2669.58,2714.06,2750.18,2656.46,230956476.0,6.97,5.31,12.47,9.12,105.0,20868.0,897.0,0.95,106.59,29.6,1480.69,232.37,6805.0,5.93,43.0,6.87,6550.0
2007-08-18,S&P 500,2669.58,2714.06,2750.18,2656.46,230956476.0,6.97,5.31,12.47,9.12,105.0,20868.0,897.0,0.95,106.59,29.6,1480.69,232.37,6805.0,5.93,43.0,6.87,6550.0
2007-08-19,S&P 500,2669.58,2714.06,2750.18,2656.46,230956476.0,6.97,5.31,12.47,9.12,105.0,20868.0,897.0,0.95,106.59,29.6,1480.69,232.37,6805.0,5.93,43.0,6.87,6550.0
2007-08-20,S&P 500,4621.2,4663.62,4664.06,4616.96,250380148.0,3.84,5.29,12.65,2.17,71.0,25706.0,841.0,1.43,111.15,72.16,1906.07,340.14,9846.0,6.17,2.0,23.58,14282.0
2007-08-21,S&P 500,2971.83,2924.27,3007.64,2887.19,757156140.0,-4.17,2.91,12.44,5.24,80.0,25345.0,1325.0,1.11,110.57,36.08,1645.74,234.5,4311.0,8.55,24.0,77.35,14891.0
2007-08-22,S&P 500,2971.83,2924.27,3007.64,2887.19,757156140.0,-4.17,2.91,12.44,5.24,80.0,25345.0,1325.0,1.11,110.57,36.08,1645.74,234.5,4311.0,8.55,24.0,77.35,14891.0
2007-08-23,S&P 500,1427.2,1432.09,1471.42,1414.66,599660702.0,8.25,8.57,14.97,5.81,93.0,20655.0,1064.0,1.17,104.77,119.23,898.34,449.38,2548.0,4.14,21.0,74.75,3663.0
2007-08-24,S&P 500,1427.2,1432.09,1471.42,1414.66,599660702.0,8.25,8.57,14.97,5.81,93.0,20655.0,1064.0,1.17,104.77,119.23,898.34,449.38,2548.0,4.14,21.0,74.75,3663.0
2007-08-25,S&P 500,1427.2,1432.09,1471.42,1414.66,599660702.0,8.25,8.57,14.97,5.81,93.0,20655.0,1064.0,1.17,104.77,119.23,898.34,449.38,2548.0,4.14,21.0,74.75,3663.0
2007-08-26,S&P 500,1427.2,1432.09,1471.42,1414.66,599660702.0,8.25,8.57,14.97,5.81,93.0,20655.0,1064.0,1.17,104.77,119.23,898.34,449.38,2548.0,4.14,21.0,74.75,3663.0
2007-08-27,S&P 500,1427.2,1432.09,1471.42,1414.66,599660702.0,8.25,8.57,14.97,5.81,93.0,20655.0,1064.0,1.17,104.77,119.23,898.34,449.38,2548.0,4.14,21.0,74.75,3663.0
2007-08-28,S&P 500,1427.2,1432.09,1471.42,1414.66,599660702.0,8.25,8.57,14.97,5.81,93.0,20655.0,1064.0,1.17,104.77,119.23,898.34,449.38,2548.0,4.14,21.0,74.75,3663.0
2007-08-29,S&P 500,1427.2,1432.09,1471.42,1414.66,599660702.0,8.25,8.57,14.97,5.81,93.0,20655.0,1064.0,1.17,104.77,119.23,898.34,449.38,2548.0,4.14,21.0,74.75,3663.0
2007-08-30,S&P 500,1427.2,1432.09,1471.42,1414.66,599660702.0,8.25,8.57,14.97,5.81,93.0,20655.0,1064.0,1.17,104.77,119.23,898.34,449.38,2548.0,4.14,21.0,74.75,3663.0
2007-08-31,S&P 500,1427.2,1432.09,1471.42,1414.66,599660702.0,8.25,8.57,14.97,5.81,93.0,20655.0,1064.0,1.17,104.77,119.23,898.34,449.38,2548.0,4.14,21.0,74.75,3663.0
2007-09-01,S&P 500,1427.2,1432.09,1471.42,1414.66,599660702.0,8.25,8.57,14.97,5.81,93.0,20655.0,1064.0,1.17,104.77,119.23,898.34,449.38,2548.0,4.14,21.0,74.75,3663.0
2007-09-02,S&P 500,1495.38,1449.16,1512.94,1404.43,406159516.0,-1.74,0.19,8.6,7.92,56.0,19037.0,3306.0,1.12,126.35,26.33,2128.98,463.17,4170.0,2.56,7.0,88.94,9596.0
2007-09-03,S&P 500,1495.38,1449.16,1512.94,1404.43,406159516.0,-1.74,0.19,8.6,7.92,56.0,19037.0,3306.0,1.12,126.35,26.33,2128.98,463.17,4170.0,2.56,7.0,88.94,9596.0
2007-09-04,S&P 500,4637.72,4686.35,4689.6900000000005,4589.42,69085137.0,5.63,1.22,14.26,4.02,117.0,1108.0,871.0,0.81,116.8,103.76,1758.33,417.49,7013.0,5.21,43.0,5.25,14245.0
2007-09-05,S&P 500,1760.52,1742.04,1807.64,1718.36,994909643.0,9.44,5.43,5.47,9.67,94.0,11735.0,4579.0,0.85,132.48,119.28,1570.6,232.28,1493.0,8.04,46.0,42.5,3965.0
2007-09-06,S&P 500,1760.52,1742.04,1807.64,1718.36,994909643.0,9.44,5.43,5.47,9.67,94.0,11735.0,4579.0,0.85,132.48,119.28,1570.6,232.28,1493.0,8.04,46.0,42.5,3965.0
2007-09-07,S&P 500,1760.52,1742.04,1807.64,1718.36,994909643.0,9.44,5.43,5.47,9.67,94.0,11735.0,4579.0,0.85,132.48,119.28,1570.6,232.28,1493.0,8.04,46.0,42.5,3965.0
2007-09-08,S&P 500,1311.43,1333.38,1347.94,1291.63,983268477.0,3.96,4.85,11.5,3.55,102.0,18547.0,1879.0,0.93,101.67,50.32,1521.38,281.8,9304.0,6.1,2.0,26.34,13257.0
2007-09-09,S&P 500,4821.79,4857.25,4875.87,4808.22,159020874.0,5.3,6.07,12.23,5.51,76.0,3794.0,129.0,1.28,122.74,42.64,1741.54,460.92,895.0,0.31,9.0,54.54,10701.0
2007-09-10,S&P 500,4821.79,4857.25,4875.87,4808.22,159020874.0,5.3,6.07,12.23,5.51,76.0,3794.0,129.0,1.28,122.74,42.64,1741.54,460.92,895.0,0.31,9.0,54.54,10701.0
2007-09-11,S&P 500,4821.79,4857.25,4875.87,4808.22,159020874.0,5.3,6.07,12.23,5.51,76.0,3794.0,129.0,1.28,122.74,42.64,1741.54,460.92,895.0,0.31,9.0,54.54,10701.0
2007-09-12,S&P 500,4821.79,4857.25,4875.87,4808.22,159020874.0,5.3,6.07,12.23,5.51,76.0,3794.0,129.0,1.28,122.74,42.64,1741.54,460.92,895.0,0.31,9.0,54.54,10701.0
2007-09-13,S&P 500,4821.79,4857.25,4875.87,4808.22,159020874.0,5.3,6.07,12.23,5.51,76.0,3794.0,129.0,1.28,122.74,42.64,1741.54,460.92,895.0,0.31,9.0,54.54,10701.0
2007-09-14,S&P 500,4821.79,4857.25,4875.87,4808.22,159020874.0,5.3,6.07,12.23,5.51,76.0,3794.0,129.0,1.28,122.74,42.64,1741.54,460.92,895.0,0.31,9.0,54.54,10701.0
2007-09-15,S&P 500,4821.79,4857.25,4875.87,4808.22,159020874.0,5.3,6.07,12.23,5.51,76.0,3794.0,129.0,1.28,122.74,42.64,1741.54,460.92,895.0,0.31,9.0,54.54,10701.0
2007-09-16,S&P 500,4821.79,4857.25,4875.87,4808.22,159020874.0,5.3,6.07,12.23,5.51,76.0,3794.0,129.0,1.28,122.74,42.64,1741.54,460.92,895.0,0.31,9.0,54.54,10701.0
2007-09-17,S&P 500,4739.18,4740.77,4769.64,4726.47,600768302.0,6.26,8.8,7.82,6.68,97.0,20069.0,4315.0,1.19,121.79,63.1,2401.3,238.2,6179.0,1.35,37.0,26.49,3832.0
2007-09-18,S&P 500,4739.18,4740.77,4769.64,4726.47,600768302.0,6.26,8.8,7.82,6.68,97.0,20069.0,4315.0,1.19,121.79,63.1,2401.3,238.2,6179.0,1.35,37.0,26.49,3832.0
2007-09-19,S&P 500,4739.18,4740.77,4769.64,4726.47,600768302.0,6.26,8.8,7.82,6.68,97.0,20069.0,4315.0,1.19,121.79,63.1,2401.3,238.2,6179.0,1.35,37.0,26.49,3832.0
2007-09-20,S&P 500,4552.77,4593.360000000001,4603.4400000000005,4520.14,925163978.0,6.1,3.26,5.66,1.06,114.0,4716.0,4601.0,1.05,102.96,69.27,959.04,225.4,4691.0,4.83,49.0,58.2,3496.0
2007-09-21,S&P 500,1796.88,1803.56,1825.05,1790.8100000000002,819686064.0,-4.85,2.68,3.25,3.68,73.0,24268.0,2271.0,1.08,133.77,123.98,1479.3,150.22,3278.0,2.1,27.0,46.41,7465.0
2007-09-22,S&P 500,2136.74,2122.18,2161.44,2113.4,372554469.0,0.54,5.45,8.07,8.54,78.0,4206.0,211.0,1.35,81.98,145.97,1471.47,158.14,1646.0,0.58,40.0,11.73,9081.0
2007-09-23,S&P 500,2136.74,2122.18,2161.44,2113.4,372554469.0,0.54,5.45,8.07,8.54,78.0,4206.0,211.0,1.35,81.98,145.97,1471.47,158.14,1646.0,0.58,40.0,11.73,9081.0
2007-09-24,S&P 500,2136.74,2122.18,2161.44,2113.4,372554469.0,0.54,5.45,8.07,8.54,78.0,4206.0,211.0,1.35,81.98,145.97,1471.47,158.14,1646.0,0.58,40.0,11.73,9081.0
2007-09-25,S&P 500,2136.74,2122.18,2161.44,2113.4,372554469.0,0.54,5.45,8.07,8.54,78.0,4206.0,211.0,1.35,81.98,145.97,1471.47,158.14,1646.0,0.58,40.0,11.73,9081.0
2007-09-26,S&P 500,2136.74,2122.18,2161.44,2113.4,372554469.0,0.54,5.45,8.07,8.54,78.0,4206.0,211.0,1.35,81.98,145.97,1471.47,158.14,1646.0,0.58,40.0,11.73,9081.0
2007-09-27,S&P 500,2136.74,2122.18,2161.44,2113.4,372554469.0,0.54,5.45,8.07,8.54,78.0,4206.0,211.0,1.35,81.98,145.97,1471.47,158.14,1646.0,0.58,40.0,11.73,9081.0
2007-09-28,S&P 500,3764.99,3809.4,3810.68,3740.47,919357283.0,9.65,7.01,3.63,9.81,84.0,10346.0,2700.0,1.37,121.82,77.42,1558.14,286.22,7333.0,0.5,2.0,92.33,7027.0
2007-09-29,S&P 500,3764.99,3809.4,3810.68,3740.47,919357283.0,9.65,7.01,3.63,9.81,84.0,10346.0,2700.0,1.37,121.82,77.42,1558.14,286.22,7333.0,0.5,2.0,92.33,7027.0
2007-09-30,S&P 500,3764.99,3809.4,3810.68,3740.47,919357283.0,9.65,7.01,3.63,9.81,84.0,10346.0,2700.0,1.37,121.82,77.42,1558.14,286.22,7333.0,0.5,2.0,92.33,7027.0
2007-10-01,S&P 500,3764.99,3809.4,3810.68,3740.47,919357283.0,9.65,7.01,3.63,9.81,84.0,10346.0,2700.0,1.37,121.82,77.42,1558.14,286.22,7333.0,0.5,2.0,92.33,7027.0
2007-10-02,S&P 500,4185.76,4155.81,4197.21,4135.88,286057768.0,-0.06,9.05,7.71,9.07,90.0,20428.0,947.0,1.32,103.06,63.53,2363.45,159.09,4953.0,0.57,15.0,92.72,7837.0
2007-10-03,S&P 500,3957.88,3949.23,3963.96,3942.39,894269447.0,1.63,0.9,3.91,3.31,74.0,14058.0,3043.0,1.02,119.02,123.27,1512.15,475.19,9366.0,0.09,3.0,68.4,810.0
2007-10-04,S&P 500,3957.88,3949.23,3963.96,3942.39,894269447.0,1.63,0.9,3.91,3.31,74.0,14058.0,3043.0,1.02,119.02,123.27,1512.15,475.19,9366.0,0.09,3.0,68.4,810.0
2007-10-05,S&P 500,3957.88,3949.23,3963.96,3942.39,894269447.0,1.63,0.9,3.91,3.31,74.0,14058.0,3043.0,1.02,119.02,123.27,1512.15,475.19,9366.0,0.09,3.0,68.4,810.0
2007-10-06,S&P 500,3957.88,3949.23,3963.96,3942.39,894269447.0,1.63,0.9,3.91,3.31,74.0,14058.0,3043.0,1.02,119.02,123.27,1512.15,475.19,9366.0,0.09,3.0,68.4,810.0
2007-10-07,S&P 500,1349.79,1345.36,1398.11,1314.13,663757997.0,3.39,7.29,6.74,3.53,79.0,15704.0,1207.0,1.02,128.26,46.13,1670.21,179.57,1554.0,2.79,5.0,43.02,11410.0
2007-10-08,S&P 500,2509.45,2520.02,2548.77,2461.3,151180834.0,4.96,1.04,4.08,8.35,117.0,3943.0,2667.0,0.93,133.82,78.2,1005.6,252.9,5130.0,7.42,42.0,82.82,14057.0
2007-10-09,S&P 500,2509.45,2520.02,2548.77,2461.3,151180834.0,4.96,1.04,4.08,8.35,117.0,3943.0,2667.0,0.93,133.82,78.2,1005.6,252.9,5130.0,7.42,42.0,82.82,14057.0
2007-10-10,S&P 500,1159.25,1147.56,1191.79,1124.38,561233187.0,8.07,6.82,9.22,2.11,59.0,22593.0,2805.0,1.09,137.23,62.98,1438.9,451.07,540.0,9.49,0.0,88.48,13052.0
2007-10-11,S&P 500,1159.25,1147.56,1191.79,1124.38,561233187.0,8.07,6.82,9.22,2.11,59.0,22593.0,2805.0,1.09,137.23,62.98,1438.9,451.07,540.0,9.49,0.0,88.48,13052.0
2007-10-12,S&P 500,1159.25,1147.56,1191.79,1124.38,561233187.0,8.07,6.82,9.22,2.11,59.0,22593.0,2805.0,1.09,137.23,62.98,1438.9,451.07,540.0,9.49,0.0,88.48,13052.0
2007-10-13,S&P 500,1159.25,1147.56,1191.79,1124.38,561233187.0,8.07,6.82,9.22,2.11,59.0,22593.0,2805.0,1.09,137.23,62.98,1438.9,451.07,540.0,9.49,0.0,88.48,13052.0
2007-10-14,S&P 500,1159.25,1147.56,1191.79,1124.38,561233187.0,8.07,6.82,9.22,2.11,59.0,22593.0,2805.0,1.09,137.23,62.98,1438.9,451.07,540.0,9.49,0.0,88.48,13052.0
2007-10-15,S&P 500,1172.4,1168.87,1186.98,1160.8100000000002,81021902.0,2.49,7.47,10.76,8.71,102.0,19544.0,1653.0,1.29,98.92,55.33,2392.99,250.3,6604.0,7.52,35.0,44.07,10069.0
2007-10-16,S&P 500,1172.4,1168.87,1186.98,1160.8100000000002,81021902.0,2.49,7.47,10.76,8.71,102.0,19544.0,1653.0,1.29,98.92,55.33,2392.99,250.3,6604.0,7.52,35.0,44.07,10069.0
2007-10-17,S&P 500,2568.87,2580.32,2623.09,2562.32,63505045.0,7.09,6.6,10.17,1.39,67.0,16494.0,597.0,0.88,136.37,64.71,1310.85,244.13,6259.0,9.12,30.0,82.44,1506.0
2007-10-18,S&P 500,2568.87,2580.32,2623.09,2562.32,63505045.0,7.09,6.6,10.17,1.39,67.0,16494.0,597.0,0.88,136.37,64.71,1310.85,244.13,6259.0,9.12,30.0,82.44,1506.0
2007-10-19,S&P 500,2568.87,2580.32,2623.09,2562.32,63505045.0,7.09,6.6,10.17,1.39,67.0,16494.0,597.0,0.88,136.37,64.71,1310.85,244.13,6259.0,9.12,30.0,82.44,1506.0
2007-10-20,S&P 500,2568.87,2580.32,2623.09,2562.32,63505045.0,7.09,6.6,10.17,1.39,67.0,16494.0,597.0,0.88,136.37,64.71,1310.85,244.13,6259.0,9.12,30.0,82.44,1506.0
2007-10-21,S&P 500,2568.87,2580.32,2623.09,2562.32,63505045.0,7.09,6.6,10.17,1.39,67.0,16494.0,597.0,0.88,136.37,64.71,1310.85,244.13,6259.0,9.12,30.0,82.44,1506.0
2007-10-22,S&P 500,2568.87,2580.32,2623.09,2562.32,63505045.0,7.09,6.6,10.17,1.39,67.0,16494.0,597.0,0.88,136.37,64.71,1310.85,244.13,6259.0,9.12,30.0,82.44,1506.0
2007-10-23,S&P 500,2526.47,2546.27,2565.02,2497.3,693542664.0,-3.37,3.67,3.06,6.78,51.0,25839.0,641.0,1.08,97.79,46.03,928.18,176.06,1493.0,6.26,0.0,26.49,3621.0
2007-10-24,S&P 500,4100.94,4129.969999999999,4161.259999999999,4051.69,887258963.0,0.59,7.29,10.36,6.93,70.0,11059.0,888.0,0.87,143.74,132.32,2042.48,456.73,7574.0,5.52,14.0,44.84,10728.0
2007-10-25,S&P 500,2370.36,2349.94,2410.04,2345.13,401483876.0,-1.36,4.27,10.93,3.98,101.0,24961.0,455.0,0.9,121.4,78.82,1593.5,441.29,7669.0,5.97,30.0,31.53,14828.0
2007-10-26,S&P 500,2370.36,2349.94,2410.04,2345.13,401483876.0,-1.36,4.27,10.93,3.98,101.0,24961.0,455.0,0.9,121.4,78.82,1593.5,441.29,7669.0,5.97,30.0,31.53,14828.0
2007-10-27,S&P 500,2370.36,2349.94,2410.04,2345.13,401483876.0,-1.36,4.27,10.93,3.98,101.0,24961.0,455.0,0.9,121.4,78.82,1593.5,441.29,7669.0,5.97,30.0,31.53,14828.0
2007-10-28,S&P 500,2370.36,2349.94,2410.04,2345.13,401483876.0,-1.36,4.27,10.93,3.98,101.0,24961.0,455.0,0.9,121.4,78.82,1593.5,441.29,7669.0,5.97,30.0,31.53,14828.0
2007-10-29,S&P 500,2370.36,2349.94,2410.04,2345.13,401483876.0,-1.36,4.27,10.93,3.98,101.0,24961.0,455.0,0.9,121.4,78.82,1593.5,441.29,7669.0,5.97,30.0,31.53,14828.0
2007-10-30,S&P 500,2370.36,2349.94,2410.04,2345.13,401483876.0,-1.36,4.27,10.93,3.98,101.0,24961.0,455.0,0.9,121.4,78.82,1593.5,441.29,7669.0,5.97,30.0,31.53,14828.0
2007-10-31,S&P 500,4549.88,4519.55,4580.1900000000005,4499.14,148505955.0,3.64,5.07,7.73,7.27,88.0,29540.0,4069.0,0.94,106.99,85.94,1798.78,217.85,3489.0,4.22,10.0,3.03,12161.0
2007-11-01,S&P 500,4549.88,4519.55,4580.1900000000005,4499.14,148505955.0,3.64,5.07,7.73,7.27,88.0,29540.0,4069.0,0.94,106.99,85.94,1798.78,217.85,3489.0,4.22,10.0,3.03,12161.0
2007-11-02,S&P 500,4549.88,4519.55,4580.1900000000005,4499.14,148505955.0,3.64,5.07,7.73,7.27,88.0,29540.0,4069.0,0.94,106.99,85.94,1798.78,217.85,3489.0,4.22,10.0,3.03,12161.0
2007-11-03,S&P 500,1276.15,1227.0700000000002,1281.5600000000002,1211.7800000000002,731000646.0,4.12,0.21,8.57,7.65,82.0,27809.0,1719.0,1.32,108.91,26.82,1528.52,448.49,6913.0,4.76,16.0,14.75,508.0
2007-11-04,S&P 500,1276.15,1227.0700000000002,1281.5600000000002,1211.7800000000002,731000646.0,4.12,0.21,8.57,7.65,82.0,27809.0,1719.0,1.32,108.91,26.82,1528.52,448.49,6913.0,4.76,16.0,14.75,508.0
2007-11-05,S&P 500,2254.81,2236.45,2259.1,2200.26,414723925.0,0.95,4.49,13.9,1.56,59.0,22759.0,3224.0,1.46,125.39,85.89,1956.37,288.96,9203.0,2.63,24.0,20.02,9800.0
2007-11-06,S&P 500,3542.58,3589.89,3638.37,3509.09,161201417.0,9.86,1.98,5.0,0.89,116.0,28207.0,4980.0,0.9,96.68,31.23,1633.37,164.76,1071.0,2.32,34.0,6.69,5532.0
2007-11-07,S&P 500,3542.58,3589.89,3638.37,3509.09,161201417.0,9.86,1.98,5.0,0.89,116.0,28207.0,4980.0,0.9,96.68,31.23,1633.37,164.76,1071.0,2.32,34.0,6.69,5532.0
2007-11-08,S&P 500,3542.58,3589.89,3638.37,3509.09,161201417.0,9.86,1.98,5.0,0.89,116.0,28207.0,4980.0,0.9,96.68,31.23,1633.37,164.76,1071.0,2.32,34.0,6.69,5532.0
2007-11-09,S&P 500,3542.58,3589.89,3638.37,3509.09,161201417.0,9.86,1.98,5.0,0.89,116.0,28207.0,4980.0,0.9,96.68,31.23,1633.37,164.76,1071.0,2.32,34.0,6.69,5532.0
2007-11-10,S&P 500,3542.58,3589.89,3638.37,3509.09,161201417.0,9.86,1.98,5.0,0.89,116.0,28207.0,4980.0,0.9,96.68,31.23,1633.37,164.76,1071.0,2.32,34.0,6.69,5532.0
2007-11-11,S&P 500,3542.58,3589.89,3638.37,3509.09,161201417.0,9.86,1.98,5.0,0.89,116.0,28207.0,4980.0,0.9,96.68,31.23,1633.37,164.76,1071.0,2.32,34.0,6.69,5532.0
2007-11-12,S&P 500,3542.58,3589.89,3638.37,3509.09,161201417.0,9.86,1.98,5.0,0.89,116.0,28207.0,4980.0,0.9,96.68,31.23,1633.37,164.76,1071.0,2.32,34.0,6.69,5532.0
2007-11-13,S&P 500,1786.75,1830.77,1860.03,1754.59,522250176.0,6.61,7.41,5.36,5.52,55.0,17635.0,1787.0,0.91,113.69,83.42,1017.17,174.59,7256.0,6.07,39.0,46.86,12878.0
2007-11-14,S&P 500,1786.75,1830.77,1860.03,1754.59,522250176.0,6.61,7.41,5.36,5.52,55.0,17635.0,1787.0,0.91,113.69,83.42,1017.17,174.59,7256.0,6.07,39.0,46.86,12878.0
2007-11-15,S&P 500,1786.75,1830.77,1860.03,1754.59,522250176.0,6.61,7.41,5.36,5.52,55.0,17635.0,1787.0,0.91,113.69,83.42,1017.17,174.59,7256.0,6.07,39.0,46.86,12878.0
2007-11-16,S&P 500,3571.18,3575.54,3590.75,3567.85,617902408.0,-2.78,7.79,2.09,8.86,92.0,27446.0,4655.0,1.1,84.18,39.75,940.99,327.94,3290.0,7.24,45.0,36.39,6723.0
2007-11-17,S&P 500,3571.18,3575.54,3590.75,3567.85,617902408.0,-2.78,7.79,2.09,8.86,92.0,27446.0,4655.0,1.1,84.18,39.75,940.99,327.94,3290.0,7.24,45.0,36.39,6723.0
2007-11-18,S&P 500,3571.18,3575.54,3590.75,3567.85,617902408.0,-2.78,7.79,2.09,8.86,92.0,27446.0,4655.0,1.1,84.18,39.75,940.99,327.94,3290.0,7.24,45.0,36.39,6723.0
2007-11-19,S&P 500,3571.18,3575.54,3590.75,3567.85,617902408.0,-2.78,7.79,2.09,8.86,92.0,27446.0,4655.0,1.1,84.18,39.75,940.99,327.94,3290.0,7.24,45.0,36.39,6723.0
2007-11-20,S&P 500,3571.18,3575.54,3590.75,3567.85,617902408.0,-2.78,7.79,2.09,8.86,92.0,27446.0,4655.0,1.1,84.18,39.75,940.99,327.94,3290.0,7.24,45.0,36.39,6723.0
2007-11-21,S&P 500,1816.35,1771.75,1835.08,1747.47,725054201.0,9.84,2.62,4.9,4.41,87.0,15086.0,2129.0,0.82,134.94,65.15,1686.85,171.81,8960.0,1.57,29.0,53.42,6728.0
2007-11-22,S&P 500,1816.35,1771.75,1835.08,1747.47,725054201.0,9.84,2.62,4.9,4.41,87.0,15086.0,2129.0,0.82,134.94,65.15,1686.85,171.81,8960.0,1.57,29.0,53.42,6728.0
2007-11-23,S&P 500,4203.75,4208.71,4228.07,4171.02,245117900.0,-3.05,1.8,10.27,9.82,97.0,19441.0,4446.0,0.95,125.57,138.11,2127.29,207.71,7616.0,1.69,0.0,82.57,1532.0
2007-11-24,S&P 500,4203.75,4208.71,4228.07,4171.02,245117900.0,-3.05,1.8,10.27,9.82,97.0,19441.0,4446.0,0.95,125.57,138.11,2127.29,207.71,7616.0,1.69,0.0,82.57,1532.0
2007-11-25,S&P 500,4203.75,4208.71,4228.07,4171.02,245117900.0,-3.05,1.8,10.27,9.82,97.0,19441.0,4446.0,0.95,125.57,138.11,2127.29,207.71,7616.0,1.69,0.0,82.57,1532.0
2007-11-26,S&P 500,4534.74,4567.0,4601.73,4488.79,811872270.0,0.59,1.3,13.61,1.85,77.0,25529.0,3898.0,1.39,97.39,37.23,1846.87,377.98,3251.0,4.72,43.0,32.53,13191.0
2007-11-27,S&P 500,4534.74,4567.0,4601.73,4488.79,811872270.0,0.59,1.3,13.61,1.85,77.0,25529.0,3898.0,1.39,97.39,37.23,1846.87,377.98,3251.0,4.72,43.0,32.53,13191.0
2007-11-28,S&P 500,4534.74,4567.0,4601.73,4488.79,811872270.0,0.59,1.3,13.61,1.85,77.0,25529.0,3898.0,1.39,97.39,37.23,1846.87,377.98,3251.0,4.72,43.0,32.53,13191.0
2007-11-29,S&P 500,4534.74,4567.0,4601.73,4488.79,811872270.0,0.59,1.3,13.61,1.85,77.0,25529.0,3898.0,1.39,97.39,37.23,1846.87,377.98,3251.0,4.72,43.0,32.53,13191.0
2007-11-30,S&P 500,3760.19,3750.21,3764.18,3716.07,104752635.0,6.55,2.62,3.63,4.22,103.0,5274.0,2910.0,1.46,92.05,28.79,1607.81,259.97,9299.0,2.76,33.0,55.62,9440.0
2007-12-01,S&P 500,2264.41,2229.46,2307.18,2191.24,236093899.0,3.22,8.85,3.26,5.34,59.0,13061.0,3515.0,1.27,81.8,115.61,2014.09,386.68,9514.0,6.1,1.0,79.41,12231.0
2007-12-02,S&P 500,1222.96,1223.32,1227.91,1180.97,947643498.0,3.09,6.91,12.44,1.53,83.0,559.0,1816.0,1.22,143.64,97.58,2122.39,454.46,8180.0,8.47,36.0,73.98,8043.0
2007-12-03,S&P 500,1222.96,1223.32,1227.91,1180.97,947643498.0,3.09,6.91,12.44,1.53,83.0,559.0,1816.0,1.22,143.64,97.58,2122.39,454.46,8180.0,8.47,36.0,73.98,8043.0
2007-12-04,S&P 500,1222.96,1223.32,1227.91,1180.97,947643498.0,3.09,6.91,12.44,1.53,83.0,559.0,1816.0,1.22,143.64,97.58,2122.39,454.46,8180.0,8.47,36.0,73.98,8043.0
2007-12-05,S&P 500,2547.23,2546.29,2577.84,2518.64,631292291.0,3.19,0.59,6.76,4.09,65.0,27236.0,4797.0,1.04,86.37,94.53,1290.51,130.17,7197.0,6.55,3.0,35.44,14623.0
2007-12-06,S&P 500,2547.23,2546.29,2577.84,2518.64,631292291.0,3.19,0.59,6.76,4.09,65.0,27236.0,4797.0,1.04,86.37,94.53,1290.51,130.17,7197.0,6.55,3.0,35.44,14623.0
2007-12-07,S&P 500,2547.23,2546.29,2577.84,2518.64,631292291.0,3.19,0.59,6.76,4.09,65.0,27236.0,4797.0,1.04,86.37,94.53,1290.51,130.17,7197.0,6.55,3.0,35.44,14623.0
2007-12-08,S&P 500,2191.91,2190.96,2202.71,2184.82,678425195.0,8.6,3.72,5.1,9.27,80.0,18222.0,709.0,1.34,143.19,66.06,2420.26,107.06,1249.0,3.91,42.0,81.74,971.0
2007-12-09,S&P 500,2191.91,2190.96,2202.71,2184.82,678425195.0,8.6,3.72,5.1,9.27,80.0,18222.0,709.0,1.34,143.19,66.06,2420.26,107.06,1249.0,3.91,42.0,81.74,971.0
2007-12-10,S&P 500,2191.91,2190.96,2202.71,2184.82,678425195.0,8.6,3.72,5.1,9.27,80.0,18222.0,709.0,1.34,143.19,66.06,2420.26,107.06,1249.0,3.91,42.0,81.74,971.0
2007-12-11,S&P 500,2191.91,2190.96,2202.71,2184.82,678425195.0,8.6,3.72,5.1,9.27,80.0,18222.0,709.0,1.34,143.19,66.06,2420.26,107.06,1249.0,3.91,42.0,81.74,971.0
2007-12-12,S&P 500,2191.91,2190.96,2202.71,2184.82,678425195.0,8.6,3.72,5.1,9.27,80.0,18222.0,709.0,1.34,143.19,66.06,2420.26,107.06,1249.0,3.91,42.0,81.74,971.0
2007-12-13,S&P 500,2191.91,2190.96,2202.71,2184.82,678425195.0,8.6,3.72,5.1,9.27,80.0,18222.0,709.0,1.34,143.19,66.06,2420.26,107.06,1249.0,3.91,42.0,81.74,971.0
2007-12-14,S&P 500,2191.91,2190.96,2202.71,2184.82,678425195.0,8.6,3.72,5.1,9.27,80.0,18222.0,709.0,1.34,143.19,66.06,2420.26,107.06,1249.0,3.91,42.0,81.74,971.0
2007-12-15,S&P 500,2191.91,2190.96,2202.71,2184.82,678425195.0,8.6,3.72,5.1,9.27,80.0,18222.0,709.0,1.34,143.19,66.06,2420.26,107.06,1249.0,3.91,42.0,81.74,971.0
2007-12-16,S&P 500,2191.91,2190.96,2202.71,2184.82,678425195.0,8.6,3.72,5.1,9.27,80.0,18222.0,709.0,1.34,143.19,66.06,2420.26,107.06,1249.0,3.91,42.0,81.74,971.0
2007-12-17,S&P 500,2191.91,2190.96,2202.71,2184.82,678425195.0,8.6,3.72,5.1,9.27,80.0,18222.0,709.0,1.34,143.19,66.06,2420.26,107.06,1249.0,3.91,42.0,81.74,971.0
2007-12-18,S&P 500,1823.18,1852.79,1873.52,1821.37,393276187.0,9.33,1.1,14.0,6.63,97.0,9674.0,4430.0,0.91,117.39,95.72,1133.98,274.41,6717.0,8.57,21.0,71.83,7421.0
2007-12-19,S&P 500,1823.18,1852.79,1873.52,1821.37,393276187.0,9.33,1.1,14.0,6.63,97.0,9674.0,4430.0,0.91,117.39,95.72,1133.98,274.41,6717.0,8.57,21.0,71.83,7421.0
2007-12-20,S&P 500,1823.18,1852.79,1873.52,1821.37,393276187.0,9.33,1.1,14.0,6.63,97.0,9674.0,4430.0,0.91,117.39,95.72,1133.98,274.41,6717.0,8.57,21.0,71.83,7421.0
2007-12-21,S&P 500,1823.18,1852.79,1873.52,1821.37,393276187.0,9.33,1.1,14.0,6.63,97.0,9674.0,4430.0,0.91,117.39,95.72,1133.98,274.41,6717.0,8.57,21.0,71.83,7421.0
2007-12-22,S&P 500,1823.18,1852.79,1873.52,1821.37,393276187.0,9.33,1.1,14.0,6.63,97.0,9674.0,4430.0,0.91,117.39,95.72,1133.98,274.41,6717.0,8.57,21.0,71.83,7421.0
2007-12-23,S&P 500,3138.24,3141.99,3152.11,3109.23,878699542.0,2.78,0.48,3.91,4.62,86.0,13546.0,4248.0,1.0,91.83,90.78,1827.32,314.85,7842.0,0.73,43.0,33.84,14491.0
2007-12-24,S&P 500,3138.24,3141.99,3152.11,3109.23,878699542.0,2.78,0.48,3.91,4.62,86.0,13546.0,4248.0,1.0,91.83,90.78,1827.32,314.85,7842.0,0.73,43.0,33.84,14491.0
2007-12-25,S&P 500,3138.24,3141.99,3152.11,3109.23,878699542.0,2.78,0.48,3.91,4.62,86.0,13546.0,4248.0,1.0,91.83,90.78,1827.32,314.85,7842.0,0.73,43.0,33.84,14491.0
2007-12-26,S&P 500,3138.24,3141.99,3152.11,3109.23,878699542.0,2.78,0.48,3.91,4.62,86.0,13546.0,4248.0,1.0,91.83,90.78,1827.32,314.85,7842.0,0.73,43.0,33.84,14491.0
2007-12-27,S&P 500,2311.35,2329.41,2334.73,2271.12,312379094.0,1.84,1.76,8.05,9.57,95.0,8379.0,3648.0,0.86,147.17,95.92,1462.02,442.17,7780.0,1.35,9.0,71.99,13938.0
2007-12-28,S&P 500,2311.35,2329.41,2334.73,2271.12,312379094.0,1.84,1.76,8.05,9.57,95.0,8379.0,3648.0,0.86,147.17,95.92,1462.02,442.17,7780.0,1.35,9.0,71.99,13938.0
2007-12-29,S&P 500,2311.35,2329.41,2334.73,2271.12,312379094.0,1.84,1.76,8.05,9.57,95.0,8379.0,3648.0,0.86,147.17,95.92,1462.02,442.17,7780.0,1.35,9.0,71.99,13938.0
2007-12-30,S&P 500,2355.29,2346.39,2369.04,2324.05,552197220.0,2.67,8.67,5.25,1.91,112.0,19931.0,951.0,1.04,146.89,73.61,874.58,407.33,2353.0,4.06,1.0,52.65,6617.0
2007-12-31,S&P 500,2355.29,2346.39,2369.04,2324.05,552197220.0,2.67,8.67,5.25,1.91,112.0,19931.0,951.0,1.04,146.89,73.61,874.58,407.33,2353.0,4.06,1.0,52.65,6617.0
2008-01-01,S&P 500,2355.29,2346.39,2369.04,2324.05,552197220.0,2.67,8.67,5.25,1.91,112.0,19931.0,951.0,1.04,146.89,73.61,874.58,407.33,2353.0,4.06,1.0,52.65,6617.0
2008-01-02,S&P 500,3389.72,3357.57,3405.96,3345.2499999999995,686980684.0,-0.61,4.64,4.23,4.11,64.0,27838.0,1653.0,1.05,122.84,97.68,1501.32,201.11,9294.0,4.61,8.0,61.85,10076.0
2008-01-03,S&P 500,3389.72,3357.57,3405.96,3345.2499999999995,686980684.0,-0.61,4.64,4.23,4.11,64.0,27838.0,1653.0,1.05,122.84,97.68,1501.32,201.11,9294.0,4.61,8.0,61.85,10076.0
2008-01-04,S&P 500,1198.42,1242.46,1279.97,1170.52,901608343.0,6.7,7.26,6.74,7.32,71.0,18669.0,3283.0,1.15,124.89,52.23,1832.36,108.13,9915.0,9.77,5.0,44.38,7312.0
2008-01-05,S&P 500,1198.42,1242.46,1279.97,1170.52,901608343.0,6.7,7.26,6.74,7.32,71.0,18669.0,3283.0,1.15,124.89,52.23,1832.36,108.13,9915.0,9.77,5.0,44.38,7312.0
2008-01-06,S&P 500,1198.42,1242.46,1279.97,1170.52,901608343.0,6.7,7.26,6.74,7.32,71.0,18669.0,3283.0,1.15,124.89,52.23,1832.36,108.13,9915.0,9.77,5.0,44.38,7312.0
2008-01-07,S&P 500,1907.91,1944.26,1965.27,1906.11,917240647.0,4.24,1.2,10.84,5.47,86.0,15636.0,4410.0,0.83,88.24,24.08,1738.14,488.29,6766.0,3.31,15.0,12.55,5751.0
2008-01-08,S&P 500,1907.91,1944.26,1965.27,1906.11,917240647.0,4.24,1.2,10.84,5.47,86.0,15636.0,4410.0,0.83,88.24,24.08,1738.14,488.29,6766.0,3.31,15.0,12.55,5751.0
2008-01-09,S&P 500,1907.91,1944.26,1965.27,1906.11,917240647.0,4.24,1.2,10.84,5.47,86.0,15636.0,4410.0,0.83,88.24,24.08,1738.14,488.29,6766.0,3.31,15.0,12.55,5751.0
2008-01-10,S&P 500,1907.91,1944.26,1965.27,1906.11,917240647.0,4.24,1.2,10.84,5.47,86.0,15636.0,4410.0,0.83,88.24,24.08,1738.14,488.29,6766.0,3.31,15.0,12.55,5751.0
2008-01-11,S&P 500,1907.91,1944.26,1965.27,1906.11,917240647.0,4.24,1.2,10.84,5.47,86.0,15636.0,4410.0,0.83,88.24,24.08,1738.14,488.29,6766.0,3.31,15.0,12.55,5751.0
2008-01-12,S&P 500,4846.2,4855.87,4866.31,4842.69,6614810.0,7.83,5.44,14.15,5.8,115.0,22989.0,2340.0,1.0,106.15,123.9,2061.87,433.52,5758.0,7.37,24.0,50.13,4768.0
2008-01-13,S&P 500,4846.2,4855.87,4866.31,4842.69,6614810.0,7.83,5.44,14.15,5.8,115.0,22989.0,2340.0,1.0,106.15,123.9,2061.87,433.52,5758.0,7.37,24.0,50.13,4768.0
2008-01-14,S&P 500,2956.19,2932.44,2977.84,2901.63,826755433.0,8.23,5.61,2.14,7.31,73.0,11699.0,3302.0,0.91,102.62,43.41,1916.09,186.03,4966.0,9.71,20.0,76.35,14556.0
2008-01-15,S&P 500,2406.6,2368.79,2416.2,2359.62,692771176.0,7.78,3.55,12.01,2.73,74.0,5807.0,442.0,0.97,149.35,70.49,845.7,488.03,3214.0,3.78,5.0,31.18,7523.0
2008-01-16,S&P 500,4638.19,4639.169999999999,4684.389999999999,4604.24,637756421.0,2.6,5.69,10.4,7.82,111.0,20007.0,1523.0,1.3,134.71,37.12,1070.24,394.7,7977.0,6.88,22.0,31.18,5935.0
2008-01-17,S&P 500,4638.19,4639.169999999999,4684.389999999999,4604.24,637756421.0,2.6,5.69,10.4,7.82,111.0,20007.0,1523.0,1.3,134.71,37.12,1070.24,394.7,7977.0,6.88,22.0,31.18,5935.0
2008-01-18,S&P 500,4638.19,4639.169999999999,4684.389999999999,4604.24,637756421.0,2.6,5.69,10.4,7.82,111.0,20007.0,1523.0,1.3,134.71,37.12,1070.24,394.7,7977.0,6.88,22.0,31.18,5935.0
2008-01-19,S&P 500,4638.19,4639.169999999999,4684.389999999999,4604.24,637756421.0,2.6,5.69,10.4,7.82,111.0,20007.0,1523.0,1.3,134.71,37.12,1070.24,394.7,7977.0,6.88,22.0,31.18,5935.0
2008-01-20,S&P 500,4638.19,4639.169999999999,4684.389999999999,4604.24,637756421.0,2.6,5.69,10.4,7.82,111.0,20007.0,1523.0,1.3,134.71,37.12,1070.24,394.7,7977.0,6.88,22.0,31.18,5935.0
2008-01-21,S&P 500,4638.19,4639.169999999999,4684.389999999999,4604.24,637756421.0,2.6,5.69,10.4,7.82,111.0,20007.0,1523.0,1.3,134.71,37.12,1070.24,394.7,7977.0,6.88,22.0,31.18,5935.0
2008-01-22,S&P 500,4638.19,4639.169999999999,4684.389999999999,4604.24,637756421.0,2.6,5.69,10.4,7.82,111.0,20007.0,1523.0,1.3,134.71,37.12,1070.24,394.7,7977.0,6.88,22.0,31.18,5935.0
2008-01-23,S&P 500,4638.19,4639.169999999999,4684.389999999999,4604.24,637756421.0,2.6,5.69,10.4,7.82,111.0,20007.0,1523.0,1.3,134.71,37.12,1070.24,394.7,7977.0,6.88,22.0,31.18,5935.0
2008-01-24,S&P 500,4638.19,4639.169999999999,4684.389999999999,4604.24,637756421.0,2.6,5.69,10.4,7.82,111.0,20007.0,1523.0,1.3,134.71,37.12,1070.24,394.7,7977.0,6.88,22.0,31.18,5935.0
2008-01-25,S&P 500,4638.19,4639.169999999999,4684.389999999999,4604.24,637756421.0,2.6,5.69,10.4,7.82,111.0,20007.0,1523.0,1.3,134.71,37.12,1070.24,394.7,7977.0,6.88,22.0,31.18,5935.0
2008-01-26,S&P 500,3492.84,3505.33,3508.24,3488.9300000000003,884722593.0,-3.25,4.24,6.01,6.36,103.0,2842.0,2346.0,1.19,106.96,127.43,2157.76,325.85,2190.0,6.87,26.0,24.99,3878.0
2008-01-27,S&P 500,3492.84,3505.33,3508.24,3488.9300000000003,884722593.0,-3.25,4.24,6.01,6.36,103.0,2842.0,2346.0,1.19,106.96,127.43,2157.76,325.85,2190.0,6.87,26.0,24.99,3878.0
2008-01-28,S&P 500,4220.39,4263.58,4274.71,4193.77,326299299.0,-2.92,1.39,13.2,4.12,102.0,12092.0,3051.0,0.84,142.7,128.83,1085.86,261.15,1230.0,9.12,28.0,98.36,11621.0
2008-01-29,S&P 500,4380.16,4358.05,4430.139999999999,4313.12,478671568.0,8.22,6.17,4.63,2.96,55.0,10667.0,597.0,1.33,89.72,76.64,1726.67,461.89,3084.0,1.66,45.0,84.38,1560.0
2008-01-30,S&P 500,2580.21,2625.23,2633.81,2530.33,55713353.0,6.24,6.07,6.63,5.43,113.0,19929.0,3048.0,0.89,101.27,79.33,1248.53,323.35,9008.0,0.24,32.0,68.45,2854.0
2008-01-31,S&P 500,2580.21,2625.23,2633.81,2530.33,55713353.0,6.24,6.07,6.63,5.43,113.0,19929.0,3048.0,0.89,101.27,79.33,1248.53,323.35,9008.0,0.24,32.0,68.45,2854.0
2008-02-01,S&P 500,2580.21,2625.23,2633.81,2530.33,55713353.0,6.24,6.07,6.63,5.43,113.0,19929.0,3048.0,0.89,101.27,79.33,1248.53,323.35,9008.0,0.24,32.0,68.45,2854.0
2008-02-02,S&P 500,2580.21,2625.23,2633.81,2530.33,55713353.0,6.24,6.07,6.63,5.43,113.0,19929.0,3048.0,0.89,101.27,79.33,1248.53,323.35,9008.0,0.24,32.0,68.45,2854.0
2008-02-03,S&P 500,2801.4,2840.78,2884.53,2753.24,282167233.0,-2.75,1.74,2.86,5.47,83.0,15184.0,3198.0,1.45,136.61,125.89,873.22,495.04,9599.0,1.68,12.0,32.16,1663.0
2008-02-04,S&P 500,2801.4,2840.78,2884.53,2753.24,282167233.0,-2.75,1.74,2.86,5.47,83.0,15184.0,3198.0,1.45,136.61,125.89,873.22,495.04,9599.0,1.68,12.0,32.16,1663.0
2008-02-05,S&P 500,2427.93,2444.86,2465.0399999999995,2423.94,560973261.0,-2.95,6.52,7.17,2.62,51.0,26038.0,426.0,1.49,101.32,72.7,1611.06,430.05,4431.0,1.89,29.0,88.21,8686.0
2008-02-06,S&P 500,2427.93,2444.86,2465.0399999999995,2423.94,560973261.0,-2.95,6.52,7.17,2.62,51.0,26038.0,426.0,1.49,101.32,72.7,1611.06,430.05,4431.0,1.89,29.0,88.21,8686.0
2008-02-07,S&P 500,2427.93,2444.86,2465.0399999999995,2423.94,560973261.0,-2.95,6.52,7.17,2.62,51.0,26038.0,426.0,1.49,101.32,72.7,1611.06,430.05,4431.0,1.89,29.0,88.21,8686.0
2008-02-08,S&P 500,2427.93,2444.86,2465.0399999999995,2423.94,560973261.0,-2.95,6.52,7.17,2.62,51.0,26038.0,426.0,1.49,101.32,72.7,1611.06,430.05,4431.0,1.89,29.0,88.21,8686.0
2008-02-09,S&P 500,3182.78,3220.67,3236.42,3169.11,495898344.0,5.38,4.7,6.29,9.77,105.0,3039.0,837.0,1.3,120.45,124.23,1021.96,238.45,5276.0,4.98,9.0,78.92,5632.0
2008-02-10,S&P 500,3182.78,3220.67,3236.42,3169.11,495898344.0,5.38,4.7,6.29,9.77,105.0,3039.0,837.0,1.3,120.45,124.23,1021.96,238.45,5276.0,4.98,9.0,78.92,5632.0
2008-02-11,S&P 500,2167.64,2130.54,2191.91,2083.86,754402386.0,-2.97,5.73,3.22,5.56,97.0,2878.0,1023.0,1.1,128.42,40.69,1921.79,161.85,9389.0,5.2,49.0,91.2,8946.0
2008-02-12,S&P 500,2167.64,2130.54,2191.91,2083.86,754402386.0,-2.97,5.73,3.22,5.56,97.0,2878.0,1023.0,1.1,128.42,40.69,1921.79,161.85,9389.0,5.2,49.0,91.2,8946.0
2008-02-13,S&P 500,2930.4,2940.23,2984.8,2891.94,546550058.0,-0.2,9.3,8.55,8.91,112.0,28746.0,4582.0,0.97,142.56,82.28,1488.68,140.23,6362.0,8.23,18.0,73.43,1575.0
2008-02-14,S&P 500,2930.4,2940.23,2984.8,2891.94,546550058.0,-0.2,9.3,8.55,8.91,112.0,28746.0,4582.0,0.97,142.56,82.28,1488.68,140.23,6362.0,8.23,18.0,73.43,1575.0
2008-02-15,S&P 500,4869.08,4846.57,4876.56,4798.37,200147352.0,-3.29,1.84,7.1,2.36,84.0,13219.0,1253.0,0.96,141.88,34.73,1735.16,478.97,1414.0,7.9,16.0,26.9,6118.0
2008-02-16,S&P 500,4869.08,4846.57,4876.56,4798.37,200147352.0,-3.29,1.84,7.1,2.36,84.0,13219.0,1253.0,0.96,141.88,34.73,1735.16,478.97,1414.0,7.9,16.0,26.9,6118.0
2008-02-17,S&P 500,4869.08,4846.57,4876.56,4798.37,200147352.0,-3.29,1.84,7.1,2.36,84.0,13219.0,1253.0,0.96,141.88,34.73,1735.16,478.97,1414.0,7.9,16.0,26.9,6118.0
2008-02-18,S&P 500,4869.08,4846.57,4876.56,4798.37,200147352.0,-3.29,1.84,7.1,2.36,84.0,13219.0,1253.0,0.96,141.88,34.73,1735.16,478.97,1414.0,7.9,16.0,26.9,6118.0
2008-02-19,S&P 500,4869.08,4846.57,4876.56,4798.37,200147352.0,-3.29,1.84,7.1,2.36,84.0,13219.0,1253.0,0.96,141.88,34.73,1735.16,478.97,1414.0,7.9,16.0,26.9,6118.0
2008-02-20,S&P 500,4869.08,4846.57,4876.56,4798.37,200147352.0,-3.29,1.84,7.1,2.36,84.0,13219.0,1253.0,0.96,141.88,34.73,1735.16,478.97,1414.0,7.9,16.0,26.9,6118.0
2008-02-21,S&P 500,4869.08,4846.57,4876.56,4798.37,200147352.0,-3.29,1.84,7.1,2.36,84.0,13219.0,1253.0,0.96,141.88,34.73,1735.16,478.97,1414.0,7.9,16.0,26.9,6118.0
2008-02-22,S&P 500,3829.12,3869.7,3903.12,3784.34,232752626.0,-2.17,1.83,12.85,8.71,61.0,26621.0,2901.0,1.05,98.9,98.97,1356.5,457.07,5688.0,4.79,16.0,59.58,12141.0
2008-02-23,S&P 500,2008.69,2010.31,2047.32,1969.2,931354313.0,-2.64,6.03,7.32,9.95,60.0,27919.0,1875.0,1.39,87.68,105.88,1395.84,475.37,425.0,7.73,14.0,71.1,4640.0
2008-02-24,S&P 500,2786.91,2752.28,2809.32,2742.5199999999995,483927890.0,-1.45,0.57,10.02,2.23,103.0,5167.0,128.0,1.35,87.48,78.77,1251.94,369.26,7330.0,7.41,6.0,7.68,14662.0
2008-02-25,S&P 500,1493.8,1535.97,1582.85,1463.82,405411369.0,0.49,6.09,13.7,3.4,119.0,8957.0,2392.0,1.39,107.33,52.84,1785.84,300.49,7447.0,7.04,29.0,65.95,1469.0
2008-02-26,S&P 500,1823.92,1849.67,1886.5,1807.31,364121103.0,6.9,5.54,12.27,6.54,63.0,16257.0,3803.0,1.44,91.23,144.1,2244.81,127.02,6047.0,6.9,38.0,80.42,12225.0
2008-02-27,S&P 500,1823.92,1849.67,1886.5,1807.31,364121103.0,6.9,5.54,12.27,6.54,63.0,16257.0,3803.0,1.44,91.23,144.1,2244.81,127.02,6047.0,6.9,38.0,80.42,12225.0
2008-02-28,S&P 500,1157.06,1177.98,1206.45,1147.05,191027695.0,8.88,8.95,11.53,5.58,75.0,15832.0,3841.0,1.34,123.9,36.22,2489.33,214.04,9675.0,9.26,30.0,4.26,6920.0
2008-02-29,S&P 500,1157.06,1177.98,1206.45,1147.05,191027695.0,8.88,8.95,11.53,5.58,75.0,15832.0,3841.0,1.34,123.9,36.22,2489.33,214.04,9675.0,9.26,30.0,4.26,6920.0
2008-03-01,S&P 500,1157.06,1177.98,1206.45,1147.05,191027695.0,8.88,8.95,11.53,5.58,75.0,15832.0,3841.0,1.34,123.9,36.22,2489.33,214.04,9675.0,9.26,30.0,4.26,6920.0
2008-03-02,S&P 500,1157.06,1177.98,1206.45,1147.05,191027695.0,8.88,8.95,11.53,5.58,75.0,15832.0,3841.0,1.34,123.9,36.22,2489.33,214.04,9675.0,9.26,30.0,4.26,6920.0
2008-03-03,S&P 500,1157.06,1177.98,1206.45,1147.05,191027695.0,8.88,8.95,11.53,5.58,75.0,15832.0,3841.0,1.34,123.9,36.22,2489.33,214.04,9675.0,9.26,30.0,4.26,6920.0
2008-03-04,S&P 500,1157.06,1177.98,1206.45,1147.05,191027695.0,8.88,8.95,11.53,5.58,75.0,15832.0,3841.0,1.34,123.9,36.22,2489.33,214.04,9675.0,9.26,30.0,4.26,6920.0
2008-03-05,S&P 500,1157.06,1177.98,1206.45,1147.05,191027695.0,8.88,8.95,11.53,5.58,75.0,15832.0,3841.0,1.34,123.9,36.22,2489.33,214.04,9675.0,9.26,30.0,4.26,6920.0
2008-03-06,S&P 500,1157.06,1177.98,1206.45,1147.05,191027695.0,8.88,8.95,11.53,5.58,75.0,15832.0,3841.0,1.34,123.9,36.22,2489.33,214.04,9675.0,9.26,30.0,4.26,6920.0
2008-03-07,S&P 500,3401.01,3396.34,3403.1600000000003,3382.15,597766892.0,4.64,0.75,13.43,7.15,103.0,19367.0,2325.0,1.49,106.22,52.28,2426.66,442.96,3174.0,1.63,1.0,15.2,2391.0
2008-03-08,S&P 500,3925.0,3954.22,3997.72,3919.04,778294296.0,-0.12,0.49,13.63,9.16,113.0,18097.0,2660.0,0.95,90.98,32.22,2253.91,304.05,1212.0,0.87,14.0,37.11,5776.0
2008-03-09,S&P 500,3925.0,3954.22,3997.72,3919.04,778294296.0,-0.12,0.49,13.63,9.16,113.0,18097.0,2660.0,0.95,90.98,32.22,2253.91,304.05,1212.0,0.87,14.0,37.11,5776.0
2008-03-10,S&P 500,4901.64,4917.12,4950.15,4897.77,227063782.0,7.51,4.9,7.92,5.76,86.0,11684.0,2260.0,1.18,140.78,82.82,952.98,333.96,3624.0,5.73,22.0,23.9,12231.0
2008-03-11,S&P 500,4901.64,4917.12,4950.15,4897.77,227063782.0,7.51,4.9,7.92,5.76,86.0,11684.0,2260.0,1.18,140.78,82.82,952.98,333.96,3624.0,5.73,22.0,23.9,12231.0
2008-03-12,S&P 500,4901.64,4917.12,4950.15,4897.77,227063782.0,7.51,4.9,7.92,5.76,86.0,11684.0,2260.0,1.18,140.78,82.82,952.98,333.96,3624.0,5.73,22.0,23.9,12231.0
2008-03-13,S&P 500,3593.86,3575.34,3617.87,3557.28,677342840.0,2.96,3.98,14.36,5.91,91.0,26657.0,1897.0,0.84,146.31,86.78,960.46,276.28,3418.0,2.98,16.0,24.3,7290.0
2008-03-14,S&P 500,3593.86,3575.34,3617.87,3557.28,677342840.0,2.96,3.98,14.36,5.91,91.0,26657.0,1897.0,0.84,146.31,86.78,960.46,276.28,3418.0,2.98,16.0,24.3,7290.0
2008-03-15,S&P 500,4589.59,4566.91,4607.56,4545.69,303579301.0,-1.88,9.15,5.61,8.46,78.0,16160.0,3079.0,1.17,147.1,31.61,2147.13,143.43,7950.0,5.07,18.0,25.49,5261.0
2008-03-16,S&P 500,1477.52,1448.47,1523.86,1402.69,442387176.0,4.07,0.88,8.91,4.8,85.0,15186.0,1290.0,1.02,81.99,45.64,1943.61,105.81,3894.0,5.78,4.0,14.29,12039.0
2008-03-17,S&P 500,1477.52,1448.47,1523.86,1402.69,442387176.0,4.07,0.88,8.91,4.8,85.0,15186.0,1290.0,1.02,81.99,45.64,1943.61,105.81,3894.0,5.78,4.0,14.29,12039.0
2008-03-18,S&P 500,1477.52,1448.47,1523.86,1402.69,442387176.0,4.07,0.88,8.91,4.8,85.0,15186.0,1290.0,1.02,81.99,45.64,1943.61,105.81,3894.0,5.78,4.0,14.29,12039.0
